Activity ID,Activity Date,Activity Name,Activity Type,Activity Description,Elapsed Time,Distance,Max Heart Rate,Relative Effort,Commute,Activity Private Note,Activity Gear,Filename,Athlete Weight,Bike Weight,Elapsed Time,Moving Time,Distance,Max Speed,Average Speed,Elevation Gain,Elevation Loss,Elevation Low,Elevation High,Max Grade,Average Grade,Average Positive Grade,Average Negative Grade,Max Cadence,Average Cadence,Max Heart Rate,Average Heart Rate,Max Watts,Average Watts,Calories,Max Temperature,Average Temperature,Relative Effort,Total Work,Number of Runs,Uphill Time,Downhill Time,Other Time,Perceived Exertion,Type,Start Time,Weighted Average Power,Power Count,Prefer Perceived Exertion,Perceived Relative Effort,Commute,Total Weight Lifted,From Upload,Grade Adjusted Distance,Weather Observation Time,Weather Condition,Weather Temperature,Apparent Temperature,Dewpoint,Humidity,Weather Pressure,Wind Speed,Wind Gust,Wind Bearing,Precipitation Intensity,Sunrise Time,Sunset Time,Moon Phase,Bike,Gear,Precipitation Probability,Precipitation Type,Cloud Cover,Weather Visibility,UV Index,Weather Ozone,Jump Count,Total Grit,Average Flow,Flagged,Average Elapsed Speed,Dirt Distance,Newly Explored Distance,Newly Explored Dirt Distance,Activity Count,Total Steps,Carbon Saved,Pool Length,Training Load,Intensity,Average Grade Adjusted Pace,Timer Time,Total Cycles,Media
57983704,"Jun 3, 2013, 4:19:36 PM","06/03/2013 Oslo, Norway, Oslo, Norway",Ride,"",480,5.12,239.0,10,false,,Focusen,activities/63780348.tcx.gz,73.0,7.880000114440918,480.0,462.0,5126.60009765625,15.600000381469727,,0.0,334.79998779296875,159.1999969482422,495.5,10600.0,-6.530640125274658,,,,,239.0,183.40499877929688,,57.73809814453125,29.74262809753418,,,10.0,,,,,,,,,,,,,0.0,,,,,,,,,,,,,,,,,,773902.0,,,,,,,,,,,,,,,,,,,,,,,,,""
57983708,"Jun 3, 2013, 3:54:59 PM","06/03/2013 Oslo, Oslo, Norway",Ride,,1413,5.46,194.0,41,false,,Focusen,activities/63780350.tcx.gz,73.0,7.880000114440918,1413.0,1413.0,5464.0,4.900000095367432,,360.8399963378906,-6.860000133514404,150.3000030517578,518.0,22.399999618530273,6.729499816894531,,,,,194.0,182.99200439453125,,233.04299926757812,367.1580810546875,,,41.0,,,,,,,,,,,,,0.0,,,,,,,,,,,,,,,,,,773902.0,,,,,,,,,,,,,,,,,,,,,,,,,""
57983710,"Jun 1, 2013, 12:50:09 PM","06/01/2013 Oslo, Oslo, Norway",Ride,,673,3.67,183.0,16,false,,,activities/63780358.tcx.gz,73.0,,673.0,631.0,3676.60009765625,10.399999618530273,,87.9000015258789,-0.699999988079071,101.4000015258789,194.89999389648438,12.199999809265137,2.4098401069641113,,,,,183.0,173.6219940185547,,,,,,16.0,,,,,,,,,,,,,0.0,,,,,,,,,,,,,,,,,,,,,,,,,,,,,,,,,,,,,,,,,,,""
57983720,"May 29, 2013, 6:05:58 PM","05/29/2013 Oslo, Norway, Oslo, Norway",Ride,"",1465,11.24,174.0,13,false,,,activities/63780363.tcx.gz,73.0,,1465.0,1438.0,11247.2001953125,15.699999809265137,,0.0,474.3999938964844,44.79999923706055,519.4000244140625,89.19999694824219,-4.217939853668213,,,,,174.0,139.56900024414062,,76.79969787597656,123.13833618164062,,,13.0,,,,,,,,,,,,,0.0,,,,,,,,,,,,,,,,,,,,,,,,,,,,,,,,,,,,,,,,,,,""
57983727,"May 29, 2013, 5:39:56 PM","05/29/2013 Oslo, Oslo, Norway",Ride,,1492,5.44,190.0,41,false,,,activities/63780368.tcx.gz,73.0,,1492.0,1468.0,5445.39990234375,5.300000190734863,,360.7330017089844,1.9329999685287476,160.60000610351562,519.5,14.199999809265137,6.589049816131592,,,,,190.0,181.03199768066406,,,,,,41.0,,,,,,,,,,,,,0.0,,,,,,,,,,,,,,,,,,,,,,,,,,,,,,,,,,,,,,,,,,,""
57983730,"May 29, 2013, 5:06:31 PM","05/29/2013 Oslo, Oslo, Norway",Ride,,249,1.12,154.0,2,false,,,activities/63780380.tcx.gz,73.0,,249.0,226.0,1127.4000244140625,7.099999904632568,,10.920000076293945,4.420000076293945,47.400001525878906,59.79999923706055,81.0999984741211,0.5765479803085327,,,,,154.0,141.17799377441406,,,,,,2.0,,,,,,,,,,,,,0.0,,,,,,,,,,,,,,,,,,,,,,,,,,,,,,,,,,,,,,,,,,,""
57983733,"May 29, 2013, 5:10:45 PM","05/29/2013 Oslo, Oslo, Norway",Ride,,1713,5.62,183.0,24,false,,,activities/63780378.tcx.gz,73.0,,1713.0,1333.0,5625.5,13.100000381469727,,133.50900268554688,31.80900001525879,54.29999923706055,164.3000030517578,183.8000030517578,1.8078399896621704,,,,,183.0,159.2729949951172,,,,,,24.0,,,,,,,,,,,,,0.0,,,,,,,,,,,,,,,,,,,,,,,,,,,,,,,,,,,,,,,,,,,""
57983750,"May 26, 2013, 10:28:17 AM","05/26/2013 Oslo, Oslo, Norway",Ride,,7952,45.49,237.0,182,false,,Focusen,activities/63780386.tcx.gz,73.0,7.880000114440918,7952.0,7915.0,45491.30078125,16.0,,1028.1099853515625,924.7100219726562,56.5,442.3999938964844,67.9000015258789,0.22729599475860596,,,,,237.0,171.08599853515625,,201.2480010986328,1776.058837890625,,,182.0,,,,,,,,,,,,,0.0,,,,,,,,,,,,,,,,,,773902.0,,,,,,,,,,,,,,,,,,,,,,,,,""
57983751,"May 11, 2013, 11:54:24 AM","05/11/2013 Oslo, Oslo, Norway",Ride,,1158,7.50,174.0,16,false,,,activities/63780397.tcx.gz,73.0,,1158.0,1130.0,7502.39990234375,13.199999809265137,,10.140000343322754,128.83999633789062,40.20000076293945,161.60000610351562,17.399999618530273,-1.5821599960327148,,,,,174.0,159.62399291992188,,,,,,16.0,,,,,,,,,,,,,0.0,,,,,,,,,,,,,,,,,,,,,,,,,,,,,,,,,,,,,,,,,,,""
57983754,"May 20, 2013, 9:21:16 AM","05/20/2013 Oslo, Oslo, Norway",Ride,,3920,26.09,182.0,80,false,,Focusen,activities/63780388.tcx.gz,73.0,7.880000114440918,3920.0,3871.0,26091.30078125,14.5,,349.3580017089844,207.25799560546875,45.5,219.0,75.80000305175781,0.544625997543335,,,,,182.0,160.8820037841797,,180.07699584960938,777.2420654296875,,,80.0,,,,,,,,,,,,,0.0,,,,,,,,,,,,,,,,,,773902.0,,,,,,,,,,,,,,,,,,,,,,,,,""
57983757,"May 19, 2013, 9:32:06 AM","05/19/2013 Oslo, Oslo, Norway",Ride,,7097,33.87,187.0,121,false,,,activities/63780392.tcx.gz,73.0,,7097.0,6310.0,33869.3984375,15.199999809265137,,607.7680053710938,609.6680297851562,44.29999923706055,469.79998779296875,113.9000015258789,-0.0056097800843417645,,,,,187.0,161.822998046875,,,,,,121.0,,,,,,,,,,,,,0.0,,,,,,,,,,,,,,,,,,,,,,,,,,,,,,,,,,,,,,,,,,,""
57983762,"May 11, 2013, 11:16:33 AM","05/11/2013 Oslo, Oslo, Norway",Ride,,2211,17.83,190.0,62,false,,Focusen,activities/63780401.tcx.gz,73.0,7.880000114440918,2211.0,2211.0,17833.900390625,15.0,,202.17999267578125,202.67999267578125,147.5,199.6999969482422,6.599999904632568,-0.0028036499861627817,,,,,190.0,178.13499450683594,,221.4600067138672,545.9575805664062,,,62.0,,,,,,,,,,,,,0.0,,,,,,,,,,,,,,,,,,773902.0,,,,,,,,,,,,,,,,,,,,,,,,,""
57983781,"May 5, 2013, 7:23:17 AM","05/05/2013 Oslo, Oslo, Norway",Ride,,8943,56.97,193.0,188,false,,,activities/63780405.tcx.gz,73.0,,8943.0,8698.0,56977.0,13.600000381469727,,702.6329956054688,703.3330078125,0.0,342.1000061035156,438.6000061035156,-0.001228570006787777,,,,,193.0,167.13099670410156,,,,,,188.0,,,,,,,,,,,,,0.0,,,,,,,,,,,,,,,,,,,,,,,,,,,,,,,,,,,,,,,,,,,""
58396131,"Jun 5, 2013, 1:12:04 PM","06/05/2013 Oslo, Oslo, Norway",Workout,Slett,497,3.64,157.0,2,,,,activities/64215674.tcx.gz,73.0,,497.0,420.0,3644.699951171875,14.699999809265137,,0.0,103.19999694824219,56.20000076293945,166.6999969482422,10.300000190734863,-2.831510066986084,,,,,157.0,133.02200317382812,,,,,,2.0,,,,,,,,,,,,,0.0,,,,,,,,,,,,,,,,,,,,,,,,,,,,,,,,,,,,,,,,,,,""
58396162,"Jun 5, 2013, 1:21:55 PM",06/05/2013 Rundtur,Ride,Radium - sørkedalen - sognsvann - sognsvann - maridalen - hjem,9034,60.19,183.0,141,false,,Focusen,activities/64215668.tcx.gz,73.0,7.880000114440918,9034.0,8525.0,60197.30078125,13.5,,750.6439819335938,680.343994140625,54.70000076293945,199.89999389648438,149.3000030517578,0.11678300052881241,,,,,183.0,159.53599548339844,,172.4709930419922,1639.4014892578125,,,141.0,,,,,,,,,,,,,0.0,,,,,,,,,,,,,,,,,,773902.0,,,,,,,,,,,,,,,,,,,,,,,,,""
58782279,"Jun 7, 2013, 9:30:32 AM",Holmenkollveien - Lommedalen - Holmenkollveien,Ride,"",5657,40.90,177.0,87,false,,Focusen,activities/64627724.tcx.gz,73.0,7.880000114440918,5657.0,5606.0,40902.3984375,17.200000762939453,,548.9130249023438,544.9130249023438,90.30000305175781,234.3000030517578,71.0999984741211,0.009779379703104496,,,,,177.0,154.66299438476562,,174.72999572753906,1092.18310546875,,,87.0,,,,,,,,,,,,,0.0,,,,,,,,,,,,,,,,,,773902.0,,,,,,,,,,,,,,,,,,,,,,,,,""
59509849,"Jun 10, 2013, 3:33:22 PM",06/10/2013 Sørkedalen,Ride,Problemer med pulsmåleren,3573,28.02,231.0,92,false,,Focusen,activities/65407506.tcx.gz,73.0,7.880000114440918,3573.0,3488.0,28025.099609375,13.800000190734863,,311.0400085449219,320.94000244140625,126.9000015258789,199.8000030517578,37.099998474121094,-0.03532550111413002,,,,,231.0,177.98399353027344,,204.4409942626953,795.0955810546875,,,92.0,,,,,,,,,,,,,0.0,,,,,,,,,,,,,,,,,,773902.0,,,,,,,,,,,,,,,,,,,,,,,,,""
59932299,"Jun 12, 2013, 3:12:43 PM",Rel rolig rundt kolsås,Ride,"",4943,34.48,,,false,,Focusen,activities/65839585.tcx.gz,73.0,7.880000114440918,4943.0,4775.0,34479.80078125,17.0,,463.0369873046875,462.1369934082031,14.800000190734863,216.5,58.0,0.002610220108181238,,,,,,,,168.11599731445312,895.0706176757812,,,,,,,,,,,,,,,,0.0,,,,,,,,,,,,,,,,,,773902.0,,,,,,,,,,,,,,,,,,,,,,,,,""
60334131,"Jun 14, 2013, 2:11:16 PM",Oslo-Drammen sentrum t/r,Ride,"",16619,95.84,,,false,,Focusen,activities/66268461.tcx.gz,73.0,7.880000114440918,16619.0,12903.0,95846.203125,14.699999809265137,,970.1339721679688,971.6339721679688,2.700000047683716,242.5,55.5,-0.001565010054036975,,,,,,,,134.39700317382812,1933.548828125,,,,,,,,,,,,,,,,0.0,,,,,,,,,,,,,,,,,,773902.0,,,,,,,,,,,,,,,,,,,,,,,,,""
60694985,"Jun 16, 2013, 11:16:52 AM",Kikut CX,Ride,CX,6983,43.70,,,false,,Crossen,activities/66650257.tcx.gz,73.0,8.0,6983.0,6967.0,43708.1015625,13.899999618530273,,1001.5,998.4000244140625,141.10000610351562,443.0,81.0,0.007092509884387255,,,,,,,,212.3260040283203,1649.391845703125,,,,,,,,,,,,,,,,0.0,,,,,,,,,,,,,,,,,,796239.0,,,,,,,,,,,,,,,,,,,,,,,,,""
61120956,"Aug 27, 2012, 2:08:19 PM",Kolsås,Ride,"",2762,19.06,,,false,,Crossen,activities/67109736.tcx.gz,73.0,8.0,2762.0,2674.0,19065.5,13.600000381469727,,152.6300048828125,254.22999572753906,53.29999923706055,184.1999969482422,13.199999809265137,-0.5328999757766724,,,,,,,,138.00100708007812,411.45135498046875,,,,,,,,,,,,,,,,0.0,,,,,,,,,,,,,,,,,,796239.0,,,,,,,,,,,,,,,,,,,,,,,,,""
61120958,"Aug 11, 2012, 11:08:58 AM",Kolsås,Ride,"",5063,34.11,,,false,,Crossen,activities/67109733.tcx.gz,73.0,8.0,5063.0,5002.0,34110.0,14.300000190734863,,394.7330017089844,399.4330139160156,53.099998474121094,184.5,36.900001525878906,-0.013779000379145145,,,,,,,,145.19400024414062,809.7803344726562,,,,,,,,,,,,,,,,0.0,,,,,,,,,,,,,,,,,,796239.0,,,,,,,,,,,,,,,,,,,,,,,,,""
61120960,"Aug 29, 2012, 4:09:46 PM",Kolsåstoppen ,Ride,"",5335,33.76,,,false,,Crossen,activities/67109739.tcx.gz,73.0,8.0,5335.0,4781.0,33761.3984375,14.800000190734863,,407.98699951171875,431.5870056152344,53.400001525878906,216.5,101.9000015258789,-0.06990230083465576,,,,,,,,155.03500366210938,826.462890625,,,,,,,,,,,,,,,,0.0,,,,,,,,,,,,,,,,,,796239.0,,,,,,,,,,,,,,,,,,,,,,,,,""
61120964,"Apr 19, 2013, 4:43:20 PM",Tryvann,Ride,"",2599,9.70,193.0,47,false,,Crossen,activities/67109745.tcx.gz,73.0,8.0,2599.0,2481.0,9708.099609375,8.600000381469727,,466.1180114746094,29.618000030517578,53.20000076293945,510.0,39.5,4.496250152587891,,,,,193.0,174.85800170898438,,177.06500244140625,489.81756591796875,,,47.0,,,,,,,,,,,,,0.0,,,,,,,,,,,,,,,,,,796239.0,,,,,,,,,,,,,,,,,,,,,,,,,""
61120965,"Sep 8, 2012, 5:49:22 PM",Bogstad,Ride,"",2659,20.94,227.0,49,false,,Crossen,activities/67109740.tcx.gz,73.0,8.0,2659.0,2625.0,20943.0,13.699999809265137,,218.02000427246094,219.6199951171875,148.10000610351562,199.60000610351562,17.399999618530273,-0.0076397801749408245,,,,,227.0,175.177001953125,,196.4320068359375,574.931884765625,,,49.0,,,,,,,,,,,,,0.0,,,,,,,,,,,,,,,,,,796239.0,,,,,,,,,,,,,,,,,,,,,,,,,""
61120966,"Apr 21, 2013, 5:24:03 PM",Bogstad,Ride,"",2343,17.82,183.0,36,false,,Crossen,activities/67109747.tcx.gz,73.0,8.0,2343.0,2343.0,17822.099609375,12.300000190734863,,190.74000549316406,191.0399932861328,147.6999969482422,199.89999389648438,9.899999618530273,-0.0016833000117912889,,,,,183.0,171.1510009765625,,187.77699279785156,490.5570983886719,,,36.0,,,,,,,,,,,,,0.0,,,,,,,,,,,,,,,,,,796239.0,,,,,,,,,,,,,,,,,,,,,,,,,""
61120967,"May 30, 2012, 11:21:29 AM",Runde ved Jonsvatnet,Ride,"",3982,25.78,195.0,63,false,,Crossen,activities/67109730.tcx.gz,73.0,8.0,3982.0,3982.0,25787.30078125,13.0,,425.1400146484375,422.1400146484375,73.80000305175781,215.39999389648438,45.20000076293945,0.011633600108325481,,,,,195.0,170.8419952392578,,222.1060028076172,986.1350708007812,,,63.0,,,,,,,,,,,,,0.0,,,,,,,,,,,,,,,,,,796239.0,,,,,,,,,,,,,,,,,,,,,,,,,""
61120969,"Apr 4, 2013, 4:24:09 PM",Tryvann,Ride,"",5123,32.38,182.0,55,false,,Crossen,activities/67109743.tcx.gz,73.0,8.0,5123.0,4768.0,32380.69921875,12.899999618530273,,338.10699462890625,348.8070068359375,45.900001525878906,190.1999969482422,55.5,-0.03304440155625343,,,,,182.0,162.48599243164062,,146.8780059814453,780.8504638671875,,,55.0,,,,,,,,,,,,,0.0,,,,,,,,,,,,,,,,,,796239.0,,,,,,,,,,,,,,,,,,,,,,,,,""
61398064,"Jun 19, 2013, 9:44:40 AM",Intervalltrening med cyclocross,Ride,"",6272,38.22,251.0,126,false,,Crossen,activities/67402876.tcx.gz,73.0,8.0,6272.0,6063.0,38219.3984375,16.600000381469727,,922.9219970703125,933.822021484375,126.9000015258789,488.0,74.0,-0.02851950004696846,,,,,251.0,176.02000427246094,,191.22500610351562,1292.7279052734375,,,126.0,,,,,,,,,,,,,0.0,,,,,,,,,,,,,,,,,,796239.0,,,,,,,,,,,,,,,,,,,,,,,,,""
61862383,"Jun 21, 2013, 9:51:33 AM",Rolig tur,Ride,"",6616,45.71,186.0,53,false,,Crossen,activities/67894728.tcx.gz,73.0,8.0,6616.0,6520.0,45711.8984375,14.600000381469727,,566.5089721679688,560.0089721679688,40.400001525878906,157.5,37.099998474121094,0.014219500124454498,,,,,186.0,148.0030059814453,,153.9499969482422,1119.1856689453125,,,53.0,,,,,,,,,,,,,0.0,,,,,,,,,,,,,,,,,,796239.0,,,,,,,,,,,,,,,,,,,,,,,,,""
62082620,"Jun 22, 2013, 9:42:49 AM",Mjøndalen,Ride,"",17415,109.19,,,false,,Focusen,activities/68152915.tcx.gz,73.0,7.880000114440918,17415.0,15885.0,109195.0,14.300000190734863,,1094.3199462890625,947.8200073242188,2.0999999046325684,242.10000610351562,273.79998779296875,0.1341630071401596,,,,,,,,140.86099243164062,2494.8984375,,,,,,,,,,,,,,,,0.0,,,,,,,,,,,,,,,,,,773902.0,,,,,,,,,,,,,,,,,,,,,,,,,""
62388777,"Jun 23, 2013, 6:17:14 PM",Litt restitusjon m/pulsmåler gone mad,Ride,"",3802,26.12,250.0,43,false,,Focusen,activities/68508998.tcx.gz,73.0,7.880000114440918,3802.0,3802.0,26123.19921875,13.300000190734863,,254.18699645996094,252.78700256347656,2.0,162.3000030517578,422.20001220703125,0.00535921985283494,,,,,250.0,160.1840057373047,,139.32899475097656,590.647705078125,,,43.0,,,,,,,,,,,,,0.0,,,,,,,,,,,,,,,,,,773902.0,,,,,,,,,,,,,,,,,,,,,,,,,""
62719549,"Jun 25, 2013, 10:23:56 AM",lunsj,Ride,"",3454,25.26,250.0,78,false,,Focusen,activities/68874491.tcx.gz,73.0,7.880000114440918,3454.0,3239.0,25266.900390625,13.100000381469727,,264.3039855957031,268.10400390625,127.30000305175781,199.8000030517578,333.29998779296875,-0.015039400197565556,,,,,250.0,191.30799865722656,,195.5489959716797,706.2222900390625,,,78.0,,,,,,,,,,,,,0.0,,,,,,,,,,,,,,,,,,773902.0,,,,,,,,,,,,,,,,,,,,,,,,,""
63238627,"Jun 27, 2013, 5:18:49 PM",Ferie,Ride,"",4334,31.38,,,false,,Focusen,activities/69428290.tcx.gz,73.0,7.880000114440918,4334.0,4316.0,31384.80078125,14.899999618530273,,354.05999755859375,326.3599853515625,93.0999984741211,195.0,40.20000076293945,0.08825930207967758,,,,,,,,164.6909942626953,792.549072265625,,,,,,,,,,,,,,,,0.0,,,,,,,,,,,,,,,,,,773902.0,,,,,,,,,,,,,,,,,,,,,,,,,""
63410196,"Jun 28, 2013, 5:00:43 PM",28. juni,Ride,"",3836,22.23,,,false,,Focusen,activities/69609181.tcx.gz,73.0,7.880000114440918,3836.0,3620.0,22229.5,15.100000381469727,,520.802978515625,519.302978515625,124.5,519.4000244140625,142.89999389648438,0.0067477901466190815,,,,,,,,162.83099365234375,657.2347412109375,,,,,,,,,,,,,,,,0.0,,,,,,,,,,,,,,,,,,773902.0,,,,,,,,,,,,,,,,,,,,,,,,,""
64082429,"Jul 1, 2013, 5:07:03 PM",ettermiddagssafariteknikk,Ride,"",7694,33.22,,,false,,Focusen,activities/70318334.tcx.gz,73.0,7.880000114440918,7694.0,4655.0,33221.1015625,14.5,,401.45098876953125,363.0509948730469,3.799999952316284,195.3000030517578,65.0,0.11558900028467178,,,,,,,,169.31399536132812,878.794677734375,,,,,,,,,,,,,,,,0.0,,,,,,,,,,,,,,,,,,773902.0,,,,,,,,,,,,,,,,,,,,,,,,,""
64737321,"Jul 4, 2013, 4:37:12 PM",tarmedkartnestegang,Ride,"",7244,44.24,194.0,74,false,,Focusen,activities/71009059.tcx.gz,73.0,7.880000114440918,7244.0,6775.0,44240.19921875,15.800000190734863,,501.94000244140625,512.4400024414062,11.100000381469727,143.0,60.900001525878906,-0.02373410016298294,,,,,194.0,154.51400756835938,,141.1790008544922,1066.4837646484375,,,74.0,,,,,,,,,,,,,0.0,,,,,,,,,,,,,,,,,,773902.0,,,,,,,,,,,,,,,,,,,,,,,,,""
65395784,"Jul 7, 2013, 9:46:14 AM",Harrytur,Ride,"",22589,122.33,,,false,,Focusen,activities/71704694.tcx.gz,73.0,7.880000114440918,22589.0,17795.0,122335.0,17.5,,1212.219970703125,1260.1199951171875,2.5999999046325684,153.0,202.1999969482422,-0.03915470093488693,,,,,,,,148.8470001220703,2953.336669921875,,,,,,,,,,,,,,,,0.0,,,,,,,,,,,,,,,,,,773902.0,,,,,,,,,,,,,,,,,,,,,,,,,""
65626382,"Jul 8, 2013, 3:29:42 PM",ettermiddagssol rolig,Ride,"",4573,30.52,,,false,,Focusen,activities/71950173.tcx.gz,73.0,7.880000114440918,4573.0,4514.0,30524.19921875,16.100000381469727,,314.1400146484375,309.0400085449219,62.0,196.10000610351562,225.39999389648438,0.016708100214600563,,,,,,,,147.83399963378906,744.0647583007812,,,,,,,,,,,,,,,,0.0,,,,,,,,,,,,,,,,,,773902.0,,,,,,,,,,,,,,,,,,,,,,,,,""
67272687,"Jul 15, 2013, 1:23:02 PM",15 juli,Ride,"",5377,36.33,,,false,,Focusen,activities/73677165.tcx.gz,73.0,7.880000114440918,5377.0,5062.0,36336.5,14.800000190734863,,383.3919982910156,377.99200439453125,10.199999809265137,195.8000030517578,54.599998474121094,0.014861100353300571,,,,,,,,168.09100341796875,948.7274780273438,,,,,,,,,,,,,,,,0.0,,,,,,,,,,,,,,,,,,773902.0,,,,,,,,,,,,,,,,,,,,,,,,,""
69022830,"Jul 22, 2013, 3:54:54 PM",22/7/2013 ,Ride,"",8407,52.21,,,false,,Focusen,activities/75525408.tcx.gz,73.0,7.880000114440918,8407.0,8047.0,52209.0,16.399999618530273,,917.9569702148438,977.3569946289062,11.300000190734863,370.6000061035156,77.4000015258789,-0.11377300322055817,,,,,,,,156.63299560546875,1405.374755859375,,,,,,,,,,,,,,,,0.0,,,,,,,,,,,,,,,,,,773902.0,,,,,,,,,,,,,,,,,,,,,,,,,""
69494156,"Jul 24, 2013, 2:48:10 PM",=),Ride,"",9078,56.75,,,false,,Focusen,activities/76016718.tcx.gz,73.0,7.880000114440918,9078.0,8424.0,56750.5,14.800000190734863,,656.2109985351562,670.7109985351562,2.700000047683716,169.6999969482422,50.0,-0.025550400838255882,,,,,,,,159.1540069580078,1494.8953857421875,,,,,,,,,,,,,,,,0.0,,,,,,,,,,,,,,,,,,773902.0,,,,,,,,,,,,,,,,,,,,,,,,,""
69980938,"Jul 26, 2013, 3:54:39 PM",Friday funny,Ride,"",6175,44.99,,,false,,Focusen,activities/76536941.tcx.gz,73.0,7.880000114440918,6175.0,6001.0,44994.5,18.399999618530273,,566.3800048828125,562.0800170898438,8.899999618530273,217.60000610351562,15.600000381469727,0.009556720033288002,,,,,,,,172.96099853515625,1157.302001953125,,,,,,,,,,,,,,,,0.0,,,,,,,,,,,,,,,,,,773902.0,,,,,,,,,,,,,,,,,,,,,,,,,""
70413330,"Jul 28, 2013, 12:28:15 PM",... og litt til,Ride,"",3991,22.74,,,false,,Focusen,activities/76995216.tcx.gz,73.0,7.880000114440918,3991.0,3933.0,22743.0,16.100000381469727,,534.780029296875,477.4800109863281,6.900000095367432,522.7000122070312,47.900001525878906,0.25194600224494934,,,,,,,,160.98599243164062,705.9711303710938,,,,,,,,,,,,,,,,0.0,,,,,,,,,,,,,,,,,,773902.0,,,,,,,,,,,,,,,,,,,,,,,,,""
70413342,"Jul 28, 2013, 9:05:52 AM",Odden og båten hjem...,Ride,"",8394,60.43,,,false,,Focusen,activities/76995223.tcx.gz,73.0,7.880000114440918,8394.0,8209.0,60435.0,15.5,,655.530029296875,706.8300170898438,1.100000023841858,150.89999389648438,45.099998474121094,-0.08488459885120392,,,,,,,,173.52499389648438,1588.2803955078125,,,,,,,,,,,,,,,,0.0,,,,,,,,,,,,,,,,,,773902.0,,,,,,,,,,,,,,,,,,,,,,,,,""
70665944,"Jul 29, 2013, 2:07:45 PM",... og tilbake igjen,Run,"",947,1.72,,,,,,activities/77263602.tcx.gz,73.0,,947.0,513.0,1725.5,21.799999237060547,,28.399200439453125,2.4992001056671143,42.400001525878906,71.9000015258789,6.800000190734863,1.5010099411010742,,,,,,,,,165.28744506835938,,,,,,,,,,,,,,,,0.0,,,1842.800048828125,,,,,,,,,,,,,,,,,,,,,,,,,,,,,,,,,,,,,,,,""
70665945,"Jul 29, 2013, 1:21:21 PM",til SATS...,Run,"",728,2.25,,,,,,activities/77263604.tcx.gz,73.0,,728.0,724.0,2249.89990234375,4.199999809265137,,12.140000343322754,34.040000915527344,44.0,80.80000305175781,7.5,-0.973376989364624,,,,,,,,,195.5769805908203,,,,,,,,,,,,,,,,0.0,,,2180.5,,,,,,,,,,,,,,,,,,,,,,,,,,,,,,,,,,,,,,,,""
71233169,"Jul 31, 2013, 5:45:07 PM",Rolig kveldstur,Ride,"",7874,57.08,179.0,74,false,,Focusen,activities/77860043.tcx.gz,73.0,7.880000114440918,7874.0,7574.0,57080.1015625,14.600000381469727,,635.4199829101562,632.719970703125,55.599998474121094,199.89999389648438,42.400001525878906,0.004730190150439739,,,,,179.0,154.9530029296875,,179.81399536132812,1518.531005859375,,,74.0,,,,,,,,,,,,,0.0,,,,,,,,,,,,,,,,,,773902.0,,,,,,,,,,,,,,,,,,,,,,,,,""
71651401,"Aug 2, 2013, 1:58:56 PM",Tryvann x3,Ride,"",8613,49.64,,,false,,Focusen,activities/78299947.tcx.gz,73.0,7.880000114440918,8613.0,8186.0,49643.69921875,16.5,,1330.02001953125,1329.9200439453125,53.79999923706055,522.9000244140625,48.099998474121094,0.00020143500296398997,,,,,,,,174.0489959716797,1588.6131591796875,,,,,,,,,,,,,,,,0.0,,,,,,,,,,,,,,,,,,773902.0,,,,,,,,,,,,,,,,,,,,,,,,,""
72146019,"Aug 4, 2013, 2:25:40 PM",Superrolig søndagstur,Ride,"",4878,32.29,,,false,,Focusen,activities/78825613.tcx.gz,73.0,7.880000114440918,4878.0,4850.0,32297.0,15.399999618530273,,370.3370056152344,371.93701171875,38.20000076293945,213.1999969482422,47.70000076293945,-0.0049540200270712376,,,,,,,,148.822998046875,804.797607421875,,,,,,,,,,,,,,,,0.0,,,,,,,,,,,,,,,,,,773902.0,,,,,,,,,,,,,,,,,,,,,,,,,""
74176997,"Aug 12, 2013, 3:41:58 PM",Tur med PC,Ride,"",9413,58.10,,,false,,Focusen,activities/80967987.tcx.gz,73.0,7.880000114440918,9413.0,8059.0,58103.3984375,15.600000381469727,,687.6890258789062,660.1890258789062,53.400001525878906,218.1999969482422,40.79999923706055,0.04732939973473549,,,,,,,,170.02999877929688,1527.85302734375,,,,,,,,,,,,,,,,0.0,,,,,,,,,,,,,,,,,,773902.0,,,,,,,,,,,,,,,,,,,,,,,,,""
74875512,"Aug 15, 2013, 12:24:19 PM",Pulsklokketull,Ride,"",1615,10.50,250.0,38,false,,Focusen,activities/81703370.tcx.gz,73.0,7.880000114440918,1615.0,1580.0,10504.099609375,13.300000190734863,,103.76000213623047,158.55999755859375,54.79999923706055,155.8000030517578,22.399999618530273,-0.5217009782791138,,,,,250.0,194.06199645996094,,119.10199737548828,209.82199096679688,,,38.0,,,,,,,,,,,,,0.0,,,,,,,,,,,,,,,,,,773902.0,,,,,,,,,,,,,,,,,,,,,,,,,""
74875513,"Aug 15, 2013, 12:52:03 PM",3x intervall Franz,Ride,"",4020,27.00,239.0,77,false,,Focusen,activities/81703367.tcx.gz,73.0,7.880000114440918,4020.0,3877.0,27008.5,16.899999618530273,,499.37298583984375,440.572998046875,90.0999984741211,216.89999389648438,37.599998474121094,0.2177090048789978,,,,,239.0,174.75799560546875,,182.9080047607422,790.6847534179688,,,77.0,,,,,,,,,,,,,0.0,,,,,,,,,,,,,,,,,,773902.0,,,,,,,,,,,,,,,,,,,,,,,,,""
75311867,"Aug 17, 2013, 9:39:28 AM",Tur,Ride,"",7935,34.51,,,false,,Focusen,activities/82163642.tcx.gz,73.0,7.880000114440918,7935.0,5162.0,34512.0,15.899999618530273,,516.5780029296875,610.7780151367188,62.599998474121094,371.5,33.0,-0.2729490101337433,,,,,,,,149.91600036621094,862.8610229492188,,,,,,,,,,,,,,,,0.0,,,,,,,,,,,,,,,,,,773902.0,,,,,,,,,,,,,,,,,,,,,,,,,""
75927397,"Aug 19, 2013, 4:16:32 PM","08/19/2013 Oslo, Oslo, Norway",Ride,"",5753,30.86,230.0,88,false,,Focusen,activities/82815822.tcx.gz,73.0,7.880000114440918,5753.0,4837.0,30865.0,18.700000762939453,,764.0640258789062,757.864013671875,77.0,521.5,49.5,0.020087499171495438,,,,,230.0,168.99400329589844,,191.6580047607422,1033.6605224609375,,,88.0,,,,,,,,,,,,,0.0,,,,,,,,,,,,,,,,,,773902.0,,,,,,,,,,,,,,,,,,,,,,,,,""
76439668,"Aug 21, 2013, 2:54:05 PM","Oslo, Oslo",Ride,"",7347,36.57,,,false,,Focusen,activities/83356263.tcx.gz,73.0,7.880000114440918,7347.0,6010.0,36572.30078125,14.899999618530273,,715.5800170898438,706.0800170898438,0.5,533.2000122070312,48.099998474121094,0.025975899770855904,,,,,,,,144.92100524902344,971.1373291015625,,,,,,,,,,,,,,,,0.0,,,,,,,,,,,,,,,,,,773902.0,,,,,,,,,,,,,,,,,,,,,,,,,""
77114290,"Aug 24, 2013, 8:14:59 AM",Semirolig lørdagstur,Ride,"",18531,120.19,,,false,,Focusen,activities/84065539.tcx.gz,73.0,7.880000114440918,18531.0,15734.0,120195.0,28.600000381469727,,1127.5899658203125,1104.8900146484375,-2.5999999046325684,201.10000610351562,49.900001525878906,0.01888589933514595,,,,,,,,166.33299255371094,2918.048095703125,,,,,,,,,,,,,,,,0.0,,,,,,,,,,,,,,,,,,773902.0,,,,,,,,,,,,,,,,,,,,,,,,,""
77725844,"Aug 26, 2013, 3:25:39 PM",Grusmoro på CX,Ride,"",9803,64.76,,,false,,Crossen,activities/84713582.tcx.gz,73.0,8.0,9803.0,9514.0,64759.8984375,12.899999618530273,,1406.9200439453125,1418.3199462890625,124.4000015258789,483.5,29.600000381469727,-0.017603499814867973,,,,,,,,224.28500366210938,2379.239990234375,,,,,,,,,,,,,,,,0.0,,,,,,,,,,,,,,,,,,796239.0,,,,,,,,,,,,,,,,,,,,,,,,,""
78284170,"Aug 28, 2013, 8:15:59 PM",Nightrider,Ride,"",1131,5.26,,,false,,Focusen,activities/85303473.tcx.gz,73.0,7.880000114440918,1131.0,1113.0,5261.60009765625,9.5,,99.98090362548828,26.980899810791016,78.0999984741211,155.5,37.79999923706055,1.387410044670105,,,,,,,,120.14700317382812,149.10182189941406,,,,,,,,,,,,,,,,0.0,,,,,,,,,,,,,,,,,,773902.0,,,,,,,,,,,,,,,,,,,,,,,,,""
78284214,"Aug 28, 2013, 3:26:17 PM",Tur ,Ride,"",3959,30.20,,,false,,Focusen,activities/85303486.tcx.gz,73.0,7.880000114440918,3959.0,3822.0,30202.099609375,14.300000190734863,,280.0400085449219,324.739990234375,76.19999694824219,196.39999389648438,33.099998474121094,-0.1480029970407486,,,,,,,,186.30099487304688,793.9273071289062,,,,,,,,,,,,,,,,0.0,,,,,,,,,,,,,,,,,,773902.0,,,,,,,,,,,,,,,,,,,,,,,,,""
79157208,"Sep 1, 2013, 7:48:14 AM",Oslorunde med bakker!,Ride,"",13526,89.33,250.0,206,false,,Focusen,activities/86228833.tcx.gz,73.0,7.880000114440918,13526.0,12987.0,89335.796875,17.899999618530273,,1329.1800537109375,1322.5799560546875,-0.30000001192092896,375.20001220703125,43.400001525878906,0.007387860212475061,,,,,250.0,171.5279998779297,,163.7449951171875,2371.1103515625,,,206.0,,,,,,,,,,,,,0.0,,,,,,,,,,,,,,,,,,773902.0,,,,,,,,,,,,,,,,,,,,,,,,,""
79744914,"Sep 3, 2013, 2:40:42 PM",Roligtur langs E4,Ride,"",7445,51.40,,,false,,Focusen,activities/86851982.tcx.gz,73.0,7.880000114440918,7445.0,7201.0,51407.0,13.5,,524.35302734375,525.4530029296875,93.19999694824219,259.29998779296875,19.799999237060547,-0.0021397899836301804,,,,,,,,165.1269989013672,1325.82373046875,,,,,,,,,,,,,,,,0.0,,,,,,,,,,,,,,,,,,773902.0,,,,,,,,,,,,,,,,,,,,,,,,,""
81298623,"Sep 9, 2013, 4:25:35 PM","09/09/2013 Oslo, Oslo, Norway",Ride,"",3556,26.91,,,false,,Focusen,activities/88509342.tcx.gz,73.0,7.880000114440918,3556.0,3365.0,26913.19921875,13.899999618530273,,305.7799987792969,310.9800109863281,148.10000610351562,224.5,13.5,-0.019321400672197342,,,,,,,,199.33799743652344,747.9111938476562,,,,,,,,,,,,,,,,0.0,,,,,,,,,,,,,,,,,,773902.0,,,,,,,,,,,,,,,,,,,,,,,,,""
81748701,"Sep 11, 2013, 2:29:51 PM",litt rolig og litt hardt,Ride,"",10236,73.31,,,false,,Focusen,activities/88987529.tcx.gz,73.0,7.880000114440918,10236.0,9659.0,73315.296875,14.100000381469727,,716.3629760742188,715.6630249023438,93.4000015258789,259.70001220703125,17.5,0.0009547799709253013,,,,,,,,188.4429931640625,2029.4906005859375,,,,,,,,,,,,,,,,0.0,,,,,,,,,,,,,,,,,,773902.0,,,,,,,,,,,,,,,,,,,,,,,,,""
81965985,"Sep 12, 2013, 3:48:50 PM",easiest KOM of my life ;-),Ride,"",5625,34.33,,,false,,Focusen,activities/89217366.tcx.gz,73.0,7.880000114440918,5625.0,5132.0,34334.1015625,13.100000381469727,,393.84698486328125,392.1470031738281,54.599998474121094,195.5,49.70000076293945,0.004951349925249815,,,,,,,,138.1060028076172,790.2673950195312,,,,,,,,,,,,,,,,0.0,,,,,,,,,,,,,,,,,,773902.0,,,,,,,,,,,,,,,,,,,,,,,,,""
82581366,"Sep 15, 2013, 9:50:02 AM","09/15/2013 Oslo, Oslo, Norway",Ride,"",326,2.60,,,false,,Focusen,activities/89872929.tcx.gz,73.0,7.880000114440918,326.0,326.0,2603.5,11.600000381469727,,0.0,57.20000076293945,55.29999923706055,121.69999694824219,39.70000076293945,-2.19704008102417,,,,,,,,99.24299621582031,36.07383728027344,,,,,,,,,,,,,,,,0.0,,,,,,,,,,,,,,,,,,773902.0,,,,,,,,,,,,,,,,,,,,,,,,,""
82581367,"Sep 15, 2013, 10:58:12 AM","09/15/2013 Oslo, Oslo, Norway",Ride,"",1292,6.94,,,false,,Focusen,activities/89872927.tcx.gz,73.0,7.880000114440918,1292.0,1201.0,6946.60009765625,9.899999618530273,,137.89999389648438,56.599998474121094,55.29999923706055,160.0,41.599998474121094,1.1703599691390991,,,,,,,,154.68800354003906,207.14501953125,,,,,,,,,,,,,,,,0.0,,,,,,,,,,,,,,,,,,773902.0,,,,,,,,,,,,,,,,,,,,,,,,,""
82581372,"Sep 15, 2013, 11:20:50 AM",Svømmetur #ISKALDT,Ride,"",2203,11.26,,,false,,Focusen,activities/89872924.tcx.gz,73.0,7.880000114440918,2203.0,2136.0,11267.400390625,11.100000381469727,,381.989990234375,362.489990234375,141.0,522.0,42.099998474121094,0.17306600511074066,,,,,,,,170.11300659179688,405.1479187011719,,,,,,,,,,,,,,,,0.0,,,,,,,,,,,,,,,,,,773902.0,,,,,,,,,,,,,,,,,,,,,,,,,""
84107489,"Sep 22, 2013, 11:30:31 AM",Sesongen over... (?),Ride,"",7536,51.54,,,false,,Focusen,activities/91493264.tcx.gz,73.0,7.880000114440918,7536.0,6882.0,51541.30078125,15.899999618530273,,640.8800048828125,622.47998046875,2.0,224.10000610351562,42.20000076293945,0.035699501633644104,,,,,,,,175.84300231933594,1349.3189697265625,,,,,,,,,,,,,,,,0.0,,,,,,,,,,,,,,,,,,773902.0,,,,,,,,,,,,,,,,,,,,,,,,,""
84398322,"Sep 23, 2013, 3:04:55 PM",Syre,Ride,"",7239,36.83,,,false,,Focusen,activities/91802589.tcx.gz,73.0,7.880000114440918,7239.0,5459.0,36832.69921875,16.899999618530273,,760.2030029296875,714.5029907226562,100.5999984741211,524.0,45.599998474121094,0.12407500296831131,,,,,,,,182.7729949951172,1112.5,,,,,,,,,,,,,,,,0.0,,,,,,,,,,,,,,,,,,773902.0,,,,,,,,,,,,,,,,,,,,,,,,,""
84877803,"Sep 24, 2013, 10:00:00 PM",Tur - Forerunner død,Ride,,3960,29.72,,,false,,Focusen,,73.0,7.880000114440918,3960.0,3960.0,29720.0,,,,,,,0.0,0.0,,,,,,,,,,,,,,,,,,,,,,,,,0.0,,,,,,,,,,,,,,,,,,773902.0,,,,,,,,,,,,,,,,,,,,,,,,,""
87985960,"Oct 9, 2013, 2:30:47 PM",Afternoon Ride,Ride,,4386,27.70,,,false,,Focusen,activities/87985960.gpx,73.0,7.880000114440918,4386.0,3821.0,27708.599609375,17.0,,393.47100830078125,387.47100830078125,90.5999984741211,215.3000030517578,40.70000076293945,0.021653899922966957,,,,,,,,182.79800415039062,778.7953491210938,,,,,,,,,,,,,,,,0.0,,,,,,,,,,,,,,,,,,773902.0,,,,,,,,,,,,,,,,,,,,,,,,,""
95387692,"Nov 16, 2013, 2:47:58 PM",Afternoon Run,Run,,2342,5.87,,,false,,,activities/95387692.gpx,73.0,,2342.0,2315.0,5873.2001953125,5.199999809265137,,40.818199157714844,56.21820068359375,108.69999694824219,149.6999969482422,45.79999923706055,-0.2622080147266388,,,,,,,,,532.2869262695312,,,,,,,,,,,,,,,,0.0,,,5934.5,,,,,,,,,,,,,,,,,,,,,,,,,,,,,,,,,,,,,,,,""
98444336,"Dec 3, 2013, 2:45:40 PM",Jogg hjem ,Run,,1567,3.88,,,false,,,activities/98444336.gpx,73.0,,1567.0,1506.0,3885.39990234375,6.300000190734863,,139.61399841308594,26.81399917602539,54.900001525878906,176.89999389648438,30.299999237060547,2.903179883956909,,,,,,,,,404.0788269042969,,,,,,,,,,,,,,,,0.0,,,4505.10009765625,,,,,,,,,,,,,,,,,,,,,,,,,,,,,,,,,,,,,,,,""
99060262,"Dec 7, 2013, 3:42:54 PM",Afternoon Run,Run,,2870,7.41,,,false,,,activities/99060262.gpx,73.0,,2870.0,2833.0,7415.0,4.699999809265137,,96.89559936523438,104.79560089111328,96.80000305175781,162.6999969482422,22.0,-0.10654100030660629,,,,,,,,,682.3353881835938,,,,,,,,,,,,,,,,0.0,,,7607.39990234375,,,,,,,,,,,,,,,,,,,,,,,,,,,,,,,,,,,,,,,,""
102365651,"Dec 28, 2013, 2:47:05 PM",Afternoon Run,Run,,1393,4.37,,,false,,,activities/102365651.gpx,73.0,,1393.0,1388.0,4370.7998046875,4.900000095367432,,49.9922981262207,50.692298889160156,35.79999923706055,62.0,36.900001525878906,-0.016015399247407913,,,,,,,,,399.4954833984375,,,,,,,,,,,,,,,,0.0,,,4454.0,,,,,,,,,,,,,,,,,,,,,,,,,,,,,,,,,,,,,,,,""
105456200,"Jan 11, 2014, 8:49:02 AM",Morning Run,Run,,1483,3.59,,,false,,,activities/105456200.gpx,73.0,,1483.0,1448.0,3598.39990234375,3.9000000953674316,,98.04900360107422,76.04900360107422,159.0,213.10000610351562,47.29999923706055,0.6113830208778381,,,,,,,,,343.8854064941406,,,,,,,,,,,,,,,,0.0,,,3834.0,,,,,,,,,,,,,,,,,,,,,,,,,,,,,,,,,,,,,,,,""
111153650,"Feb 4, 2014, 5:27:50 PM",Evening Nordic Ski,Nordic Ski,,2796,6.83,,,false,,,activities/111153650.gpx,,,2796.0,2489.0,6829.5,10.300000190734863,,161.85400390625,148.85400390625,401.3999938964844,485.20001220703125,40.0,0.1903509944677353,,,,,,,,,,,,,,,,,,,,,,,,,0.0,,,,,,,,,,,,,,,,,,,,,,,,,,,,,,,,,,,,,,,,,,,""
112426895,"Feb 10, 2014, 4:25:19 PM",Afternoon Run,Run,,1711,4.71,,,false,,,activities/112426895.gpx,73.0,,1711.0,1686.0,4716.89990234375,4.900000095367432,,73.93209838867188,64.93209838867188,126.5999984741211,184.1999969482422,40.79999923706055,0.19080300629138947,,,,,,,,,434.1261901855469,,,,,,,,,,,,,,,,0.0,,,4840.10009765625,,,,,,,,,,,,,,,,,,,,,,,,,,,,,,,,,,,,,,,,""
123869134,"Mar 25, 2014, 3:40:29 PM",Sesongoppvarming... spent på formen,Ride,"",2848,18.36,,,false,,Focusen,activities/123869134.gpx,73.0,7.880000114440918,2848.0,2693.0,18367.599609375,14.100000381469727,,266.81298828125,267.1130065917969,127.0,195.0,22.200000762939453,-0.001633309992030263,,,,,,,,164.39999389648438,493.64306640625,,,,,,,,,,,,,,,,0.0,,,,,,,,,,,,,,,,,,773902.0,,,,,,,,,,,,,,,,,,,,,,,,,""
124043771,"Mar 26, 2014, 7:06:53 AM",Morning Ride,Ride,,592,3.61,,,false,,Focusen,activities/124043771.gpx,73.0,7.880000114440918,592.0,481.0,3618.89990234375,16.899999618530273,,0.0,97.19999694824219,55.70000076293945,159.60000610351562,19.0,-2.6858999729156494,,,,,,,,101.72100067138672,54.55449676513672,,,,,,,,,,,,,,,,0.0,,,,,,,,,,,,,,,,,,773902.0,,,,,,,,,,,,,,,,,,,,,,,,,""
124122189,"Mar 26, 2014, 2:56:59 PM",Afternoon Ride,Ride,,857,3.64,,,false,,Focusen,activities/124122189.gpx,73.0,7.880000114440918,857.0,857.0,3640.5,8.899999618530273,,105.3290023803711,8.529000282287598,54.79999923706055,161.0,46.5,2.658979892730713,,,,,,,,138.9530029296875,132.77723693847656,,,,,,,,,,,,,,,,0.0,,,,,,,,,,,,,,,,,,773902.0,,,,,,,,,,,,,,,,,,,,,,,,,""
124385044,"Mar 27, 2014, 3:14:28 PM",Afternoon Ride,Ride,,3989,27.19,,,false,,Focusen,activities/124385044.gpx,73.0,7.880000114440918,3989.0,3797.0,27194.30078125,12.800000190734863,,334.8699951171875,338.57000732421875,53.0,163.10000610351562,47.0,-0.013605800457298756,,,,,,,,158.5760040283203,671.3560791015625,,,,,,,,,,,,,,,,0.0,,,,,,,,,,,,,,,,,,773902.0,,,,,,,,,,,,,,,,,,,,,,,,,""
124838181,"Mar 29, 2014, 7:33:46 AM",Lier,Ride,,13133,72.78,,,false,,Focusen,activities/124838181.gpx,73.0,7.880000114440918,13133.0,11535.0,72783.6015625,13.600000381469727,,834.8679809570312,842.6680297851562,-3.799999952316284,242.3000030517578,47.29999923706055,-0.010716699995100498,,,,,,,,130.3769989013672,1676.8470458984375,,,,,,,,,,,,,,,,0.0,,,,,,,,,,,,,,,,,,773902.0,,,,,,,,,,,,,,,,,,,,,,,,,""
125632289,"Mar 31, 2014, 3:04:04 PM",Afternoon Ride,Ride,,5114,34.27,,,false,,Focusen,activities/125632289.gpx,73.0,7.880000114440918,5114.0,5065.0,34271.19921875,15.0,,582.9749755859375,582.5750122070312,93.0999984741211,258.1000061035156,45.900001525878906,0.0011671599932014942,,,,,,,,174.02699279785156,982.8131103515625,,,,,,,,,,,,,,,,0.0,,,,,,,,,,,,,,,,,,773902.0,,,,,,,,,,,,,,,,,,,,,,,,,""
126561853,"Apr 3, 2014, 2:28:32 PM",Rolig klatrings,Ride,"",4654,23.19,,,false,,Focusen,activities/126561853.gpx,73.0,7.880000114440918,4654.0,4073.0,23190.19921875,15.899999618530273,,541.8099975585938,542.8099975585938,99.0999984741211,522.7999877929688,50.0,-0.0043121702037751675,,,,,,,,148.28500366210938,673.4207763671875,,,,,,,,,,,,,,,,0.0,,,,,,,,,,,,,,,,,,773902.0,,,,,,,,,,,,,,,,,,,,,,,,,""
126854009,"Apr 4, 2014, 2:42:42 PM",Afternoon Ride,Ride,,6617,45.87,,,false,,Focusen,activities/126854009.gpx,73.0,7.880000114440918,6617.0,6378.0,45874.5,14.800000190734863,,675.8099975585938,679.010009765625,-3.299999952316284,199.89999389648438,49.099998474121094,-0.006975550204515457,,,,,,,,176.0919952392578,1252.27294921875,,,,,,,,,,,,,,,,0.0,,,,,,,,,,,,,,,,,,773902.0,,,,,,,,,,,,,,,,,,,,,,,,,""
131862598,"Apr 19, 2014, 1:42:38 PM",Roligetter jobb,Ride,,3471,21.58,,,false,,Focusen,activities/131862598.gpx,73.0,7.880000114440918,3471.0,3237.0,21585.69921875,13.100000381469727,,281.4309997558594,182.43099975585938,2.0999999046325684,161.5,46.0,0.458636999130249,,,,,,,,150.08599853515625,541.6986694335938,,,,,,,,,,,,,,,,0.0,,,,,,,,,,,,,,,,,,773902.0,,,,,,,,,,,,,,,,,,,,,,,,,""
135148876,"Apr 28, 2014, 3:44:31 PM",Stabæk 2 - Lyn,Ride,,3099,20.37,,,false,,Focusen,activities/135148876.gpx,73.0,7.880000114440918,3099.0,2879.0,20377.19921875,12.600000381469727,,205.44000244140625,269.5400085449219,-3.799999952316284,143.1999969482422,32.400001525878906,-0.3145669996738434,,,,,,,,152.34100341796875,489.0275573730469,,,,,,,,,,,,,,,,0.0,,,,,,,,,,,,,,,,,,773902.0,,,,,,,,,,,,,,,,,,,,,,,,,""
136213868,"May 1, 2014, 11:55:17 AM",Afternoon Ride,Ride,,14221,86.88,,,false,,Focusen,activities/136213868.gpx,73.0,7.880000114440918,14221.0,12844.0,86887.1015625,15.800000190734863,,1063.949951171875,1203.050048828125,2.799999952316284,202.1999969482422,49.70000076293945,-0.16009299457073212,,,,,,,,149.41400146484375,2139.766845703125,,,,,,,,,,,,,,,,0.0,,,,,,,,,,,,,,,,,,773902.0,,,,,,,,,,,,,,,,,,,,,,,,,""
136919266,"May 3, 2014, 2:53:39 PM",Rolig+nye pedaler+sko,Ride,,3951,21.68,,,false,,Focusen,activities/136919266.gpx,73.0,7.880000114440918,3951.0,3425.0,21687.099609375,14.399999618530273,,366.31500244140625,362.614990234375,126.80000305175781,326.3999938964844,45.70000076293945,0.01706079952418804,,,,,,,,154.82200622558594,591.245849609375,,,,,,,,,,,,,,,,0.0,,,,,,,,,,,,,,,,,,773902.0,,,,,,,,,,,,,,,,,,,,,,,,,""
137242147,"May 4, 2014, 11:26:20 AM",Del1,Ride,,1405,8.39,,,false,,Focusen,activities/137242147.gpx,73.0,7.880000114440918,1405.0,1383.0,8390.900390625,11.100000381469727,,72.96859741210938,115.6686019897461,99.0,160.39999389648438,28.600000381469727,-0.5088850259780884,,,,,,,,102.80400085449219,158.5283966064453,,,,,,,,,,,,,,,,0.0,,,,,,,,,,,,,,,,,,773902.0,,,,,,,,,,,,,,,,,,,,,,,,,""
137313935,"May 4, 2014, 12:05:13 PM",Del 2,Ride,,9882,64.80,,,false,,Focusen,activities/137313935.gpx,73.0,7.880000114440918,9882.0,9188.0,64800.6015625,13.800000190734863,,1118.8699951171875,1070.77001953125,94.69999694824219,259.70001220703125,36.20000076293945,0.0742276981472969,,,,,,,,198.03199768066406,2028.7625732421875,,,,,,,,,,,,,,,,0.0,,,,,,,,,,,,,,,,,,773902.0,,,,,,,,,,,,,,,,,,,,,,,,,""
138524263,"May 7, 2014, 3:07:06 PM",3x neglsprett,Ride,"",4591,26.33,,,false,,Focusen,activities/138524263.gpx,73.0,7.880000114440918,4591.0,4416.0,26335.19921875,14.0,,616.4349975585938,603.4349975585938,132.1999969482422,320.29998779296875,50.0,0.049363598227500916,,,,,,,,172.5780029296875,849.7464599609375,,,,,,,,,,,,,,,,0.0,,,,,,,,,,,,,,,,,,773902.0,,,,,,,,,,,,,,,,,,,,,,,,,""
139477660,"May 10, 2014, 10:08:22 AM",Intervaller i åsen,Ride,"",9345,40.80,,,false,,Focusen,activities/139477660.gpx,73.0,7.880000114440918,9345.0,7426.0,40799.1015625,18.0,,1212.5899658203125,1041.8900146484375,127.0,521.9000244140625,48.5,0.41839200258255005,,,,,,,,181.83099365234375,1505.558837890625,,,,,,,,,,,,,,,,0.0,,,,,,,,,,,,,,,,,,773902.0,,,,,,,,,,,,,,,,,,,,,,,,,""
146868666,"May 29, 2014, 12:02:18 PM",Afternoon Ride,Ride,,5585,36.59,,,false,,Focusen,activities/146868666.gpx,73.0,7.880000114440918,5585.0,5427.0,36598.6015625,14.600000381469727,,551.4210205078125,553.7210083007812,54.0,336.29998779296875,49.29999923706055,-0.006284390110522509,,,,,,,,156.20700073242188,945.2249755859375,,,,,,,,,,,,,,,,0.0,,,,,,,,,,,,,,,,,,773902.0,,,,,,,,,,,,,,,,,,,,,,,,,""
148087895,"Jun 1, 2014, 7:41:59 AM",Morning Ride,Ride,,19906,116.19,,,false,,Focusen,activities/148087895.gpx,73.0,7.880000114440918,19906.0,18020.0,116196.0,17.399999618530273,,1370.6400146484375,1374.5400390625,0.8999999761581421,233.60000610351562,47.70000076293945,-0.003356389934197068,,,,,,,,138.2100067138672,2776.956787109375,,,,,,,,,,,,,,,,0.0,,,,,,,,,,,,,,,,,,773902.0,,,,,,,,,,,,,,,,,,,,,,,,,""
150149060,"Jun 6, 2014, 2:06:43 PM",Strava fail,Ride,,1903,14.95,,,false,,Focusen,activities/150149060.gpx,73.0,7.880000114440918,1903.0,1837.0,14952.0,13.399999618530273,,225.72300720214844,216.6230010986328,126.69999694824219,200.39999389648438,23.899999618530273,0.06086140125989914,,,,,,,,214.38699340820312,439.1192321777344,,,,,,,,,,,,,,,,0.0,,,,,,,,,,,,,,,,,,773902.0,,,,,,,,,,,,,,,,,,,,,,,,,""
150433585,"Jun 7, 2014, 9:07:33 AM","Mål: sub 20 min, 1:30 igjen",Ride,"",3054,17.26,,,false,,Focusen,activities/150433585.gpx,73.0,7.880000114440918,3054.0,2883.0,17267.80078125,16.100000381469727,,479.718994140625,475.8190002441406,131.60000610351562,519.0999755859375,48.70000076293945,0.022585399448871613,,,,,,,,179.47799682617188,576.9401245117188,,,,,,,,,,,,,,,,0.0,,,,,,,,,,,,,,,,,,773902.0,,,,,,,,,,,,,,,,,,,,,,,,,""
150905846,"Jun 8, 2014, 8:35:18 AM",Morning Ride,Ride,,12579,58.53,,,false,,Focusen,activities/150905846.gpx,73.0,7.880000114440918,12579.0,10806.0,58530.1015625,14.800000190734863,,1070.0699462890625,1070.3699951171875,0.0,371.0,49.70000076293945,-0.0005125569878146052,,,,,,,,126.63700103759766,1525.8099365234375,,,,,,,,,,,,,,,,0.0,,,,,,,,,,,,,,,,,,773902.0,,,,,,,,,,,,,,,,,,,,,,,,,""
151873994,"Jun 10, 2014, 2:55:20 PM",CX grus og sti i nydelig vær,Ride,"",8803,42.44,,,false,,Crossen,activities/151873994.gpx,73.0,8.0,8803.0,7789.0,42442.80078125,15.399999618530273,,1345.280029296875,1338.47998046875,124.30000305175781,444.20001220703125,49.29999923706055,0.016021599993109703,,,,,,,,227.8990020751953,1979.242431640625,,,,,,,,,,,,,,,,0.0,,,,,,,,,,,,,,,,,,796239.0,,,,,,,,,,,,,,,,,,,,,,,,,""
153039566,"Jun 13, 2014, 1:45:16 PM",Afternoon Ride,Ride,,3888,23.56,,,false,,Focusen,activities/153039566.gpx,73.0,7.880000114440918,3888.0,3583.0,23567.900390625,14.699999809265137,,371.1050109863281,399.7049865722656,88.0999984741211,361.70001220703125,41.400001525878906,-0.12135200202465057,,,,,,,,156.4669952392578,625.0927124023438,,,,,,,,,,,,,,,,0.0,,,,,,,,,,,,,,,,,,773902.0,,,,,,,,,,,,,,,,,,,,,,,,,""
153061760,"Jun 13, 2014, 3:39:53 PM",Afternoon Ride,Ride,,1111,6.13,,,false,,Focusen,activities/153061760.gpx,73.0,7.880000114440918,1111.0,1111.0,6137.2001953125,11.0,,92.49590301513672,67.2958984375,108.80000305175781,158.1999969482422,27.399999618530273,0.41061100363731384,,,,,,,,118.39600372314453,146.66482543945312,,,,,,,,,,,,,,,,0.0,,,,,,,,,,,,,,,,,,773902.0,,,,,,,,,,,,,,,,,,,,,,,,,""
156598962,"Jun 22, 2014, 9:39:10 AM",Lunch Ride brrrr,Ride,,3111,17.95,,,false,,Focusen,activities/156598962.gpx,73.0,7.880000114440918,3111.0,3084.0,17953.5,18.0,,484.4739990234375,466.27398681640625,126.69999694824219,523.0,49.20000076293945,0.10137300193309784,,,,,,,,173.77699279785156,597.5599975585938,,,,,,,,,,,,,,,,0.0,,,,,,,,,,,,,,,,,,773902.0,,,,,,,,,,,,,,,,,,,,,,,,,""
157603745,"Jun 24, 2014, 3:38:02 PM",Afternoon Ride,Ride,,3855,26.58,,,false,,Focusen,activities/157603745.gpx,73.0,7.880000114440918,3855.0,3588.0,26585.69921875,13.100000381469727,,461.2380065917969,462.43798828125,72.9000015258789,240.8000030517578,32.099998474121094,-0.0045137000270187855,,,,,,,,191.96200561523438,767.967041015625,,,,,,,,,,,,,,,,0.0,,,,,,,,,,,,,,,,,,773902.0,,,,,,,,,,,,,,,,,,,,,,,,,""
159037873,"Jun 28, 2014, 11:11:21 AM",Afternoon Ride,Ride,,3287,19.75,,,false,,Focusen,activities/159037873.gpx,73.0,7.880000114440918,3287.0,3163.0,19756.30078125,16.899999618530273,,566.719970703125,566.52001953125,141.0,521.9000244140625,50.0,0.0010123399551957846,,,,,,,,195.2949981689453,688.7556762695312,,,,,,,,,,,,,,,,0.0,,,,,,,,,,,,,,,,,,773902.0,,,,,,,,,,,,,,,,,,,,,,,,,""
159474402,"Jun 29, 2014, 8:08:40 AM",Sørumsand + tempo Groruddalen,Ride,"",16373,102.68,,,false,,Focusen,activities/159474402.gpx,73.0,7.880000114440918,16373.0,15195.0,102686.0,16.700000762939453,,1313.31005859375,1314.510009765625,0.4000000059604645,251.39999389648438,46.400001525878906,-0.0011686099460348487,,,,,,,,161.1179962158203,2729.729736328125,,,,,,,,,,,,,,,,0.0,,,,,,,,,,,,,,,,,,773902.0,,,,,,,,,,,,,,,,,,,,,,,,,""
163721513,"Jul 9, 2014, 2:10:34 PM",Grustur,Ride,"",9885,55.92,,,false,,Crossen,activities/163721513.gpx,73.0,8.0,9885.0,9452.0,55923.3984375,13.699999809265137,,1921.6700439453125,1922.1700439453125,148.8000030517578,458.0,50.0,-0.0008940799743868411,,,,,,,,245.73190307617188,2589.763671875,,,,,,,,,,,,,,0.0,,0.0,,,,,,,,,,,,,,,,,,796239.0,,,,,,,,,,,,,,,,,,,,,,,,,""
164517261,"Jul 11, 2014, 3:09:09 PM",Restitusjon,Ride,,3143,24.33,,,false,,Focusen,activities/164517261.gpx,73.0,7.880000114440918,3143.0,3125.0,24330.599609375,14.899999618530273,,405.0169982910156,406.4169921875,126.69999694824219,200.1999969482422,38.20000076293945,-0.0057540698908269405,,,,,,,,204.4669952392578,712.439697265625,,,,,,,,,,,,,,,,0.0,,,,,,,,,,,,,,,,,,773902.0,,,,,,,,,,,,,,,,,,,,,,,,,""
165330246,"Jul 13, 2014, 12:31:48 PM",Rulleskinisse midt i veien <333,Ride,"",2896,23.18,,,false,,Focusen,activities/165330246.gpx,73.0,7.880000114440918,2896.0,2825.0,23183.400390625,13.699999809265137,,380.1059875488281,382.406005859375,126.69999694824219,200.10000610351562,41.29999923706055,-0.00992089044302702,,,,,,,,217.02699279785156,683.60791015625,,,,,,,,,,,,,,,,0.0,,,,,,,,,,,,,,,,,,773902.0,,,,,,,,,,,,,,,,,,,,,,,,,""
165335536,"Jul 13, 2014, 1:23:15 PM",Afternoon Ride,Ride,,547,3.12,,,false,,Focusen,activities/165335536.gpx,73.0,7.880000114440918,547.0,547.0,3122.300048828125,10.100000381469727,,42.91109848022461,40.71110153198242,127.0,160.1999969482422,17.399999618530273,0.07046090066432953,,,,,,,,118.23799896240234,72.11394500732422,,,,,,,,,,,,,,,,0.0,,,,,,,,,,,,,,,,,,773902.0,,,,,,,,,,,,,,,,,,,,,,,,,""
166733357,"Jul 16, 2014, 3:38:34 PM",Afternoon Ride,Ride,,3950,27.56,,,false,,Focusen,activities/166733357.gpx,73.0,7.880000114440918,3950.0,3950.0,27566.19921875,15.199999809265137,,405.7139892578125,339.8139953613281,99.30000305175781,196.10000610351562,33.79999923706055,0.23906099796295166,,,,,,,,173.7259979248047,765.1327514648438,,,,,,,,,,,,,,,,0.0,,,,,,,,,,,,,,,,,,773902.0,,,,,,,,,,,,,,,,,,,,,,,,,""
166748475,"Jul 16, 2014, 4:52:20 PM",Evening Ride,Ride,,1446,7.32,,,false,,Focusen,activities/166748475.gpx,73.0,7.880000114440918,1446.0,1255.0,7327.89990234375,13.399999618530273,,82.28900146484375,103.78900146484375,93.5,183.89999389648438,13.399999618530273,-0.29339900612831116,,,,,,,,110.69400024414062,154.89688110351562,,,,,,,,,,,,,,,,0.0,,,,,,,,,,,,,,,,,,773902.0,,,,,,,,,,,,,,,,,,,,,,,,,""
168392754,"Jul 20, 2014, 12:07:58 PM",Styrketråkk,Ride,,4511,25.34,,,false,,Focusen,activities/168392754.gpx,73.0,7.880000114440918,4511.0,4352.0,25344.69921875,14.899999618530273,,667.4080200195312,667.9080200195312,126.69999694824219,520.4000244140625,49.70000076293945,-0.001972799887880683,,,,,,,,171.9429931640625,834.3499755859375,,,,,,,,,,,,,,,,0.0,,,,,,,,,,,,,,,,,,773902.0,,,,,,,,,,,,,,,,,,,,,,,,,""
168976029,"Jul 21, 2014, 4:57:14 PM",Rest,Ride,,3133,21.41,,,false,,Focusen,activities/168976029.gpx,73.0,7.880000114440918,3133.0,3133.0,21418.400390625,12.600000381469727,,255.44400024414062,255.6439971923828,54.099998474121094,160.5,31.5,-0.0009337770170532167,,,,,,,,140.2729949951172,490.0149841308594,,,,,,,,,,,,,,,,0.0,,,,,,,,,,,,,,,,,,773902.0,,,,,,,,,,,,,,,,,,,,,,,,,""
169813781,"Jul 23, 2014, 12:52:24 PM",3x20min bakkeint,Ride,Sone 3. opp til broen,6773,36.39,,,false,,Focusen,activities/169813781.gpx,73.0,7.880000114440918,6773.0,6332.0,36397.8984375,16.899999618530273,,1118.06005859375,1090.260009765625,132.3000030517578,458.6000061035156,46.599998474121094,0.0763780027627945,,,,,,,,182.125,1285.8353271484375,,,,,,,,,,,,,,,,0.0,,,,,,,,,,,,,,,,,,773902.0,,,,,,,,,,,,,,,,,,,,,,,,,""
171718322,"Jul 27, 2014, 4:20:02 PM",Litt bakkeint ,Ride,,5310,30.33,,,false,,Focusen,activities/171718322.gpx,73.0,7.880000114440918,5310.0,5118.0,30338.30078125,15.199999809265137,,852.7659912109375,852.9660034179688,132.0,521.2999877929688,49.20000076293945,-0.0006592330173589289,,,,,,,,171.46499633789062,978.47705078125,,,,,,,,,,,,,,,,0.0,,,,,,,,,,,,,,,,,,773902.0,,,,,,,,,,,,,,,,,,,,,,,,,""
172624879,"Jul 29, 2014, 6:23:50 PM",Quickie,Ride,,1861,14.08,,,false,,Focusen,activities/172624879.gpx,73.0,7.880000114440918,1861.0,1861.0,14085.7001953125,13.5,,178.6790008544922,178.7790069580078,132.10000610351562,204.39999389648438,28.100000381469727,-0.000709939980879426,,,,,,,,177.5260009765625,368.3691101074219,,,,,,,,,,,,,,,,0.0,,,,,,,,,,,,,,,,,,773902.0,,,,,,,,,,,,,,,,,,,,,,,,,""
174733824,"Aug 3, 2014, 1:37:42 PM",Afternoon Ride,Ride,,2835,19.32,,,false,,Focusen,activities/174733824.gpx,73.0,7.880000114440918,2835.0,2809.0,19319.80078125,13.199999809265137,,226.05499267578125,213.35499572753906,87.5999984741211,158.6999969482422,48.400001525878906,0.06573569774627686,,,,,,,,147.83900451660156,463.03692626953125,,,,,,,,,,,,,,,,0.0,,,,,,,,,,,,,,,,,,773902.0,,,,,,,,,,,,,,,,,,,,,,,,,""
178764546,"Aug 11, 2014, 2:57:17 PM",Tilbake fra ferie,Ride,"",4393,22.53,,,false,,Focusen,activities/178764546.gpx,73.0,7.880000114440918,4393.0,4201.0,22534.0,11.800000190734863,,673.7420043945312,674.1420288085938,140.5,522.9000244140625,29.5,-0.0017751000123098493,,,,,,,,171.84500122070312,804.9417724609375,,,,,,,,,,,,,,,,0.0,,,,,,,,,,,,,,,,,,773902.0,,,,,,,,,,,,,,,,,,,,,,,,,""
180599446,"Aug 15, 2014, 3:06:57 PM",3x20 lav sone 3,Ride,"",7208,37.51,,,false,,Focusen,activities/180599446.gpx,73.0,7.880000114440918,7208.0,6509.0,37513.30078125,16.0,,1090.8900146484375,1065.489990234375,126.69999694824219,479.20001220703125,19.399999618530273,0.0677092969417572,,,,,,,,175.38600158691406,1272.8699951171875,,,,,,,,,,,,,,,,0.0,,,,,,,,,,,,,,,,,,773902.0,,,,,,,,,,,,,,,,,,,,,,,,,""
180610132,"Aug 15, 2014, 5:08:38 PM",Mandelmelk og bananer,Ride,,1207,3.19,,,false,,Focusen,activities/180610132.gpx,73.0,7.880000114440918,1207.0,802.0,3198.10009765625,9.600000381469727,,71.44349670410156,93.24349975585938,159.60000610351562,232.6999969482422,17.100000381469727,-0.6816549897193909,,,,,,,,95.48380279541016,85.38447570800781,,,,,,,,,,,,,,,,0.0,,,,,,,,,,,,,,,,,,773902.0,,,,,,,,,,,,,,,,,,,,,,,,,""
182008865,"Aug 18, 2014, 4:45:10 PM",Recovery rullings,Ride,,3754,26.32,,,false,,Focusen,activities/182008865.gpx,73.0,7.880000114440918,3754.0,3639.0,26320.0,16.600000381469727,,558.197998046875,561.2979736328125,147.39999389648438,318.1000061035156,39.099998474121094,-0.01177810039371252,,,,,,,,208.38299560546875,845.5109252929688,,,,,,,,,,,,,,,,0.0,,,,,,,,,,,,,,,,,,773902.0,,,,,,,,,,,,,,,,,,,,,,,,,""
183776324,"Aug 22, 2014, 1:03:23 PM",08/22/2014,Ride,"",4855,20.96,,,false,,Focusen,activities/183776324.gpx,73.0,7.880000114440918,4855.0,4174.0,20962.5,13.399999618530273,,812.7100219726562,453.9100036621094,126.69999694824219,522.0,19.700000762939453,1.7116299867630005,,,,,,,,187.41799926757812,872.2452392578125,,,,,,,,,,,,,,,,0.0,,,,,,,,,,,,,,,,,,773902.0,,,,,,,,,,,,,,,,,,,,,,,,,""
187365424,"Aug 30, 2014, 1:21:09 PM",Bli frisk chill ride,Ride,,5433,35.86,,,false,,Focusen,activities/187365424.gpx,73.0,7.880000114440918,5433.0,5329.0,35868.30078125,15.199999809265137,,762.5449829101562,763.4450073242188,126.69999694824219,520.7000122070312,35.70000076293945,-0.0025091799907386303,,,,,,,,183.60000610351562,1090.9208984375,,,,,,,,,,,,,,,,0.0,,,,,,,,,,,,,,,,,,773902.0,,,,,,,,,,,,,,,,,,,,,,,,,""
188392622,"Sep 1, 2014, 2:41:27 PM",Bli frisk del 2: 2x terskel,Ride,,7893,31.94,,,false,,Focusen,activities/188392622.gpx,73.0,7.880000114440918,7893.0,5764.0,31947.69921875,15.5,,1000.5800170898438,900.1799926757812,58.29999923706055,524.0,20.700000762939453,0.3142639994621277,,,,,,,,173.2949981689453,1113.74267578125,,,,,,,,,,,,,,,,0.0,,,,,,,,,,,,,,,,,,773902.0,,,,,,,,,,,,,,,,,,,,,,,,,""
189347283,"Sep 3, 2014, 4:40:54 PM",Evening Ride,Ride,,2816,22.37,,,false,,Focusen,activities/189347283.gpx,73.0,7.880000114440918,2816.0,2796.0,22375.69921875,14.699999809265137,,387.3190002441406,389.8190002441406,147.8000030517578,200.0,35.79999923706055,-0.011172800324857235,,,,,,,,216.13699340820312,673.8157348632812,,,,,,,,,,,,,,,,0.0,,,,,,,,,,,,,,,,,,773902.0,,,,,,,,,,,,,,,,,,,,,,,,,""
190967885,"Sep 7, 2014, 8:00:00 AM",Morgentur med Tanja,Run,,2700,5.00,,,false,,,,73.0,,2700.0,2700.0,5000.0,,,,,,,,0.0,,,,,,,,,448.46820068359375,,,,,,,,,,,,,,,,0.0,,,,,,,,,,,,,,,,,,,,,,,,,,,,,,,,,,,,,,,,,,,""
191019109,"Sep 7, 2014, 10:01:04 AM",Lunch Ride tull,Ride,,2436,13.19,,,false,,Focusen,activities/191019109.gpx,73.0,7.880000114440918,2436.0,2180.0,13189.0,15.600000381469727,,374.18798828125,373.4880065917969,124.30000305175781,458.1000061035156,18.200000762939453,0.005307449959218502,,,,,,,,179.90699768066406,437.2999572753906,,,,,,,,,,,,,,,,0.0,,,,,,,,,,,,,,,,,,773902.0,,,,,,,,,,,,,,,,,,,,,,,,,""
191653251,"Sep 8, 2014, 12:59:32 PM",4*5min sone 4 auuu,Ride,"",4804,25.30,,,false,,Focusen,activities/191653251.gpx,73.0,7.880000114440918,4804.0,4423.0,25299.80078125,14.699999809265137,,752.4119873046875,754.1119995117188,127.0,478.8999938964844,33.29999923706055,-0.006719420198351145,,,,,,,,187.31199645996094,923.7562866210938,,,,,,,,,,,,,,,,0.0,,,,,,,,,,,,,,,,,,773902.0,,,,,,,,,,,,,,,,,,,,,,,,,""
192595833,"Sep 10, 2014, 11:39:49 AM",Lierrunde ,Ride,feiende flott tur! ,14538,92.43,,,false,,Focusen,activities/192595833.gpx,73.0,7.880000114440918,14538.0,13060.0,92437.6015625,16.700000762939453,,1599.5999755859375,1512.4000244140625,5.400000095367432,346.8999938964844,46.79999923706055,0.09433390200138092,,,,,,,,179.74899291992188,2617.487060546875,,,,,,,,,,,,,,,,0.0,,,,,,,,,,,,,,,,,,773902.0,,,,,,,,,,,,,,,,,,,,,,,,,""
193949498,"Sep 13, 2014, 2:25:50 PM",Uladalen rondane m tanja,Hike,"",9288,7.54,,,false,,,activities/193949498.gpx,73.0,,9288.0,6496.0,7544.7998046875,2.5,,254.37899780273438,288.5790100097656,890.0,1069.699951171875,47.400001525878906,-0.45329201221466064,,,,,,,,,676.7205810546875,,,,,,,,,,,,,,,,0.0,,,,,,,,,,,,,,,,,,,,,,,,,,,,,,,,,,,,,,,,,,,""
194556859,"Sep 14, 2014, 7:25:35 AM",Fottur fra spranget,Hike,"",18304,14.01,,,,,,activities/194556859.gpx,73.0,,18304.0,11612.0,14017.900390625,3.700000047683716,,495.3139953613281,497.7139892578125,1078.199951171875,1247.0999755859375,49.599998474121094,-0.017121000215411186,,,,,,,,,1257.3165283203125,,,,,,,,,,,,,,,,0.0,,,,,,,,,,,,,,,,,,,,,,,,,,,,,,,,,,,,,,,,,,,""
195283173,"Sep 16, 2014, 12:27:03 PM",Afternoon Ride,Ride,,6541,34.31,,,false,,Focusen,activities/195283173.gpx,67.0,7.880000114440918,6541.0,5802.0,34316.6015625,17.600000381469727,,998.864013671875,1000.9639892578125,140.1999969482422,523.0,29.200000762939453,-0.006119490135461092,,,,,,,,169.26800537109375,1095.0335693359375,,,,,,,,,,,,,,,,0.0,,,,,,,,,,,,,,,,,,773902.0,,,,,,,,,,,,,,,,,,,,,,,,,""
199274369,"Sep 25, 2014, 2:31:39 PM",Afternoon Ride,Ride,,5401,30.81,,,false,,Focusen,activities/199274369.gpx,67.0,7.880000114440918,5401.0,5066.0,30812.5,17.700000762939453,,882.906005859375,886.5059814453125,126.80000305175781,523.0,29.899999618530273,-0.011683600023388863,,,,,,,,179.5070037841797,1013.96142578125,,,,,,,,,,,,,,,,0.0,,,,,,,,,,,,,,,,,,773902.0,,,,,,,,,,,,,,,,,,,,,,,,,""
199959615,"Sep 27, 2014, 10:53:38 AM",Lunch warm up,Run,"",1156,1.80,,,,,,activities/199959615.gpx,67.0,,1156.0,829.0,1808.300048828125,4.800000190734863,,10.941699981689453,56.34170150756836,119.80000305175781,181.10000610351562,19.0,-2.5106499195098877,,,,,,,,,139.53504943847656,,,,,,,,,,,,,,,,0.0,,,1695.0,,,,,,,,,,,,,,,,,,,,,,,,,,,,,,,,,,,,,,,,""
199972231,"Sep 27, 2014, 11:16:14 AM",Joggetur (!) med bakker (!),Run,,1870,5.16,,,false,,,activities/199972231.gpx,67.0,,1870.0,1815.0,5167.10009765625,5.099999904632568,,153.1580047607422,113.15799713134766,119.9000015258789,239.89999389648438,18.899999618530273,0.7741289734840393,,,,,,,,,461.33001708984375,,,,,,,,,,,,,,,,0.0,,,5604.0,,,,,,,,,,,,,,,,,,,,,,,,,,,,,,,,,,,,,,,,""
200455094,"Sep 28, 2014, 10:34:41 AM",Lunch Hike,Hike,,2759,3.34,,,false,,,activities/200455094.gpx,,,2759.0,2355.0,3339.5,3.9000000953674316,,0.0,245.8000030517578,157.6999969482422,405.5,17.399999618530273,-7.360380172729492,,,,,,,,,283.11920166015625,,,,,,,,,,,,,,,,0.0,,,,,,,,,,,,,,,,,,,,,,,,,,,,,,,,,,,,,,,,,,,""
201964117,"Oct 1, 2014, 5:22:41 PM",Evening Run,Run,,1833,5.56,,,false,,,activities/201964117.gpx,67.0,,1833.0,1819.0,5562.10009765625,4.699999809265137,,62.731998443603516,90.83200073242188,126.5999984741211,184.60000610351562,14.699999809265137,-0.505204975605011,,,,,,,,,456.77764892578125,,,,,,,,,,,,,,,,0.0,,,5548.7001953125,,,,,,,,,,,,,,,,,,,,,,,,,,,,,,,,,,,,,,,,""
203090483,"Oct 4, 2014, 12:18:30 PM",Tryvann run,Run,"",3850,10.15,,,false,,,activities/203090483.gpx,67.0,,3850.0,3808.0,10150.400390625,5.699999809265137,,353.3970031738281,354.6969909667969,176.89999389648438,524.0999755859375,22.0,-0.012807399965822697,,,,,,,,,905.8252563476562,,,,,,,,,,,,,,,,0.0,,,11003.5,,,,,,,,,,,,,,,,,,,,,,,,,,,,,,,,,,,,,,,,""
203563455,"Oct 4, 2014, 10:00:00 PM",Lunsj jogg,Run,,3300,5.00,,,false,,,,67.0,,3300.0,3300.0,5000.0,,,,,,,,0.0,,,,,,,,,411.6077880859375,,,,,,,,,,,,,,,,0.0,,,,,,,,,,,,,,,,,,,,,,,,,,,,,,,,,,,,,,,,,,,""
205247560,"Oct 9, 2014, 3:11:35 PM",4x5min,Run,"",3199,7.69,,,false,,,activities/205247560.gpx,67.0,,3199.0,3098.0,7689.7998046875,5.699999809265137,,245.08299255371094,258.5830078125,179.3000030517578,421.70001220703125,25.0,-0.1755570024251938,,,,,,,,,679.1034545898438,,,,,,,,,,,,,,,,0.0,,,8249.400390625,,,,,,,,,,,,,,,,,,,,,,,,,,,,,,,,,,,,,,,,""
206455732,"Oct 12, 2014, 10:08:04 AM",Tur til geitfjellet ,Run,"",14741,17.87,,,false,,,activities/206455732.gpx,67.0,,14741.0,14383.0,17869.80078125,4.800000190734863,,693.593994140625,683.3939819335938,3.0999999046325684,402.1000061035156,50.0,0.0570795014500618,,,,,,,,,1720.3724365234375,,,,,,,,,,,,,,,,0.0,,,20898.19921875,,,,,,,,,,,,,,,,,,,,,,,,,,,,,,,,,,,,,,,,""
209064436,"Oct 19, 2014, 8:44:23 AM",Morning Run,Run,,3408,10.19,,,false,,,activities/209064436.gpx,67.0,,3408.0,3297.0,10192.5,6.699999809265137,,66.30159759521484,120.00160217285156,122.30000305175781,184.60000610351562,16.200000762939453,-0.5268579721450806,,,,,,,,,833.1435546875,,,,,,,,,,,,,,,,0.0,,,10120.599609375,,,,,,,,,,,,,,,,,,,,,,,,,,,,,,,,,,,,,,,,""
210442113,"Oct 22, 2014, 5:43:00 PM",Evening Run,Run,,1641,4.77,,,false,,,activities/210442113.gpx,67.0,,1641.0,1622.0,4774.89990234375,5.099999904632568,,56.682701110839844,98.58270263671875,130.60000610351562,240.0,17.100000381469727,-0.8775050044059753,,,,,,,,,391.8094787597656,,,,,,,,,,,,,,,,0.0,,,4759.5,,,,,,,,,,,,,,,,,,,,,,,,,,,,,,,,,,,,,,,,""
211324869,"Oct 25, 2014, 8:56:41 AM",Morning Run,Run,,2707,7.87,,,false,,,activities/211324869.gpx,67.0,,2707.0,2667.0,7875.39990234375,6.0,,104.4469985961914,125.14700317382812,140.60000610351562,201.5,17.700000762939453,-0.2628439962863922,,,,,,,,,656.0452270507812,,,,,,,,,,,,,,,,0.0,,,7969.2998046875,,,,,,,,,,,,,,,,,,,,,,,,,,,,,,,,,,,,,,,,""
212767388,"Oct 28, 2014, 4:10:03 PM",Afternoon Run,Run,,2188,5.03,,,false,,,activities/212767388.gpx,67.0,,2188.0,1905.0,5038.2998046875,4.699999809265137,,161.6909942626953,62.691001892089844,54.900001525878906,160.39999389648438,28.600000381469727,1.9649499654769897,,,,,,,,,464.0219421386719,,,,,,,,,,,,,,,,0.0,,,5636.7001953125,,,,,,,,,,,,,,,,,,,,,,,,,,,,,,,,,,,,,,,,""
213613166,"Oct 30, 2014, 7:12:22 PM",Evening Run,Run,,1885,6.05,,,false,,,activities/213613166.gpx,67.0,,1885.0,1871.0,6050.60009765625,5.400000095367432,,45.28300094604492,82.98300170898438,126.69999694824219,184.60000610351562,9.600000381469727,-0.6230790019035339,,,,,,,,,492.83447265625,,,,,,,,,,,,,,,,0.0,,,5986.7001953125,,,,,,,,,,,,,,,,,,,,,,,,,,,,,,,,,,,,,,,,""
214750170,"Nov 2, 2014, 4:44:44 PM",Afternoon Run,Run,,2459,7.57,,,false,,,activities/214750170.gpx,67.0,,2459.0,2437.0,7572.60009765625,6.400000095367432,,99.16570281982422,99.76570129394531,90.0999984741211,159.0,14.0,-0.007923300378024578,,,,,,,,,637.5557861328125,,,,,,,,,,,,,,,,0.0,,,7744.7001953125,,,,,,,,,,,,,,,,,,,,,,,,,,,,,,,,,,,,,,,,""
216847671,"Nov 8, 2014, 2:11:53 PM",Afternoon Run,Run,"",4044,11.46,,,,,,activities/216847671.gpx,67.0,,4044.0,4007.0,11465.7001953125,5.800000190734863,,298.2950134277344,371.5950012207031,141.3000030517578,455.0,20.799999237060547,-0.6392980217933655,,,,,,,,,984.5493774414062,,,,,,,,,,,,,,,,0.0,,,11959.7998046875,,,,,,,,,,,,,,,,,,,,,,,,,,,,,,,,,,,,,,,,""
217336608,"Nov 9, 2014, 3:06:55 PM",Afternoon Run rolig,Run,"",2153,5.50,,,false,,,activities/217336608.gpx,67.0,,2153.0,2080.0,5503.2001953125,15.0,,111.75399780273438,105.75399780273438,118.0,219.1999969482422,17.799999237060547,0.10902699828147888,,,,,,,,,471.7930908203125,,,,,,,,,,,,,,,,0.0,,,5731.10009765625,,,,,,,,,,,,,,,,,,,,,,,,,,,,,,,,,,,,,,,,""
218545768,"Nov 12, 2014, 6:05:26 PM",Evening Run,Run,,2663,7.73,,,false,,,activities/218545768.gpx,67.0,,2663.0,2612.0,7731.0,5.099999904632568,,234.89500427246094,261.0950012207031,160.3000030517578,403.3999938964844,24.399999618530273,-0.3388949930667877,,,,,,,,,680.330078125,,,,,,,,,,,,,,,,0.0,,,8264.2998046875,,,,,,,,,,,,,,,,,,,,,,,,,,,,,,,,,,,,,,,,""
221344241,"Nov 20, 2014, 6:15:00 PM",Evening Run,Run,,3001,8.37,,,false,,,activities/221344241.gpx,67.0,,3001.0,2913.0,8376.7001953125,6.699999809265137,,288.7669982910156,283.86700439453125,151.0,422.3999938964844,26.100000381469727,0.058495599776506424,,,,,,,,,742.5157470703125,,,,,,,,,,,,,,,,0.0,,,9019.7001953125,,,,,,,,,,,,,,,,,,,,,,,,,,,,,,,,,,,,,,,,""
223739934,"Nov 27, 2014, 2:59:34 PM",Afternoon Run,Run,,2453,6.17,,,false,,,activities/223739934.gpx,67.0,,2453.0,2268.0,6176.7001953125,12.100000381469727,,173.35299682617188,58.553001403808594,56.20000076293945,203.60000610351562,18.5,1.8586000204086304,,,,,,,,,563.3758544921875,,,,,,,,,,,,,,,,0.0,,,6843.60009765625,,,,,,,,,,,,,,,,,,,,,,,,,,,,,,,,,,,,,,,,""
224058994,"Nov 28, 2014, 3:17:25 PM",Afternoon Run jobb,Run,,1199,3.42,,,false,,,activities/224058994.gpx,67.0,,1199.0,1196.0,3427.10009765625,4.5,,98.68800354003906,0.2879999876022339,56.20000076293945,155.6999969482422,12.199999809265137,2.871229887008667,,,,,,,,,320.3214111328125,,,,,,,,,,,,,,,,0.0,,,3891.10009765625,,,,,,,,,,,,,,,,,,,,,,,,,,,,,,,,,,,,,,,,""
225173658,"Dec 1, 2014, 2:35:14 PM",Afternoon Run,Run,,1219,3.10,,,false,,,activities/225173658.gpx,67.0,,1219.0,1213.0,3104.699951171875,7.699999809265137,,104.73899841308594,5.939000129699707,61.099998474121094,159.89999389648438,18.5,3.182270050048828,,,,,,,,,296.5881042480469,,,,,,,,,,,,,,,,0.0,,,3602.800048828125,,,,,,,,,,,,,,,,,,,,,,,,,,,,,,,,,,,,,,,,""
225510647,"Dec 2, 2014, 2:59:47 PM",Afternoon Run,Run,"",1288,3.48,,,,,,activities/225510647.gpx,67.0,,1288.0,1288.0,3479.699951171875,6.699999809265137,,98.53600311279297,4.035999774932861,55.900001525878906,155.39999389648438,11.300000190734863,2.715749979019165,,,,,,,,,323.5155029296875,,,,,,,,,,,,,,,,0.0,,,3929.89990234375,,,,,,,,,,,,,,,,,,,,,,,,,,,,,,,,,,,,,,,,""
228113689,"Dec 10, 2014, 3:36:24 PM",Afternoon Run glatt,Run,,2069,5.55,,,false,,,activities/228113689.gpx,67.0,,2069.0,2001.0,5549.2001953125,13.899999618530273,,160.75100708007812,62.45100021362305,52.400001525878906,160.8000030517578,24.5,1.7714300155639648,,,,,,,,,503.91497802734375,,,,,,,,,,,,,,,,0.0,,,6121.2998046875,,,,,,,,,,,,,,,,,,,,,,,,,,,,,,,,,,,,,,,,""
229313939,"Dec 14, 2014, 12:41:53 PM",Afternoon Run,Run,,6642,16.96,,,false,,,activities/229313939.gpx,67.0,,6642.0,6531.0,16962.900390625,5.400000095367432,,516.3790283203125,501.27899169921875,185.6999969482422,512.5999755859375,46.5,0.08901780098676682,,,,,,,,,1530.9093017578125,,,,,,,,,,,,,,,,0.0,,,18596.69921875,,,,,,,,,,,,,,,,,,,,,,,,,,,,,,,,,,,,,,,,""
231215090,"Dec 20, 2014, 8:05:34 PM",Night Run,Run,,2321,6.35,,,false,,,activities/231215090.gpx,67.0,,2321.0,2297.0,6349.0,4.699999809265137,,128.06700134277344,113.46700286865234,124.4000015258789,220.1999969482422,14.800000190734863,0.2299569994211197,,,,,,,,,546.1129760742188,,,,,,,,,,,,,,,,0.0,,,6633.89990234375,,,,,,,,,,,,,,,,,,,,,,,,,,,,,,,,,,,,,,,,""
237159065,"Jan 5, 2015, 6:01:04 PM",Evening Run,Run,,2165,5.79,,,false,,,activities/237159065.gpx,67.0,,2165.0,2130.0,5791.39990234375,5.300000190734863,,74.2571029663086,75.05709838867188,132.5,184.89999389648438,14.399999618530273,-0.013813599944114685,,,,,,,,,484.9398498535156,,,,,,,,,,,,,,,,0.0,,,5890.7998046875,,,,,,,,,,,,,,,,,,,,,,,,,,,,,,,,,,,,,,,,""
242089742,"Jan 17, 2015, 10:09:46 AM",Lunch Run,Run,,2794,6.50,,,false,,,activities/242089742.gpx,67.0,,2794.0,2716.0,6499.39990234375,5.099999904632568,,50.460899353027344,92.46089935302734,129.3000030517578,195.60000610351562,9.199999809265137,-0.6462129950523376,,,,,,,,,529.4099731445312,,,,,,,,,,,,,,,,0.0,,,6431.0,,,,,,,,,,,,,,,,,,,,,,,,,,,,,,,,,,,,,,,,""
253926190,"Feb 12, 2015, 3:47:46 PM",Rolig brodd i nytt territorie,Run,"",1175,3.26,,,false,,,activities/253926190.gpx,67.0,,1175.0,1157.0,3264.10009765625,5.0,,60.69089889526367,53.49089813232422,112.5,153.89999389648438,13.699999809265137,0.22058099508285522,,,,,,,,,278.55145263671875,,,,,,,,,,,,,,,,0.0,,,3383.699951171875,,,,,,,,,,,,,,,,,,,,,,,,,,,,,,,,,,,,,,,,""
255348858,"Feb 15, 2015, 4:00:33 PM",Afternoon Run,Run,,2793,7.54,,,false,,,activities/255348858.gpx,67.0,,2793.0,2647.0,7548.2998046875,12.800000190734863,,101.05000305175781,120.3499984741211,71.4000015258789,151.1999969482422,14.600000381469727,-0.25568699836730957,,,,,,,,,629.5623779296875,,,,,,,,,,,,,,,,0.0,,,7647.60009765625,,,,,,,,,,,,,,,,,,,,,,,,,,,,,,,,,,,,,,,,""
257794292,"Feb 21, 2015, 11:06:34 AM",Lunch ,Run,"",2493,6.49,,,,,,activities/257794292.gpx,67.0,,2493.0,2474.0,6492.39990234375,4.5,,74.33380126953125,71.03379821777344,113.0,164.3000030517578,18.5,0.05082869902253151,,,,,,,,,545.051025390625,,,,,,,,,,,,,,,,0.0,,,6621.0,,,,,,,,,,,,,,,,,,,,,,,,,,,,,,,,,,,,,,,,""
259358525,"Feb 24, 2015, 6:09:42 PM",Rolig jogg i sørpe,Run,"",2484,3.84,,,false,,,activities/259358525.gpx,67.0,,2484.0,1535.0,3845.5,4.699999809265137,,58.507999420166016,61.70800018310547,114.0,151.5,12.5,-0.08321409672498703,,,,,,,,,323.0215759277344,,,,,,,,,,,,,,,,0.0,,,3923.89990234375,,,,,,,,,,,,,,,,,,,,,,,,,,,,,,,,,,,,,,,,""
264785625,"Mar 8, 2015, 11:40:24 AM",Lunch Run,Run,,1793,5.23,,,false,,,activities/264785625.gpx,67.0,,1793.0,1770.0,5233.5,4.699999809265137,,66.24079895019531,86.94080352783203,84.5,143.89999389648438,19.5,-0.39552900195121765,,,,,,,,,437.0204772949219,,,,,,,,,,,,,,,,0.0,,,5308.7001953125,,,,,,,,,,,,,,,,,,,,,,,,,,,,,,,,,,,,,,,,""
265467820,"Mar 9, 2015, 2:06:43 PM",Hjem fra jobb test,Ride,,1520,6.44,,,false,,Focusen,activities/265467820.gpx,67.0,7.880000114440918,1520.0,1299.0,6439.89990234375,11.800000190734863,,142.22900390625,57.12900161743164,54.5,157.10000610351562,14.100000381469727,1.3214499950408936,,,,,,,,138.968994140625,201.28060913085938,,,,,,,,,,,,,,,,0.0,,,,,,,,,,,,,,,,,,773902.0,,,,,,,,,,,,,,,,,,,,,,,,,""
269639104,"Mar 17, 2015, 3:03:37 PM",Afternoon Ride,Ride,,1280,5.56,,,false,,Crossen,activities/269639104.gpx,67.0,8.0,1280.0,1043.0,5560.2998046875,11.199999809265137,,108.51799774169922,38.61800003051758,57.70000076293945,157.0,14.5,1.2571300268173218,,,,,,,,185.36500549316406,215.56930541992188,,,,,,,,,,,,,,,,0.0,,,,,,,,,,,,,,,,,,796239.0,,,,,,,,,,,,,,,,,,,,,,,,,""
269738025,"Mar 17, 2015, 5:51:19 PM",Evening Run,Run,,1830,4.94,,,false,,,activities/269738025.gpx,67.0,,1830.0,1789.0,4944.2998046875,4.599999904632568,,60.32809829711914,73.22810363769531,99.19999694824219,151.0,12.899999618530273,-0.26090601086616516,,,,,,,,,411.8465270996094,,,,,,,,,,,,,,,,0.0,,,5002.89990234375,,,,,,,,,,,,,,,,,,,,,,,,,,,,,,,,,,,,,,,,""
270762939,"Mar 19, 2015, 4:16:26 PM",Afternoon Run,Run,,3727,10.08,,,false,,,activities/270762939.gpx,67.0,,3727.0,3635.0,10079.900390625,6.5,,153.04800415039062,174.54800415039062,99.5999984741211,214.10000610351562,25.799999237060547,-0.21329599618911743,,,,,,,,,848.3154296875,,,,,,,,,,,,,,,,0.0,,,10304.900390625,,,,,,,,,,,,,,,,,,,,,,,,,,,,,,,,,,,,,,,,""
278002092,"Apr 2, 2015, 3:32:22 PM",Afternoon Ride,Ride,,3381,21.61,,,false,,Focusen,activities/278002092.gpx,67.0,7.880000114440918,3381.0,3359.0,21615.19921875,14.399999618530273,,353.3869934082031,355.7869873046875,52.900001525878906,217.39999389648438,17.200000762939453,-0.011103300377726555,,,,,,,,158.76499938964844,594.6201782226562,,,,,,,,,,,,,,,,0.0,,,,,,,,,,,,,,,,,,773902.0,,,,,,,,,,,,,,,,,,,,,,,,,""
278390543,"Apr 3, 2015, 9:41:35 AM",Lunch Ride,Ride,,5242,35.26,,,false,,Focusen,activities/278390543.gpx,67.0,7.880000114440918,5242.0,5142.0,35268.0,13.100000381469727,,501.2619934082031,500.86199951171875,127.5,200.0,45.099998474121094,0.0011341699864715338,,,,,,,,168.99899291992188,968.9270629882812,,,,,,,,,,,,,,,,0.0,,,,,,,,,,,,,,,,,,773902.0,,,,,,,,,,,,,,,,,,,,,,,,,""
280126429,"Apr 6, 2015, 8:00:08 AM",Morning Ride,Ride,,6569,45.48,,,false,,Focusen,activities/280126429.gpx,67.0,7.880000114440918,6569.0,6492.0,45485.80078125,19.100000381469727,,857.719970703125,855.6199951171875,127.0,523.0,35.099998474121094,0.0046168300323188305,,,,,,,,187.1009979248047,1354.3455810546875,,,,,,,,,,,,,,,,0.0,,,,,,,,,,,,,,,,,,773902.0,,,,,,,,,,,,,,,,,,,,,,,,,""
281523731,"Apr 8, 2015, 3:22:44 PM",Afternoon Run,Run,,2456,4.37,,,false,,,activities/281523731.gpx,67.0,,2456.0,2139.0,4372.5,4.199999809265137,,65.84190368652344,90.74189758300781,99.5,151.5,25.200000762939453,-0.5694680213928223,,,,,,,,,363.0545349121094,,,,,,,,,,,,,,,,0.0,,,4410.2001953125,,,,,,,,,,,,,,,,,,,,,,,,,,,,,,,,,,,,,,,,""
283201891,"Apr 11, 2015, 11:17:02 AM",Rolig tur,Ride,"",7388,46.22,,,false,,Focusen,activities/283201891.gpx,67.0,7.880000114440918,7388.0,7166.0,46227.0,15.199999809265137,,620.4840087890625,621.8839721679688,53.400001525878906,196.89999389648438,43.900001525878906,-0.003028529928997159,,,,,,,,154.60699462890625,1235.3238525390625,,,,,,,,,,,,,,,,0.0,,,,,,,,,,,,,,,,,,773902.0,,,,,,,,,,,,,,,,,,,,,,,,,""
284825571,"Apr 13, 2015, 7:12:58 PM",Night Run,Run,"",2316,6.60,,,false,,,activities/284825571.gpx,67.0,,2316.0,2289.0,6604.60009765625,10.699999809265137,,118.2020034790039,118.9020004272461,3.200000047683716,116.9000015258789,23.299999237060547,-0.010598699562251568,,,,,,,,,576.654296875,,,,,,,,,,,,,,,,0.0,,,7004.89990234375,,,,,,,,,,,,,,,,,,,,,,,,,,,,,,,,,,,,,,,,""
288274989,"Apr 19, 2015, 7:11:17 AM",Rolig Grefsen & Tryvann,Ride,"",11271,55.90,,,false,,Focusen,activities/288274989.gpx,67.0,7.880000114440918,11271.0,9649.0,55900.0,17.100000381469727,,1140.9300537109375,1139.22998046875,53.900001525878906,524.7000122070312,32.0,0.0030411400366574526,,,,,,,,145.58700561523438,1566.3173828125,,,,,,,,,,,,,,,,0.0,,,,,,,,,,,,,,,,,,773902.0,,,,,,,,,,,,,,,,,,,,,,,,,""
289125013,"Apr 20, 2015, 2:19:10 PM",Hjem ,Ride,"",2177,10.44,,,false,,Crossen,activities/289125013.gpx,67.0,8.0,2177.0,1817.0,10440.5,11.600000381469727,,149.12600708007812,56.82600021362305,54.400001525878906,151.0,13.199999809265137,0.8840569853782654,,,,,,,,177.593994140625,359.7974548339844,,,,,,,,,,,,,,,,0.0,,,,,,,,,,,,,,,,,,796239.0,,,,,,,,,,,,,,,,,,,,,,,,,""
289793646,"Apr 21, 2015, 2:59:36 PM",Skogen med Numa ,Run,,4922,11.42,,,false,,,activities/289793646.gpx,67.0,,4922.0,4487.0,11428.5,5.0,,250.66000366210938,269.1600036621094,99.30000305175781,306.1000061035156,26.600000381469727,-0.16187599301338196,,,,,,,,,984.0718994140625,,,,,,,,,,,,,,,,0.0,,,11954.0,,,,,,,,,,,,,,,,,,,,,,,,,,,,,,,,,,,,,,,,media/d236ae47-eec1-4c24-9590-3533cf3c4e25.jpg
291027704,"Apr 23, 2015, 1:20:40 PM",Afternoon Ride,Ride,,1755,7.08,,,false,,Focusen,activities/291027704.gpx,67.0,7.880000114440918,1755.0,1573.0,7084.89990234375,15.300000190734863,,151.1060028076172,66.00599670410156,54.0,157.0,14.300000190734863,1.2011499404907227,,,,,,,,119.44200134277344,209.4887237548828,,,,,,,,,,,,,,,,0.0,,,,,,,,,,,,,,,,,,773902.0,,,,,,,,,,,,,,,,,,,,,,,,,""
292807775,"Apr 26, 2015, 9:43:11 AM",2 terskeldrag 24 min ,Ride,"",7317,42.42,,,false,,Focusen,activities/292807775.gpx,67.0,7.880000114440918,7317.0,6950.0,42426.6015625,17.600000381469727,,981.5180053710938,999.9180297851562,71.0,522.0,20.5,-0.043368998914957047,,,,,,,,162.2270050048828,1257.1375732421875,,,,,,,,,,,,,,,,0.0,,,,,,,,,,,,,,,,,,773902.0,,,,,,,,,,,,,,,,,,,,,,,,,""
295890061,"May 1, 2015, 8:20:20 AM",3 lette opp tryvann ,Ride,"",8752,46.43,,,false,,Focusen,activities/295890061.gpx,67.0,7.880000114440918,8752.0,8120.0,46434.80078125,17.5,,1361.9599609375,1350.6600341796875,118.30000305175781,524.0999755859375,19.399999618530273,0.02433519996702671,,,,,,,,173.27499389648438,1568.7972412109375,,,,,,,,,,,,,,,,0.0,,,,,,,,,,,,,,,,,,773902.0,,,,,,,,,,,,,,,,,,,,,,,,,""
297335376,"May 3, 2015, 2:06:59 PM",Chill ride,Ride,,3621,22.52,,,false,,Focusen,activities/297335376.gpx,67.0,7.880000114440918,3621.0,3612.0,22527.19921875,14.0,,266.63299560546875,266.13299560546875,9.0,157.0,15.600000381469727,0.0022195400670170784,,,,,,,,139.1649932861328,560.4703369140625,,,,,,,,,,,,,,,,0.0,,,,,,,,,,,,,,,,,,773902.0,,,,,,,,,,,,,,,,,,,,,,,,,""
300028064,"May 7, 2015, 7:02:59 PM",Night Run,Run,,1733,5.14,,,false,,,activities/300028064.gpx,67.0,,1733.0,1706.0,5143.10009765625,5.800000190734863,,52.979698181152344,100.07969665527344,90.0,147.8000030517578,15.600000381469727,-0.9157900214195251,,,,,,,,,418.85211181640625,,,,,,,,,,,,,,,,0.0,,,5088.0,,,,,,,,,,,,,,,,,,,,,,,,,,,,,,,,,,,,,,,,""
300942826,"May 9, 2015, 10:07:31 AM",Tempo Lommedalen ,Ride,"",5967,39.33,,,false,,Focusen,activities/300942826.gpx,67.0,7.880000114440918,5967.0,5728.0,39335.6015625,16.5,,669.8099975585938,691.4099731445312,53.0,264.8999938964844,25.700000762939453,-0.05491210147738457,,,,,,,,181.8990020751953,1161.738037109375,,,,,,,,,,,,,,,,0.0,,,,,,,,,,,,,,,,,,773902.0,,,,,,,,,,,,,,,,,,,,,,,,,""
304449246,"May 14, 2015, 12:08:42 PM",Afternoon Ride,Ride,,13778,92.01,,,false,,Focusen,activities/304449246.gpx,67.0,7.880000114440918,13778.0,12647.0,92015.203125,15.5,,1319.7900390625,1395.5899658203125,53.599998474121094,260.20001220703125,42.5,-0.08237770199775696,,,,,,,,193.40699768066406,2727.310546875,,,,,,,,,,,,,,,,0.0,,,,,,,,,,,,,,,,,,773902.0,,,,,,,,,,,,,,,,,,,,,,,,,""
305470698,"May 16, 2015, 9:22:32 AM",Lunch Ride,Ride,,5795,32.84,,,false,,Focusen,activities/305470698.gpx,67.0,7.880000114440918,5795.0,5574.0,32840.1015625,14.800000190734863,,754.8679809570312,754.8679809570312,118.5,524.7000122070312,24.200000762939453,0.0,,,,,,,,171.91400146484375,1068.447265625,,,,,,,,,,,,,,,,0.0,,,,,,,,,,,,,,,,,,773902.0,,,,,,,,,,,,,,,,,,,,,,,,,""
307036386,"May 18, 2015, 2:27:43 PM",Afternoon mud run,Run,"",4367,11.02,,,false,,,activities/307036386.gpx,67.0,,4367.0,4207.0,11019.099609375,8.199999809265137,,256.072998046875,249.8730010986328,99.0,306.1000061035156,28.200000762939453,0.056265901774168015,,,,,,,,,958.1323852539062,,,,,,,,,,,,,,,,0.0,,,11638.900390625,,,,,,,,,,,,,,,,,,,,,,,,,,,,,,,,,,,,,,,,""
308840631,"May 21, 2015, 2:33:46 PM",GPS du liksom,Run,"",2367,6.08,,,false,,,activities/308840631.gpx,67.0,,2367.0,2291.0,6087.0,10.100000381469727,,35.939998626708984,69.94000244140625,117.0,155.5,16.5,-0.5585669875144958,,,,,,,,,497.27984619140625,,,,,,,,,,,,,,,,0.0,,,6040.7001953125,,,,,,,,,,,,,,,,,,,,,,,,,,,,,,,,,,,,,,,,""
310006900,"May 23, 2015, 8:35:28 AM",Stengt vei og eneste omkjøring via motorvei :-))),Ride,"",16861,103.28,,,false,,Focusen,activities/310006900.gpx,67.0,7.880000114440918,16861.0,15345.0,103280.0,19.0,,1348.1600341796875,1341.6600341796875,-3.799999952316284,194.60000610351562,36.5,0.006293590180575848,,,,,,,,157.7100067138672,2698.366943359375,,,,,,,,,,,,,,,,0.0,,,,,,,,,,,,,,,,,,773902.0,,,,,,,,,,,,,,,,,,,,,,,,,""
311287110,"May 25, 2015, 7:42:00 AM",Rolig jogg m tanja ,Run,"",1800,4.00,,,false,,,,69.0,,1800.0,1800.0,4000.0,,,,,,,,0.0,,,,,,,,,339.1156921386719,,,,,,,,,,,,,,,,0.0,,,,,,,,,,,,,,,,,,,,,,,,,,,,,,,,,,,,,,,,,,,""
311392728,"May 25, 2015, 9:31:33 AM",Lunch Ride,Ride,,8314,52.28,,,false,,Focusen,activities/311392728.gpx,69.0,7.880000114440918,8314.0,7758.0,52280.1015625,22.600000381469727,,1160.739990234375,1157.8399658203125,90.0999984741211,522.7999877929688,20.700000762939453,0.005547040142118931,,,,,,,,186.10000610351562,1609.796630859375,,,,,,,,,,,,,,,,0.0,,,,,,,,,,,,,,,,,,773902.0,,,,,,,,,,,,,,,,,,,,,,,,,""
312241014,"May 26, 2015, 3:06:07 PM",Afternoon chill ride ,Ride,,5439,39.03,,,false,,Focusen,activities/312241014.gpx,69.0,7.880000114440918,5439.0,5085.0,39036.8984375,14.5,,508.49700927734375,512.4970092773438,127.5,200.0,46.70000076293945,-0.010246699675917625,,,,,,,,198.21400451660156,1123.8287353515625,,,,,,,,,,,,,,,,0.0,,,,,,,,,,,,,,,,,,773902.0,,,,,,,,,,,,,,,,,,,,,,,,,""
313519859,"May 28, 2015, 1:37:52 PM",Omvei hjem,Ride,"",2758,16.59,,,false,,Crossen,activities/313519859.gpx,69.0,8.0,2758.0,2684.0,16591.80078125,18.200000762939453,,298.302001953125,214.1020050048828,55.0,210.3000030517578,16.700000762939453,0.5074800252914429,,,,,,,,192.07000732421875,574.8002319335938,,,,,,,,,,,,,,,,0.0,,,,,,,,,,,,,,,,,,796239.0,,,,,,,,,,,,,,,,,,,,,,,,,""
315445152,"May 31, 2015, 11:14:56 AM",Sørkedalen og noen drag,Ride,"",5931,41.12,,,false,,Focusen,activities/315445152.gpx,69.0,7.880000114440918,5931.0,5665.0,41124.69921875,16.0,,871.7919921875,849.6920166015625,118.4000015258789,325.3999938964844,39.79999923706055,0.053739000111818314,,,,,,,,215.5399932861328,1361.4530029296875,,,,,,,,,,,,,,,,0.0,,,,,,,,,,,,,,,,,,773902.0,,,,,,,,,,,,,,,,,,,,,,,,,""
316179988,"Jun 1, 2015, 2:02:47 PM",Recovery + ny sykkelcomputer kjøpt ,Ride,"",2821,13.70,,,false,,Crossen,activities/316179988.gpx,69.0,8.0,2821.0,2717.0,13704.099609375,12.100000381469727,,195.8719940185547,104.97200012207031,54.400001525878906,157.1999969482422,12.699999809265137,0.6633049845695496,,,,,,,,148.50399780273438,449.8861999511719,,,,,,,,,,,,,,,,0.0,,,,,,,,,,,,,,,,,,796239.0,,,,,,,,,,,,,,,,,,,,,,,,,""
318304434,"Jun 4, 2015, 3:53:26 PM",GK + Kongsveien,Ride,PR i GK og kongsveien. Veldig forskjellig total avstand med android app og Edge!,8068,42.96,,,false,,Focusen,activities/360126932.fit.gz,69.0,7.880000114440918,8068.0,7637.0,42960.19921875,15.399999618530273,,774.2659912109375,773.5659790039062,-0.800000011920929,371.29998779296875,46.79999923706055,0.001629419974051416,,,110.0,79.17639923095703,,,,138.66000366210938,1180.7252197265625,,14.0,,,,,,,,,,,,,,0.0,,,,,,,,,,,,,,,,,,773902.0,,,,,,,,,,,,,,,,,,,,,,,,,""
320353660,"Jun 7, 2015, 2:02:30 PM",GPS krøll i Bellevue,Run,"",2411,5.01,,,false,,,activities/320353660.gpx,69.0,,2411.0,2365.0,5015.7001953125,7.099999904632568,,171.09100341796875,175.09100341796875,17.299999237060547,118.19999694824219,20.0,-0.07974959909915924,,,,,,,,,451.7359924316406,,,,,,,,,,,,,,,,0.0,,,5328.39990234375,,,,,,,,,,,,,,,,,,,,,,,,,,,,,,,,,,,,,,,,media/247d567b-230c-40ed-a25a-74b75c4d3c47.jpg|media/57389f71-84bb-4279-923d-1e9c49774130.jpg
321050350,"Jun 8, 2015, 12:47:23 PM",Morning Run,Run,"",3253,9.30,,,false,,,activities/321050350.gpx,69.0,,3253.0,3016.0,9306.2001953125,10.100000381469727,,157.92999267578125,153.92999267578125,14.300000190734863,111.0999984741211,19.799999237060547,0.04298210144042969,,,,,,,,,812.9874267578125,,,,,,,,,,,,,,,,0.0,,,9589.5,,,,,,,,,,,,,,,,,,,,,,,,,,,,,,,,,,,,,,,,media/68ee481f-ccc5-48a6-863f-c6a58604c17e.jpg
322178559,"Jun 10, 2015, 12:49:19 AM",Afternoon Run,Run,"",4571,11.81,,,,,,activities/322178559.gpx,69.0,,4571.0,4197.0,11811.0,7.300000190734863,,158.36000061035156,182.4600067138672,7.199999809265137,71.30000305175781,38.099998474121094,-0.20404699444770813,,,,,,,,,1026.435302734375,,,,,,,,,,,,,,,,0.0,,,12107.2001953125,,,,,,,,,,,,,,,,,,,,,,,,,,,,,,,,,,,,,,,,media/8c2c5dcc-0d4d-4077-8e7d-c140b6702de5.jpg|media/32c2228a-5634-4266-9bbf-79cb558d105d.jpg
323870123,"Jun 12, 2015, 11:33:44 AM",Jet lag recovery,Ride,"",7094,42.84,197.0,72,false,,Focusen,activities/366488946.fit.gz,69.0,7.880000114440918,7094.0,6764.0,42846.6015625,13.800000190734863,,726.0,711.7999877929688,109.4000015258789,448.3999938964844,44.0,0.03314150124788284,,,110.0,81.26380157470703,197.0,153.48599243164062,,140.01699829101562,1055.9886474609375,,20.0,72.0,,,,,,,,,,,,,0.0,,,,,,,,,,,,,,,,,,773902.0,,,,,,,,,,,,,,,,,,,,,,,,,""
326730213,"Jun 16, 2015, 2:32:53 PM",Grus med navnebror,Ride,"",12738,62.69,,,false,,Crossen,activities/326730213.gpx,69.0,8.0,12738.0,10411.0,62696.8984375,14.899999618530273,,1504.6300048828125,1500.22998046875,53.599998474121094,444.29998779296875,49.0,0.007017889991402626,,,,,,,,213.93600463867188,2483.42578125,,,,,,,,,,,,,,,,0.0,,,,,,,,,,,,,,,,,,796239.0,,,,,,,,,,,,,,,,,,,,,,,,,""
329326880,"Jun 20, 2015, 1:37:44 PM",Afternoon Ride i Tryvann,Ride,Ikke supre ben - sub 20 innen rekkevidde!,8200,48.15,,,false,,Focusen,activities/372870730.fit.gz,69.0,7.880000114440918,8200.0,7729.0,48150.3984375,16.200000762939453,,1135.0,1130.0,125.80000305175781,535.7999877929688,26.399999618530273,0.010384099557995796,,,114.0,76.07759857177734,,,,154.2010040283203,1328.8787841796875,,18.0,,,,,,,,,,,,,,0.0,,,,,,,,,,,,,,,,,,773902.0,,,,,,,,,,,,,,,,,,,,,,,,,""
331273909,"Jun 23, 2015, 1:51:56 PM",Afternoon Ride,Ride,,2303,13.17,,,false,,Crossen,activities/331273909.gpx,69.0,8.0,2303.0,2290.0,13178.5,11.199999809265137,,192.13299560546875,116.83300018310547,55.20000076293945,161.6999969482422,9.0,0.5713850259780884,,,,,,,,175.968994140625,449.3104553222656,,,,,,,,,,,,,,,,0.0,,,,,,,,,,,,,,,,,,796239.0,,,,,,,,,,,,,,,,,,,,,,,,,""
331449329,"Jun 23, 2015, 6:11:27 PM",Evening Run,Run,,1987,5.68,,,false,,,activities/331449329.gpx,69.0,,1987.0,1870.0,5685.0,5.5,,101.44000244140625,106.83999633789062,90.0,147.60000610351562,28.0,-0.09498679637908936,,,,,,,,,497.27923583984375,,,,,,,,,,,,,,,,0.0,,,5865.60009765625,,,,,,,,,,,,,,,,,,,,,,,,,,,,,,,,,,,,,,,,""
337714543,"Jul 2, 2015, 6:19:03 PM",Grügelborn del 2,Run,"",905,2.63,,,false,,,activities/337714543.gpx,69.0,,905.0,825.0,2634.60009765625,5.599999904632568,,57.290401458740234,63.09040069580078,386.3999938964844,444.1000061035156,39.70000076293945,-0.2201469987630844,,,,,,,,,232.82835388183594,,,,,,,,,,,,,,,,0.0,,,2746.300048828125,,,,,,,,,,,,,,,,,,,,,,,,,,,,,,,,,,,,,,,,""
337714561,"Jul 2, 2015, 5:39:49 PM",Grügelborn 1,Run,"",2072,4.38,,,false,,,activities/337714561.gpx,69.0,,2072.0,1920.0,4379.89990234375,5.400000095367432,,114.0270004272461,122.8270034790039,358.6000061035156,436.6000061035156,28.5,-0.20091800391674042,,,,,,,,,393.8404846191406,,,,,,,,,,,,,,,,0.0,,,4645.5,,,,,,,,,,,,,,,,,,,,,,,,,,,,,,,,,,,,,,,,""
340798779,"Jul 7, 2015, 7:49:34 AM",Warm run die Runde ,Run,"",2634,6.84,,,false,,,activities/340798779.gpx,69.0,,2634.0,2462.0,6840.7001953125,6.699999809265137,,130.57899475097656,126.67900085449219,360.1000061035156,482.1000061035156,23.200000762939453,0.05701170116662979,,,,,,,,,607.8733520507812,,,,,,,,,,,,,,,,0.0,,,7170.10009765625,,,,,,,,,,,,,,,,,,,,,,,,,,,,,,,,,,,,,,,,media/1e8845b5-deeb-4e51-a94f-b19bf5ae9473.jpg
341477072,"Jul 8, 2015, 7:20:35 AM",Morning Run,Run,,3714,10.50,,,false,,,activities/341477072.gpx,69.0,,3714.0,3565.0,10502.7001953125,9.399999618530273,,229.3040008544922,233.3040008544922,359.3999938964844,482.3999938964844,48.400001525878906,-0.03808540105819702,,,,,,,,,938.8587036132812,,,,,,,,,,,,,,,,0.0,,,11074.2001953125,,,,,,,,,,,,,,,,,,,,,,,,,,,,,,,,,,,,,,,,""
343498408,"Jul 11, 2015, 6:42:22 AM",Rolig tur med Tanja og numa,Run,"",3065,8.39,,,false,,,activities/343498408.gpx,69.0,,3065.0,2907.0,8391.2001953125,7.0,,113.80500030517578,193.30499267578125,387.70001220703125,488.3999938964844,17.399999618530273,-0.9474210143089294,,,,,,,,,713.1687622070312,,,,,,,,,,,,,,,,0.0,,,8412.099609375,,,,,,,,,,,,,,,,,,,,,,,,,,,,,,,,,,,,,,,,""
344246952,"Jul 12, 2015, 8:21:22 AM",Morning Ride,Ride,"",1213,5.49,,,false,,Christoffs MTB,activities/344246952.gpx,69.0,12.0,1213.0,1206.0,5495.2998046875,11.600000381469727,,149.08299255371094,88.98300170898438,315.1000061035156,417.29998779296875,18.399999618530273,1.0936599969863892,,,,,,,,194.28700256347656,261.25579833984375,,,,,,,,,,,,,,,,0.0,,,,,,,,,,,,,,,,,,2173012.0,,,,,,,,,,,,,,,,,,,,,,,,,""
344398389,"Jul 12, 2015, 9:41:17 AM",MTB til Kusel,Ride,"",8961,38.51,,,false,,Christoffs MTB,activities/344398389.gpx,69.0,12.0,8961.0,7955.0,38512.1015625,12.600000381469727,,621.9619750976562,623.3619995117188,232.10000610351562,482.29998779296875,31.700000762939453,-0.0036352199967950583,,,,,,,,159.91200256347656,1418.3914794921875,,,,,,,,,,,,,,,,0.0,,,,,,,,,,,,,,,,,,2173012.0,,,,,,,,,,,,,,,,,,,,,,,,,""
345946968,"Jul 14, 2015, 3:53:14 PM",Ettermiddagsjogg,Run,"",3234,10.19,,,false,,,activities/345946968.gpx,69.0,,3234.0,3147.0,10190.5,5.5,,125.89900207519531,128.99899291992188,466.79998779296875,485.8999938964844,20.200000762939453,-0.03042050078511238,,,,,,,,,886.25341796875,,,,,,,,,,,,,,,,0.0,,,10453.7001953125,,,,,,,,,,,,,,,,,,,,,,,,,,,,,,,,,,,,,,,,""
346453761,"Jul 15, 2015, 8:43:14 AM",Chill ride Freisen MTB,Ride,"",4754,20.54,,,false,,Christoffs MTB,activities/346453761.gpx,69.0,12.0,4754.0,4357.0,20541.5,17.399999618530273,,358.5740051269531,363.5740051269531,381.0,498.5,22.899999618530273,-0.024341000244021416,,,,,,,,157.16099548339844,763.4967651367188,,,,,,,,,,,,,,,,0.0,,,,,,,,,,,,,,,,,,2173012.0,,,,,,,,,,,,,,,,,,,,,,,,,""
346621341,"Jul 15, 2015, 12:55:57 PM",MTB route 9,Ride,"",10285,35.36,,,false,,Christoffs MTB,activities/346621341.gpx,69.0,12.0,10285.0,9673.0,35362.80078125,11.899999618530273,,881.4569702148438,882.656982421875,382.79998779296875,601.0,26.299999237060547,-0.0033933999948203564,,,,,,,,136.69700622558594,1474.3311767578125,,,,,,,,,,,,,,,,0.0,,,,,,,,,,,,,,,,,,2173012.0,,,,,,,,,,,,,,,,,,,,,,,,,""
347913403,"Jul 17, 2015, 9:37:33 AM",Thalichtenberg på MTB,Ride,"",6084,36.57,,,false,,Christoffs MTB,activities/347913403.gpx,69.0,12.0,6084.0,5891.0,36570.3984375,14.0,,682.7379760742188,686.0380249023438,290.70001220703125,482.20001220703125,31.299999237060547,-0.009023689664900303,,,,,,,,245.88299560546875,1615.0738525390625,,,,,,,,,,,,,,,,0.0,,,,,,,,,,,,,,,,,,2173012.0,,,,,,,,,,,,,,,,,,,,,,,,,media/cc7f3133-2296-44ec-94f0-671478e7119f.jpg|media/e7e40d8a-8a39-42fd-b5b1-3c08ad0e2504.jpg|media/644c844a-84b0-4f18-af5d-5c753da85262.jpg
348618898,"Jul 18, 2015, 11:59:26 AM",Afternoon Ride,Ride,"",4407,12.43,,,false,,Christoffs MTB,activities/348618898.gpx,69.0,12.0,4407.0,3840.0,12436.2001953125,8.800000190734863,,268.8080139160156,268.7080078125,382.79998779296875,486.29998779296875,21.700000762939453,0.000804104027338326,,,,,,,,113.5780029296875,486.2955627441406,,,,,,,,,,,,,,,,0.0,,,,,,,,,,,,,,,,,,2173012.0,,,,,,,,,,,,,,,,,,,,,,,,,""
349607563,"Jul 19, 2015, 4:18:59 PM",Lost in the woods ^_^,Run,"",4875,12.45,,,false,,,activities/349607563.gpx,69.0,,4875.0,4409.0,12457.099609375,7.699999809265137,,266.3869934082031,269.48699951171875,328.1000061035156,455.70001220703125,29.799999237060547,-0.024885399267077446,,,,,,,,,1123.312255859375,,,,,,,,,,,,,,,,0.0,,,13249.900390625,,,,,,,,,,,,,,,,,,,,,,,,,,,,,,,,,,,,,,,,""
350875123,"Jul 21, 2015, 2:53:14 PM",Alt for varmt ,Run,"",3126,8.19,,,false,,,activities/350875123.gpx,69.0,,3126.0,3018.0,8193.400390625,4.900000095367432,,196.18099975585938,195.88099670410156,357.0,444.6000061035156,47.0,0.0036614800337702036,,,,,,,,,739.7554321289062,,,,,,,,,,,,,,,,0.0,,,8725.7001953125,,,,,,,,,,,,,,,,,,,,,,,,,,,,,,,,,,,,,,,,""
352329681,"Jul 23, 2015, 9:59:11 AM",Chill ride bostalsee ,Ride,"",14903,45.40,,,false,,Christoffs MTB,activities/352329681.gpx,69.0,12.0,14903.0,10885.0,45401.1015625,14.899999618530273,,752.0009765625,752.1010131835938,364.0,467.29998779296875,29.700000762939453,-0.00022025899670552462,,,,,,,,166.83999633789062,2024.8995361328125,,,,,,,,,,,,,,,,0.0,,,,,,,,,,,,,,,,,,2173012.0,,,,,,,,,,,,,,,,,,,,,,,,,""
354360641,"Jul 26, 2015, 9:15:48 AM",Weißbier på Wendalinushof ,Ride,"",9112,44.59,,,false,,Christoffs MTB,activities/354360641.gpx,69.0,12.0,9112.0,8484.0,44591.80078125,13.600000381469727,,761.9609985351562,759.760986328125,266.29998779296875,491.8999938964844,25.899999618530273,0.004933639895170927,,,,,,,,188.1999969482422,1780.3079833984375,,,,,,,,,,,,,,,,0.0,,,,,,,,,,,,,,,,,,2173012.0,,,,,,,,,,,,,,,,,,,,,,,,,""
354401045,"Jul 26, 2015, 12:25:49 PM",Hjem med full mage :-),Ride,"",1398,6.19,,,false,,Christoffs MTB,activities/354401045.gpx,69.0,12.0,1398.0,1392.0,6191.5,14.5,,139.63699340820312,148.13699340820312,386.0,488.0,23.0,-0.1372849941253662,,,,,,,,155.1060028076172,240.73692321777344,,,,,,,,,,,,,,,,0.0,,,,,,,,,,,,,,,,,,2173012.0,,,,,,,,,,,,,,,,,,,,,,,,,""
357428059,"Jul 30, 2015, 3:18:12 PM",3x20min sone 3,Ride,"",7959,43.60,193.0,112,false,,Focusen,activities/404360893.fit.gz,69.0,7.880000114440918,7959.0,7671.0,43599.69921875,18.0,,1174.0,1178.800048828125,157.1999969482422,553.0,40.0,-0.011009199544787407,,,126.0,77.5010986328125,193.0,155.83799743652344,,137.37399291992188,1174.9825439453125,,16.0,112.0,,,,,,,,,,,,,0.0,,,,,,,,,,,,,,,,,,773902.0,,,,,,,,,,,,,,,,,,,,,,,,,""
358789400,"Aug 1, 2015, 1:58:59 PM","08/01/2015 Hosle, Akershus, Norway",Ride,,6439,40.58,,,false,,Focusen,activities/405791802.fit.gz,69.0,7.880000114440918,6439.0,6255.0,40579.8984375,15.100000381469727,,795.8720092773438,792.8720092773438,54.400001525878906,493.1000061035156,17.100000381469727,0.007392819970846176,,,114.0,76.62039947509766,,,,160.2449951171875,1117.6007080078125,,16.0,,,,,,,,,,,,,,0.0,,,,,,,,,,,,,,,,,,773902.0,,,,,,,,,,,,,,,,,,,,,,,,,""
361948120,"Aug 5, 2015, 4:18:31 PM","08/05/2015 Hosle, Akershus, Norway",Ride,,6042,35.81,201.0,92,false,,Focusen,activities/409171578.fit.gz,69.0,7.880000114440918,6042.0,5832.0,35811.8984375,15.0,,827.0,830.5999755859375,104.19999694824219,503.0,12.800000190734863,-0.010052500292658806,,,100.0,74.31449890136719,201.0,156.50399780273438,,144.61500549316406,940.3850708007812,,14.0,92.0,,,,,,,,,,,,,0.0,,,,,,,,,,,,,,,,,,773902.0,,,,,,,,,,,,,,,,,,,,,,,,,""
364067151,"Aug 8, 2015, 10:33:14 AM",Gaustatoppen med tanja,Walk,"",6634,9.60,,,false,,,,69.0,,6634.0,6634.0,9600.0,,,,,,,,0.0,,,,,,,,,813.8776245117188,,,,,,,,,,,,,,,,0.0,,,,,,,,,,,,,,,,,,,,,,,,,,,,,,,,,,,,,,,,,,,""
364929295,"Aug 9, 2015, 8:18:08 AM",Zombie hill,Ride,Zombie hill ++,10309,51.70,,,false,,Focusen,activities/412392798.fit.gz,69.0,7.880000114440918,10309.0,9382.0,51700.30078125,18.899999618530273,,1449.7099609375,1449.1099853515625,245.0,1266.0,13.100000381469727,0.0011605300242081285,,,106.0,70.09210205078125,,,,165.1320037841797,1727.434326171875,,9.0,,,,,,,,,,,,,,0.0,,,,,,,,,,,,,,,,,,773902.0,,,,,,,,,,,,,,,,,,,,,,,,,media/67131c51-dbf1-4c7a-9d71-b5624352c736.jpg|media/cfa67d59-27da-4f60-96de-779c686345f3.jpg
365852704,"Aug 10, 2015, 2:51:34 PM","08/10/2015 Hosle, Akershus, Norway",Ride,,4990,35.56,,,false,,Focusen,activities/413449785.fit.gz,69.0,7.880000114440918,4990.0,4906.0,35568.5,15.5,,515.0,520.0,26.5,217.5,13.399999618530273,-0.014057399705052376,,,111.0,81.63069915771484,,,,166.6020050048828,911.3446044921875,,16.0,,,,,,,,,,,,,,0.0,,,,,,,,,,,,,,,,,,773902.0,,,,,,,,,,,,,,,,,,,,,,,,,""
367533637,"Aug 12, 2015, 5:44:17 PM","08/12/2015 Hosle, Akershus, Norway",Ride,,6228,43.17,,,false,,Focusen,activities/415271264.fit.gz,69.0,7.880000114440918,6228.0,6121.0,43173.5,13.0,,791.0009765625,790.9010009765625,118.5,522.0,11.5,0.00023162399884313345,,,110.0,82.8561019897461,,,,173.90699768066406,1186.9005126953125,,12.0,,,,,,,,,,,,,,0.0,,,,,,,,,,,,,,,,,,773902.0,,,,,,,,,,,,,,,,,,,,,,,,,""
370109007,"Aug 16, 2015, 7:41:50 AM","08/16/2015 Hosle, Akershus, Norway",Ride,,7764,60.41,,,false,,Focusen,activities/417966306.fit.gz,69.0,7.880000114440918,7764.0,7612.0,60410.6015625,16.600000381469727,,699.8629760742188,725.7630004882812,4.5,170.60000610351562,12.199999809265137,-0.04287330061197281,,,120.0,83.31919860839844,,,,178.5590057373047,1515.498046875,,15.0,,,,,,,,,,,,,,0.0,,,,,,,,,,,,,,,,,,773902.0,,,,,,,,,,,,,,,,,,,,,,,,,""
371857285,"Aug 18, 2015, 2:50:40 PM",Afternoon Run,Run,,2238,6.73,,,false,,,activities/371857285.gpx,69.0,,2238.0,2231.0,6732.89990234375,6.699999809265137,,128.4239959716797,126.3239974975586,85.5999984741211,171.39999389648438,41.5,0.03119009919464588,,,,,,,,,628.5509033203125,,,,,,,,,,,,,,,,0.0,,,7414.0,,,,,,,,,,,,,,,,,,,,,,,,,,,,,,,,,,,,,,,,""
375016346,"Aug 22, 2015, 4:32:46 PM",Evening Ride frisk igjen,Ride,"",3618,24.50,,,false,,Focusen,activities/423100634.fit.gz,69.0,7.880000114440918,3618.0,3600.0,24508.400390625,12.800000190734863,,284.0329895019531,284.0329895019531,118.5,183.89999389648438,10.300000190734863,0.0,,,,,,,,140.09500122070312,562.34130859375,,18.0,,,,,,,,,,,,,,0.0,,,,,,,,,,,,,,,,,,773902.0,,,,,,,,,,,,,,,,,,,,,,,,,""
375603217,"Aug 23, 2015, 12:15:29 PM",Afternoon Ride,Ride,,1106,7.12,,,false,,Focusen,activities/423727288.fit.gz,69.0,7.880000114440918,1106.0,1079.0,7123.2998046875,13.0,,83.0,89.80000305175781,76.5999984741211,108.4000015258789,8.100000381469727,-0.0954613983631134,,,,,,,,111.63300323486328,134.30398559570312,,22.0,,,,,,,,,,,,,,0.0,,,,,,,,,,,,,,,,,,773902.0,,,,,,,,,,,,,,,,,,,,,,,,,""
375603273,"Aug 23, 2015, 9:15:13 AM",Lunch Ride,Ride,,7032,42.96,,,false,,Focusen,activities/423727274.fit.gz,69.0,7.880000114440918,7032.0,6748.0,42963.19921875,15.0,,573.5269775390625,567.2269897460938,-0.6000000238418579,274.8999938964844,12.199999809265137,0.014663700014352798,,,,,,,,136.11000061035156,1024.0943603515625,,22.0,,,,,,,,,,,,,,0.0,,,,,,,,,,,,,,,,,,773902.0,,,,,,,,,,,,,,,,,,,,,,,,,""
377929995,"Aug 26, 2015, 3:16:02 PM",O2 spin 60 franz,Ride,"",4764,28.86,193.0,37,false,,Focusen,activities/426144212.fit.gz,69.0,7.880000114440918,4764.0,4622.0,28867.400390625,12.699999809265137,,667.826416015625,667.8259887695312,70.9000015258789,209.89999389648438,18.5,0.0,,,,,193.0,146.8934783935547,,153.75384521484375,792.3758544921875,,11.0,37.0,,,,,,,,,,,,,0.0,,,,,,,,,,,,,,,,,,773902.0,,,,,,,,,,,,,,,,,,,,,,,,,""
378718632,"Aug 27, 2015, 5:26:17 PM",Evening Run,Run,,528,0.37,,,false,,,activities/378718632.gpx,69.0,,528.0,521.0,370.8999938964844,9.699999809265137,,0.0,-3.0999999046325684,99.0,103.5999984741211,4.0,0.8358049988746643,,,,,,,,,32.7331428527832,,,,,,,,,,,,,,,,0.0,,,386.1000061035156,,,,,,,,,,,,,,,,,,,,,,,,,,,,,,,,,,,,,,,,""
378762372,"Aug 27, 2015, 5:28:50 PM",Evening Run,Run,,2994,8.30,,,false,,,activities/378762372.gpx,69.0,,2994.0,2850.0,8304.2001953125,6.800000190734863,,214.05799865722656,169.6580047607422,90.0,214.60000610351562,18.399999618530273,0.5346689820289612,,,,,,,,,751.0225219726562,,,,,,,,,,,,,,,,0.0,,,8858.599609375,,,,,,,,,,,,,,,,,,,,,,,,,,,,,,,,,,,,,,,,""
380896988,"Aug 30, 2015, 8:32:29 AM",Morning Ride,Ride,Liten test før klatrekonge. Helsprekk på holmenkollen - alt for hardt ut. :(((,8073,32.92,207.0,72,false,,Focusen,activities/429286980.fit.gz,69.0,7.880000114440918,8073.0,5403.0,32924.6015625,16.299999237060547,,963.3298950195312,954.530029296875,118.69999694824219,522.0999755859375,21.799999237060547,0.026727735996246338,,,,,207.0,158.8686981201172,,173.85568237304688,1047.3685302734375,,18.0,72.0,,,,,,,,,,,,,0.0,,,,,,,,,,,,,,,,,,773902.0,,,,,,,,,,,,,,,,,,,,,,,,,""
383361726,"Sep 2, 2015, 2:57:02 PM",sone3-drag i finværet,Ride,motvind i kollen as,7487,43.44,182.0,75,false,,Focusen,activities/431871920.fit.gz,69.0,7.880000114440918,7487.0,7250.0,43447.0,15.399999618530273,,1080.4000244140625,1077.9000244140625,57.900001525878906,522.0,33.29999923706055,0.005754140205681324,,,,,182.0,146.61099243164062,,161.25399780273438,1303.5369873046875,,11.0,75.0,,,,,,,,,,,,,0.0,,,,,,,,,,,,,,,,,,773902.0,,,,,,,,,,,,,,,,,,,,,,,,,""
384038415,"Sep 3, 2015, 3:05:38 PM",Afternoon Run,Run,,2624,7.65,,,false,,,activities/384038415.gpx,69.0,,2624.0,2596.0,7652.2998046875,4.800000190734863,,85.05030059814453,85.85030364990234,114.0,168.1999969482422,18.700000762939453,-0.010454400442540646,,,,,,,,,660.1480102539062,,,,,,,,,,,,,,,,0.0,,,7786.7001953125,,,,,,,,,,,,,,,,,,,,,,,,,,,,,,,,,,,,,,,,""
386105780,"Sep 6, 2015, 9:02:45 AM",Lunch Ride,Ride,mest sone 1 med hyggelig følge,12451,77.15,177.0,84,false,,Focusen,activities/434725568.fit.gz,69.0,7.880000114440918,12451.0,11870.0,77154.796875,16.100000381469727,,1237.5899658203125,1253.18994140625,5.800000190734863,346.1000061035156,50.0,-0.020219100639224052,,,,,177.0,140.22999572753906,,147.23699951171875,1948.6890869140625,,14.0,84.0,,,,,,,,,,,,,0.0,,,,,,,,,,,,,,,,,,773902.0,,,,,,,,,,,,,,,,,,,,,,,,,""
387863508,"Sep 8, 2015, 2:29:39 PM",Afternoon Ride,Ride,,1910,10.21,,,false,,Focusen,activities/436555439.fit.gz,69.0,7.880000114440918,1910.0,1804.0,10212.400390625,12.399999618530273,,116.0,109.0,84.19999694824219,141.0,9.100000381469727,0.06854409724473953,,,,,,,,93.33110046386719,187.73178100585938,,20.0,,,,,,,,,,,,,,0.0,,,,,,,,,,,,,,,,,,773902.0,,,,,,,,,,,,,,,,,,,,,,,,,""
387863528,"Sep 8, 2015, 3:20:12 PM",Afternoon Ride,Ride,"",2178,9.12,,,false,,Focusen,activities/436555475.fit.gz,69.0,7.880000114440918,2178.0,1505.0,9121.400390625,11.399999618530273,,96.0,104.5999984741211,122.5999984741211,145.60000610351562,7.0,-0.09428379684686661,,,,,,,,91.43319702148438,153.4317626953125,,18.0,,,,,,,,,,,,,,0.0,,,,,,,,,,,,,,,,,,773902.0,,,,,,,,,,,,,,,,,,,,,,,,,""
387863592,"Sep 8, 2015, 4:01:59 PM",Sagene klatrekonge (0:51:03),Ride,"Foto: Atle Rømo. Dessverre gikk edge'n tom for batteri... Sykt høyt tempo i puljen min, så måtte gi slipp dessverre. så ble det alene opp tryvann. Pulsmåling blir unødvendig - her snakker vi syrefest hele veien",1828,18.38,,,false,,Focusen,activities/436555494.fit.gz,69.0,7.880000114440918,1828.0,1828.0,18379.900390625,14.300000190734863,,263.7539978027344,255.0540008544922,148.1999969482422,199.5,11.100000381469727,0.047334298491477966,,,,,,,,298.5320129394531,608.473876953125,,15.0,,,,,,,,,,,,,,0.0,,,,,,,,,,,,,,,,,,773902.0,,,,,,,,,,,,,,,,,,,,,,,,,media/82654de9-0575-41c6-b3d6-e911c9733645.jpg
388414375,"Sep 9, 2015, 12:45:15 PM",CX etter jobb..,Ride,"",4694,22.85,,,false,,Crossen,activities/388414375.gpx,69.0,8.0,4694.0,3722.0,22850.900390625,17.600000381469727,,465.4549865722656,380.55499267578125,62.5,319.20001220703125,18.100000381469727,0.37153899669647217,,,,,,,,190.96499633789062,792.510498046875,,,,,,,,,,,,,,,,0.0,,,,,,,,,,,,,,,,,,796239.0,,,,,,,,,,,,,,,,,,,,,,,,,media/53b19d70-3d73-4ec0-8f04-0df4d9cc6b49.jpg
391266212,"Sep 13, 2015, 8:13:07 AM",Langtur juhu,Ride,"Alene i dag. Litt bakkedrag her og der og litt høy puls overall, og greit med motvind hjemover. Men gøy :-)",13784,100.19,193.0,113,false,,Focusen,activities/440087463.fit.gz,69.0,7.880000114440918,13784.0,13412.0,100193.3984375,16.299999237060547,,1706.9052734375,1729.010009765625,5.199999809265137,346.6000061035156,19.5,-0.022057341411709785,,,,,193.0,155.67251586914062,,184.03640747070312,2752.144287109375,,11.0,113.0,,,,,,,,,,,,,0.0,,,,,,,,,,,,,,,,,,773902.0,,,,,,,,,,,,,,,,,,,,,,,,,""
392940776,"Sep 15, 2015, 5:55:18 PM",Liten joggos m fruen  og numa ,Run,"",1842,4.00,,,false,,,activities/392940776.gpx,69.0,,1842.0,1638.0,4007.5,5.599999904632568,,22.47089958190918,48.570899963378906,119.69999694824219,157.0,11.899999618530273,-0.6512789726257324,,,,,,,,,336.2416687011719,,,,,,,,,,,,,,,,0.0,,,3966.10009765625,,,,,,,,,,,,,,,,,,,,,,,,,,,,,,,,,,,,,,,,""
395403532,"Sep 19, 2015, 10:28:31 AM",20:04 til Tryvann... :-) :-(,Ride,"Masse bilkø ved Besserud, kanskje der sekundene glapp. Men slo forrige PR med 26 sek!",10383,66.31,203.0,101,false,,Focusen,activities/444370017.fit.gz,69.0,7.880000114440918,10383.0,9962.0,66318.1015625,15.800000190734863,,1264.16796875,1267.5699462890625,54.20000076293945,521.7000122070312,18.399999618530273,-0.0051268055103719234,,,,,203.0,158.03152465820312,,167.033447265625,1855.3408203125,,14.0,101.0,,,,,,,,,,,,,0.0,,,,,,,,,,,,,,,,,,773902.0,,,,,,,,,,,,,,,,,,,,,,,,,""
396040458,"Sep 20, 2015, 7:48:52 AM",Morning Ride,Ride,,6392,36.49,190.0,40,false,,Focusen,activities/445034913.fit.gz,69.0,7.880000114440918,6392.0,6109.0,36493.19921875,18.0,,892.2608642578125,890.5609741210938,118.4000015258789,521.9000244140625,16.200000762939453,0.004658401943743229,,,,,190.0,147.2872772216797,,160.5072784423828,1093.299072265625,,8.0,40.0,,,,,,,,,,,,,0.0,,,,,,,,,,,,,,,,,,773902.0,,,,,,,,,,,,,,,,,,,,,,,,,""
397567397,"Sep 22, 2015, 5:54:35 AM",forbi trafikken ,Ride,"",1687,9.45,,,false,,Crossen,activities/397567397.gpx,69.0,8.0,1687.0,1687.0,9450.2001953125,12.199999809265137,,115.81600189208984,155.8159942626953,108.0,163.3000030517578,14.699999809265137,-0.4232710003852844,,,,,,,,141.9080047607422,266.9296569824219,,,,,,,,,,,,,,,,0.0,,,,,,,,,,,,,,,,,,796239.0,,,,,,,,,,,,,,,,,,,,,,,,,""
398509528,"Sep 23, 2015, 2:01:51 PM",Hjem,Ride,"",1611,9.72,,,false,,Crossen,activities/398509528.gpx,69.0,8.0,1611.0,1594.0,9728.099609375,11.600000381469727,,133.86599731445312,96.66600036621094,108.0,157.1999969482422,9.699999809265137,0.38239699602127075,,,,,,,,180.76300048828125,321.2718811035156,,,,,,,,,,,,,,,,0.0,,,,,,,,,,,,,,,,,,796239.0,,,,,,,,,,,,,,,,,,,,,,,,,""
398644285,"Sep 23, 2015, 5:08:57 PM",Oppvarming ,Run,,2264,5.17,,,false,,,activities/398644285.gpx,69.0,,2264.0,2079.0,5176.2001953125,5.199999809265137,,86.05349731445312,61.35350036621094,114.0,170.0,15.0,0.477183997631073,,,,,,,,,459.0100402832031,,,,,,,,,,,,,,,,0.0,,,5414.2001953125,,,,,,,,,,,,,,,,,,,,,,,,,,,,,,,,,,,,,,,,""
398677752,"Sep 23, 2015, 6:13:51 PM",Evening Run,Run,,700,2.03,,,false,,,activities/398677752.gpx,69.0,,700.0,700.0,2034.4000244140625,4.099999904632568,,10.671699523925781,32.371700286865234,144.5,170.0,7.900000095367432,-1.0666500329971313,,,,,,,,,167.9639892578125,,,,,,,,,,,,,,,,0.0,,,1981.199951171875,,,,,,,,,,,,,,,,,,,,,,,,,,,,,,,,,,,,,,,,""
399239434,"Sep 24, 2015, 2:29:14 PM",Afternoon Ride,Ride,Slitne bein og dårlig vær = kort tur,4196,25.79,188.0,26,false,,Focusen,activities/448391415.fit.gz,69.0,7.880000114440918,4196.0,4148.0,25796.5,14.399999618530273,,515.96875,518.968994140625,53.900001525878906,453.5,16.899999618530273,-0.011629484593868256,,,,,188.0,145.43849182128906,,148.73849487304688,687.9161987304688,,9.0,26.0,,,,,,,,,,,,,0.0,,,,,,,,,,,,,,,,,,773902.0,,,,,,,,,,,,,,,,,,,,,,,,,""
399940584,"Sep 25, 2015, 4:24:12 PM",Evening Run,Run,,1819,3.99,,,false,,,activities/399940584.gpx,69.0,,1819.0,1750.0,3993.60009765625,4.099999904632568,,22.440799713134766,45.04079818725586,116.0999984741211,151.3000030517578,13.399999618530273,-0.565904974937439,,,,,,,,,335.6567077636719,,,,,,,,,,,,,,,,0.0,,,3959.199951171875,,,,,,,,,,,,,,,,,,,,,,,,,,,,,,,,,,,,,,,,""
402113203,"Sep 28, 2015, 1:09:04 PM",Afternoon Ride,Ride,,569,3.93,152.0,1,false,,Focusen,activities/451376771.fit.gz,69.0,7.880000114440918,569.0,569.0,3930.10009765625,14.5,,43.0,61.0,115.4000015258789,157.39999389648438,6.699999809265137,-0.45800361037254333,,,,,152.0,130.33216857910156,,118.66432189941406,75.28459167480469,,16.0,1.0,,,,,,,,,,,,,0.0,,,,,,,,,,,,,,,,,,773902.0,,,,,,,,,,,,,,,,,,,,,,,,,""
402113292,"Sep 28, 2015, 1:24:16 PM",Jess as :),Ride,Ett maksdrag og to på terskel. Var heldig og ble liggende 30 meter bak tryvannskongen Erik hele veien som ga litt ekstra motivasjon,8441,48.38,202.0,92,false,,Focusen,activities/451376787.fit.gz,69.0,7.880000114440918,8441.0,8014.0,48384.30078125,17.899999618530273,,1358.2900390625,1350.2900390625,127.0,524.0,28.600000381469727,0.01653430052101612,,,,,202.0,153.50599670410156,,171.2010040283203,1529.785400390625,,11.0,92.0,,,,,,,,,,,,,0.0,,,,,,,,,,,,,,,,,,773902.0,,,,,,,,,,,,,,,,,,,,,,,,,""
404173395,"Oct 1, 2015, 1:56:36 PM",Bakkeint 10min sone 4-moro,Ride,"",8859,55.93,201.0,69,false,,Focusen,activities/453492345.fit.gz,69.0,7.880000114440918,8859.0,8493.0,55934.80078125,14.600000381469727,,1210.877685546875,1212.780029296875,118.5,487.6000061035156,28.600000381469727,-0.00339681189507246,,,,,201.0,150.48233032226562,,178.42442321777344,1689.620849609375,,10.0,69.0,,,,,,,,,,,,,0.0,,,,,,,,,,,,,,,,,,773902.0,,,,,,,,,,,,,,,,,,,,,,,,,""
405296343,"Oct 3, 2015, 10:15:11 AM","Rask runde med noen ""bakke""drag ",Ride,Kult med lysregulert enveiskjøring som ikke registrerer syklister! Stod og ventet i 5 min o_o,6141,48.89,,,false,,Focusen,activities/454653301.fit.gz,69.0,7.880000114440918,6141.0,5796.0,48893.6015625,15.800000190734863,,519.0159912109375,519.2160034179688,3.0999999046325684,126.69999694824219,14.100000381469727,-0.0004090509901288897,,,,,,,,184.45799255371094,1192.0672607421875,,12.0,,,,,,,,,,,,,,0.0,,,,,,,,,,,,,,,,,,773902.0,,,,,,,,,,,,,,,,,,,,,,,,,""
407570321,"Oct 6, 2015, 4:28:06 PM",Evening Run,Run,,2988,8.96,,,false,,,activities/407570321.gpx,69.0,,2988.0,2942.0,8966.2998046875,10.600000381469727,,157.69200134277344,151.89199829101562,114.69999694824219,216.60000610351562,21.799999237060547,0.06468670070171356,,,,,,,,,787.842041015625,,,,,,,,,,,,,,,,0.0,,,9292.900390625,,,,,,,,,,,,,,,,,,,,,,,,,,,,,,,,,,,,,,,,""
409903968,"Oct 10, 2015, 6:35:59 AM",CX med uheldig valg av sti (=trille cyclen og våte føtter),Ride,Småkjølig i høyden. Snart på med pigger!,12233,61.44,188.0,92,false,,Crossen,activities/459428469.fit.gz,69.0,8.0,12233.0,11116.0,61444.0,15.100000381469727,,1518.4556884765625,1513.8599853515625,104.19999694824219,443.8999938964844,40.29999923706055,0.007486491929739714,,,,,188.0,153.39804077148438,,193.738037109375,2401.254638671875,,2.0,92.0,,,,,,,,,,,,,0.0,,,,,,,,,,,,,,,,,,796239.0,,,,,,,,,,,,,,,,,,,,,,,,,media/c2bc7d80-8a09-41cf-9d17-d52f2781031f.jpg
412953065,"Oct 14, 2015, 3:10:50 PM",innlagte 4x4 ,Run,"",3954,10.08,,,false,,,activities/412953065.gpx,69.0,,3954.0,3675.0,10088.7998046875,8.0,,237.197998046875,257.697998046875,116.19999694824219,321.1000061035156,33.79999923706055,-0.20319600403308868,,,,,,,,,908.7197875976562,,,,,,,,,,,,,,,,0.0,,,10718.7001953125,,,,,,,,,,,,,,,,,,,,,,,,,,,,,,,,,,,,,,,,""
416154541,"Oct 19, 2015, 2:01:00 PM",Afternoon Run hjem via bekkestua,Run,"",3600,10.00,,,false,,,,69.0,,3600.0,3600.0,10000.0,,,,,,,,0.0,,,,,,,,,847.7891845703125,,,,,,,,,,,,,,,,0.0,,,,,,,,,,,,,,,,,,,,,,,,,,,,,,,,,,,,,,,,,,,""
417571338,"Oct 21, 2015, 4:20:19 PM",Evening Run,Run,oppvarming og tom for batt,3184,8.25,,,false,,,activities/417571338.gpx,69.0,,3184.0,3076.0,8250.7001953125,5.900000095367432,,108.11900329589844,120.81900024414062,114.0,168.1999969482422,14.899999618530273,-0.15392599999904633,,,,,,,,,713.3721923828125,,,,,,,,,,,,,,,,0.0,,,8414.5,,,,,,,,,,,,,,,,,,,,,,,,,,,,,,,,,,,,,,,,""
418740913,"Oct 23, 2015, 5:00:09 PM",Evening Run,Run,,3670,11.07,,,false,,,activities/418740913.gpx,69.0,,3670.0,3586.0,11075.099609375,10.399999618530273,,189.60400390625,190.3040008544922,62.900001525878906,177.89999389648438,29.100000381469727,-0.006320479791611433,,,,,,,,,967.1748657226562,,,,,,,,,,,,,,,,0.0,,,11408.2001953125,,,,,,,,,,,,,,,,,,,,,,,,,,,,,,,,,,,,,,,,""
422519842,"Oct 29, 2015, 2:19:50 PM",Afternoon Run på sti,Run,"",5503,14.08,,,false,,,activities/422519842.gpx,69.0,,5503.0,5381.0,14086.2001953125,15.0,,325.61700439453125,313.7170104980469,95.9000015258789,307.0,28.200000762939453,0.08447980135679245,,,,,,,,,1257.296875,,,,,,,,,,,,,,,,0.0,,,14830.2998046875,,,,,,,,,,,,,,,,,,,,,,,,,,,,,,,,,,,,,,,,""
424309117,"Nov 1, 2015, 10:48:47 AM",Krampetrekning på racern,Ride,,4997,30.81,,,false,,Focusen,activities/424309117.gpx,69.0,7.880000114440918,4997.0,4693.0,30809.80078125,13.600000381469727,,591.2869873046875,594.4869995117188,100.30000305175781,522.0,19.899999618530273,-0.010386300273239613,,,,,,,,161.71299743652344,846.19482421875,,,,,,,,,,,,,,,,0.0,,,,,,,,,,,,,,,,,,773902.0,,,,,,,,,,,,,,,,,,,,,,,,,""
425720337,"Nov 3, 2015, 2:43:12 PM",Hjem,Run,,2825,8.27,,,false,,,activities/425720337.gpx,69.0,,2825.0,2725.0,8277.599609375,5.5,,172.83299255371094,110.93299865722656,55.5,167.3000030517578,33.79999923706055,0.7478010058403015,,,,,,,,,744.0961303710938,,,,,,,,,,,,,,,,0.0,,,8776.900390625,,,,,,,,,,,,,,,,,,,,,,,,,,,,,,,,,,,,,,,,""
427123427,"Nov 5, 2015, 4:28:51 PM",CX night riders,Ride,"",11820,52.64,,,false,,Crossen,activities/477301894.fit.gz,69.0,8.0,11820.0,10142.0,52646.19921875,12.300000190734863,,1181.010009765625,1183.510009765625,108.0,443.79998779296875,17.200000762939453,-0.004748680163174868,,,,,,,,181.25100708007812,2049.646240234375,,1.0,,,,,,,,,,,,,,0.0,,,,,,,,,,,,,,,,,,796239.0,,,,,,,,,,,,,,,,,,,,,,,,,media/c6f82fc4-4153-4580-8768-43e1bf0e5776.jpg|media/9051af92-b9ea-4016-8563-0b689b94ae49.jpg
429633703,"Nov 9, 2015, 5:20:51 PM",Evening Run,Run,,4406,12.14,,,false,,,activities/429633703.gpx,69.0,,4406.0,4288.0,12142.099609375,4.800000190734863,,220.36599731445312,219.0659942626953,90.0,193.1999969482422,22.700000762939453,0.01070650015026331,,,,,,,,,1064.2467041015625,,,,,,,,,,,,,,,,0.0,,,12553.2001953125,,,,,,,,,,,,,,,,,,,,,,,,,,,,,,,,,,,,,,,,""
431246234,"Nov 12, 2015, 10:05:47 AM",Lunch Ride,Ride,"",1833,11.24,,,false,,Crossen,activities/431246234.gpx,69.0,8.0,1833.0,1795.0,11242.2998046875,23.0,,141.5,52.79999923706055,54.400001525878906,152.39999389648438,12.5,0.7889840006828308,,,,,,,,190.88999938964844,382.0520324707031,,,,,,,,,,,,,,,,0.0,,,,,,,,,,,,,,,,,,796239.0,,,,,,,,,,,,,,,,,,,,,,,,,""
431279467,"Nov 12, 2015, 11:54:09 AM",Lunch Ride,Ride,"",2493,15.16,,,false,,Crossen,activities/431279467.gpx,69.0,8.0,2493.0,2448.0,15165.7001953125,18.600000381469727,,127.82599639892578,165.0260009765625,54.5,152.5,13.199999809265137,-0.24528999626636505,,,,,,,,158.93600463867188,433.8190002441406,,,,,,,,,,,,,,,,0.0,,,,,,,,,,,,,,,,,,796239.0,,,,,,,,,,,,,,,,,,,,,,,,,""
431935944,"Nov 13, 2015, 2:23:10 PM",Afternoon Run hjem,Run,,2082,6.02,,,false,,,activities/431935944.gpx,69.0,,2082.0,2067.0,6023.0,4.699999809265137,,142.14999389648438,50.349998474121094,54.400001525878906,157.0,13.899999618530273,1.5241600275039673,,,,,,,,,555.2425537109375,,,,,,,,,,,,,,,,0.0,,,6549.2998046875,,,,,,,,,,,,,,,,,,,,,,,,,,,,,,,,,,,,,,,,""
432996110,"Nov 15, 2015, 10:00:00 AM",Oppvarming,Run,,2058,6.18,,,false,,,activities/432996110.gpx,69.0,,2058.0,2036.0,6183.0,13.100000381469727,,120.44100189208984,76.74099731445312,84.5,169.1999969482422,10.100000381469727,0.7067769765853882,,,,,,,,,548.4602661132812,,,,,,,,,,,,,,,,0.0,,,6469.2998046875,,,,,,,,,,,,,,,,,,,,,,,,,,,,,,,,,,,,,,,,""
433065566,"Nov 15, 2015, 11:34:23 AM",Lunch hjem,Run,"",781,2.08,,,false,,,activities/433065566.gpx,69.0,,781.0,746.0,2088.800048828125,4.599999904632568,,11.13290023803711,29.83289909362793,144.6999969482422,169.6999969482422,6.300000190734863,-0.8952509760856628,,,,,,,,,173.508544921875,,,,,,,,,,,,,,,,0.0,,,2046.5999755859375,,,,,,,,,,,,,,,,,,,,,,,,,,,,,,,,,,,,,,,,""
435507272,"Nov 19, 2015, 1:52:57 PM",4x5 min intervall ,Run,"",2932,8.28,,,false,,,activities/435507272.gpx,69.0,,2932.0,2716.0,8284.2001953125,18.200000762939453,,120.23400115966797,124.23400115966797,96.0,147.8000030517578,23.899999618530273,-0.04828469827771187,,,,,,,,,724.0204467773438,,,,,,,,,,,,,,,,0.0,,,8540.099609375,,,,,,,,,,,,,,,,,,,,,,,,,,,,,,,,,,,,,,,,""
437424824,"Nov 22, 2015, 2:55:01 PM",Liten tur på crossen,Ride,brr,3582,18.37,,,false,,Crossen,activities/487938019.fit.gz,69.0,8.0,3582.0,3507.0,18375.900390625,10.5,,381.4219970703125,381.0220031738281,70.9000015258789,209.8000030517578,12.5,0.00217675999738276,,,,,,,,144.91799926757812,566.673583984375,,-4.0,,,,,,,,,,,,,,0.0,,,,,,,,,,,,,,,,,,796239.0,,,,,,,,,,,,,,,,,,,,,,,,,""
440306174,"Nov 27, 2015, 4:29:29 PM",Afternoon Run,Run,,2832,7.57,,,false,,,activities/440306174.gpx,69.0,,2832.0,2656.0,7576.39990234375,17.299999237060547,,89.95719909667969,97.55719757080078,96.0,150.6999969482422,16.0,-0.10031100362539291,,,,,,,,,653.9591674804688,,,,,,,,,,,,,,,,0.0,,,7713.7001953125,,,,,,,,,,,,,,,,,,,,,,,,,,,,,,,,,,,,,,,,""
440969296,"Nov 28, 2015, 6:15:03 PM",Rask tur,Run,"",3486,10.88,,,false,,,activities/440969296.gpx,69.0,,3486.0,3347.0,10880.2998046875,14.0,,109.60900115966797,119.00900268554688,62.900001525878906,144.8000030517578,12.699999809265137,-0.08639469742774963,,,,,,,,,933.56005859375,,,,,,,,,,,,,,,,0.0,,,11011.7001953125,,,,,,,,,,,,,,,,,,,,,,,,,,,,,,,,,,,,,,,,""
442023159,"Nov 30, 2015, 3:23:58 PM",Afternoon Run,Run,,2127,6.12,,,false,,,activities/442023159.gpx,69.0,,2127.0,2088.0,6128.7001953125,12.600000381469727,,141.6320037841797,74.03199768066406,54.79999923706055,157.0,14.100000381469727,1.1030100584030151,,,,,,,,,556.4125366210938,,,,,,,,,,,,,,,,0.0,,,6563.10009765625,,,,,,,,,,,,,,,,,,,,,,,,,,,,,,,,,,,,,,,,""
444178690,"Dec 4, 2015, 2:52:19 PM",Afternoon Run,Run,,2353,6.29,,,false,,,activities/444178690.gpx,69.0,,2353.0,2339.0,6292.10009765625,7.599999904632568,,141.75900268554688,56.558998107910156,54.70000076293945,157.0,15.600000381469727,1.3540799617767334,,,,,,,,,576.564453125,,,,,,,,,,,,,,,,0.0,,,6800.7998046875,,,,,,,,,,,,,,,,,,,,,,,,,,,,,,,,,,,,,,,,""
445378966,"Dec 6, 2015, 11:53:29 AM",CX Skjennungstua,Ride,"",7106,36.80,,,false,,Crossen,activities/496110681.fit.gz,69.0,8.0,7106.0,6771.0,36801.3984375,15.100000381469727,,739.7890014648438,740.1890258789062,118.4000015258789,470.0,20.399999618530273,-0.0010869200341403484,,,,,,,,171.88699340820312,1297.689208984375,,3.0,,,,,,,,,,,,,,0.0,,,,,,,,,,,,,,,,,,796239.0,,,,,,,,,,,,,,,,,,,,,,,,,""
448257274,"Dec 11, 2015, 1:40:51 PM",Afternoon Run,Run,,2790,7.41,,,false,,,activities/448257274.gpx,69.0,,2790.0,2678.0,7409.2001953125,5.800000190734863,,159.66700744628906,73.76699829101562,55.099998474121094,170.1999969482422,27.799999237060547,1.159369945526123,,,,,,,,,674.789306640625,,,,,,,,,,,,,,,,0.0,,,7959.39990234375,,,,,,,,,,,,,,,,,,,,,,,,,,,,,,,,,,,,,,,,""
450070330,"Dec 14, 2015, 2:10:18 PM",Afternoon Ride,Ride,,3907,16.67,,,false,,Focusen,activities/450070330.gpx,69.0,7.880000114440918,3907.0,3647.0,16678.099609375,8.699999809265137,,186.19500732421875,189.7949981689453,54.29999923706055,157.10000610351562,14.199999809265137,-0.02158519998192787,,,,,,,,77.32949829101562,314.45306396484375,,,,,,,,,,,,,,,,0.0,,,,,,,,,,,,,,,,,,773902.0,,,,,,,,,,,,,,,,,,,,,,,,,""
450613750,"Dec 15, 2015, 3:07:17 PM",Afternoon Run,Run,,2171,6.30,,,false,,,activities/450613750.gpx,69.0,,2171.0,2100.0,6305.2998046875,6.300000190734863,,141.71299743652344,56.112998962402344,54.79999923706055,157.0,39.29999923706055,1.3575899600982666,,,,,,,,,577.861572265625,,,,,,,,,,,,,,,,0.0,,,6816.10009765625,,,,,,,,,,,,,,,,,,,,,,,,,,,,,,,,,,,,,,,,""
456092923,"Dec 25, 2015, 3:55:35 PM",Afternoon Run,Run,,4805,13.42,,,false,,,activities/456092923.gpx,69.0,,4805.0,4467.0,13428.7001953125,7.599999904632568,,212.49200439453125,229.79200744628906,106.69999694824219,225.3000030517578,26.299999237060547,-0.1288290023803711,,,,,,,,,1171.8311767578125,,,,,,,,,,,,,,,,0.0,,,13822.2001953125,,,,,,,,,,,,,,,,,,,,,,,,,,,,,,,,,,,,,,,,""
456403243,"Dec 26, 2015, 9:52:58 AM",Morning Run,Run,,2356,3.88,,,false,,,activities/456403243.gpx,69.0,,2356.0,2060.0,3879.0,4.800000190734863,,49.507198333740234,52.007198333740234,116.30000305175781,151.1999969482422,15.199999809265137,-0.06444960087537766,,,,,,,,,336.6231689453125,,,,,,,,,,,,,,,,0.0,,,3970.60009765625,,,,,,,,,,,,,,,,,,,,,,,,,,,,,,,,,,,,,,,,""
460104003,"Dec 31, 2015, 3:44:33 PM",Afternoon Run is,Run,"",2078,3.95,,,false,,,activities/460104003.gpx,69.0,,2078.0,1764.0,3949.89990234375,4.699999809265137,,44.98889923095703,48.08890151977539,112.4000015258789,151.0,12.699999809265137,-0.07848300039768219,,,,,,,,,340.8960266113281,,,,,,,,,,,,,,,,0.0,,,4021.0,,,,,,,,,,,,,,,,,,,,,,,,,,,,,,,,,,,,,,,,""
461915498,"Jan 3, 2016, 8:49:03 AM",Morning Run,Run,,5649,15.32,,,false,,,activities/461915498.gpx,69.0,,5649.0,5134.0,15325.2001953125,6.699999809265137,,180.19900512695312,193.3990020751953,57.599998474121094,178.10000610351562,10.199999809265137,-0.08613260090351105,,,,,,,,,1318.4732666015625,,,,,,,,,,,,,,,,0.0,,,15551.900390625,,,,,,,,,,,,,,,,,,,,,,,,,,,,,,,,,,,,,,,,""
465720183,"Jan 8, 2016, 1:43:47 PM",Afternoon Run,Run,,2376,6.94,,,false,,,activities/465720183.gpx,69.0,,2376.0,2155.0,6940.89990234375,17.700000762939453,,144.26400756835938,58.763999938964844,52.400001525878906,157.1999969482422,15.600000381469727,1.2318300008773804,,,,,,,,,632.6372680664062,,,,,,,,,,,,,,,,0.0,,,7462.2001953125,,,,,,,,,,,,,,,,,,,,,,,,,,,,,,,,,,,,,,,,""
468159246,"Jan 11, 2016, 4:20:05 PM",Forsøk på skigåing  (klassisk),Nordic Ski,"",2881,7.73,,,false,,,activities/468159246.gpx,69.0,,2881.0,2493.0,7729.10009765625,12.199999809265137,,173.46800231933594,176.0679931640625,180.1999969482422,250.3000030517578,29.5,-0.033639099448919296,,,,,,,,,,,,,,,,,,,,,,,,,0.0,,,,,,,,,,,,,,,,,,,,,,,,,,,,,,,,,,,,,,,,,,,""
471517480,"Jan 16, 2016, 11:57:52 AM",Skitur med pappa,Nordic Ski,"",7946,17.49,,,,,,activities/471517480.gpx,69.0,,7946.0,6897.0,17496.80078125,12.199999809265137,,336.6510009765625,330.95098876953125,138.89999389648438,263.79998779296875,24.100000381469727,0.03257739916443825,,,,,,,,,,,,,,,,,,,,,,,,,0.0,,,,,,,,,,,,,,,,,,,,,,,,,,,,,,,,,,,,,,,,,,,""
473822939,"Jan 19, 2016, 3:50:46 PM",Afternoon Activity,Nordic Ski,,3411,9.80,,,false,,,activities/473822939.gpx,,,3411.0,3032.0,9802.0,11.100000381469727,,241.84300231933594,242.54299926757812,179.6999969482422,249.8000030517578,25.5,-0.007141400128602982,,,,,,,,,,,,,,,,,,,,,,,,,0.0,,,,,,,,,,,,,,,,,,,,,,,,,,,,,,,,,,,,,,,,,,,""
479669211,"Jan 27, 2016, 3:07:44 PM",Afternoon Run,Run,,2521,5.47,,,false,,,activities/479669211.gpx,69.0,,2521.0,2199.0,5470.2998046875,5.0,,111.48200225830078,37.78200149536133,57.70000076293945,157.0,16.799999237060547,1.3472800254821777,,,,,,,,,501.3316650390625,,,,,,,,,,,,,,,,0.0,,,5913.39990234375,,,,,,,,,,,,,,,,,,,,,,,,,,,,,,,,,,,,,,,,""
484283052,"Feb 2, 2016, 4:34:56 PM",Ok,Run,"",343,3.04,,,false,,,activities/484283052.gpx,69.0,,343.0,318.0,3046.89990234375,16.399999618530273,,0.0,24.899999618530273,118.19999694824219,152.0,16.600000381469727,-0.8172240257263184,,,,,,,,,251.82730102539062,,,,,,,,,,,,,,,,0.0,,,2970.39990234375,,,,,,,,,,,,,,,,,,,,,,,,,,,,,,,,,,,,,,,,""
484303219,"Feb 2, 2016, 4:40:58 PM",Afternoon Run,Run,,1767,4.96,,,false,,,activities/484303219.gpx,69.0,,1767.0,1661.0,4962.0,6.099999904632568,,82.51490020751953,75.41490173339844,71.0,128.1999969482422,13.300000190734863,0.1430869996547699,,,,,,,,,431.86383056640625,,,,,,,,,,,,,,,,0.0,,,5094.0,,,,,,,,,,,,,,,,,,,,,,,,,,,,,,,,,,,,,,,,""
488111000,"Feb 7, 2016, 2:13:42 PM",Afternoon Run,Run,,3654,10.17,184.0,36,false,,,activities/488111000.gpx,69.0,,3654.0,3502.0,10175.2001953125,7.599999904632568,,137.83607482910156,161.13600158691406,84.30000305175781,169.8000030517578,16.700000762939453,-0.22898812592029572,,,,,184.0,165.3116455078125,,,876.927734375,,,36.0,,,,,,,,,,,,,0.0,,,10343.7001953125,,,,,,,,,,,,,,,,,,,,,,,,,,,,,,,,,,,,,,,,""
492304810,"Feb 13, 2016, 9:57:30 AM",Morning Run,Run,,2654,7.17,,,false,,,activities/492304810.gpx,69.0,,2654.0,2526.0,7175.39990234375,5.099999904632568,,89.36219787597656,75.56220245361328,112.0999984741211,168.5,11.899999618530273,0.19232399761676788,,,,,,,,,624.7612915039062,,,,,,,,,,,,,,,,0.0,,,7369.2998046875,,,,,,,,,,,,,,,,,,,,,,,,,,,,,,,,,,,,,,,,""
499587618,"Feb 22, 2016, 12:15:00 PM",Afternoon Run,Run,,3289,10.09,,,false,,,activities/499587618.gpx,69.0,,3289.0,3245.0,10094.2001953125,7.199999809265137,,202.59100341796875,204.09100341796875,381.79998779296875,482.0,30.100000381469727,-0.01486000046133995,,,,,,,,,897.0966186523438,,,,,,,,,,,,,,,,0.0,,,10581.599609375,,,,,,,,,,,,,,,,,,,,,,,,,,,,,,,,,,,,,,,,""
501999020,"Feb 25, 2016, 1:59:51 PM",Sankt Wendel und zurück,Run,"",5061,15.54,,,false,,,activities/501999020.gpx,69.0,,5061.0,4969.0,15539.5,9.600000381469727,,202.2830047607422,224.68299865722656,275.70001220703125,431.0,15.300000190734863,-0.14414900541305542,,,,,,,,,1340.1258544921875,,,,,,,,,,,,,,,,0.0,,,15807.2998046875,,,,,,,,,,,,,,,,,,,,,,,,,,,,,,,,,,,,,,,,""
505400862,"Feb 29, 2016, 3:05:20 PM",Afternoon Run,Run,,2772,7.58,183.0,67,false,,,activities/505400862.gpx,69.0,,2772.0,2709.0,7586.5,7.900000095367432,,157.072998046875,89.77300262451172,83.69999694824219,169.6999969482422,19.0,0.8871020078659058,,,,,183.0,165.7689971923828,,,680.4525756835938,,,67.0,,,,,,,,,,,,,0.0,,,8026.2001953125,,,,,,,,,,,,,,,,,,,,,,,,,,,,,,,,,,,,,,,,""
507656063,"Mar 3, 2016, 2:36:57 PM",Afternoon Run,Run,,2322,6.20,193.0,37,false,,,activities/507656063.gpx,69.0,,2322.0,2186.0,6203.2998046875,10.399999618530273,,141.4149932861328,53.01499938964844,54.099998474121094,157.0,15.100000381469727,1.4250500202178955,,,,,193.0,171.5570068359375,,,569.7821655273438,,,75.0,,,,,,,,,,,,,0.0,,,6720.7998046875,,,,,,,,,,,,,,,,,,,,,,,,,,,,,,,,,,,,,,,,""
509336884,"Mar 5, 2016, 5:04:59 PM",Evening Run,Run,,4569,13.11,194.0,44,false,,,activities/509336884.gpx,69.0,,4569.0,4296.0,13118.900390625,6.800000190734863,,168.7899932861328,174.38999938964844,57.5,162.60000610351562,19.399999618530273,-0.042686499655246735,,,,,194.0,165.4080047607422,,,1130.679443359375,,,114.0,,,,,,,,,,,,,0.0,,,13336.7998046875,,,,,,,,,,,,,,,,,,,,,,,,,,,,,,,,,,,,,,,,""
511826302,"Mar 8, 2016, 5:30:13 PM",Rolig jogg,Run,,2680,5.50,,,false,,,activities/511826302.gpx,69.0,,2680.0,2280.0,5500.10009765625,5.400000095367432,,78.61209869384766,83.01210021972656,95.9000015258789,163.10000610351562,15.199999809265137,-0.07999850064516068,,,,,,,,,475.5164794921875,,,,,,,,,,,,,,,,0.0,,,5608.89990234375,,,,,,,,,,,,,,,,,,,,,,,,,,,,,,,,,,,,,,,,""
513436405,"Mar 10, 2016, 5:49:50 PM",Tidsklemma,Run,Gps krøll,2900,6.43,,,false,,,activities/513436405.gpx,69.0,,2900.0,2730.0,6436.7001953125,4.0,,98.5009994506836,102.4010009765625,118.4000015258789,169.0,14.5,-0.060590099543333054,,,,,,,,,563.8222045898438,,,,,,,,,,,,,,,,0.0,,,6650.5,,,,,,,,,,,,,,,,,,,,,,,,,,,,,,,,,,,,,,,,""
515617790,"Mar 13, 2016, 9:31:14 AM",Morning Run med noen bakkeintervaller,Run,"",3365,8.99,,,false,,,activities/515617790.gpx,69.0,,3365.0,3064.0,8992.7998046875,5.199999809265137,,140.1790008544922,138.47900390625,120.5999984741211,160.3000030517578,15.300000190734863,0.018904000520706177,,,,,,,,,782.9248657226562,,,,,,,,,,,,,,,,0.0,,,9234.900390625,,,,,,,,,,,,,,,,,,,,,,,,,,,,,,,,,,,,,,,,""
516662556,"Mar 14, 2016, 6:53:20 AM",Pendling,Ride,"",1911,10.58,,,true,,Crossen,activities/516662556.gpx,69.0,8.0,1911.0,1792.0,10583.7001953125,15.699999809265137,,108.98300170898438,143.48300170898438,52.0,157.10000610351562,11.800000190734863,-0.3259730041027069,,,,,,,,159.5399932861328,318.773681640625,,,,,,,,,,,,,,,,1.0,,,,,,,,,,,,,,,,,,796239.0,,,,,,,,,,,,,,,,,,,,,,,,,""
516916024,"Mar 14, 2016, 3:04:16 PM",Pendling,Ride,"",2143,10.50,,,true,,Crossen,activities/516916024.gpx,69.0,8.0,2143.0,1927.0,10507.400390625,12.0,,141.81500244140625,107.31500244140625,54.70000076293945,157.1999969482422,14.399999618530273,0.32833999395370483,,,,,,,,152.66900634765625,328.025390625,,,,,,,,,,,,,,,,1.0,,,,,,,,,,,,,,,,,,796239.0,,,,,,,,,,,,,,,,,,,,,,,,,""
517436491,"Mar 15, 2016, 6:51:38 AM",Pendel,Ride,"",2372,10.76,,,true,,Focusen,activities/517436491.gpx,69.0,7.880000114440918,2372.0,1908.0,10763.5,20.0,,109.1500015258789,144.35000610351562,54.20000076293945,157.0,12.600000381469727,-0.3270309865474701,,,,,,,,110.14800262451172,234.3310546875,,,,,,,,,,,,,,,,1.0,,,,,,,,,,,,,,,,,,773902.0,,,,,,,,,,,,,,,,,,,,,,,,,""
517696599,"Mar 15, 2016, 2:44:16 PM",Pendlingsuke,Ride,"",1737,9.44,,,true,,Crossen,activities/517696599.gpx,69.0,8.0,1737.0,1718.0,9446.2001953125,11.199999809265137,,138.16900634765625,102.46900177001953,108.0,157.0,8.899999618530273,0.3779299855232239,,,,,,,,157.73599243164062,302.15435791015625,,,,,,,,,,,,,,,,1.0,,,,,,,,,,,,,,,,,,796239.0,,,,,,,,,,,,,,,,,,,,,,,,,""
518297117,"Mar 16, 2016, 7:24:21 AM",Morning Ride,Ride,"",1915,10.18,,,true,,Focusen,activities/518297117.gpx,69.0,7.880000114440918,1915.0,1808.0,10185.599609375,13.199999809265137,,108.24600219726562,143.14599609375,53.70000076293945,157.0,12.600000381469727,-0.3426409959793091,,,,,,,,114.20899963378906,230.2362060546875,,,,,,,,,,,,,,,,1.0,,,,,,,,,,,,,,,,,,773902.0,,,,,,,,,,,,,,,,,,,,,,,,,""
518527201,"Mar 16, 2016, 1:30:30 PM",Commute + pløsete piggdekk + ryggsekk + tryvann overstått,Ride,"",4546,21.61,,,true,,Crossen,activities/518527201.gpx,69.0,8.0,4546.0,4379.0,21609.599609375,16.0,,515.4990234375,479.39898681640625,108.0,522.0,19.100000381469727,0.16705499589443207,,,,,,,,158.54299926757812,774.0996704101562,,,,,,,,,,,,,,,,1.0,,,,,,,,,,,,,,,,,,796239.0,,,,,,,,,,,,,,,,,,,,,,,,,""
519967326,"Mar 18, 2016, 7:18:42 AM",Morning Ride,Ride,,1849,10.44,,,true,,Crossen,activities/519967326.gpx,69.0,8.0,1849.0,1765.0,10447.2001953125,16.200000762939453,,131.2239990234375,166.7239990234375,68.19999694824219,164.1999969482422,14.0,-0.3398039937019348,,,,,,,,153.4429931640625,301.97198486328125,,,,,,,,,,,,,,,,1.0,,,,,,,,,,,,,,,,,,796239.0,,,,,,,,,,,,,,,,,,,,,,,,,""
520188628,"Mar 18, 2016, 2:02:12 PM",Omvei,Ride,"",3940,18.70,,,true,,Focusen,activities/520188628.gpx,69.0,7.880000114440918,3940.0,3531.0,18708.599609375,14.5,,405.4729919433594,369.27301025390625,108.0,439.0,21.5,0.1934940069913864,,,,,,,,142.61399841308594,561.4805908203125,,,,,,,,,,,,,,,,1.0,,,,,,,,,,,,,,,,,,773902.0,,,,,,,,,,,,,,,,,,,,,,,,,""
520921834,"Mar 19, 2016, 10:46:54 AM",Endelig ut med racern,Ride,"",8474,48.22,183.0,75,false,,Focusen,activities/573388472.fit.gz,69.0,7.880000114440918,8474.0,8295.0,48220.3984375,15.199999809265137,,1260.1400146484375,1260.43994140625,127.0999984741211,522.7000122070312,20.799999237060547,-0.0006221429794095457,,,,,183.0,149.2949981689453,,158.4010009765625,1465.0389404296875,,6.0,75.0,,,,,,,,,,,,,0.0,,,,,,,,,,,,,,,,,,773902.0,,,,,,,,,,,,,,,,,,,,,,,,,""
523890462,"Mar 22, 2016, 4:49:55 PM",kjappis før mørket kom,Ride,"",3093,21.83,185.0,27,false,,Focusen,activities/576422175.fit.gz,69.0,7.880000114440918,3093.0,3074.0,21838.900390625,14.399999618530273,,297.0400085449219,280.94000244140625,53.099998474121094,216.5,9.800000190734863,0.07372166216373444,,,,,185.0,156.03887939453125,,156.4534454345703,536.2442016601562,,3.0,27.0,,,,,,,,,,,,,0.0,,,,,,,,,,,,,,,,,,773902.0,,,,,,,,,,,,,,,,,,,,,,,,,""
524557988,"Mar 23, 2016, 7:47:16 AM",Morning Ride,Ride,,845,5.94,,,false,,Focusen,activities/577103940.fit.gz,69.0,7.880000114440918,845.0,845.0,5945.7998046875,12.899999618530273,,62.0,153.8000030517578,69.0,175.60000610351562,11.800000190734863,-1.5439499616622925,,,,,,,,100.70800018310547,94.88455963134766,,6.0,,,,,,,,,,,,,,0.0,,,,,,,,,,,,,,,,,,773902.0,,,,,,,,,,,,,,,,,,,,,,,,,""
524558095,"Mar 23, 2016, 9:59:23 AM",Motvind alle veier =),Ride,"",9529,52.57,192.0,89,false,,Focusen,activities/577103957.fit.gz,69.0,7.880000114440918,9529.0,9031.0,52572.6015625,16.399999618530273,,1134.0,1036.0,58.20000076293945,593.5999755859375,40.0,0.18640899658203125,,,,,192.0,151.58900451660156,,136.51400756835938,1374.6365966796875,,6.0,89.0,,,,,,,,,,,,,0.0,,,,,,,,,,,,,,,,,,773902.0,,,,,,,,,,,,,,,,,,,,,,,,,""
525515236,"Mar 24, 2016, 12:44:26 PM",Rolig tur,Ride,"",5486,36.77,160.0,18,false,,Focusen,activities/578073347.fit.gz,69.0,7.880000114440918,5486.0,5325.0,36777.6015625,13.100000381469727,,454.0,443.3999938964844,69.80000305175781,216.1999969482422,12.800000190734863,0.02882189117372036,,,,,160.0,135.5630340576172,,127.89405059814453,759.3546142578125,,2.0,18.0,,,,,,,,,,,,,0.0,,,,,,,,,,,,,,,,,,773902.0,,,,,,,,,,,,,,,,,,,,,,,,,""
527056394,"Mar 26, 2016, 11:10:32 AM",Lunch Run,Run,,3855,11.96,,,false,,,activities/527056394.gpx,69.0,,3855.0,3737.0,11962.900390625,5.900000095367432,,156.43699645996094,152.03700256347656,57.599998474121094,167.6999969482422,10.699999809265137,0.03678039833903313,,,,,,,,,1033.6754150390625,,,,,,,,,,,,,,,,0.0,,,12192.599609375,,,,,,,,,,,,,,,,,,,,,,,,,,,,,,,,,,,,,,,,""
529941065,"Mar 29, 2016, 3:04:39 PM",Noen intervaller sone 4/5,Ride,"",5071,30.29,,,false,,Focusen,activities/582616280.fit.gz,69.0,7.880000114440918,5071.0,4924.0,30295.30078125,14.0,,709.0,710.2000122070312,185.1999969482422,410.0,16.799999237060547,-0.003961009904742241,,,,,,,,148.32899475097656,814.36474609375,,2.0,,,,,,,,,,,,,,0.0,,,,,,,,,,,,,,,,,,773902.0,,,,,,,,,,,,,,,,,,,,,,,,,""
534441010,"Apr 3, 2016, 11:30:00 AM",Afternoon ride,Ride,"1x tryvann, garmin fuckup!",3600,25.00,,,false,,Focusen,,69.0,7.880000114440918,3600.0,3600.0,25000.0,,,,,,,,0.0,,,,,,,,,,,,,,,,,,,,,,,,,0.0,,,,,,,,,,,,,,,,,,773902.0,,,,,,,,,,,,,,,,,,,,,,,,,""
536451684,"Apr 5, 2016, 1:02:48 PM",Commute Run,Run,"",3322,9.38,,,true,,,activities/536451684.gpx,69.0,,3322.0,3259.0,9387.599609375,4.300000190734863,,192.37399291992188,97.9739990234375,56.0,177.6999969482422,11.800000190734863,1.005579948425293,,,,,,,,,844.9152221679688,,,,,,,,,,,,,,,,1.0,,,9966.099609375,,,,,,,,,,,,,,,,,,,,,,,,,,,,,,,,,,,,,,,,""
539866430,"Apr 9, 2016, 7:39:22 AM",Morning Ride,Ride,"",7576,56.95,190.0,79,false,,Focusen,activities/539866430.gpx,69.0,7.880000114440918,7576.0,7404.0,56956.80078125,18.899999618530273,,686.3140258789062,686.2139892578125,4.900000095367432,155.60000610351562,45.5,0.0001755720004439354,,,,,190.0,157.5489959716797,,197.67100524902344,1631.864990234375,,,79.0,,,,,,,,,,,,,0.0,,,,,,,,,,,,,,,,,,773902.0,,,,,,,,,,,,,,,,,,,,,,,,,""
541179382,"Apr 10, 2016, 11:04:55 AM",Afternoon Ride,Ride,,3811,30.28,,,false,,Focusen,activities/594108273.fit.gz,69.0,7.880000114440918,3811.0,3689.0,30284.099609375,13.0,,331.0,331.6000061035156,115.4000015258789,193.0,33.29999923706055,-0.0019812399987131357,,,,,,,,161.718994140625,665.188232421875,,9.0,,,,,,,,,,,,,,0.0,,,,,,,,,,,,,,,,,,773902.0,,,,,,,,,,,,,,,,,,,,,,,,,""
543141573,"Apr 12, 2016, 1:19:47 PM",Umweg commute,Ride,"",4025,21.25,,,true,,Crossen,activities/543141573.gpx,69.0,8.0,4025.0,3136.0,21250.5,15.199999809265137,,273.0199890136719,249.72000122070312,124.19999694824219,180.10000610351562,37.20000076293945,0.10964400321245193,,,,,,,,207.406005859375,725.22412109375,,,,,,,,,,,,,,,,1.0,,,,,,,,,,,,,,,,,,796239.0,,,,,,,,,,,,,,,,,,,,,,,,,""
546850457,"Apr 16, 2016, 10:04:17 AM",Tempointervaller,Ride,6 x 1 min sone 4/5 - 4 min sone 2 ,5803,47.82,,,false,,Focusen,activities/546850457.gpx,69.0,7.880000114440918,5803.0,5743.0,47826.30078125,16.899999618530273,,677.6649780273438,673.5650024414062,100.30000305175781,199.89999389648438,39.0,0.008572690188884735,,,,,,,,222.08299255371094,1422.0963134765625,,,,,,,,,,,,,,,,0.0,,,,,,,,,,,,,,,,,,773902.0,,,,,,,,,,,,,,,,,,,,,,,,,""
551441261,"Apr 20, 2016, 3:38:52 PM","Dårlig forsøk på struktur, men cool",Ride,"",5028,39.96,,,false,,Focusen,activities/551441261.gpx,69.0,7.880000114440918,5028.0,4868.0,39965.80078125,15.5,,556.5380249023438,559.8380126953125,118.5999984741211,200.0,41.20000076293945,-0.008257060311734676,,,,,,,,217.52200317382812,1180.6702880859375,,,,,,,,,,,,,,,,0.0,,,,,,,,,,,,,,,,,,773902.0,,,,,,,,,,,,,,,,,,,,,,,,,""
553507094,"Apr 22, 2016, 3:54:59 PM",Rolig tur i bakken,Ride,"",4650,28.93,174.0,23,false,,Focusen,activities/553507094.gpx,69.0,7.880000114440918,4650.0,4642.0,28936.900390625,18.700000762939453,,580.9797973632812,579.0800170898438,52.0,521.7000122070312,20.600000381469727,0.006566010881215334,,,,,174.0,143.4332275390625,,165.20733642578125,855.0833740234375,,,23.0,,,,,,,,,,,,,0.0,,,,,,,,,,,,,,,,,,773902.0,,,,,,,,,,,,,,,,,,,,,,,,,""
555101245,"Apr 24, 2016, 8:53:20 AM",Det kunne blitt en god økt...,Ride,... men så begynte det å snø tiddelibom,4667,29.23,185.0,22,false,,Focusen,activities/555101245.gpx,69.0,7.880000114440918,4667.0,4643.0,29237.0,13.800000190734863,,409.14569091796875,412.34600830078125,127.4000015258789,284.5,31.5,-0.010945035144686699,,,,,185.0,140.98680114746094,,156.79171752929688,811.7035522460938,,,22.0,,,,,,,,,,,,,0.0,,,,,,,,,,,,,,,,,,773902.0,,,,,,,,,,,,,,,,,,,,,,,,,media/97277259-3205-4045-8017-059f4942f30a.jpg
558284269,"Apr 27, 2016, 2:25:54 PM",Afternoon Run,Run,,2915,8.29,,,true,,,activities/558284269.gpx,69.0,,2915.0,2880.0,8290.400390625,4.400000095367432,,143.58799743652344,56.987998962402344,54.5,144.5,13.600000381469727,1.0445799827575684,,,,,,,,,746.4699096679688,,,,,,,,,,,,,,,,1.0,,,8804.900390625,,,,,,,,,,,,,,,,,,,,,,,,,,,,,,,,,,,,,,,,""
560874415,"Apr 30, 2016, 12:48:10 PM",Afternoon Run,Run,"",1923,4.18,,,false,,,activities/560874415.gpx,69.0,,1923.0,1696.0,4186.0,4.900000095367432,,88.0531997680664,66.6531982421875,116.0999984741211,153.1999969482422,24.100000381469727,0.5112280249595642,,,,,,,,,370.636474609375,,,,,,,,,,,,,,,,0.0,,,4371.7998046875,,,,,,,,,,,,,,,,,,,,,,,,,,,,,,,,,,,,,,,,""
561886454,"May 1, 2016, 9:59:11 AM",Lunch Ride,Ride,,6009,42.50,,,false,,Focusen,activities/561886454.gpx,69.0,7.880000114440918,6009.0,5852.0,42505.80078125,15.899999618530273,,831.02099609375,830.52099609375,118.0999984741211,432.3999938964844,36.599998474121094,0.0011763100046664476,,,,,,,,210.93499755859375,1376.3466796875,,,,,,,,,,,,,,,,0.0,,,,,,,,,,,,,,,,,,773902.0,,,,,,,,,,,,,,,,,,,,,,,,,""
565089962,"Apr 22, 2016, 3:56:53 PM",Afternoon Ride,Ride,,4508,27.57,173.0,22,false,,Focusen,activities/618865370.fit.gz,69.0,7.880000114440918,4508.0,4462.0,27578.80078125,18.200000762939453,,624.0,613.4000244140625,51.400001525878906,541.0,15.199999809265137,0.03843532130122185,,,129.0,75.40984344482422,173.0,144.67588806152344,,149.49505615234375,743.757080078125,,4.0,22.0,,,,,,,,,,,,,0.0,,,,,,,,,,,,,,,,,,773902.0,,,,,,,,,,,,,,,,,,,,,,,,,""
565267617,"May 4, 2016, 2:33:44 PM",Afternoon Ride på cycelcrossen,Ride,,8601,53.32,,,false,,Crossen,activities/565267617.gpx,69.0,8.0,8601.0,8187.0,53328.6015625,16.100000381469727,,1173.739990234375,1172.93994140625,118.5999984741211,445.0,48.79999923706055,0.0015001300489529967,,,,,,,,228.7480010986328,2088.127197265625,,,,,,,,,,,,,,,,0.0,,,,,,,,,,,,,,,,,,796239.0,,,,,,,,,,,,,,,,,,,,,,,,,""
566438649,"May 5, 2016, 3:42:46 PM",Tryvann =D,Ride,"Egentlig slitne bein fra i går, så fornøyd, og hyggelig å hilse på kjente i bakken! Ett maksdrag og ett på terskel.",5281,33.93,200.0,59,false,,Focusen,activities/566438649.gpx,69.0,7.880000114440918,5281.0,4940.0,33936.8984375,28.5,,829.6580200195312,817.8579711914062,118.5999984741211,522.0,20.200000762939453,0.034770410507917404,,,,,200.0,158.49862670898438,,190.41029357910156,1048.79736328125,,,59.0,,,,,,,,,,,,,0.0,,,,,,,,,,,,,,,,,,773902.0,,,,,,,,,,,,,,,,,,,,,,,,,""
568338692,"May 7, 2016, 11:58:50 AM",Oslo rundt i solskinnet med noen pokaldrag,Ride,"",8252,51.67,194.0,48,false,,Focusen,activities/568338692.gpx,69.0,7.880000114440918,8252.0,7287.0,51678.8984375,27.799999237060547,,668.9502563476562,601.6500244140625,-3.299999952316284,241.6999969482422,30.700000762939453,0.1302272230386734,,,,,194.0,149.3834686279297,,170.16427612304688,1382.5833740234375,,,48.0,,,,,,,,,,,,,0.0,,,,,,,,,,,,,,,,,,773902.0,,,,,,,,,,,,,,,,,,,,,,,,,""
568509676,"May 7, 2016, 11:47:42 AM",Afternoon Ride,Ride,,760,6.27,173.0,3,false,,Focusen,activities/622389625.fit.gz,69.0,7.880000114440918,760.0,760.0,6270.2998046875,12.800000190734863,,40.20000076293945,114.80000305175781,56.79999923706055,131.39999389648438,10.0,-1.189735770225525,,,98.0,80.57210540771484,173.0,138.3085174560547,,128.6050567626953,108.97987365722656,,18.0,3.0,,,,,,,,,,,,,0.0,,,,,,,,,,,,,,,,,,773902.0,,,,,,,,,,,,,,,,,,,,,,,,,""
569476285,"May 8, 2016, 9:23:05 AM",Rundet Tryvann med Erik :-),Ride,4 turer opp med klatremusen!,12891,70.72,179.0,107,false,,Focusen,activities/623398773.fit.gz,69.0,7.880000114440918,12891.0,12352.0,70723.1015625,16.200000762939453,,1895.0,1952.800048828125,1.600000023841858,402.0,40.0,-0.08172719925642014,,,115.0,70.68440246582031,179.0,149.71200561523438,,144.33700561523438,1987.87841796875,,20.0,107.0,,,,,,,,,,,,,0.0,,,,,,,,,,,,,,,,,,773902.0,,,,,,,,,,,,,,,,,,,,,,,,,""
570287632,"May 9, 2016, 6:16:05 AM",Commute,Ride,,3180,7.04,,,false,,Focusen,activities/570287632.gpx,69.0,7.880000114440918,3180.0,1214.0,7044.0,14.600000381469727,,51.487300872802734,140.4873046875,53.900001525878906,157.10000610351562,11.0,-1.2634899616241455,,,,,,,,102.02400207519531,138.1007080078125,,,,,,,,,,,,,,,,0.0,,,,,,,,,,,,,,,,,,773902.0,,,,,,,,,,,,,,,,,,,,,,,,,""
570565095,"May 9, 2016, 2:09:51 PM",Commute/recovery ,Ride,"",2162,13.14,,,true,,Crossen,activities/570565095.gpx,69.0,8.0,2162.0,2125.0,13140.7998046875,12.0,,192.52099609375,130.2209930419922,54.0,170.1999969482422,13.199999809265137,0.47409600019454956,,,,,,,,172.07000732421875,407.6983642578125,,,,,,,,,,,,,,,,1.0,,,,,,,,,,,,,,,,,,796239.0,,,,,,,,,,,,,,,,,,,,,,,,,""
571224846,"May 10, 2016, 5:41:30 AM",Morning Ride,Ride,"",936,6.42,,,true,,Crossen,activities/571224846.gpx,69.0,8.0,936.0,936.0,6424.7998046875,16.100000381469727,,51.44649887084961,137.7465057373047,55.099998474121094,157.10000610351562,9.899999618530273,-1.3432300090789795,,,,,,,,175.81399536132812,183.4865264892578,,,,,,,,,,,,,,,,1.0,,,,,,,,,,,,,,,,,,796239.0,,,,,,,,,,,,,,,,,,,,,,,,,""
571540298,"May 10, 2016, 2:01:58 PM",Commute,Ride,"",1528,8.10,,,true,,Crossen,activities/571540298.gpx,69.0,8.0,1528.0,1468.0,8105.0,12.300000190734863,,182.67100524902344,98.77100372314453,62.099998474121094,162.89999389648438,18.200000762939453,1.035159945487976,,,,,,,,171.99400329589844,281.5232238769531,,,,,,,,,,,,,,,,1.0,,,,,,,,,,,,,,,,,,796239.0,,,,,,,,,,,,,,,,,,,,,,,,,""
571770695,"May 10, 2016, 4:36:18 PM",Rolig tur,Ride,"La inn noen små rykk, men stive bein!",4632,27.60,,,false,,Focusen,activities/571770695.gpx,69.0,7.880000114440918,4632.0,4507.0,27606.80078125,17.0,,576.6510009765625,573.051025390625,54.599998474121094,519.2999877929688,18.0,0.013040300458669662,,,,,,,,158.99200439453125,798.9832763671875,,,,,,,,,,,,,,,,0.0,,,,,,,,,,,,,,,,,,773902.0,,,,,,,,,,,,,,,,,,,,,,,,,""
572295058,"May 11, 2016, 5:40:23 AM",Morning Ride,Ride,"",3099,6.87,,,true,,Crossen,activities/572295058.gpx,69.0,8.0,3099.0,1292.0,6873.0,16.0,,39.6338996887207,136.03390502929688,53.79999923706055,157.5,9.600000381469727,-1.402590036392212,,,,,,,,116.20099639892578,167.39683532714844,,,,,,,,,,,,,,,,1.0,,,,,,,,,,,,,,,,,,796239.0,,,,,,,,,,,,,,,,,,,,,,,,,""
572567673,"May 11, 2016, 1:36:24 PM",Afternoon Ride,Ride,"",1570,6.83,,,true,,Crossen,activities/572567673.gpx,69.0,8.0,1570.0,1525.0,6830.89990234375,20.899999618530273,,141.13499450683594,54.6349983215332,54.400001525878906,157.10000610351562,14.399999618530273,1.2662999629974365,,,,,,,,144.49000549316406,245.6871795654297,,,,,,,,,,,,,,,,1.0,,,,,,,,,,,,,,,,,,796239.0,,,,,,,,,,,,,,,,,,,,,,,,,""
574394349,"May 13, 2016, 5:55:18 AM",Morning Ride,Ride,,705,4.16,,,true,,Focusen,activities/574394349.gpx,69.0,7.880000114440918,705.0,674.0,4161.2998046875,15.0,,26.088899612426758,87.08889770507812,54.0,123.30000305175781,8.600000381469727,-1.4658900499343872,,,,,,,,104.96499633789062,78.88224792480469,,,,,,,,,,,,,,,,1.0,,,,,,,,,,,,,,,,,,773902.0,,,,,,,,,,,,,,,,,,,,,,,,,""
574635665,"May 13, 2016, 12:42:34 PM",Afternoon Ride,Ride,"",1279,6.41,,,true,,Crossen,activities/574635665.gpx,69.0,8.0,1279.0,1248.0,6412.0,12.199999809265137,,140.60800170898438,57.70800018310547,54.70000076293945,157.10000610351562,14.100000381469727,1.292889952659607,,,,,,,,171.3730010986328,238.46896362304688,,,,,,,,,,,,,,,,1.0,,,,,,,,,,,,,,,,,,796239.0,,,,,,,,,,,,,,,,,,,,,,,,,""
574848043,"May 13, 2016, 3:33:37 PM",Tur i nærområdet + tur på Pretzel House ,Ride,"",5810,37.14,,,false,,Focusen,activities/628923678.fit.gz,69.0,7.880000114440918,5810.0,5060.0,37141.5,15.800000190734863,,445.0,440.0,97.0,207.1999969482422,13.399999618530273,0.013461999595165253,,,109.0,80.66729736328125,,,,149.2169952392578,841.8673706054688,,9.0,,,,,,,,,,,,,,0.0,,,,,,,,,,,,,,,,,,773902.0,,,,,,,,,,,,,,,,,,,,,,,,,""
575601860,"May 14, 2016, 9:50:25 AM",Lunch Ride,Ride,,9954,68.31,,,false,,Focusen,activities/629701613.fit.gz,69.0,7.880000114440918,9954.0,9682.0,68316.796875,16.0,,1003.97998046875,1009.8800048828125,51.900001525878906,370.20001220703125,18.600000381469727,-0.008636239916086197,,,122.0,78.50140380859375,,,,162.39700317382812,1753.1453857421875,,8.0,,,,,,,,,,,,,,0.0,,,,,,,,,,,,,,,,,,773902.0,,,,,,,,,,,,,,,,,,,,,,,,,""
577847982,"May 16, 2016, 10:08:40 AM",7x Franzefoss (annenhver over/under terskel),Ride,"",5777,36.45,195.0,44,false,,Focusen,activities/632045019.fit.gz,69.0,7.880000114440918,5777.0,5695.0,36449.6015625,14.0,,804.7930297851562,809.1929931640625,90.0,199.1999969482422,16.0,-0.012071499601006508,,,112.0,78.67549896240234,195.0,149.86300659179688,,161.35800170898438,1024.6112060546875,,14.0,56.0,,,,,,,,,,,,,0.0,,,,,,,,,,,,,,,,,,773902.0,,,,,,,,,,,,,,,,,,,,,,,,,""
578065939,"May 16, 2016, 3:24:22 PM",Afternoon Ride,Ride,"",2022,12.04,,,false,,Crossen,activities/578065939.gpx,69.0,8.0,2022.0,1985.0,12046.7998046875,19.700000762939453,,95.72920227050781,195.32919311523438,43.599998474121094,157.1999969482422,10.600000381469727,-0.8267760276794434,,,,,,,,144.86199951171875,320.61944580078125,,,,,,,,,,,,,,,,0.0,,,,,,,,,,,,,,,,,,796239.0,,,,,,,,,,,,,,,,,,,,,,,,,""
578274183,"May 16, 2016, 6:26:33 PM",Evening Ride,Ride,"",1927,11.05,,,false,,Crossen,activities/578274183.gpx,69.0,8.0,1927.0,1870.0,11055.2998046875,12.300000190734863,,174.51199340820312,78.91200256347656,51.0,157.10000610351562,9.699999809265137,0.8647440075874329,,,,,,,,187.7729949951172,391.5160827636719,,,,,,,,,,,,,,,,0.0,,,,,,,,,,,,,,,,,,796239.0,,,,,,,,,,,,,,,,,,,,,,,,,""
580172076,"May 18, 2016, 3:23:00 PM",Jogg med Numa,Run,Behandling av forstoppet hund!,3170,7.68,,,false,,,activities/580172076.gpx,69.0,,3170.0,2870.0,7683.7998046875,4.900000095367432,,161.2729949951172,156.97300720214844,115.30000305175781,216.60000610351562,17.399999618530273,0.05596189945936203,,,,,,,,,681.215576171875,,,,,,,,,,,,,,,,0.0,,,8035.2001953125,,,,,,,,,,,,,,,,,,,,,,,,,,,,,,,,,,,,,,,,""
581811697,"May 20, 2016, 5:54:09 AM",Morning Ride,Ride,,1108,4.94,,,true,,Focusen,activities/581811697.gpx,69.0,7.880000114440918,1108.0,1026.0,4948.10009765625,14.899999618530273,,38.84230041503906,109.04229736328125,54.79999923706055,133.0,11.899999618530273,-1.4187300205230713,,,,,,,,135.05799865722656,154.5050048828125,,,,,,,,,,,,,,,,1.0,,,,,,,,,,,,,,,,,,773902.0,,,,,,,,,,,,,,,,,,,,,,,,,""
582090621,"May 20, 2016, 1:29:38 PM",Afternoon Ride,Ride,,1629,8.73,,,true,,Focusen,activities/582090621.gpx,69.0,7.880000114440918,1629.0,1426.0,8737.400390625,13.199999809265137,,143.46600341796875,58.465999603271484,53.70000076293945,152.6999969482422,11.199999809265137,0.9728289842605591,,,,,,,,158.85299682617188,252.57467651367188,,,,,,,,,,,,,,,,1.0,,,,,,,,,,,,,,,,,,773902.0,,,,,,,,,,,,,,,,,,,,,,,,,""
582290989,"May 20, 2016, 4:25:17 PM",Brunkollen med doggen,Run,"",4445,10.95,,,false,,,activities/582290989.gpx,69.0,,4445.0,4286.0,10952.900390625,6.5,,305.9580078125,312.3580017089844,126.0999984741211,374.1000061035156,30.399999618530273,-0.05843200162053108,,,,,,,,,994.8975830078125,,,,,,,,,,,,,,,,0.0,,,11735.2001953125,,,,,,,,,,,,,,,,,,,,,,,,,,,,,,,,,,,,,,,,""
583025760,"May 21, 2016, 10:17:43 AM",en middels en hard,Ride,"",7329,45.89,,,false,,Focusen,activities/637371150.fit.gz,69.0,7.880000114440918,7329.0,7202.0,45894.5,14.5,,1003.0,999.2000122070312,129.8000030517578,537.2000122070312,22.399999618530273,0.008279860019683838,,,117.0,76.60900115966797,,,,147.76199340820312,1186.5628662109375,,13.0,,,,,,,,,,,,,,0.0,,,,,,,,,,,,,,,,,,773902.0,,,,,,,,,,,,,,,,,,,,,,,,,""
585581291,"May 23, 2016, 4:36:17 PM",Evening Run,Run,,3561,9.72,,,false,,,activities/585581291.gpx,69.0,,3561.0,3389.0,9722.2998046875,12.800000190734863,,136.2760009765625,132.2760009765625,116.30000305175781,177.89999389648438,17.200000762939453,0.041142500936985016,,,,,,,,,844.1860961914062,,,,,,,,,,,,,,,,0.0,,,9957.5,,,,,,,,,,,,,,,,,,,,,,,,,,,,,,,,,,,,,,,,""
587223235,"May 25, 2016, 5:32:51 AM",Morning Ride,Ride,"",1005,6.49,,,true,,Crossen,activities/587223235.gpx,69.0,8.0,1005.0,993.0,6496.60009765625,13.899999618530273,,52.384300231933594,136.7843017578125,54.900001525878906,157.10000610351562,9.199999809265137,-1.2991399765014648,,,,,,,,151.2480010986328,167.46102905273438,,,,,,,,,,,,,,,,1.0,,,,,,,,,,,,,,,,,,796239.0,,,,,,,,,,,,,,,,,,,,,,,,,""
587573055,"May 25, 2016, 2:13:23 PM",Afternoon Ride,Ride,"",1649,6.56,,,true,,Crossen,activities/587573055.gpx,69.0,8.0,1649.0,1275.0,6563.2001953125,12.199999809265137,,141.85499572753906,56.654998779296875,54.0,157.10000610351562,14.699999809265137,1.2981499433517456,,,,,,,,180.82400512695312,257.06390380859375,,,,,,,,,,,,,,,,1.0,,,,,,,,,,,,,,,,,,796239.0,,,,,,,,,,,,,,,,,,,,,,,,,""
588314422,"May 26, 2016, 6:22:52 AM",Morning Ride,Ride,"",1016,6.37,,,true,,Crossen,activities/588314422.gpx,69.0,8.0,1016.0,992.0,6378.5,13.300000190734863,,51.424198150634766,136.52420043945312,54.5,157.10000610351562,10.399999618530273,-1.3341699838638306,,,,,,,,147.1060028076172,162.71099853515625,,,,,,,,,,,,,,,,1.0,,,,,,,,,,,,,,,,,,796239.0,,,,,,,,,,,,,,,,,,,,,,,,,""
588669316,"May 26, 2016, 2:28:28 PM",Afternoon Ride,Ride,"",1362,6.34,,,true,,Crossen,activities/588669316.gpx,69.0,8.0,1362.0,1298.0,6343.0,11.5,,141.82899475097656,57.229000091552734,54.20000076293945,157.1999969482422,14.100000381469727,1.3337500095367432,,,,,,,,158.91000366210938,229.9856719970703,,,,,,,,,,,,,,,,1.0,,,,,,,,,,,,,,,,,,796239.0,,,,,,,,,,,,,,,,,,,,,,,,,""
588855485,"May 26, 2016, 4:29:48 PM",Korte tempointervaller ,Ride,4/2 min lett/hard,4058,30.71,183.0,36,false,,Focusen,activities/588855485.gpx,69.0,7.880000114440918,4058.0,3929.0,30710.900390625,14.699999809265137,,446.2070007324219,445.60699462890625,118.69999694824219,200.10000610351562,37.29999923706055,0.001953700091689825,,,,,183.0,151.2729949951172,,203.2010040283203,890.1900634765625,,,36.0,,,,,,,,,,,,,0.0,,,,,,,,,,,,,,,,,,773902.0,,,,,,,,,,,,,,,,,,,,,,,,,""
589895476,"May 27, 2016, 4:12:13 PM",Evening Run brunkollen igjen,Run,"",5359,12.24,,,false,,,activities/589895476.gpx,69.0,,5359.0,4885.0,12240.900390625,4.800000190734863,,298.0249938964844,317.625,96.0,374.0,29.5,-0.16011899709701538,,,,,,,,,1100.7186279296875,,,,,,,,,,,,,,,,0.0,,,12983.400390625,,,,,,,,,,,,,,,,,,,,,,,,,,,,,,,,,,,,,,,,""
591737603,"May 29, 2016, 9:10:17 AM",2 på terskel i motvinden,Ride,gikk raskere nedover og hjem igjen!,7424,45.09,186.0,64,false,,Focusen,activities/646354370.fit.gz,69.0,7.880000114440918,7424.0,7148.0,45090.0,17.600000381469727,,1012.0,1011.7999877929688,38.599998474121094,505.3999938964844,22.100000381469727,0.0004435569862835109,,,123.0,76.01270294189453,186.0,145.99600219726562,,156.26499938964844,1245.4351806640625,,11.0,64.0,,,,,,,,,,,,,0.0,,,,,,,,,,,,,,,,,,773902.0,,,,,,,,,,,,,,,,,,,,,,,,,""
592637370,"May 30, 2016, 5:20:54 AM",Morning Ride,Ride,"",1157,6.51,,,true,,Crossen,activities/592637370.gpx,69.0,8.0,1157.0,997.0,6516.7998046875,14.399999618530273,,51.502498626708984,135.20249938964844,54.29999923706055,157.0,9.800000190734863,-1.284369945526123,,,,,,,,147.8699951171875,164.38043212890625,,,,,,,,,,,,,,,,1.0,,,,,,,,,,,,,,,,,,796239.0,,,,,,,,,,,,,,,,,,,,,,,,,""
592942463,"May 30, 2016, 1:45:22 PM",Afternoon Ride,Ride,"",1373,6.34,,,true,,Crossen,activities/592942463.gpx,69.0,8.0,1373.0,1326.0,6343.2001953125,11.899999618530273,,142.86500549316406,56.76499938964844,53.900001525878906,157.10000610351562,16.299999237060547,1.3573600053787231,,,,,,,,165.91000366210938,245.29627990722656,,,,,,,,,,,,,,,,1.0,,,,,,,,,,,,,,,,,,796239.0,,,,,,,,,,,,,,,,,,,,,,,,,""
593137486,"May 30, 2016, 3:18:11 PM",Sykkeltrening i Kollen,Ride,4x6 min ish intervaller for å få opp farten i beina,6590,40.77,,,false,,Focusen,activities/647812135.fit.gz,69.0,7.880000114440918,6590.0,6404.0,40770.0,16.700000762939453,,869.0,866.7999877929688,36.20000076293945,403.6000061035156,40.0,0.00539611978456378,,,120.0,76.2750015258789,,,,146.0749969482422,1043.042724609375,,17.0,,,,,,,,,,,,,,0.0,,,,,,,,,,,,,,,,,,773902.0,,,,,,,,,,,,,,,,,,,,,,,,,""
595305012,"Jun 1, 2016, 5:07:21 PM",2x15 min tempo,Ride,vondt i rygg og knær. kanskje på tide å hvile noen dager =P,4537,36.50,,,false,,Focusen,activities/650038922.fit.gz,69.0,7.880000114440918,4537.0,4415.0,36504.80078125,13.300000190734863,,363.0,359.6000061035156,63.79999923706055,124.4000015258789,10.0,0.009313840419054031,,,119.0,83.29119873046875,,,,163.62899780273438,805.5005493164062,,21.0,,,,,,,,,,,,,,0.0,,,,,,,,,,,,,,,,,,773902.0,,,,,,,,,,,,,,,,,,,,,,,,,""
596866296,"Jun 3, 2016, 7:10:07 AM",Morning Ride,Ride,"",939,6.31,,,true,,Crossen,activities/596866296.gpx,69.0,8.0,939.0,893.0,6317.10009765625,15.300000190734863,,51.05860137939453,136.3585968017578,54.0,157.0,8.600000381469727,-1.3502999544143677,,,,,,,,171.32699584960938,170.5894317626953,,,,,,,,,,,,,,,,1.0,,,,,,,,,,,,,,,,,,796239.0,,,,,,,,,,,,,,,,,,,,,,,,,""
597061228,"Jun 3, 2016, 12:46:50 PM",Commute full fart,Ride,"",968,6.04,,,true,,Focusen,activities/597061228.gpx,69.0,7.880000114440918,968.0,940.0,6040.0,12.199999809265137,,141.74000549316406,48.439998626708984,54.099998474121094,157.0,14.100000381469727,1.544700026512146,,,,,,,,192.25100708007812,201.49827575683594,,,,,,,,,,,,,,,,1.0,,,,,,,,,,,,,,,,,,773902.0,,,,,,,,,,,,,,,,,,,,,,,,,""
598155532,"Jun 4, 2016, 1:19:54 PM",5x Steinshøgda inkl. maksdrag,Ride,"6 min / 7 min / 5 min (maks) / 7 min / 6 min ish

klarte ikke la være..",4415,29.10,194.0,42,false,,Focusen,activities/652963424.fit.gz,69.0,7.880000114440918,4415.0,4250.0,29107.0,15.199999809265137,,622.0,620.0,86.5999984741211,199.1999969482422,36.400001525878906,0.006871200166642666,,,114.0,78.14009857177734,194.0,150.42599487304688,,155.9980010986328,739.2355346679688,,20.0,42.0,,,,,,,,,,,,,0.0,,,,,,,,,,,,,,,,,,773902.0,,,,,,,,,,,,,,,,,,,,,,,,,""
600124118,"Jun 6, 2016, 5:05:17 AM",Morning Ride,Ride,"",969,6.36,,,true,,Crossen,activities/600124118.gpx,69.0,8.0,969.0,937.0,6366.2998046875,14.5,,51.75120162963867,135.95120239257812,54.099998474121094,157.10000610351562,8.899999618530273,-1.3225899934768677,,,,,,,,169.23899841308594,176.81329345703125,,,,,,,,,,,,,,,,1.0,,,,,,,,,,,,,,,,,,796239.0,,,,,,,,,,,,,,,,,,,,,,,,,""
600431904,"Jun 6, 2016, 1:17:01 PM",Afternoon Ride,Ride,"",1190,6.58,,,true,,Crossen,activities/600431904.gpx,69.0,8.0,1190.0,1169.0,6585.7998046875,15.5,,141.88499450683594,55.28499984741211,54.0,157.10000610351562,14.600000381469727,1.3149499893188477,,,,,,,,192.12899780273438,250.4276580810547,,,,,,,,,,,,,,,,1.0,,,,,,,,,,,,,,,,,,796239.0,,,,,,,,,,,,,,,,,,,,,,,,,""
600634662,"Jun 6, 2016, 3:16:17 PM",Der satt den under 19:30,Ride,Spontant syreparty i Kollen. Alt for vanskelig å la være,7121,44.16,,,false,,Focusen,activities/655532817.fit.gz,69.0,7.900000095367432,7121.0,6844.0,44163.3984375,14.600000381469727,,1093.0,1085.800048828125,111.19999694824219,513.0,14.699999809265137,0.01630309224128723,,,114.0,73.97209930419922,,,,158.8748016357422,1212.3846435546875,,16.0,,,,,,,,,,,,,,0.0,,,,,,,,,,,,,,,,,,773902.0,,,,,,,,,,,,,,,,,,,,,,,,,""
601181892,"Jun 7, 2016, 5:21:20 AM",Morning Ride,Ride,"",1167,6.31,,,true,,Crossen,activities/601181892.gpx,69.0,8.0,1167.0,984.0,6310.60009765625,14.5,,50.879600524902344,134.07960510253906,54.0,157.10000610351562,9.399999618530273,-1.3184200525283813,,,,,,,,147.74000549316406,162.09442138671875,,,,,,,,,,,,,,,,1.0,,,,,,,,,,,,,,,,,,796239.0,,,,,,,,,,,,,,,,,,,,,,,,,""
601523712,"Jun 7, 2016, 1:34:43 PM",Afternoon Ride,Ride,"",1530,6.54,,,true,,Crossen,activities/601523712.gpx,69.0,8.0,1530.0,1441.0,6544.89990234375,12.300000190734863,,142.48399353027344,57.58399963378906,54.400001525878906,157.10000610351562,13.300000190734863,1.2971899509429932,,,,,,,,147.7989959716797,237.4708709716797,,,,,,,,,,,,,,,,1.0,,,,,,,,,,,,,,,,,,796239.0,,,,,,,,,,,,,,,,,,,,,,,,,""
602863848,"Jun 8, 2016, 4:58:26 PM",Evening Run,Run,,1481,3.53,,,false,,,activities/602863848.gpx,69.0,,1481.0,1333.0,3532.0,5.199999809265137,,56.91400146484375,64.31400299072266,116.0999984741211,170.3000030517578,12.800000190734863,-0.20951299369335175,,,,,,,,,304.45806884765625,,,,,,,,,,,,,,,,0.0,,,3591.199951171875,,,,,,,,,,,,,,,,,,,,,,,,,,,,,,,,,,,,,,,,""
608018175,"Jun 13, 2016, 12:33:18 PM",Afternoon Run,Run,"",2990,6.46,,,false,,,activities/608018175.gpx,69.0,,2990.0,2628.0,6462.39990234375,6.199999809265137,,270.9110107421875,274.4110107421875,158.5,405.79998779296875,35.79999923706055,-0.05415939912199974,,,,,,,,,612.5615844726562,,,,,,,,,,,,,,,,0.0,,,7225.39990234375,,,,,,,,,,,,,,,,,,,,,,,,,,,,,,,,,,,,,,,,""
612025662,"Jun 17, 2016, 1:36:00 PM",5x OBV med pappaperm-bein,Ride,"",6081,36.12,,,false,,Focusen,activities/667400904.fit.gz,69.0,7.880000114440918,6081.0,5623.0,36123.8984375,15.0,,858.5089721679688,861.3090209960938,57.70000076293945,316.79998779296875,12.399999618530273,-0.007751100230962038,,,106.0,75.28620147705078,,,,184.69900512695312,1157.9971923828125,,12.0,,,,,,,,,,,,,,0.0,,,,,,,,,,,,,,,,,,773902.0,,,,,,,,,,,,,,,,,,,,,,,,,""
614023262,"Jun 19, 2016, 10:54:34 AM",Lunch Ride,Ride,,5774,39.98,,,false,,Focusen,activities/669484369.fit.gz,69.0,7.880000114440918,5774.0,5673.0,39986.3984375,16.100000381469727,,729.0,732.7999877929688,-11.600000381469727,505.6000061035156,12.699999809265137,-0.009503230452537537,,,109.0,77.96610260009766,,,,157.9250030517578,998.93798828125,,16.0,,,,,,,,,,,,,,0.0,,,,,,,,,,,,,,,,,,773902.0,,,,,,,,,,,,,,,,,,,,,,,,,""
616083054,"Jun 21, 2016, 12:34:55 PM",Afternoon Run med doggen ,Run,Mistet vel 1.5 km på gps krøll der,4090,8.67,,,false,,,activities/616083054.gpx,69.0,,4090.0,3643.0,8678.7998046875,5.199999809265137,,127.68599700927734,139.48599243164062,105.30000305175781,216.89999389648438,21.899999618530273,-0.13596299290657043,,,,,,,,,758.5424194335938,,,,,,,,,,,,,,,,0.0,,,8947.2998046875,,,,,,,,,,,,,,,,,,,,,,,,,,,,,,,,,,,,,,,,""
617051543,"Jun 22, 2016, 8:48:07 AM",2 ganske harde turer opp,Ride,"",6788,42.17,,,false,,Focusen,activities/672663583.fit.gz,69.0,7.880000114440918,6788.0,6681.0,42172.1015625,16.200000762939453,,1056.0,1051.800048828125,82.4000015258789,483.3999938964844,18.600000381469727,0.009959190152585506,,,,,,,,154.86500549316406,1153.63818359375,,16.0,,,,,,,,,,,,,,0.0,,,,,,,,,,,,,,,,,,773902.0,,,,,,,,,,,,,,,,,,,,,,,,,""
618455806,"Jun 23, 2016, 3:55:53 PM",kjapp/rask tur til Lommedalen,Ride,"",4004,32.31,,,false,,Focusen,activities/674167072.fit.gz,69.0,7.880000114440918,4004.0,3981.0,32316.0,16.600000381469727,,433.0,370.20001220703125,64.5999984741211,228.60000610351562,13.300000190734863,0.19433100521564484,,,,,,,,178.37100219726562,791.755859375,,15.0,,,,,,,,,,,,,,0.0,,,,,,,,,,,,,,,,,,773902.0,,,,,,,,,,,,,,,,,,,,,,,,,""
622201679,"Jun 27, 2016, 5:07:55 AM",Tilbake på jobb,Ride,"",950,6.37,,,true,,Crossen,activities/622201679.gpx,69.0,8.0,950.0,934.0,6375.60009765625,14.899999618530273,,51.62770080566406,135.92770385742188,54.0,157.10000610351562,8.5,-1.3222299814224243,,,,,,,,166.31399536132812,173.20106506347656,,,,,,,,,,,,,,,,1.0,,,,,,,,,,,,,,,,,,796239.0,,,,,,,,,,,,,,,,,,,,,,,,,""
622466602,"Jun 27, 2016, 12:57:37 PM",Afternoon Ride,Ride,,1158,6.73,,,true,,Focusen,activities/622466602.gpx,69.0,7.880000114440918,1158.0,1158.0,6738.2998046875,23.5,,142.0800018310547,56.380001068115234,53.900001525878906,157.0,14.199999809265137,1.2718299627304077,,,,,,,,162.2530059814453,209.49620056152344,,,,,,,,,,,,,,,,1.0,,,,,,,,,,,,,,,,,,773902.0,,,,,,,,,,,,,,,,,,,,,,,,,""
623187209,"Jun 28, 2016, 6:20:51 AM",Morning Ride,Ride,"",1042,6.48,,,true,,Crossen,activities/623187209.gpx,69.0,8.0,1042.0,941.0,6480.2001953125,17.299999237060547,,50.53269958496094,135.03269958496094,54.400001525878906,157.0,9.899999618530273,-1.3039699792861938,,,,,,,,176.68099975585938,185.37635803222656,,,,,,,,,,,,,,,,1.0,,,,,,,,,,,,,,,,,,796239.0,,,,,,,,,,,,,,,,,,,,,,,,,""
623473560,"Jun 28, 2016, 1:30:20 PM",Afternoon Ride,Ride,"",1205,6.49,,,true,,Crossen,activities/623473560.gpx,69.0,8.0,1205.0,1159.0,6491.2001953125,16.799999237060547,,143.38999938964844,60.689998626708984,53.900001525878906,157.3000030517578,15.5,1.2740299701690674,,,,,,,,195.6300048828125,252.80970764160156,,,,,,,,,,,,,,,,1.0,,,,,,,,,,,,,,,,,,796239.0,,,,,,,,,,,,,,,,,,,,,,,,,""
624251366,"Jun 29, 2016, 6:10:29 AM",Morning Ride,Ride,"",982,6.20,,,true,,Crossen,activities/624251366.gpx,69.0,8.0,982.0,970.0,6199.89990234375,13.0,,51.9734992980957,136.27349853515625,53.900001525878906,157.10000610351562,9.600000381469727,-1.3596999645233154,,,,,,,,144.22999572753906,155.99195861816406,,,,,,,,,,,,,,,,1.0,,,,,,,,,,,,,,,,,,796239.0,,,,,,,,,,,,,,,,,,,,,,,,,""
624570783,"Jun 29, 2016, 2:09:59 PM",Afternoon Ride,Ride,"",1255,6.23,,,true,,Crossen,activities/624570783.gpx,69.0,8.0,1255.0,1207.0,6233.39990234375,11.0,,140.9550018310547,56.35499954223633,54.400001525878906,157.1999969482422,13.600000381469727,1.357200026512146,,,,,,,,185.43899536132812,249.56472778320312,,,,,,,,,,,,,,,,1.0,,,,,,,,,,,,,,,,,,796239.0,,,,,,,,,,,,,,,,,,,,,,,,,""
627742145,"Jul 2, 2016, 2:58:52 PM",Afternoon Ride,Ride,,7072,50.55,,,false,,Focusen,activities/685900042.fit.gz,69.0,7.880000114440918,7072.0,6835.0,50554.5,15.800000190734863,,683.0,689.2000122070312,124.0,328.3999938964844,20.200000762939453,-0.012264000251889229,,,,,,,,147.31900024414062,1122.7218017578125,,12.0,,,,,,,,,,,,,,0.0,,,,,,,,,,,,,,,,,,773902.0,,,,,,,,,,,,,,,,,,,,,,,,,""
629430032,"Jul 4, 2016, 6:03:24 AM",Morning Ride,Ride,"",1039,6.25,,,true,,Crossen,activities/629430032.gpx,69.0,8.0,1039.0,1020.0,6251.60009765625,13.600000381469727,,51.5442008972168,136.3441925048828,54.0,157.0,9.399999618530273,-1.3564499616622925,,,,,,,,127.13999938964844,144.59632873535156,,,,,,,,,,,,,,,,1.0,,,,,,,,,,,,,,,,,,796239.0,,,,,,,,,,,,,,,,,,,,,,,,,""
629708180,"Jul 4, 2016, 1:05:24 PM",Afternoon Ride,Ride,"",1238,6.27,,,true,,Crossen,activities/629708180.gpx,69.0,8.0,1238.0,1205.0,6270.60009765625,11.899999618530273,,141.44500732421875,58.44499969482422,54.5,157.10000610351562,13.800000190734863,1.323639988899231,,,,,,,,175.76400756835938,236.15211486816406,,,,,,,,,,,,,,,,1.0,,,,,,,,,,,,,,,,,,796239.0,,,,,,,,,,,,,,,,,,,,,,,,,""
631645069,"Jul 6, 2016, 5:37:58 AM",Morning Ride,Ride,"",826,6.20,,,true,,Crossen,activities/631645069.gpx,69.0,8.0,826.0,824.0,6199.2001953125,17.0,,50.569400787353516,136.26939392089844,53.900001525878906,157.10000610351562,10.0,-1.3824399709701538,,,,,,,,171.3179931640625,157.40013122558594,,,,,,,,,,,,,,,,1.0,,,,,,,,,,,,,,,,,,796239.0,,,,,,,,,,,,,,,,,,,,,,,,,""
631980414,"Jul 6, 2016, 1:32:05 PM",Afternoon Ride,Ride,,1410,8.05,,,true,,Crossen,activities/631980414.gpx,69.0,8.0,1410.0,1352.0,8050.2998046875,11.899999618530273,,154.8179931640625,74.91799926757812,63.70000076293945,157.0,18.600000381469727,0.9925100207328796,,,,,,,,185.6929931640625,279.9284973144531,,,,,,,,,,,,,,,,1.0,,,,,,,,,,,,,,,,,,796239.0,,,,,,,,,,,,,,,,,,,,,,,,,""
632764658,"Jul 7, 2016, 5:31:55 AM",Morning Ride,Ride,,976,6.21,,,true,,Focusen,activities/632764658.gpx,69.0,7.880000114440918,976.0,833.0,6213.0,16.200000762939453,,50.692100524902344,136.59210205078125,53.900001525878906,157.0,8.899999618530273,-1.382580041885376,,,,,,,,132.0659942626953,122.66223907470703,,,,,,,,,,,,,,,,1.0,,,,,,,,,,,,,,,,,,773902.0,,,,,,,,,,,,,,,,,,,,,,,,,""
632883089,"Jul 7, 2016, 8:50:00 AM",Morning Ride,Ride,,1304,6.39,,,true,,Focusen,activities/632883089.gpx,69.0,7.880000114440918,1304.0,1225.0,6392.2001953125,11.899999618530273,,141.7030029296875,58.40299987792969,53.900001525878906,157.0,13.699999809265137,1.3031500577926636,,,,,,,,162.06900024414062,221.36599731445312,,,,,,,,,,,,,,,,1.0,,,,,,,,,,,,,,,,,,773902.0,,,,,,,,,,,,,,,,,,,,,,,,,""
633293222,"Jul 7, 2016, 3:38:18 PM",Afternoon Ride i Tryvann,Ride,"Denne gangen med mer moderat medvind.

Særdeles mye fluer + glemte briller :)))",6203,38.47,202.0,52,false,,Focusen,activities/695574695.fit.gz,69.0,7.880000114440918,6203.0,6014.0,38472.6015625,15.300000190734863,,980.874267578125,986.073974609375,76.0999984741211,522.0,19.600000381469727,-0.01351611316204071,,,,,202.0,153.62179565429688,,172.03814697265625,1153.6197509765625,,16.0,52.0,,,,,,,,,,,,,0.0,,,,,,,,,,,,,,,,,,773902.0,,,,,,,,,,,,,,,,,,,,,,,,,""
634867194,"Jul 9, 2016, 8:36:40 AM",Morning Run,Run,,3269,8.66,,,false,,,activities/634867194.gpx,69.0,,3269.0,3046.0,8661.2001953125,5.400000095367432,,192.43099975585938,192.7310028076172,106.80000305175781,224.39999389648438,22.399999618530273,-0.0034637199714779854,,,,,,,,,767.8511352539062,,,,,,,,,,,,,,,,0.0,,,9057.099609375,,,,,,,,,,,,,,,,,,,,,,,,,,,,,,,,,,,,,,,,""
637140450,"Jul 11, 2016, 6:12:58 AM",Morning Ride,Ride,,996,6.25,,,true,,Focusen,activities/637140450.gpx,69.0,7.880000114440918,996.0,996.0,6252.2001953125,13.399999618530273,,52.04079818725586,135.9407958984375,54.400001525878906,157.10000610351562,9.100000381469727,-1.3419300317764282,,,,,,,,103.63700103759766,115.09303283691406,,,,,,,,,,,,,,,,1.0,,,,,,,,,,,,,,,,,,773902.0,,,,,,,,,,,,,,,,,,,,,,,,,""
637415751,"Jul 11, 2016, 1:32:02 PM",Afternoon Ride,Ride,"",1231,6.33,,,true,,Crossen,activities/637415751.gpx,69.0,8.0,1231.0,1134.0,6330.39990234375,11.699999809265137,,141.22300720214844,58.92300033569336,55.099998474121094,157.10000610351562,15.300000190734863,1.3000799417495728,,,,,,,,196.23399353027344,248.1202392578125,,,,,,,,,,,,,,,,1.0,,,,,,,,,,,,,,,,,,796239.0,,,,,,,,,,,,,,,,,,,,,,,,,""
639340119,"Jul 13, 2016, 7:54:05 AM",Morning Ride,Ride,,1109,6.26,,,true,,Focusen,activities/639340119.gpx,69.0,7.880000114440918,1109.0,884.0,6267.7001953125,15.800000190734863,,51.887901306152344,136.68789672851562,53.79999923706055,157.0,9.199999809265137,-1.352970004081726,,,,,,,,131.41000366210938,129.52557373046875,,,,,,,,,,,,,,,,1.0,,,,,,,,,,,,,,,,,,773902.0,,,,,,,,,,,,,,,,,,,,,,,,,""
639756487,"Jul 13, 2016, 1:51:44 PM","Stort sett rolig tur i sol, regn og torden",Ride,"",11151,74.18,,,false,,Focusen,activities/705818557.fit.gz,69.0,7.880000114440918,11151.0,10429.0,74183.8984375,17.200000762939453,,802.0,721.2000122070312,58.0,304.3999938964844,33.29999923706055,0.10891900211572647,,,,,,,,131.27999877929688,1526.56787109375,,15.0,,,,,,,,,,,,,,0.0,,,,,,,,,,,,,,,,,,773902.0,,,,,,,,,,,,,,,,,,,,,,,,,""
642997930,"Jul 16, 2016, 4:05:19 PM",3/3min tempointervaller i sørkedalen,Ride,"",5664,47.68,,,false,,Focusen,activities/709269563.fit.gz,69.0,7.880000114440918,5664.0,5569.0,47680.80078125,14.100000381469727,,470.0,471.6000061035156,139.0,212.0,9.5,-0.003355649998411536,,,,,,,,170.56399536132812,1059.1060791015625,,16.0,,,,,,,,,,,,,,0.0,,,,,,,,,,,,,,,,,,773902.0,,,,,,,,,,,,,,,,,,,,,,,,,""
645339627,"Jul 18, 2016, 5:06:13 PM",Tidsklemme i OBV,Ride,"",5133,30.71,201.0,49,false,,Focusen,activities/711770035.fit.gz,69.0,7.880000114440918,5133.0,4752.0,30716.900390625,17.200000762939453,,742.0,743.4000244140625,127.0,313.79998779296875,13.5,-0.004557750187814236,,,,,201.0,158.1020050048828,,160.26800537109375,849.1768188476562,,16.0,56.0,,,,,,,,,,,,,0.0,,,,,,,,,,,,,,,,,,773902.0,,,,,,,,,,,,,,,,,,,,,,,,,""
647404704,"Jul 20, 2016, 7:37:50 AM",Morning Ride,Ride,,870,6.09,,,false,,Focusen,activities/713977200.fit.gz,69.0,7.880000114440918,870.0,870.0,6098.2001953125,13.699999809265137,,52.0,143.1999969482422,60.400001525878906,163.1999969482422,8.800000190734863,-1.495519995689392,,,,,,,,89.98159790039062,87.28665161132812,,19.0,,,,,,,,,,,,,,0.0,,,,,,,,,,,,,,,,,,773902.0,,,,,,,,,,,,,,,,,,,,,,,,,""
647404756,"Jul 20, 2016, 12:41:15 PM",Cross i tryvann og omegn,Ride,"Rolig tempo, men når grusbakkene bikker 16% stigning blir det fryktelig slitsomt allikevel...",6732,34.58,,,false,,Crossen,activities/713977221.fit.gz,69.0,8.0,6732.0,6507.0,34587.5,14.600000381469727,,839.0,743.4000244140625,80.5999984741211,539.7999877929688,28.399999618530273,0.27639999985694885,,,,,,,,162.29400634765625,1177.492431640625,,21.0,,,,,,,,,,,,,,0.0,,,,,,,,,,,,,,,,,,796239.0,,,,,,,,,,,,,,,,,,,,,,,,,""
649326943,"Jul 22, 2016, 7:18:10 AM",Commute,Ride,"",1649,5.83,,,true,,Focusen,activities/649326943.gpx,69.0,7.880000114440918,1649.0,1641.0,5835.7001953125,15.0,,51.91939926147461,144.51939392089844,54.0,157.0,9.800000190734863,-1.5867799520492554,,,,,,,,104.30699920654297,190.85208129882812,,,,,,,,,,,,,,,,1.0,,,,,,,,,,,,,,,,,,773902.0,,,,,,,,,,,,,,,,,,,,,,,,,""
649591509,"Jul 22, 2016, 1:45:23 PM",Afternoon Ride,Ride,,1369,7.49,,,true,,Focusen,activities/649591509.gpx,69.0,7.880000114440918,1369.0,1365.0,7497.2001953125,11.899999618530273,,158.1439971923828,73.14399719238281,54.0,157.0,25.100000381469727,1.1337599754333496,,,,,,,,144.6280059814453,220.1201934814453,,,,,,,,,,,,,,,,1.0,,,,,,,,,,,,,,,,,,773902.0,,,,,,,,,,,,,,,,,,,,,,,,,""
651833080,"Jul 24, 2016, 11:21:57 AM",10x Steinshøgda,Ride,"Første 9 på terskel, siste mer trøkk for å  melke ut det siste lille... ",7212,48.52,,,false,,Focusen,activities/718720921.fit.gz,69.0,7.880000114440918,7212.0,7098.0,48527.80078125,14.399999618530273,,1118.0,1115.199951171875,-3.5999999046325684,119.0,16.399999618530273,0.005769889801740646,,,,,,,,158.70700073242188,1256.050048828125,,23.0,,,,,,,,,,,,,,0.0,,,,,,,,,,,,,,,,,,773902.0,,,,,,,,,,,,,,,,,,,,,,,,,""
654956180,"Jul 27, 2016, 7:07:14 AM",Morning Ride,Ride,,1726,6.45,,,true,,Focusen,activities/654956180.gpx,69.0,7.880000114440918,1726.0,1141.0,6449.7998046875,13.899999618530273,,50.874000549316406,135.37399291992188,53.79999923706055,157.10000610351562,10.600000381469727,-1.3101199865341187,,,,,,,,98.15509796142578,124.8743896484375,,,,,,,,,,,,,,,,1.0,,,,,,,,,,,,,,,,,,773902.0,,,,,,,,,,,,,,,,,,,,,,,,,""
655200471,"Jul 27, 2016, 12:46:58 PM",Afternoon Ride,Ride,,1144,6.35,,,true,,Focusen,activities/655200471.gpx,69.0,7.880000114440918,1144.0,1143.0,6356.2998046875,12.5,,141.91900634765625,62.61899948120117,54.29999923706055,157.10000610351562,13.800000190734863,1.2475800514221191,,,,,,,,154.3699951171875,196.73606872558594,,,,,,,,,,,,,,,,1.0,,,,,,,,,,,,,,,,,,773902.0,,,,,,,,,,,,,,,,,,,,,,,,,""
657459453,"Jul 29, 2016, 7:07:47 AM",Morning Ride,Ride,,733,5.72,,,false,,Focusen,activities/724754589.fit.gz,69.0,7.880000114440918,733.0,733.0,5723.7998046875,13.899999618530273,,49.0,141.60000610351562,64.5999984741211,169.8000030517578,8.300000190734863,-1.6178100109100342,,,,,,,,109.61199951171875,89.58534240722656,,16.0,,,,,,,,,,,,,,0.0,,,,,,,,,,,,,,,,,,773902.0,,,,,,,,,,,,,,,,,,,,,,,,,""
657459570,"Jul 29, 2016, 12:20:46 PM",Tur i Tryvann med Erik og nikolai,Ride,"Hadde flaks og møtte på Nikolai og Erik på de to siste turene opp - hyggelig! Første draget ble plutselig maksdrag, og helsprekk under broen =D",9655,56.20,,,false,,Focusen,activities/724754609.fit.gz,69.0,7.900000095367432,9655.0,9253.0,56204.69921875,16.899999618530273,,1542.0,1446.4000244140625,56.0,522.2000122070312,50.0,0.17009253799915314,,,,,,,,158.39852905273438,1634.217529296875,,16.0,,,,,,,,,,,,,,0.0,,,,,,,,,,,,,,,,,,773902.0,,,,,,,,,,,,,,,,,,,,,,,,,""
660538186,"Aug 1, 2016, 6:22:35 AM",Morning Ride,Ride,,825,6.11,,,true,,Focusen,activities/660538186.gpx,69.0,7.880000114440918,825.0,825.0,6111.10009765625,13.600000381469727,,51.1880989074707,140.68809509277344,53.79999923706055,157.0,9.0,-1.4645500183105469,,,,,,,,124.62300109863281,114.63758087158203,,,,,,,,,,,,,,,,1.0,,,,,,,,,,,,,,,,,,773902.0,,,,,,,,,,,,,,,,,,,,,,,,,""
660821292,"Aug 1, 2016, 12:44:16 PM",Afternoon Ride,Ride,,1207,6.29,,,true,,Focusen,activities/660821292.gpx,69.0,7.880000114440918,1207.0,1184.0,6298.2998046875,11.5,,141.1699981689453,57.369998931884766,54.599998474121094,157.10000610351562,14.399999618530273,1.3305200338363647,,,,,,,,147.8699951171875,195.21206665039062,,,,,,,,,,,,,,,,1.0,,,,,,,,,,,,,,,,,,773902.0,,,,,,,,,,,,,,,,,,,,,,,,,""
667548498,"Aug 7, 2016, 9:39:35 AM",Lunch Ride,Ride,Forsøk på å få igang kroppen etter forkjølelse :-),6182,42.47,195.0,70,false,,Focusen,activities/736114977.fit.gz,69.0,7.880000114440918,6182.0,6040.0,42472.69921875,15.300000190734863,,699.0,674.4000244140625,97.0,500.6000061035156,13.300000190734863,0.05791959911584854,,,,,195.0,157.00900268554688,,152.3280029296875,1025.8681640625,,14.0,70.0,,,,,,,,,,,,,0.0,,,,,,,,,,,,,,,,,,773902.0,,,,,,,,,,,,,,,,,,,,,,,,,""
668575572,"Aug 8, 2016, 6:43:46 AM",Morning Ride,Ride,,1383,6.18,,,true,,Focusen,activities/668575572.gpx,69.0,7.880000114440918,1383.0,1025.0,6186.7998046875,12.600000381469727,,52.05849838256836,135.1584930419922,53.900001525878906,157.0,11.399999618530273,-1.3431799411773682,,,,,,,,101.10199737548828,115.54695129394531,,,,,,,,,,,,,,,,1.0,,,,,,,,,,,,,,,,,,773902.0,,,,,,,,,,,,,,,,,,,,,,,,,""
668940073,"Aug 8, 2016, 2:50:24 PM",Afternoon Ride,Ride,,1327,6.32,,,true,,Focusen,activities/668940073.gpx,69.0,7.880000114440918,1327.0,1272.0,6325.2001953125,13.0,,142.62899780273438,61.229000091552734,53.900001525878906,157.10000610351562,13.399999618530273,1.2869199514389038,,,,,,,,139.78199768066406,198.25001525878906,,,,,,,,,,,,,,,,1.0,,,,,,,,,,,,,,,,,,773902.0,,,,,,,,,,,,,,,,,,,,,,,,,""
669767083,"Aug 9, 2016, 8:32:13 AM",Morning Ride,Ride,"",2414,6.24,,,true,,Crossen,activities/669767083.gpx,69.0,8.0,2414.0,915.0,6244.5,14.199999809265137,,51.604000091552734,137.50399780273438,55.5,157.0,9.399999618530273,-1.3756099939346313,,,,,,,,149.67799377441406,152.70523071289062,,,,,,,,,,,,,,,,1.0,,,,,,,,,,,,,,,,,,796239.0,,,,,,,,,,,,,,,,,,,,,,,,,""
670078460,"Aug 9, 2016, 2:37:23 PM",Afternoon Ride,Ride,"",1159,6.28,,,true,,Crossen,activities/670078460.gpx,69.0,8.0,1159.0,1159.0,6286.0,11.899999618530273,,142.0749969482422,63.375,54.20000076293945,157.10000610351562,13.600000381469727,1.2519899606704712,,,,,,,,185.2570037841797,239.40484619140625,,,,,,,,,,,,,,,,1.0,,,,,,,,,,,,,,,,,,796239.0,,,,,,,,,,,,,,,,,,,,,,,,,""
670145294,"Aug 9, 2016, 3:35:06 PM",Afternoon Run,Run,"",1756,4.30,,,false,,,activities/670145294.gpx,69.0,,1756.0,1580.0,4300.5,4.300000190734863,,40.38719940185547,40.287200927734375,116.19999694824219,151.10000610351562,13.899999618530273,0.002325309906154871,,,,,,,,,371.2044982910156,,,,,,,,,,,,,,,,0.0,,,4378.5,,,,,,,,,,,,,,,,,,,,,,,,,,,,,,,,,,,,,,,,""
670917393,"Aug 10, 2016, 7:23:01 AM",Morning Ride,Ride,"",1446,6.15,,,true,,Crossen,activities/670917393.gpx,69.0,8.0,1446.0,1013.0,6153.7001953125,14.600000381469727,,50.97840118408203,140.7783966064453,54.0,157.0,9.600000381469727,-1.459280014038086,,,,,,,,133.18800354003906,150.4351806640625,,,,,,,,,,,,,,,,1.0,,,,,,,,,,,,,,,,,,796239.0,,,,,,,,,,,,,,,,,,,,,,,,,""
671230443,"Aug 10, 2016, 2:07:24 PM",Afternoon Ride,Ride,"",1550,6.33,,,true,,Focusen,activities/671230443.gpx,69.0,7.880000114440918,1550.0,1344.0,6337.60009765625,11.0,,142.072998046875,59.17300033569336,54.20000076293945,157.1999969482422,14.100000381469727,1.3080699443817139,,,,,,,,150.1929931640625,225.07322692871094,,,,,,,,,,,,,,,,1.0,,,,,,,,,,,,,,,,,,773902.0,,,,,,,,,,,,,,,,,,,,,,,,,""
673128186,"Aug 12, 2016, 7:59:42 AM",Morning Ride,Ride,"",1047,6.21,,,true,,Crossen,activities/673128186.gpx,69.0,8.0,1047.0,956.0,6215.89990234375,13.5,,52.62220001220703,139.9221954345703,53.900001525878906,157.10000610351562,9.899999618530273,-1.4044599533081055,,,,,,,,148.1269989013672,157.89450073242188,,,,,,,,,,,,,,,,1.0,,,,,,,,,,,,,,,,,,796239.0,,,,,,,,,,,,,,,,,,,,,,,,,""
673369498,"Aug 12, 2016, 1:17:22 PM",Afternoon Ride,Ride,"",1661,6.86,,,true,,Crossen,activities/673369498.gpx,69.0,8.0,1661.0,1585.0,6864.2001953125,11.300000190734863,,147.47000122070312,66.97000122070312,54.20000076293945,147.0,16.600000381469727,1.1727499961853027,,,,,,,,175.68600463867188,310.4854736328125,,,,,,,,,,,,,,,,1.0,,,,,,,,,,,,,,,,,,796239.0,,,,,,,,,,,,,,,,,,,,,,,,,""
675885626,"Aug 14, 2016, 11:40:42 AM",Afternoon Ride,Ride,Stengt ved Skaret - skiltet kunne godt kommet tidligere enn 150 meter før der veien stengte... ,14252,100.14,195.0,139,false,,Focusen,activities/745174237.fit.gz,69.0,7.880000114440918,14252.0,13587.0,100143.3984375,14.300000190734863,,1417.0885009765625,1395.18994140625,3.799999952316284,346.79998779296875,16.700000762939453,0.021868640556931496,,,,,195.0,160.50640869140625,,172.79010009765625,2617.682861328125,,18.0,139.0,,,,,,,,,,,,,0.0,,,,,,,,,,,,,,,,,,773902.0,,,,,,,,,,,,,,,,,,,,,,,,,""
676542953,"Aug 15, 2016, 6:34:59 AM",Morning Ride,Ride,"",1501,8.92,,,true,,Crossen,activities/676542953.gpx,69.0,8.0,1501.0,1468.0,8922.7001953125,12.199999809265137,,51.897701263427734,136.49769592285156,54.599998474121094,152.5,10.699999809265137,-0.9481430053710938,,,,,,,,131.89500427246094,215.88836669921875,,,,,,,,,,,,,,,,1.0,,,,,,,,,,,,,,,,,,796239.0,,,,,,,,,,,,,,,,,,,,,,,,,""
676898990,"Aug 15, 2016, 1:42:29 PM",Afternoon Ride,Ride,,1167,6.29,,,true,,Focusen,activities/676898990.gpx,69.0,7.880000114440918,1167.0,1157.0,6294.39990234375,12.199999809265137,,141.8280029296875,60.12799835205078,54.0,157.10000610351562,13.800000190734863,1.2979799509048462,,,,,,,,147.38099670410156,190.1295928955078,,,,,,,,,,,,,,,,1.0,,,,,,,,,,,,,,,,,,773902.0,,,,,,,,,,,,,,,,,,,,,,,,,""
677738370,"Aug 16, 2016, 7:30:30 AM",Morning Ride,Ride,"",925,6.17,,,true,,Crossen,activities/677738370.gpx,69.0,8.0,925.0,925.0,6171.10009765625,14.600000381469727,,51.25120162963867,139.95120239257812,54.79999923706055,157.0,9.899999618530273,-1.4373500347137451,,,,,,,,147.81500244140625,152.45269775390625,,,,,,,,,,,,,,,,1.0,,,,,,,,,,,,,,,,,,796239.0,,,,,,,,,,,,,,,,,,,,,,,,,""
678036492,"Aug 16, 2016, 1:11:42 PM",Afternoon Ride,Ride,"",1949,9.92,,,true,,Crossen,activities/678036492.gpx,69.0,8.0,1949.0,1814.0,9926.2001953125,10.600000381469727,,156.0290069580078,72.3290023803711,54.20000076293945,154.0,13.300000190734863,0.843222975730896,,,,,,,,161.81700134277344,327.2926940917969,,,,,,,,,,,,,,,,1.0,,,,,,,,,,,,,,,,,,796239.0,,,,,,,,,,,,,,,,,,,,,,,,,""
678925899,"Aug 17, 2016, 6:28:38 AM",Morning Ride,Ride,,1166,6.29,,,true,,Focusen,activities/678925899.gpx,69.0,7.880000114440918,1166.0,917.0,6291.5,14.0,,51.37779998779297,135.0778045654297,54.20000076293945,157.10000610351562,10.100000381469727,-1.3303699493408203,,,,,,,,120.00299835205078,122.69766998291016,,,,,,,,,,,,,,,,1.0,,,,,,,,,,,,,,,,,,773902.0,,,,,,,,,,,,,,,,,,,,,,,,,""
679350106,"Aug 17, 2016, 1:14:14 PM",Afternoon Ride,Ride,,1806,10.99,,,true,,Focusen,activities/679350106.gpx,69.0,7.880000114440918,1806.0,1767.0,10990.2001953125,10.399999618530273,,173.11900329589844,90.01899719238281,54.099998474121094,153.3000030517578,13.399999618530273,0.7561280131340027,,,,,,,,144.95399475097656,285.5890808105469,,,,,,,,,,,,,,,,1.0,,,,,,,,,,,,,,,,,,773902.0,,,,,,,,,,,,,,,,,,,,,,,,,""
681364424,"Aug 19, 2016, 8:21:29 AM",Morning Run,Run,"",3274,8.55,,,false,,,activities/681364424.gpx,69.0,,3274.0,3109.0,8551.7998046875,5.800000190734863,,114.50199890136719,114.60199737548828,386.29998779296875,444.8999938964844,19.200000762939453,-0.0011693399865180254,,,,,,,,,746.953125,,,,,,,,,,,,,,,,0.0,,,8810.599609375,,,,,,,,,,,,,,,,,,,,,,,,,,,,,,,,,,,,,,,,media/d62f7f3f-d792-4407-8087-aa8fd26d92ce.jpg
684549541,"Aug 22, 2016, 5:01:16 AM",Morning Ride,Ride,"",873,6.20,,,true,,Focusen,activities/684549541.gpx,69.0,7.880000114440918,873.0,867.0,6204.10009765625,14.0,,50.980201721191406,138.7801971435547,54.099998474121094,157.0,8.699999809265137,-1.4151899814605713,,,,,,,,127.06300354003906,122.83243560791016,,,,,,,,,,,,,,,,1.0,,,,,,,,,,,,,,,,,,773902.0,,,,,,,,,,,,,,,,,,,,,,,,,""
684844521,"Aug 22, 2016, 12:43:00 PM",Afternoon Ride,Ride,"",1435,6.33,,,true,,Crossen,activities/684844521.gpx,69.0,8.0,1435.0,1315.0,6336.60009765625,12.399999618530273,,141.7449951171875,56.744998931884766,54.099998474121094,157.10000610351562,15.199999809265137,1.3414100408554077,,,,,,,,173.51800537109375,254.4164276123047,,,,,,,,,,,,,,,,1.0,,,,,,,,,,,,,,,,,,796239.0,,,,,,,,,,,,,,,,,,,,,,,,,""
685650098,"Aug 23, 2016, 5:33:43 AM",Morning Ride,Ride,"",976,6.21,,,true,,Crossen,activities/685650098.gpx,69.0,8.0,976.0,955.0,6214.2998046875,14.399999618530273,,51.25519943237305,134.7552032470703,54.20000076293945,157.0,8.800000190734863,-1.3436800241470337,,,,,,,,157.84100341796875,168.0730438232422,,,,,,,,,,,,,,,,1.0,,,,,,,,,,,,,,,,,,796239.0,,,,,,,,,,,,,,,,,,,,,,,,,""
686016478,"Aug 23, 2016, 1:03:30 PM",Afternoon Ride,Ride,,1223,6.43,,,true,,Focusen,activities/686016478.gpx,69.0,7.880000114440918,1223.0,1199.0,6436.39990234375,12.699999809265137,,142.06399536132812,48.56399917602539,53.5,157.39999389648438,13.800000190734863,1.452679991722107,,,,,,,,144.4949951171875,193.17320251464844,,,,,,,,,,,,,,,,1.0,,,,,,,,,,,,,,,,,,773902.0,,,,,,,,,,,,,,,,,,,,,,,,,""
687558606,"Aug 24, 2016, 4:40:56 AM",Morning Ride,Ride,,975,6.13,,,false,,Focusen,activities/757762311.fit.gz,69.0,7.880000114440918,975.0,960.0,6129.7001953125,12.800000190734863,,58.0,151.39999389648438,-61.400001525878906,44.20000076293945,10.699999809265137,-1.5237300395965576,,,,,,,,77.12920379638672,82.55909729003906,,14.0,,,,,,,,,,,,,,0.0,,,,,,,,,,,,,,,,,,773902.0,,,,,,,,,,,,,,,,,,,,,,,,,""
687558620,"Aug 21, 2016, 3:15:43 PM",Afternoon Ride,Ride,,4268,27.33,,,false,,Focusen,activities/757762297.fit.gz,69.0,7.880000114440918,4268.0,4064.0,27333.599609375,15.199999809265137,,556.0,559.5999755859375,89.0,486.0,13.699999809265137,-0.013170599937438965,,,,,,,,151.54100036621094,686.6868286132812,,16.0,,,,,,,,,,,,,,0.0,,,,,,,,,,,,,,,,,,773902.0,,,,,,,,,,,,,,,,,,,,,,,,,""
687558898,"Aug 24, 2016, 1:14:56 PM",Kan de skilte sykkelveiene på romerike????,Ride,"",14810,88.22,,,false,,Focusen,activities/757762348.fit.gz,69.0,7.880000114440918,14810.0,12693.0,88227.203125,14.5,,854.218994140625,769.718994140625,54.099998474121094,256.6000061035156,17.200000762939453,0.09577549993991852,,,,,,,,137.80099487304688,1950.2554931640625,,13.0,,,,,,,,,,,,,,0.0,,,,,,,,,,,,,,,,,,773902.0,,,,,,,,,,,,,,,,,,,,,,,,,""
688150598,"Aug 25, 2016, 5:14:03 AM",Tungt å sykle nedoverbakker i dag,Ride,"",2303,6.40,,,true,,Crossen,activities/688150598.gpx,69.0,8.0,2303.0,1035.0,6407.7001953125,13.399999618530273,,52.06269836425781,136.86270141601562,54.29999923706055,157.10000610351562,10.0,-1.3234100341796875,,,,,,,,129.57899475097656,149.5373992919922,,,,,,,,,,,,,,,,1.0,,,,,,,,,,,,,,,,,,796239.0,,,,,,,,,,,,,,,,,,,,,,,,,""
688502474,"Aug 25, 2016, 1:16:08 PM",Afternoon Ride,Ride,,1342,6.28,,,true,,Crossen,activities/688502474.gpx,69.0,8.0,1342.0,1320.0,6284.0,12.0,,142.05999755859375,52.060001373291016,54.70000076293945,157.60000610351562,13.600000381469727,1.4322099685668945,,,,,,,,159.5260009765625,234.7903594970703,,,,,,,,,,,,,,,,1.0,,,,,,,,,,,,,,,,,,796239.0,,,,,,,,,,,,,,,,,,,,,,,,,""
690836023,"Aug 27, 2016, 11:34:07 AM",Afternoon Ride,Ride,,11939,74.11,,,false,,Focusen,activities/761279693.fit.gz,69.0,7.880000114440918,11939.0,11381.0,74116.203125,17.299999237060547,,1384.0,1419.800048828125,24.600000381469727,470.0,14.699999809265137,-0.04830250144004822,,,,,,,,141.4029998779297,1794.3779296875,,17.0,,,,,,,,,,,,,,0.0,,,,,,,,,,,,,,,,,,773902.0,,,,,,,,,,,,,,,,,,,,,,,,,""
692398535,"Aug 28, 2016, 1:06:19 PM",Afternoon Ride,Ride,,3629,28.49,,,false,,Focusen,activities/762953960.fit.gz,69.0,7.880000114440918,3629.0,3613.0,28496.400390625,15.699999809265137,,270.5,270.8999938964844,8.600000381469727,157.10000610351562,11.100000381469727,-0.0014036899665370584,,,,,,,,174.56300354003906,703.2261962890625,,12.0,,,,,,,,,,,,,,0.0,,,,,,,,,,,,,,,,,,773902.0,,,,,,,,,,,,,,,,,,,,,,,,,""
692893047,"Aug 29, 2016, 5:48:37 AM",Morning Ride,Ride,"",7255,6.33,,,true,,Crossen,activities/692893047.gpx,69.0,8.0,7255.0,1043.0,6332.2998046875,16.399999618530273,,49.5359992980957,133.63600158691406,54.0,157.0,12.100000381469727,-1.3281099796295166,,,,,,,,133.27999877929688,154.997314453125,,,,,,,,,,,,,,,,1.0,,,,,,,,,,,,,,,,,,796239.0,,,,,,,,,,,,,,,,,,,,,,,,,""
693174511,"Aug 29, 2016, 1:11:24 PM",Afternoon Ride,Ride,,1357,6.30,,,true,,Crossen,activities/693174511.gpx,69.0,8.0,1357.0,1229.0,6305.2001953125,10.5,,141.97999572753906,56.58000183105469,54.099998474121094,157.10000610351562,14.0,1.3544399738311768,,,,,,,,175.3679962158203,240.3129119873047,,,,,,,,,,,,,,,,1.0,,,,,,,,,,,,,,,,,,796239.0,,,,,,,,,,,,,,,,,,,,,,,,,""
694372396,"Aug 30, 2016, 1:00:54 PM",Bilen på verksted...,Ride,... tror egentlig racern også bør på verksted!,5972,34.05,,,false,,Focusen,activities/765092825.fit.gz,69.0,7.880000114440918,5972.0,5550.0,34056.1015625,16.0,,675.0,639.5999755859375,60.599998474121094,384.0,13.399999618530273,0.10394600033760071,,,,,,,,136.81300354003906,846.633056640625,,14.0,,,,,,,,,,,,,,0.0,,,,,,,,,,,,,,,,,,773902.0,,,,,,,,,,,,,,,,,,,,,,,,,""
695190097,"Aug 31, 2016, 5:45:03 AM",Morning Ride,Ride,,1080,6.22,,,true,,Crossen,activities/695190097.gpx,69.0,8.0,1080.0,990.0,6226.89990234375,14.0,,51.23040008544922,135.43040466308594,54.400001525878906,157.10000610351562,9.300000190734863,-1.3522000312805176,,,,,,,,136.9290008544922,151.14907836914062,,,,,,,,,,,,,,,,1.0,,,,,,,,,,,,,,,,,,796239.0,,,,,,,,,,,,,,,,,,,,,,,,,""
695559316,"Aug 31, 2016, 1:27:27 PM",Afternoon Ride,Ride,,2447,14.30,,,true,,Crossen,activities/695559316.gpx,69.0,8.0,2447.0,2447.0,14301.0,11.699999809265137,,132.9409942626953,102.74099731445312,54.70000076293945,132.39999389648438,11.699999809265137,0.21117399632930756,,,,,,,,145.33399963378906,396.5299987792969,,,,,,,,,,,,,,,,1.0,,,,,,,,,,,,,,,,,,796239.0,,,,,,,,,,,,,,,,,,,,,,,,,""
697719448,"Sep 2, 2016, 7:49:38 AM","4 bakker med gode ben, faktisk",Ride,"",12028,80.07,,,false,,Focusen,activities/768794476.fit.gz,69.0,7.880000114440918,12028.0,11560.0,80077.5,17.100000381469727,,1342.0,1342.4000244140625,6.0,521.5999755859375,12.5,-0.0004995160270482302,,,,,,,,149.96800231933594,1932.99755859375,,14.0,,,,,,,,,,,,,,0.0,,,,,,,,,,,,,,,,,,773902.0,,,,,,,,,,,,,,,,,,,,,,,,,""
702490659,"Sep 6, 2016, 7:00:07 AM",Todtnauberg-Feldberg walk,Walk,"",22102,18.54,,,false,,,activities/702490659.gpx,69.0,,22102.0,14639.0,18542.80078125,6.099999904632568,,580.8140258789062,742.8140258789062,996.5,1490.0999755859375,42.29999923706055,-0.8736540079116821,,,,,,,,,1572.03857421875,,,,,,,,,,,,,,,,0.0,,,,,,,,,,,,,,,,,,,,,,,,,,,,,,,,,,,,,,,,,,,media/dc25ce7c-0744-4508-a051-a0061fc395c3.jpg|media/568a4c33-916d-4ff4-b0ab-777e44fd0651.jpg
703691223,"Sep 7, 2016, 7:49:17 AM",Belchen-todtnauberg spasi,Walk,"",23103,24.88,,,false,,,activities/703691223.gpx,69.0,,23103.0,18663.0,24879.900390625,8.699999809265137,,890.7670288085938,1209.366943359375,1008.2999877929688,1397.5999755859375,49.400001525878906,-1.2805500030517578,,,,,,,,,2109.291015625,,,,,,,,,,,,,,,,0.0,,,,,,,,,,,,,,,,,,,,,,,,,,,,,,,,,,,,,,,,,,,media/e3129d43-b2f9-4ba2-93d6-4ada66ab039e.jpg
704509675,"Sep 8, 2016, 4:27:05 AM",Før soloppgang climb,Run,"",4354,10.70,,,false,,,activities/704509675.gpx,69.0,,4354.0,4234.0,10703.099609375,5.199999809265137,,394.35699462890625,399.1570129394531,1020.2999877929688,1385.0999755859375,32.099998474121094,-0.0448467992246151,,,,,,,,,994.3634643554688,,,,,,,,,,,,,,,,0.0,,,11728.900390625,,,,,,,,,,,,,,,,,,,,,,,,,,,,,,,,,,,,,,,,media/4530d06c-2208-4881-8530-0023e9161985.jpg|media/cfd4e73d-c638-438c-9ef5-a22aaf6268f2.jpg
706733989,"Sep 10, 2016, 8:13:47 AM",Morning Walk,Run,"",2493,3.83,,,false,,,activities/706733989.gpx,69.0,,2493.0,2206.0,3834.5,3.5999999046325684,,70.1249008178711,70.32489776611328,359.0,420.5,19.799999237060547,-0.005215799901634455,,,,,,,,,342.9561767578125,,,,,,,,,,,,,,,,0.0,,,4045.300048828125,,,,,,,,,,,,,,,,,,,,,,,,,,,,,,,,,,,,,,,,""
708519723,"Sep 11, 2016, 1:33:47 PM",Weiselberg rundtur,Run,,4323,12.59,,,false,,,activities/708519723.gpx,69.0,,4323.0,4270.0,12597.400390625,5.900000095367432,,278.7439880371094,280.6440124511719,382.8999938964844,484.70001220703125,26.399999618530273,-0.01508249994367361,,,,,,,,,1123.4732666015625,,,,,,,,,,,,,,,,0.0,,,13251.7998046875,,,,,,,,,,,,,,,,,,,,,,,,,,,,,,,,,,,,,,,,""
709934258,"Sep 12, 2016, 5:26:57 PM",Evening Run,Run,"",2806,3.84,,,false,,ASICS Dynamic Duomax Fluidfit Allround,activities/709934258.gpx,69.0,,2806.0,2339.0,3840.199951171875,4.099999904632568,,70.21810150146484,68.61810302734375,359.29998779296875,419.79998779296875,19.799999237060547,0.041664499789476395,,,,,,,,,341.91339111328125,,,,,,,,,,,,,,,,0.0,,,4033.0,,,,,,,,,,,,,,,,2271521.0,,,,,,,,,,,,,,,,,,,,,,,,""
712245984,"Sep 14, 2016, 4:46:18 PM",Intervaller leitersweilerstraße osv med Tanja :)),Run,"",3793,9.41,,,false,,ASICS Dynamic Duomax Fluidfit Allround,activities/712245984.gpx,69.0,,3793.0,3661.0,9412.2001953125,6.199999809265137,,253.302001953125,249.40199279785156,360.29998779296875,429.79998779296875,29.600000381469727,0.0414355993270874,,,,,,,,,853.20654296875,,,,,,,,,,,,,,,,0.0,,,10063.900390625,,,,,,,,,,,,,,,,2271521.0,,,,,,,,,,,,,,,,,,,,,,,,""
713186907,"Sep 15, 2016, 12:40:49 PM",Weiselberg gipfeltour & bahnstraße,Run,"",7884,20.27,,,false,,ASICS Dynamic Duomax Fluidfit Allround,activities/713186907.gpx,69.0,,7884.0,7693.0,20269.19921875,5.400000095367432,,477.4540100097656,475.7539978027344,356.5,560.2999877929688,35.5,0.008387110196053982,,,,,,,,,1841.203125,,,,,,,,,,,,,,,,0.0,,,21717.69921875,,,,,,,,,,,,,,,,2271521.0,,,,,,,,,,,,,,,,,,,,,,,,media/dfc22706-91a2-48b4-a1de-3a1222f730e7.jpg
718402812,"Sep 19, 2016, 1:04:55 PM",Levert bil,Ride,"",4697,28.18,,,false,,Focusen,activities/791515625.fit.gz,69.0,7.880000114440918,4697.0,4169.0,28188.5,15.5,,365.0,356.0,57.599998474121094,171.0,14.699999809265137,0.03192789852619171,,,,,,,,133.61099243164062,621.08203125,,18.0,,,,,,,,,,,,,,0.0,,,,,,,,,,,,,,,,,,773902.0,,,,,,,,,,,,,,,,,,,,,,,,,""
718431855,"Sep 20, 2016, 5:32:26 AM",Morning Ride,Ride,,1729,6.27,,,true,,Crossen,activities/718431855.gpx,69.0,8.0,1729.0,970.0,6276.0,15.399999618530273,,51.756900787353516,136.6569061279297,54.599998474121094,157.0,9.800000190734863,-1.3527699708938599,,,,,,,,149.81900024414062,162.0367431640625,,,,,,,,,,,,,,,,1.0,,,,,,,,,,,,,,,,,,796239.0,,,,,,,,,,,,,,,,,,,,,,,,,""
718782341,"Sep 20, 2016, 1:45:39 PM",Afternoon Ride,Ride,,1311,6.29,,,true,,Crossen,activities/718782341.gpx,69.0,8.0,1311.0,1269.0,6295.2998046875,12.300000190734863,,142.3000030517578,59.20000076293945,54.400001525878906,157.10000610351562,14.5,1.3200299739837646,,,,,,,,174.46800231933594,246.8608856201172,,,,,,,,,,,,,,,,1.0,,,,,,,,,,,,,,,,,,796239.0,,,,,,,,,,,,,,,,,,,,,,,,,""
719591243,"Sep 21, 2016, 5:23:30 AM",Morning Ride,Ride,,1072,6.18,,,true,,Crossen,activities/719591243.gpx,69.0,8.0,1072.0,988.0,6182.5,15.100000381469727,,51.24760055541992,135.64759826660156,53.900001525878906,157.10000610351562,10.5,-1.3651399612426758,,,,,,,,144.81199645996094,159.52780151367188,,,,,,,,,,,,,,,,1.0,,,,,,,,,,,,,,,,,,796239.0,,,,,,,,,,,,,,,,,,,,,,,,,""
719935830,"Sep 21, 2016, 1:32:53 PM",Afternoon Ride,Ride,,1425,6.25,,,true,,Crossen,activities/719935830.gpx,69.0,8.0,1425.0,1381.0,6253.0,11.600000381469727,,141.4980010986328,58.097999572753906,54.20000076293945,157.10000610351562,15.0,1.3337600231170654,,,,,,,,153.7689971923828,236.77581787109375,,,,,,,,,,,,,,,,1.0,,,,,,,,,,,,,,,,,,796239.0,,,,,,,,,,,,,,,,,,,,,,,,,""
721069016,"Sep 22, 2016, 1:47:29 PM",Afternoon Ride,Ride,,1652,9.74,,,true,,Crossen,activities/721069016.gpx,69.0,8.0,1652.0,1648.0,9748.0,11.100000381469727,,150.35000610351562,66.8499984741211,54.20000076293945,151.10000610351562,13.0,0.8565859794616699,,,,,,,,183.66200256347656,337.48260498046875,,,,,,,,,,,,,,,,1.0,,,,,,,,,,,,,,,,,,796239.0,,,,,,,,,,,,,,,,,,,,,,,,,""
721835255,"Sep 23, 2016, 6:34:00 AM",Morning Ride,Ride,,1114,6.15,,,true,,Crossen,activities/721835255.gpx,69.0,8.0,1114.0,1063.0,6153.60009765625,14.899999618530273,,52.07720184326172,139.877197265625,54.900001525878906,157.0,8.899999618530273,-1.4268100261688232,,,,,,,,121.06900024414062,143.49642944335938,,,,,,,,,,,,,,,,1.0,,,,,,,,,,,,,,,,,,796239.0,,,,,,,,,,,,,,,,,,,,,,,,,""
722129473,"Sep 23, 2016, 1:11:15 PM",Afternoon Ride,Ride,,3447,6.40,,,true,,Crossen,activities/722129473.gpx,69.0,8.0,3447.0,1483.0,6407.7998046875,11.199999809265137,,141.28599548339844,58.58599853515625,54.5,157.10000610351562,15.5,1.2906099557876587,,,,,,,,158.677001953125,262.3795471191406,,,,,,,,,,,,,,,,1.0,,,,,,,,,,,,,,,,,,796239.0,,,,,,,,,,,,,,,,,,,,,,,,,""
723229357,"Sep 24, 2016, 10:21:44 AM",Lunch Ride,Ride,,5061,32.73,,,false,,Focusen,activities/797019310.fit.gz,69.0,7.880000114440918,5061.0,4824.0,32732.19921875,14.899999618530273,,649.0,644.7999877929688,40.0,528.5999755859375,12.5,0.012831400148570538,,,,,,,,155.10800170898438,834.2886962890625,,11.0,,,,,,,,,,,,,,0.0,,,,,,,,,,,,,,,,,,773902.0,,,,,,,,,,,,,,,,,,,,,,,,,""
724164879,"Sep 25, 2016, 9:28:10 AM",Lunch Run,Run,,3129,8.84,,,false,,,activities/724164879.gpx,69.0,,3129.0,3124.0,8847.900390625,5.5,,136.33700561523438,154.13699340820312,90.0999984741211,177.10000610351562,29.0,-0.20117799937725067,,,,,,,,,765.791015625,,,,,,,,,,,,,,,,0.0,,,9032.7998046875,,,,,,,,,,,,,,,,,,,,,,,,,,,,,,,,,,,,,,,,""
725410956,"Sep 26, 2016, 7:58:20 AM",Morning Ride,Ride,,1397,8.66,,,true,,Crossen,activities/725410956.gpx,69.0,8.0,1397.0,1357.0,8659.0,12.600000381469727,,45.1775016784668,130.27749633789062,54.400001525878906,147.5,9.0,-0.9827920198440552,,,,,,,,136.86000061035156,207.0767059326172,,,,,,,,,,,,,,,,1.0,,,,,,,,,,,,,,,,,,796239.0,,,,,,,,,,,,,,,,,,,,,,,,,""
725669379,"Sep 26, 2016, 2:09:30 PM",Afternoon Ride,Ride,,2696,6.74,,,true,,Crossen,activities/725669379.gpx,69.0,8.0,2696.0,1528.0,6743.7998046875,11.800000190734863,,141.64599609375,60.84600067138672,54.400001525878906,157.1999969482422,14.0,1.198140025138855,,,,,,,,144.28500366210938,245.8212432861328,,,,,,,,,,,,,,,,1.0,,,,,,,,,,,,,,,,,,796239.0,,,,,,,,,,,,,,,,,,,,,,,,,""
728965809,"Sep 29, 2016, 2:20:20 PM",Afternoon Ride,Ride,,1154,6.29,,,true,,Crossen,activities/728965809.gpx,69.0,8.0,1154.0,1126.0,6298.10009765625,12.5,,141.36099243164062,61.46099853515625,54.400001525878906,157.10000610351562,13.300000190734863,1.2686400413513184,,,,,,,,192.36199951171875,241.50856018066406,,,,,,,,,,,,,,,,1.0,,,,,,,,,,,,,,,,,,796239.0,,,,,,,,,,,,,,,,,,,,,,,,,""
729514850,"Sep 30, 2016, 6:16:32 AM",Morning Ride,Ride,,856,6.20,,,false,,Crossen,activities/729514850.gpx,69.0,8.0,856.0,853.0,6199.39990234375,14.300000190734863,,51.54069900512695,136.44070434570312,53.900001525878906,157.0,8.800000190734863,-1.3694900274276733,,,,,,,,164.54800415039062,156.5007781982422,,,,,,,,,,,,,,,,0.0,,,,,,,,,,,,,,,,,,796239.0,,,,,,,,,,,,,,,,,,,,,,,,,""
729817357,"Sep 30, 2016, 2:08:15 PM",Afternoon Ride,Ride,,1291,6.33,,,false,,Crossen,activities/729817357.gpx,69.0,8.0,1291.0,1245.0,6330.5,12.699999809265137,,141.63900756835938,56.93899917602539,54.599998474121094,157.10000610351562,14.100000381469727,1.3379700183868408,,,,,,,,169.59800720214844,235.43170166015625,,,,,,,,,,,,,,,,0.0,,,,,,,,,,,,,,,,,,796239.0,,,,,,,,,,,,,,,,,,,,,,,,,""
730593413,"Oct 1, 2016, 8:49:04 AM",2x tryvann,Ride,ett maksdrag (kom meg under 20 igjen...) og ett rolig - siste for året?,6726,37.76,,,false,,Focusen,activities/805465113.fit.gz,69.0,7.880000114440918,6726.0,6213.0,37760.80078125,14.399999618530273,,945.0,953.7999877929688,110.5999984741211,522.4000244140625,37.5,-0.02330460026860237,,,103.0,78.22039794921875,,,,148.47999572753906,1028.594482421875,,10.0,,,,,,,,,,,,,,0.0,,,,,,,,,,,,,,,,,,773902.0,,,,,,,,,,,,,,,,,,,,,,,,,""
732788829,"Oct 3, 2016, 6:51:50 AM",Morning Ride,Ride,,964,6.25,,,true,,Crossen,activities/732788829.gpx,69.0,8.0,964.0,964.0,6251.7001953125,15.800000190734863,,51.52560043334961,135.12559509277344,55.20000076293945,157.10000610351562,9.699999809265137,-1.3372399806976318,,,,,,,,150.3520050048828,161.6073455810547,,,,,,,,,,,,,,,,1.0,,,,,,,,,,,,,,,,,,796239.0,,,,,,,,,,,,,,,,,,,,,,,,,""
733112426,"Oct 3, 2016, 2:06:39 PM",Afternoon Ride,Ride,,1129,5.60,,,true,,Focusen,activities/733112426.gpx,69.0,7.900000095367432,1129.0,1126.0,5600.2998046875,14.899999618530273,,152.44400024414062,64.44400024414062,54.20000076293945,153.6999969482422,30.200000762939453,1.5713399648666382,,,,,,,,161.77999877929688,203.11317443847656,,,,,,,,,,,,,,,,1.0,,,,,,,,,,,,,,,,,,773902.0,,,,,,,,,,,,,,,,,,,,,,,,,""
733745314,"Oct 4, 2016, 6:06:16 AM",Morning Ride,Ride,,1118,6.15,,,true,,Crossen,activities/733745314.gpx,69.0,8.0,1118.0,983.0,6155.39990234375,13.199999809265137,,50.43259811401367,135.23260498046875,54.400001525878906,157.10000610351562,9.800000190734863,-1.3776500225067139,,,,,,,,132.5189971923828,145.2467803955078,,,,,,,,,,,,,,,,1.0,,,,,,,,,,,,,,,,,,796239.0,,,,,,,,,,,,,,,,,,,,,,,,,""
734092767,"Oct 4, 2016, 2:06:30 PM",Afternoon Ride,Ride,,1825,9.80,,,true,,Crossen,activities/734092767.gpx,69.0,8.0,1825.0,1611.0,9806.400390625,11.0,,151.7729949951172,72.072998046875,54.5,151.0,12.899999618530273,0.8127350211143494,,,,,,,,188.8800048828125,339.2785339355469,,,,,,,,,,,,,,,,1.0,,,,,,,,,,,,,,,,,,796239.0,,,,,,,,,,,,,,,,,,,,,,,,,""
734858567,"Oct 5, 2016, 6:36:56 AM",Morning Ride,Ride,,1149,6.25,,,true,,Crossen,activities/734858567.gpx,69.0,8.0,1149.0,1060.0,6249.10009765625,13.399999618530273,,52.67599868774414,138.9759979248047,54.70000076293945,157.0,9.699999809265137,-1.38100004196167,,,,,,,,126.56700134277344,149.58953857421875,,,,,,,,,,,,,,,,1.0,,,,,,,,,,,,,,,,,,796239.0,,,,,,,,,,,,,,,,,,,,,,,,,""
735158375,"Oct 5, 2016, 1:43:13 PM",Afternoon Ride,Ride,,1273,6.28,,,true,,Crossen,activities/735158375.gpx,69.0,8.0,1273.0,1269.0,6286.7001953125,11.899999618530273,,141.81500244140625,58.915000915527344,54.0,157.1999969482422,13.5,1.318660020828247,,,,,,,,171.07699584960938,242.06283569335938,,,,,,,,,,,,,,,,1.0,,,,,,,,,,,,,,,,,,796239.0,,,,,,,,,,,,,,,,,,,,,,,,,""
735947029,"Oct 6, 2016, 6:14:11 AM",Morning Ride,Ride,,5323,6.96,,,true,,Crossen,activities/735947029.gpx,69.0,8.0,5323.0,1247.0,6965.2998046875,12.699999809265137,,50.133201599121094,134.2332000732422,54.29999923706055,146.60000610351562,19.399999618530273,-1.2074099779129028,,,,,,,,135.02499389648438,187.73944091796875,,,,,,,,,,,,,,,,1.0,,,,,,,,,,,,,,,,,,796239.0,,,,,,,,,,,,,,,,,,,,,,,,,""
736188376,"Oct 6, 2016, 1:29:26 PM",Afternoon Ride,Ride,,1355,6.65,,,true,,Crossen,activities/736188376.gpx,69.0,8.0,1355.0,1272.0,6650.39990234375,11.5,,141.23199462890625,91.23200225830078,54.79999923706055,157.0,14.899999618530273,0.751833975315094,,,,,,,,163.26199340820312,231.5512237548828,,,,,,,,,,,,,,,,1.0,,,,,,,,,,,,,,,,,,796239.0,,,,,,,,,,,,,,,,,,,,,,,,,""
736927862,"Oct 7, 2016, 6:13:45 AM",Morning Ride,Ride,,4234,6.17,,,true,,Crossen,activities/736927862.gpx,69.0,8.0,4234.0,929.0,6173.10009765625,13.600000381469727,,51.61970138549805,137.21969604492188,54.0,157.0,9.300000190734863,-1.3866599798202515,,,,,,,,151.97500610351562,157.4210205078125,,,,,,,,,,,,,,,,1.0,,,,,,,,,,,,,,,,,,796239.0,,,,,,,,,,,,,,,,,,,,,,,,,""
737184501,"Oct 7, 2016, 1:35:08 PM",Afternoon Ride,Ride,,4415,11.13,,,true,,Crossen,activities/737184501.gpx,69.0,8.0,4415.0,3733.0,11129.599609375,10.399999618530273,,178.0850067138672,87.58499908447266,54.29999923706055,170.6999969482422,15.600000381469727,0.8131470084190369,,,,,,,,88.8197021484375,369.69378662109375,,,,,,,,,,,,,,,,1.0,,,,,,,,,,,,,,,,,,796239.0,,,,,,,,,,,,,,,,,,,,,,,,,""
737977146,"Oct 8, 2016, 8:48:51 AM",Morning Ride,Ride,"",8524,54.19,,,false,,Crossen,activities/814027373.fit.gz,69.0,8.0,8524.0,8343.0,54190.0,15.199999809265137,,840.0,839.0,62.599998474121094,463.6000061035156,22.600000381469727,0.0018453600350767374,,,,,,,,171.29299926757812,1593.4437255859375,,5.0,,,,,,,,,,,,,,0.0,,,,,,,,,,,,,,,,,,796239.0,,,,,,,,,,,,,,,,,,,,,,,,,""
740125652,"Oct 10, 2016, 6:19:15 AM",Morning Ride,Ride,,2083,6.23,,,true,,Crossen,activities/740125652.gpx,69.0,8.0,2083.0,1012.0,6236.7001953125,14.0,,51.43980026245117,135.43980407714844,54.5,157.10000610351562,9.300000190734863,-1.346869945526123,,,,,,,,132.6020050048828,149.6254425048828,,,,,,,,,,,,,,,,1.0,,,,,,,,,,,,,,,,,,796239.0,,,,,,,,,,,,,,,,,,,,,,,,,""
740456138,"Oct 10, 2016, 1:51:15 PM",Omvei hjem ,Ride,"",4975,26.48,,,true,,Crossen,activities/816882509.fit.gz,69.0,8.0,4975.0,4863.0,26487.599609375,11.600000381469727,,576.0,479.3999938964844,-10.199999809265137,350.20001220703125,26.899999618530273,0.36469900608062744,,,,,,,,161.3209991455078,874.7219848632812,,4.0,,,,,,,,,,,,,,1.0,,,,,,,,,,,,,,,,,,796239.0,,,,,,,,,,,,,,,,,,,,,,,,,""
741074756,"Oct 11, 2016, 5:52:44 AM",Morning Ride,Ride,,1013,6.27,,,true,,Crossen,activities/741074756.gpx,69.0,8.0,1013.0,987.0,6275.60009765625,16.0,,52.014801025390625,135.11480712890625,53.900001525878906,157.0,11.199999809265137,-1.324180006980896,,,,,,,,138.54800415039062,152.47276306152344,,,,,,,,,,,,,,,,1.0,,,,,,,,,,,,,,,,,,796239.0,,,,,,,,,,,,,,,,,,,,,,,,,""
741447190,"Oct 11, 2016, 2:14:45 PM",Afternoon Ride,Ride,,2813,15.16,,,false,,Focusen,activities/818021666.fit.gz,69.0,7.900000095367432,2813.0,2793.0,15159.599609375,12.0,,328.0,227.0,41.599998474121094,209.60000610351562,23.100000381469727,0.6662449836730957,,,,,,,,131.7899932861328,410.4197692871094,,3.0,,,,,,,,,,,,,,0.0,,,,,,,,,,,,,,,,,,773902.0,,,,,,,,,,,,,,,,,,,,,,,,,""
742162599,"Oct 12, 2016, 6:58:19 AM",Morning Ride,Ride,,4339,6.32,,,true,,Focusen,activities/742162599.gpx,69.0,7.900000095367432,4339.0,979.0,6320.89990234375,14.600000381469727,,50.457000732421875,135.5570068359375,53.900001525878906,157.10000610351562,9.399999618530273,-1.3463300466537476,,,,,,,,114.2490005493164,124.71249389648438,,,,,,,,,,,,,,,,1.0,,,,,,,,,,,,,,,,,,773902.0,,,,,,,,,,,,,,,,,,,,,,,,,""
742528693,"Oct 12, 2016, 1:41:21 PM",Afternoon Ride,Ride,"",6748,40.06,,,true,,Crossen,activities/819263540.fit.gz,69.0,8.0,6748.0,6410.0,40067.6015625,14.199999809265137,,630.0,528.2000122070312,92.0,395.79998779296875,19.600000381469727,0.2540709972381592,,,,,,,,173.71200561523438,1241.5457763671875,,1.0,,,,,,,,,,,,,,1.0,,,,,,,,,,,,,,,,,,796239.0,,,,,,,,,,,,,,,,,,,,,,,,,""
743242623,"Oct 13, 2016, 9:10:55 AM",Lunch Ride,Ride,,2055,6.20,,,true,,Crossen,activities/743242623.gpx,69.0,8.0,2055.0,1010.0,6201.7998046875,13.199999809265137,,51.075199127197266,137.67520141601562,54.5,157.0,10.699999809265137,-1.3963700532913208,,,,,,,,138.27499389648438,155.7183837890625,,,,,,,,,,,,,,,,1.0,,,,,,,,,,,,,,,,,,796239.0,,,,,,,,,,,,,,,,,,,,,,,,,""
743441344,"Oct 13, 2016, 2:15:37 PM",Afternoon Ride,Ride,,1342,6.40,,,true,,Crossen,activities/743441344.gpx,69.0,8.0,1342.0,1306.0,6404.10009765625,11.199999809265137,,141.26100158691406,62.06100082397461,54.5,157.10000610351562,14.100000381469727,1.2367099523544312,,,,,,,,161.61199951171875,235.33778381347656,,,,,,,,,,,,,,,,1.0,,,,,,,,,,,,,,,,,,796239.0,,,,,,,,,,,,,,,,,,,,,,,,,""
744076429,"Oct 14, 2016, 7:00:18 AM",Morning Ride,Ride,,1519,6.32,,,true,,Crossen,activities/744076429.gpx,69.0,8.0,1519.0,1375.0,6327.7001953125,12.399999618530273,,51.27080154418945,136.8708038330078,54.29999923706055,157.0,9.800000190734863,-1.3527799844741821,,,,,,,,122.61199951171875,187.97952270507812,,,,,,,,,,,,,,,,1.0,,,,,,,,,,,,,,,,,,796239.0,,,,,,,,,,,,,,,,,,,,,,,,,""
744345550,"Oct 14, 2016, 2:18:10 PM",Afternoon Ride,Ride,,2303,6.36,,,true,,Crossen,activities/744345550.gpx,69.0,8.0,2303.0,1507.0,6366.0,11.0,,141.8350067138672,58.73500061035156,54.29999923706055,157.0,14.399999618530273,1.3053699731826782,,,,,,,,155.6820068359375,261.5932312011719,,,,,,,,,,,,,,,,1.0,,,,,,,,,,,,,,,,,,796239.0,,,,,,,,,,,,,,,,,,,,,,,,,""
746345525,"Oct 16, 2016, 9:47:10 AM",Lunch Run,Run,"",4944,13.71,,,false,,ASICS Dynamic Duomax Fluidfit Allround,activities/746345525.gpx,69.0,,4944.0,4887.0,13716.900390625,6.400000095367432,,297.4530029296875,298.8529968261719,106.9000015258789,304.79998779296875,22.299999237060547,-0.010206400416791439,,,,,,,,,1219.1378173828125,,,,,,,,,,,,,,,,0.0,,,14380.2001953125,,,,,,,,,,,,,,,,2271521.0,,,,,,,,,,,,,,,,,,,,,,,,""
748280858,"Oct 18, 2016, 7:20:15 AM",Morning Ride,Ride,"",1119,6.17,,,true,,Crossen,activities/748280858.gpx,69.0,8.0,1119.0,1066.0,6171.7001953125,13.0,,51.070098876953125,138.87010192871094,54.0,157.10000610351562,9.399999618530273,-1.4226200580596924,,,,,,,,113.6729965209961,135.110595703125,,,,,,,,,,,,,,,,1.0,,,,,,,,,,,,,,,,,,796239.0,,,,,,,,,,,,,,,,,,,,,,,,,""
748386152,"Oct 18, 2016, 9:55:41 AM",Lunch Ride,Ride,"",3065,6.24,,,true,,Crossen,activities/748386152.gpx,69.0,8.0,3065.0,1324.0,6243.2998046875,13.0,,141.75,56.25,54.0,157.10000610351562,14.0,1.3694700002670288,,,,,,,,159.03799438476562,234.78143310546875,,,,,,,,,,,,,,,,1.0,,,,,,,,,,,,,,,,,,796239.0,,,,,,,,,,,,,,,,,,,,,,,,,""
749572396,"Oct 19, 2016, 1:56:46 PM",Afternoon Ride,Ride,"",1907,8.85,,,true,,Crossen,activities/749572396.gpx,69.0,8.0,1907.0,1782.0,8853.900390625,10.5,,196.56300354003906,111.96299743652344,54.79999923706055,167.89999389648438,19.299999237060547,0.9555109739303589,,,,,,,,157.91299438476562,313.7620849609375,,,,,,,,,,,,,,,,1.0,,,,,,,,,,,,,,,,,,796239.0,,,,,,,,,,,,,,,,,,,,,,,,,""
750252950,"Oct 20, 2016, 6:27:16 AM",Morning Ride,Ride,"",1019,6.21,,,true,,Focusen,activities/750252950.gpx,69.0,7.900000095367432,1019.0,979.0,6217.5,14.600000381469727,,51.150001525878906,138.64999389648438,55.099998474121094,157.10000610351562,10.300000190734863,-1.4073200225830078,,,,,,,,102.87100219726562,112.29244232177734,,,,,,,,,,,,,,,,1.0,,,,,,,,,,,,,,,,,,773902.0,,,,,,,,,,,,,,,,,,,,,,,,,""
750535696,"Oct 20, 2016, 1:52:43 PM",Afternoon Ride,Ride,"",1406,6.26,,,true,,Crossen,activities/750535696.gpx,69.0,8.0,1406.0,1338.0,6267.39990234375,10.800000190734863,,141.51400756835938,60.2140007019043,54.400001525878906,157.10000610351562,14.399999618530273,1.2971899509429932,,,,,,,,157.947998046875,235.63787841796875,,,,,,,,,,,,,,,,1.0,,,,,,,,,,,,,,,,,,796239.0,,,,,,,,,,,,,,,,,,,,,,,,,""
751427541,"Oct 21, 2016, 1:05:52 PM",Afternoon Run,Run,,3695,10.09,,,false,,,activities/751427541.gpx,69.0,,3695.0,3628.0,10097.2998046875,5.099999904632568,,196.6529998779297,105.25299835205078,55.900001525878906,177.0,12.0,0.9051920175552368,,,,,,,,,904.34521484375,,,,,,,,,,,,,,,,0.0,,,10667.099609375,,,,,,,,,,,,,,,,,,,,,,,,,,,,,,,,,,,,,,,,""
754310212,"Oct 24, 2016, 7:00:37 AM",Morning Ride,Ride,"",1039,6.11,,,true,,Crossen,activities/754310212.gpx,69.0,8.0,1039.0,1033.0,6111.2998046875,14.0,,50.91680145263672,139.5167999267578,54.29999923706055,157.0,9.199999809265137,-1.4497699737548828,,,,,,,,133.9080047607422,154.23455810546875,,,,,,,,,,,,,,,,1.0,,,,,,,,,,,,,,,,,,796239.0,,,,,,,,,,,,,,,,,,,,,,,,,""
754567005,"Oct 24, 2016, 2:07:51 PM",Afternoon Ride,Ride,"",1304,6.24,,,true,,Crossen,activities/754567005.gpx,69.0,8.0,1304.0,1274.0,6243.7998046875,11.0,,142.0500030517578,57.650001525878906,54.29999923706055,157.10000610351562,14.199999809265137,1.3517400026321411,,,,,,,,172.15499877929688,244.5478973388672,,,,,,,,,,,,,,,,1.0,,,,,,,,,,,,,,,,,,796239.0,,,,,,,,,,,,,,,,,,,,,,,,,""
761617235,"Oct 31, 2016, 2:40:15 PM",Afternoon Ride,Ride,"",1439,6.36,,,true,,Crossen,activities/761617235.gpx,69.0,8.0,1439.0,1331.0,6363.5,10.899999618530273,,141.30499267578125,63.30500030517578,54.400001525878906,157.0,14.199999809265137,1.2257399559020996,,,,,,,,168.18800354003906,249.6019287109375,,,,,,,,,,,,,,,,1.0,,,,,,,,,,,,,,,,,,796239.0,,,,,,,,,,,,,,,,,,,,,,,,,""
763735462,"Nov 2, 2016, 3:09:28 PM",Afternoon Run,Run,,2069,6.04,,,true,,,activities/763735462.gpx,69.0,,2069.0,2062.0,6043.2998046875,13.199999809265137,,140.9759979248047,59.67599868774414,54.79999923706055,157.0,13.100000381469727,1.345289945602417,,,,,,,,,553.4452514648438,,,,,,,,,,,,,,,,1.0,,,6528.10009765625,,,,,,,,,,,,,,,,,,,,,,,,,,,,,,,,,,,,,,,,""
764399917,"Nov 3, 2016, 7:30:02 AM",Piggdekk på crossen,Ride,,1750,6.28,,,true,,Crossen,activities/764399917.gpx,69.0,8.0,1750.0,1165.0,6284.7001953125,12.699999809265137,,52.24150085449219,136.04150390625,54.0,157.0,11.199999809265137,-1.333400011062622,,,,,,,,114.83699798583984,149.17039489746094,,,,,,,,,,,,,,,,1.0,,,,,,,,,,,,,,,,,,796239.0,,,,,,,,,,,,,,,,,,,,,,,,,""
764663278,"Nov 3, 2016, 2:12:45 PM",Afternoon Ride,Ride,"",1427,6.21,,,true,,Crossen,activities/764663278.gpx,69.0,8.0,1427.0,1342.0,6213.2001953125,11.800000190734863,,141.96099853515625,57.56100082397461,54.5,157.1999969482422,15.5,1.3583999872207642,,,,,,,,159.5189971923828,238.6930694580078,,,,,,,,,,,,,,,,1.0,,,,,,,,,,,,,,,,,,796239.0,,,,,,,,,,,,,,,,,,,,,,,,,""
767686957,"Nov 6, 2016, 12:55:32 PM",Afternoon Run,Run,,3240,9.04,,,false,,,activities/767686957.gpx,69.0,,3240.0,3238.0,9042.099609375,5.199999809265137,,83.29139709472656,81.29139709472656,114.0,157.0,13.300000190734863,0.02211879938840866,,,,,,,,,779.4828491210938,,,,,,,,,,,,,,,,0.0,,,9194.2998046875,,,,,,,,,,,,,,,,,,,,,,,,,,,,,,,,,,,,,,,,""
768576043,"Nov 7, 2016, 9:16:54 AM",Morning Ride,Ride,,6491,5.00,,,true,,Crossen,activities/768576043.gpx,69.0,8.0,6491.0,1255.0,5002.10009765625,9.800000190734863,,39.44969940185547,113.44969940185547,54.5,135.5,11.600000381469727,-1.4793800115585327,,,,,,,,81.7218017578125,114.35535430908203,,,,,,,,,,,,,,,,1.0,,,,,,,,,,,,,,,,,,796239.0,,,,,,,,,,,,,,,,,,,,,,,,,""
769393357,"Nov 8, 2016, 8:13:05 AM",Morning Ride,Ride,"",1364,6.15,,,true,,Focusen,activities/769393357.gpx,69.0,7.900000095367432,1364.0,1274.0,6153.60009765625,11.300000190734863,,51.88370132446289,137.28370666503906,53.900001525878906,157.0,11.899999618530273,-1.3878099918365479,,,,,,,,79.37660217285156,112.75525665283203,,,,,,,,,,,,,,,,1.0,,,,,,,,,,,,,,,,,,773902.0,,,,,,,,,,,,,,,,,,,,,,,,,""
769723885,"Nov 8, 2016, 4:06:26 PM",Afternoon Ride,Ride,,1852,6.31,,,true,,Focusen,activities/769723885.gpx,69.0,7.900000095367432,1852.0,1625.0,6309.7001953125,9.399999618530273,,142.10899353027344,57.409000396728516,54.0,157.10000610351562,13.399999618530273,1.3423800468444824,,,,,,,,108.31099700927734,196.24598693847656,,,,,,,,,,,,,,,,1.0,,,,,,,,,,,,,,,,,,773902.0,,,,,,,,,,,,,,,,,,,,,,,,,""
770326264,"Nov 9, 2016, 7:30:39 AM",Morning Ride,Ride,,1181,6.21,,,true,,Crossen,activities/770326264.gpx,69.0,8.0,1181.0,1119.0,6218.89990234375,12.0,,51.444698333740234,136.7447052001953,54.599998474121094,157.0,10.199999809265137,-1.3716299533843994,,,,,,,,114.24800109863281,142.54551696777344,,,,,,,,,,,,,,,,1.0,,,,,,,,,,,,,,,,,,796239.0,,,,,,,,,,,,,,,,,,,,,,,,,""
770594542,"Nov 9, 2016, 3:00:06 PM",Afternoon Ride,Ride,,2634,6.36,,,true,,Crossen,activities/770594542.gpx,69.0,8.0,2634.0,1571.0,6362.2998046875,11.100000381469727,,142.82000732421875,61.52000045776367,53.900001525878906,157.1999969482422,14.600000381469727,1.2778400182724,,,,,,,,137.18800354003906,240.3074188232422,,,,,,,,,,,,,,,,1.0,,,,,,,,,,,,,,,,,,796239.0,,,,,,,,,,,,,,,,,,,,,,,,,""
771153892,"Nov 10, 2016, 7:25:47 AM",Morning Ride,Ride,,1213,6.19,,,true,,Crossen,activities/771153892.gpx,69.0,8.0,1213.0,1066.0,6198.39990234375,13.0,,51.161800384521484,135.7617950439453,54.20000076293945,157.10000610351562,9.800000190734863,-1.3648699522018433,,,,,,,,121.6729965209961,144.6193084716797,,,,,,,,,,,,,,,,1.0,,,,,,,,,,,,,,,,,,796239.0,,,,,,,,,,,,,,,,,,,,,,,,,""
771411288,"Nov 10, 2016, 2:32:15 PM",Afternoon Ride,Ride,,1501,6.43,,,true,,Crossen,activities/771411288.gpx,69.0,8.0,1501.0,1344.0,6433.60009765625,12.300000190734863,,141.54600524902344,60.645999908447266,53.70000076293945,157.1999969482422,16.100000381469727,1.2574599981307983,,,,,,,,160.82000732421875,240.9984130859375,,,,,,,,,,,,,,,,1.0,,,,,,,,,,,,,,,,,,796239.0,,,,,,,,,,,,,,,,,,,,,,,,,""
775031469,"Nov 14, 2016, 7:43:35 AM",Morning Ride,Ride,,1227,6.19,,,true,,Crossen,activities/775031469.gpx,69.0,8.0,1227.0,1174.0,6190.7998046875,13.100000381469727,,51.07320022583008,136.67320251464844,54.29999923706055,157.10000610351562,9.300000190734863,-1.382699966430664,,,,,,,,125.0270004272461,163.66159057617188,,,,,,,,,,,,,,,,1.0,,,,,,,,,,,,,,,,,,796239.0,,,,,,,,,,,,,,,,,,,,,,,,,""
775266910,"Nov 14, 2016, 2:20:04 PM",Afternoon Ride,Ride,,3417,6.44,,,true,,Crossen,activities/775266910.gpx,69.0,8.0,3417.0,1495.0,6445.7001953125,11.5,,142.23300170898438,60.233001708984375,53.900001525878906,157.1999969482422,14.699999809265137,1.2721699476242065,,,,,,,,153.3820037841797,255.67628479003906,,,,,,,,,,,,,,,,1.0,,,,,,,,,,,,,,,,,,796239.0,,,,,,,,,,,,,,,,,,,,,,,,,""
776865432,"Nov 16, 2016, 7:41:46 AM",Morning Ride,Ride,,1301,5.97,,,true,,Crossen,activities/776865432.gpx,69.0,8.0,1301.0,1039.0,5970.89990234375,13.0,,50.48400115966797,140.08399963378906,53.900001525878906,157.0,9.100000381469727,-1.5006099939346313,,,,,,,,117.072998046875,135.6273193359375,,,,,,,,,,,,,,,,1.0,,,,,,,,,,,,,,,,,,796239.0,,,,,,,,,,,,,,,,,,,,,,,,,""
777160370,"Nov 16, 2016, 3:15:09 PM",Afternoon Ride,Ride,,2025,6.13,,,true,,Crossen,activities/777160370.gpx,69.0,8.0,2025.0,1543.0,6132.7998046875,10.5,,140.72999572753906,49.130001068115234,54.599998474121094,157.1999969482422,15.600000381469727,1.4936100244522095,,,,,,,,159.26199340820312,274.00152587890625,,,,,,,,,,,,,,,,1.0,,,,,,,,,,,,,,,,,,796239.0,,,,,,,,,,,,,,,,,,,,,,,,,""
778091699,"Nov 17, 2016, 3:16:23 PM",Afternoon Ride,Ride,,1960,6.27,,,true,,Crossen,activities/778091699.gpx,69.0,8.0,1960.0,1682.0,6278.89990234375,8.100000381469727,,142.9239959716797,59.124000549316406,54.20000076293945,157.1999969482422,13.699999809265137,1.334630012512207,,,,,,,,129.85000610351562,243.5245819091797,,,,,,,,,,,,,,,,1.0,,,,,,,,,,,,,,,,,,796239.0,,,,,,,,,,,,,,,,,,,,,,,,,""
778883915,"Nov 18, 2016, 2:27:31 PM",Afternoon Ride,Ride,,1484,6.45,,,true,,Crossen,activities/778883915.gpx,69.0,8.0,1484.0,1418.0,6449.89990234375,12.0,,141.1280059814453,58.22800064086914,53.900001525878906,156.1999969482422,14.199999809265137,1.285290002822876,,,,,,,,153.86500549316406,243.27133178710938,,,,,,,,,,,,,,,,1.0,,,,,,,,,,,,,,,,,,796239.0,,,,,,,,,,,,,,,,,,,,,,,,,""
779537404,"Nov 19, 2016, 10:09:38 AM",Lunch Run,Run,,2642,7.22,,,false,,,activities/779537404.gpx,69.0,,2642.0,2539.0,7223.7998046875,4.900000095367432,,112.5719985961914,111.27200317382812,90.0999984741211,145.6999969482422,24.200000762939453,0.017996100708842278,,,,,,,,,630.543212890625,,,,,,,,,,,,,,,,0.0,,,7437.5,,,,,,,,,,,,,,,,,,,,,,,,,,,,,,,,,,,,,,,,""
779683619,"Nov 19, 2016, 12:16:04 PM",Afternoon Run,Run,,3033,2.88,,,true,,,activities/779683619.gpx,69.0,,3033.0,1687.0,2883.0,2.4000000953674316,,15.539999961853027,42.040000915527344,107.4000015258789,145.3000030517578,12.100000381469727,-0.9191809892654419,,,,,,,,,242.99334716796875,,,,,,,,,,,,,,,,1.0,,,2866.199951171875,,,,,,,,,,,,,,,,,,,,,,,,,,,,,,,,,,,,,,,,""
781749051,"Nov 21, 2016, 4:14:04 PM",Afternoon Ride,Ride,,1324,6.31,,,true,,Crossen,activities/781749051.gpx,69.0,8.0,1324.0,1240.0,6311.7998046875,10.600000381469727,,141.76300048828125,57.26300048828125,53.599998474121094,157.0,15.100000381469727,1.3387600183486938,,,,,,,,172.67300415039062,238.73768615722656,,,,,,,,,,,,,,,,1.0,,,,,,,,,,,,,,,,,,796239.0,,,,,,,,,,,,,,,,,,,,,,,,,""
782554932,"Nov 22, 2016, 3:24:44 PM",Afternoon Ride,Ride,,1809,6.24,,,true,,Crossen,activities/782554932.gpx,69.0,8.0,1809.0,1380.0,6247.10009765625,11.800000190734863,,141.62100219726562,58.020999908447266,54.099998474121094,157.10000610351562,15.600000381469727,1.3382200002670288,,,,,,,,159.27200317382812,245.0718231201172,,,,,,,,,,,,,,,,1.0,,,,,,,,,,,,,,,,,,796239.0,,,,,,,,,,,,,,,,,,,,,,,,,""
783227659,"Nov 23, 2016, 9:14:50 AM",Morning Ride,Ride,,1003,6.23,,,true,,Crossen,activities/783227659.gpx,69.0,8.0,1003.0,975.0,6232.10009765625,13.0,,51.612998962402344,137.11300659179688,53.900001525878906,157.0,9.899999618530273,-1.3719300031661987,,,,,,,,140.77200317382812,153.03675842285156,,,,,,,,,,,,,,,,1.0,,,,,,,,,,,,,,,,,,796239.0,,,,,,,,,,,,,,,,,,,,,,,,,""
783424043,"Nov 23, 2016, 2:37:29 PM",Afternoon Ride,Ride,,1365,6.28,,,true,,Crossen,activities/783424043.gpx,69.0,8.0,1365.0,1179.0,6284.7001953125,11.899999618530273,,142.48199462890625,58.88199996948242,54.099998474121094,157.10000610351562,13.399999618530273,1.3302099704742432,,,,,,,,188.90899658203125,248.33694458007812,,,,,,,,,,,,,,,,1.0,,,,,,,,,,,,,,,,,,796239.0,,,,,,,,,,,,,,,,,,,,,,,,,""
784050507,"Nov 24, 2016, 7:32:26 AM",Morning Ride,Ride,,1319,6.24,,,true,,Crossen,activities/784050507.gpx,69.0,8.0,1319.0,1038.0,6248.39990234375,14.399999618530273,,51.25189971923828,135.1519012451172,54.099998474121094,157.0,8.899999618530273,-1.3427400588989258,,,,,,,,127.10099792480469,147.10289001464844,,,,,,,,,,,,,,,,1.0,,,,,,,,,,,,,,,,,,796239.0,,,,,,,,,,,,,,,,,,,,,,,,,""
784346150,"Nov 24, 2016, 3:06:39 PM",Afternoon Ride,Ride,,2349,6.39,,,true,,Crossen,activities/784346150.gpx,69.0,8.0,2349.0,1499.0,6392.7998046875,11.600000381469727,,142.45799255371094,59.55799865722656,54.0,157.10000610351562,14.5,1.2967699766159058,,,,,,,,139.76699829101562,233.60446166992188,,,,,,,,,,,,,,,,1.0,,,,,,,,,,,,,,,,,,796239.0,,,,,,,,,,,,,,,,,,,,,,,,,""
784895295,"Nov 25, 2016, 5:25:06 AM",Morning Ride,Ride,,1379,6.22,,,true,,Crossen,activities/784895295.gpx,69.0,8.0,1379.0,1298.0,6225.2001953125,10.199999809265137,,51.59939956665039,134.99940490722656,54.0,157.0,11.899999618530273,-1.3397200107574463,,,,,,,,99.31580352783203,143.7367706298828,,,,,,,,,,,,,,,,1.0,,,,,,,,,,,,,,,,,,796239.0,,,,,,,,,,,,,,,,,,,,,,,,,""
784947690,"Nov 25, 2016, 7:26:14 AM",Morning Ride,Ride,,1896,7.02,,,true,,Crossen,activities/784947690.gpx,69.0,8.0,1896.0,1545.0,7027.2001953125,11.300000190734863,,54.46440124511719,109.06439971923828,5.099999904632568,64.9000015258789,20.899999618530273,-0.776980996131897,,,,,,,,107.6729965209961,185.48558044433594,,,,,,,,,,,,,,,,1.0,,,,,,,,,,,,,,,,,,796239.0,,,,,,,,,,,,,,,,,,,,,,,,,""
785175061,"Nov 25, 2016, 2:54:11 PM",Afternoon Ride,Ride,,1665,8.55,,,true,,Crossen,activities/785175061.gpx,69.0,8.0,1665.0,1573.0,8558.5,12.0,,186.11000061035156,48.709999084472656,5.400000095367432,157.0,20.5,1.6054199934005737,,,,,,,,190.86599731445312,334.7589111328125,,,,,,,,,,,,,,,,1.0,,,,,,,,,,,,,,,,,,796239.0,,,,,,,,,,,,,,,,,,,,,,,,,""
785816757,"Nov 26, 2016, 9:05:15 AM",Morning Ride,Ride,,6031,14.99,,,true,,Crossen,activities/785816757.gpx,69.0,8.0,6031.0,2658.0,14990.0,14.300000190734863,,204.468994140625,201.86900329589844,54.099998474121094,157.10000610351562,9.600000381469727,0.017344899475574493,,,,,,,,149.91900634765625,444.3104553222656,,,,,,,,,,,,,,,,1.0,,,,,,,,,,,,,,,,,,796239.0,,,,,,,,,,,,,,,,,,,,,,,,,""
787031558,"Nov 27, 2016, 12:25:46 PM",Afternoon Run,Run,,2951,3.38,,,false,,,activities/787031558.gpx,69.0,,2951.0,2116.0,3385.0,2.4000000953674316,,31.04669952392578,76.8467025756836,98.9000015258789,145.6999969482422,18.100000381469727,-1.3530299663543701,,,,,,,,,280.6521301269531,,,,,,,,,,,,,,,,0.0,,,3310.39990234375,,,,,,,,,,,,,,,,,,,,,,,,,,,,,,,,,,,,,,,,""
787763990,"Nov 28, 2016, 7:28:11 AM",Morning Ride,Ride,,1303,6.11,,,true,,Crossen,activities/787763990.gpx,69.0,8.0,1303.0,999.0,6109.10009765625,12.699999809265137,,51.91830062866211,139.7183074951172,54.70000076293945,157.0,11.399999618530273,-1.4371999502182007,,,,,,,,127.36499786376953,141.86996459960938,,,,,,,,,,,,,,,,1.0,,,,,,,,,,,,,,,,,,796239.0,,,,,,,,,,,,,,,,,,,,,,,,,""
788010908,"Nov 28, 2016, 2:29:54 PM",Afternoon Ride,Ride,,1701,6.50,,,true,,Crossen,activities/788010908.gpx,69.0,8.0,1701.0,1617.0,6505.0,12.300000190734863,,147.98699951171875,66.48699951171875,54.0,147.3000030517578,13.5,1.2528799772262573,,,,,,,,136.37399291992188,245.87619018554688,,,,,,,,,,,,,,,,1.0,,,,,,,,,,,,,,,,,,796239.0,,,,,,,,,,,,,,,,,,,,,,,,,""
788623279,"Nov 29, 2016, 8:02:37 AM",Morning Ride,Ride,"",1109,6.22,,,true,,Crossen,activities/788623279.gpx,69.0,8.0,1109.0,1026.0,6223.5,14.0,,51.38079833984375,136.98080444335938,55.29999923706055,157.0,9.100000381469727,-1.3754299879074097,,,,,,,,130.90199279785156,149.75057983398438,,,,,,,,,,,,,,,,1.0,,,,,,,,,,,,,,,,,,796239.0,,,,,,,,,,,,,,,,,,,,,,,,,""
788893565,"Nov 29, 2016, 3:09:12 PM",Afternoon Ride,Ride,,1593,8.57,,,true,,Crossen,activities/788893565.gpx,69.0,8.0,1593.0,1576.0,8572.2001953125,11.800000190734863,,148.1840057373047,65.68399810791016,54.29999923706055,151.0,13.600000381469727,0.9624130129814148,,,,,,,,164.39999389648438,288.8902587890625,,,,,,,,,,,,,,,,1.0,,,,,,,,,,,,,,,,,,796239.0,,,,,,,,,,,,,,,,,,,,,,,,,""
789564229,"Nov 30, 2016, 8:37:03 AM",Morning Ride,Ride,,3016,6.13,,,true,,Crossen,activities/789564229.gpx,69.0,8.0,3016.0,1022.0,6138.7998046875,12.300000190734863,,66.35230255126953,130.6522979736328,54.900001525878906,126.5999984741211,10.800000190734863,-1.0474400520324707,,,,,,,,142.1529998779297,161.98760986328125,,,,,,,,,,,,,,,,1.0,,,,,,,,,,,,,,,,,,796239.0,,,,,,,,,,,,,,,,,,,,,,,,,""
790369022,"Dec 1, 2016, 7:23:23 AM",Morning Ride,Ride,,1232,6.19,,,true,,Crossen,activities/790369022.gpx,69.0,8.0,1232.0,1112.0,6193.89990234375,14.0,,51.505699157714844,135.60569763183594,54.0,157.0,9.699999809265137,-1.3577899932861328,,,,,,,,120.43299865722656,149.3224639892578,,,,,,,,,,,,,,,,1.0,,,,,,,,,,,,,,,,,,796239.0,,,,,,,,,,,,,,,,,,,,,,,,,""
790615856,"Dec 1, 2016, 2:16:23 PM",Afternoon Ride,Ride,,1689,6.53,,,true,,Crossen,activities/790615856.gpx,69.0,8.0,1689.0,1465.0,6530.7001953125,13.5,,141.82400512695312,59.92399978637695,54.20000076293945,157.10000610351562,14.0,1.254080057144165,,,,,,,,149.56399536132812,244.30905151367188,,,,,,,,,,,,,,,,1.0,,,,,,,,,,,,,,,,,,796239.0,,,,,,,,,,,,,,,,,,,,,,,,,""
791176811,"Dec 2, 2016, 5:49:45 AM",Morning Ride,Ride,,1143,6.20,,,true,,Crossen,activities/791176811.gpx,69.0,8.0,1143.0,1030.0,6205.2001953125,12.300000190734863,,51.184200286865234,132.8842010498047,54.5,157.10000610351562,11.199999809265137,-1.316640019416809,,,,,,,,125.0510025024414,143.6148223876953,,,,,,,,,,,,,,,,1.0,,,,,,,,,,,,,,,,,,796239.0,,,,,,,,,,,,,,,,,,,,,,,,,""
793502219,"Dec 4, 2016, 2:12:33 PM",Afternoon Run,Run,,3258,8.55,,,false,,,activities/793502219.gpx,69.0,,3258.0,3254.0,8554.0,4.400000095367432,,173.7209930419922,165.02099609375,95.9000015258789,224.39999389648438,25.0,0.10170699656009674,,,,,,,,,757.177490234375,,,,,,,,,,,,,,,,0.0,,,8931.2001953125,,,,,,,,,,,,,,,,,,,,,,,,,,,,,,,,,,,,,,,,""
796601433,"Dec 8, 2016, 6:09:22 AM",Morning Ride,Ride,,3823,6.21,,,true,,Crossen,activities/796601433.gpx,69.0,8.0,3823.0,1116.0,6209.10009765625,14.300000190734863,,51.56480026245117,136.56480407714844,53.900001525878906,157.0,9.0,-1.3689600229263306,,,,,,,,123.36100006103516,153.50302124023438,,,,,,,,,,,,,,,,1.0,,,,,,,,,,,,,,,,,,796239.0,,,,,,,,,,,,,,,,,,,,,,,,,""
796875230,"Dec 8, 2016, 1:03:45 PM",Afternoon Ride,Ride,,1984,6.42,,,true,,Crossen,activities/796875230.gpx,69.0,8.0,1984.0,1456.0,6428.2998046875,10.699999809265137,,141.00900268554688,52.70899963378906,54.70000076293945,157.10000610351562,13.600000381469727,1.373610019683838,,,,,,,,151.6009979248047,246.11512756347656,,,,,,,,,,,,,,,,1.0,,,,,,,,,,,,,,,,,,796239.0,,,,,,,,,,,,,,,,,,,,,,,,,""
797709724,"Dec 9, 2016, 1:55:22 PM",Afternoon Ride,Ride,,1488,6.24,,,true,,Crossen,activities/797709724.gpx,69.0,8.0,1488.0,1436.0,6246.89990234375,9.399999618530273,,142.2949981689453,60.69499969482422,54.20000076293945,157.10000610351562,14.899999618530273,1.306249976158142,,,,,,,,144.7969970703125,231.84027099609375,,,,,,,,,,,,,,,,1.0,,,,,,,,,,,,,,,,,,796239.0,,,,,,,,,,,,,,,,,,,,,,,,,""
800231794,"Dec 12, 2016, 7:11:09 AM",Morning Ride,Ride,,1089,6.18,,,true,,Crossen,activities/800231794.gpx,69.0,8.0,1089.0,1042.0,6188.89990234375,13.100000381469727,,51.9723014831543,136.47230529785156,54.70000076293945,157.0,10.5,-1.3653500080108643,,,,,,,,126.0270004272461,146.4219512939453,,,,,,,,,,,,,,,,1.0,,,,,,,,,,,,,,,,,,796239.0,,,,,,,,,,,,,,,,,,,,,,,,,""
800398333,"Dec 12, 2016, 12:10:50 PM",Afternoon Ride,Ride,,2522,6.59,,,true,,Crossen,activities/800398333.gpx,69.0,8.0,2522.0,1483.0,6598.0,11.0,,149.5,68.5999984741211,54.099998474121094,151.0,18.799999237060547,1.2261300086975098,,,,,,,,143.98800659179688,238.09063720703125,,,,,,,,,,,,,,,,1.0,,,,,,,,,,,,,,,,,,796239.0,,,,,,,,,,,,,,,,,,,,,,,,,""
809456956,"Dec 23, 2016, 2:39:36 PM",..nesten frisk :p,Run,,1420,3.47,,,false,,,activities/809456956.gpx,69.0,,1420.0,1406.0,3470.39990234375,4.199999809265137,,64.06919860839844,63.6692008972168,381.8999938964844,446.8999938964844,22.799999237060547,0.011525999754667282,,,,,,,,,304.5682678222656,,,,,,,,,,,,,,,,0.0,,,3592.5,,,,,,,,,,,,,,,,,,,,,,,,,,,,,,,,,,,,,,,,""
809456960,"Dec 23, 2016, 2:00:49 PM",Afternoon Run,Run,,2314,2.80,,,false,,,activities/809456960.gpx,69.0,,2314.0,2311.0,2802.199951171875,3.9000000953674316,,44.24380111694336,55.143798828125,388.1000061035156,447.0,20.5,-0.3889800012111664,,,,,,,,,243.62069702148438,,,,,,,,,,,,,,,,0.0,,,2873.60009765625,,,,,,,,,,,,,,,,,,,,,,,,,,,,,,,,,,,,,,,,""
811032050,"Dec 25, 2016, 12:51:56 PM",Rolig oberkirchen,Run,"",4672,12.45,,,false,,,activities/811032050.gpx,69.0,,4672.0,4486.0,12450.7001953125,11.899999618530273,,260.77801513671875,274.5780029296875,359.0,491.79998779296875,44.29999923706055,-0.11083699762821198,,,,,,,,,1093.4700927734375,,,,,,,,,,,,,,,,0.0,,,12897.900390625,,,,,,,,,,,,,,,,,,,,,,,,,,,,,,,,,,,,,,,,""
814868599,"Dec 29, 2016, 2:50:19 PM",Afternoon Run,Run,,3416,9.09,,,false,,,activities/814868599.gpx,69.0,,3416.0,3314.0,9092.599609375,5.099999904632568,,124.3550033569336,120.25499725341797,117.0,179.89999389648438,43.900001525878906,0.045091599225997925,,,,,,,,,796.4640502929688,,,,,,,,,,,,,,,,0.0,,,9394.599609375,,,,,,,,,,,,,,,,,,,,,,,,,,,,,,,,,,,,,,,,""
818365916,"Jan 2, 2017, 7:35:56 AM",Morning Ride,Ride,,1295,6.25,,,true,,Focusen,activities/818365916.gpx,69.0,7.900000095367432,1295.0,1179.0,6251.10009765625,12.699999809265137,,58.811500549316406,143.7115020751953,53.900001525878906,157.10000610351562,26.399999618530273,-1.3581600189208984,,,,,,,,83.55809783935547,109.84422302246094,,,,,,,,,,,,,,,,1.0,,,,,,,,,,,,,,,,,,773902.0,,,,,,,,,,,,,,,,,,,,,,,,,""
818775201,"Jan 2, 2017, 2:51:06 PM",Afternoon Ride,Ride,"",2527,12.39,,,true,,Focusen,activities/818775201.gpx,69.0,7.900000095367432,2527.0,2445.0,12393.7001953125,12.0,,193.6959991455078,124.99600219726562,54.0,183.0,40.29999923706055,0.5543140172958374,,,,,,,,115.1989974975586,314.0526428222656,,,,,,,,,,,,,,,,1.0,,,,,,,,,,,,,,,,,,773902.0,,,,,,,,,,,,,,,,,,,,,,,,,""
819528880,"Jan 3, 2017, 7:44:05 AM",Morning Ride,Ride,,2940,6.29,,,true,,Crossen,activities/819528880.gpx,69.0,8.0,2940.0,1165.0,6291.7998046875,13.699999809265137,,66.25279998779297,146.9528045654297,53.900001525878906,157.10000610351562,25.899999618530273,-1.2826199531555176,,,,,,,,125.61699676513672,163.17333984375,,,,,,,,,,,,,,,,1.0,,,,,,,,,,,,,,,,,,796239.0,,,,,,,,,,,,,,,,,,,,,,,,,""
819898500,"Jan 3, 2017, 3:18:38 PM",Afternoon Ride,Ride,,2872,6.61,,,true,,Crossen,activities/819898500.gpx,69.0,8.0,2872.0,1701.0,6610.39990234375,12.0,,137.7790069580078,61.17900085449219,53.900001525878906,157.10000610351562,17.600000381469727,1.1587799787521362,,,,,,,,134.4759979248047,255.0491943359375,,,,,,,,,,,,,,,,1.0,,,,,,,,,,,,,,,,,,796239.0,,,,,,,,,,,,,,,,,,,,,,,,,""
821674837,"Jan 5, 2017, 6:21:59 AM",Morning Ride,Ride,,1547,6.20,,,true,,Crossen,activities/821674837.gpx,69.0,8.0,1547.0,1348.0,6203.39990234375,7.800000190734863,,125.17400360107422,72.77400207519531,0.30000001192092896,81.0,34.20000076293945,0.8446980118751526,,,,,,,,146.33299255371094,219.94142150878906,,,,,,,,,,,,,,,,1.0,,,,,,,,,,,,,,,,,,796239.0,,,,,,,,,,,,,,,,,,,,,,,,,""
822048082,"Jan 5, 2017, 2:51:51 PM",Afternoon Ride,Ride,,1342,6.94,,,true,,Crossen,activities/822048082.gpx,69.0,8.0,1342.0,1342.0,6942.5,13.899999618530273,,84.58940124511719,136.389404296875,0.30000001192092896,81.0,31.0,-0.7461289763450623,,,,,,,,130.7259979248047,195.60923767089844,,,,,,,,,,,,,,,,1.0,,,,,,,,,,,,,,,,,,796239.0,,,,,,,,,,,,,,,,,,,,,,,,,""
823807288,"Jan 7, 2017, 10:15:58 AM",Lunch Run,Run,,2358,3.61,,,false,,,activities/823807288.gpx,69.0,,2358.0,1241.0,3618.699951171875,4.599999904632568,,30.259300231933594,58.05929946899414,106.0,151.0,25.5,-0.768231987953186,,,,,,,,,308.94287109375,,,,,,,,,,,,,,,,0.0,,,3644.10009765625,,,,,,,,,,,,,,,,,,,,,,,,,,,,,,,,,,,,,,,,""
823822877,"Jan 7, 2017, 10:00:00 AM",Lunch Run,Run,"",3000,9.00,,,false,,,,69.0,,3000.0,3000.0,9000.0,,,150.0,,,,,0.0,,,,,,,,,763.01025390625,,,,,,,,,,,,,,,,0.0,,,,,,,,,,,,,,,,,,,,,,,,,,,,,,,,,,,,,,,,,,,""
827445814,"Jan 10, 2017, 3:22:53 PM",Afternoon Run,Run,,2362,6.02,,,true,,,activities/827445814.gpx,69.0,,2362.0,2321.0,6023.10009765625,6.900000095367432,,143.29100036621094,58.49100112915039,53.900001525878906,157.10000610351562,22.299999237060547,1.4079099893569946,,,,,,,,,560.0241088867188,,,,,,,,,,,,,,,,1.0,,,6605.7001953125,,,,,,,,,,,,,,,,,,,,,,,,,,,,,,,,,,,,,,,,""
830275742,"Jan 13, 2017, 7:17:24 AM",Morning Ride,Ride,,1186,6.26,,,true,,Crossen,activities/830275742.gpx,69.0,8.0,1186.0,1140.0,6265.10009765625,13.100000381469727,,58.646400451660156,139.54640197753906,53.900001525878906,157.10000610351562,25.200000762939453,-1.2912800312042236,,,,,,,,127.9020004272461,162.57623291015625,,,,,,,,,,,,,,,,1.0,,,,,,,,,,,,,,,,,,796239.0,,,,,,,,,,,,,,,,,,,,,,,,,""
830522547,"Jan 13, 2017, 1:55:02 PM",Afternoon Ride,Ride,,2369,7.11,,,true,,Crossen,activities/830522547.gpx,69.0,8.0,2369.0,2065.0,7116.2998046875,15.300000190734863,,158.35899353027344,59.058998107910156,53.900001525878906,166.0,49.0,1.3953900337219238,,,,,,,,126.85600280761719,292.082763671875,,,,,,,,,,,,,,,,1.0,,,,,,,,,,,,,,,,,,796239.0,,,,,,,,,,,,,,,,,,,,,,,,,""
831258039,"Jan 14, 2017, 9:13:29 AM",Morning Run m/to korte spurter innlagt,Run,,4270,10.73,,,false,,,activities/831258039.gpx,69.0,,4270.0,3859.0,10730.599609375,8.0,,204.06500244140625,205.86500549316406,88.4000015258789,218.60000610351562,29.5,-0.016774499788880348,,,,,,,,,958.6884765625,,,,,,,,,,,,,,,,0.0,,,11308.099609375,,,,,,,,,,,,,,,,,,,,,,,,,,,,,,,,,,,,,,,,""
833628157,"Jan 16, 2017, 7:42:09 AM",Morning Ride,Ride,,1603,6.30,,,true,,Crossen,activities/833628157.gpx,69.0,8.0,1603.0,1074.0,6305.39990234375,12.399999618530273,,58.83319854736328,139.7332000732422,53.900001525878906,157.10000610351562,23.399999618530273,-1.2830300331115723,,,,,,,,125.41400146484375,150.1845245361328,,,,,,,,,,,,,,,,1.0,,,,,,,,,,,,,,,,,,796239.0,,,,,,,,,,,,,,,,,,,,,,,,,""
840417773,"Jan 22, 2017, 11:43:23 AM",Småtungt med og uten gps,Run,Egentlig 10km ,3847,8.33,,,false,,ASICS Dynamic Duomax Fluidfit Allround,activities/840417773.gpx,69.0,,3847.0,3583.0,8337.400390625,5.699999809265137,,230.94000244140625,231.5399932861328,90.5,230.39999389648438,45.599998474121094,-0.007196490187197924,,,,,,,,,766.3081665039062,,,,,,,,,,,,,,,,0.0,,,9038.900390625,,,,,,,,,,,,,,,,2271521.0,,,,,,,,,,,,,,,,,,,,,,,,""
841752208,"Jan 23, 2017, 4:08:42 PM",Afternoon Run,Run,"",3585,10.38,,,false,,ASICS Dynamic Duomax Fluidfit Allround,activities/841752208.gpx,69.0,,3585.0,3456.0,10386.099609375,13.899999618530273,,207.69500732421875,210.89500427246094,89.4000015258789,222.3000030517578,49.70000076293945,-0.0308104008436203,,,,,,,,,926.8624877929688,,,,,,,,,,,,,,,,0.0,,,10932.7001953125,,,,,,,,,,,,,,,,2271521.0,,,,,,,,,,,,,,,,,,,,,,,,""
845903341,"Jan 27, 2017, 1:37:24 PM",Afternoon Run,Run,"",3823,10.11,,,true,,ASICS Dynamic Duomax Fluidfit Allround,activities/845903341.gpx,69.0,,3823.0,3600.0,10109.7998046875,7.599999904632568,,182.35699462890625,109.85700225830078,55.099998474121094,179.89999389648438,28.5,0.7171260118484497,,,,,,,,,911.4835815429688,,,,,,,,,,,,,,,,1.0,,,10751.2998046875,,,,,,,,,,,,,,,,2271521.0,,,,,,,,,,,,,,,,,,,,,,,,""
848215573,"Jan 29, 2017, 12:28:25 PM",Run m 4 innlagte bakkeint (u GPS signal...),Run,"",4387,9.34,,,false,,ASICS Dynamic Duomax Fluidfit Allround,activities/848215573.gpx,69.0,,4387.0,4030.0,9346.0,6.599999904632568,,245.49600219726562,267.39599609375,89.4000015258789,197.5,45.0,-0.23432500660419464,,,,,,,,,858.5900268554688,,,,,,,,,,,,,,,,0.0,,,10127.400390625,,,,,,,,,,,,,,,,2271521.0,,,,,,,,,,,,,,,,,,,,,,,,""
862540048,"Feb 11, 2017, 10:44:01 AM",Handletur (klassisk),Nordic Ski,"",10929,23.41,,,false,,,activities/862540048.gpx,69.0,,10929.0,8344.0,23412.80078125,11.300000190734863,,408.48199462890625,406.3819885253906,799.0,906.2000122070312,44.20000076293945,0.008969450369477272,,,,,,,,,,,,,,,,,,,,,,,,,0.0,,,,,,,,,,,,,,,,,,,,,,,,,,,,,,,,,,,,,,,,,,,media/2ac1d761-d19d-493c-b5ca-09c8157bdb97.jpg|media/b1ce8fdc-7269-4ba6-b35b-09f555832ac6.jpg
878924436,"Feb 25, 2017, 9:52:18 AM",Oppkuvann på ski,Nordic Ski,"",6971,16.05,,,false,,,activities/878924436.gpx,69.0,,6971.0,6582.0,16050.7001953125,10.5,,447.8030090332031,448.6029968261719,178.39999389648438,604.7000122070312,41.099998474121094,-0.004984209779649973,,,,,,,,,,,,,,,,,,,,,,,,,0.0,,,,,,,,,,,,,,,,,,,,,,,,,,,,,,,,,,,,,,,,,,,""
885141815,"Mar 2, 2017, 4:29:21 PM",Afternoon Run,Run,,3219,8.04,,,false,,,activities/885141815.gpx,69.0,,3219.0,3137.0,8040.2001953125,4.900000095367432,,127.43800354003906,126.43800354003906,89.4000015258789,151.0,28.700000762939453,0.012437500059604645,,,,,,,,,712.465087890625,,,,,,,,,,,,,,,,0.0,,,8403.7998046875,,,,,,,,,,,,,,,,,,,,,,,,,,,,,,,,,,,,,,,,""
905766495,"Mar 19, 2017, 8:40:48 AM",Morning Walk m/F og N,Walk,,4345,7.09,,,false,,,activities/905766495.gpx,,,4345.0,4097.0,7095.2998046875,11.600000381469727,,123.20800018310547,115.90799713134766,70.0,156.39999389648438,39.79999923706055,0.10288500040769577,,,,,,,,,601.5318603515625,,,,,,,,,,,,,,,,0.0,,,,,,,,,,,,,,,,,,,,,,,,,,,,,,,,,,,,,,,,,,,""
913189592,"Mar 25, 2017, 6:00:53 AM",Kort morgenjogg,Run,"",1486,4.43,,,false,,ASICS Dynamic Duomax Fluidfit Allround,activities/913189592.gpx,69.0,,1486.0,1431.0,4436.7998046875,6.699999809265137,,0.0,-2.799999952316284,1.399999976158142,7.699999809265137,8.199999809265137,0.06310849636793137,,,,,,,,,378.9278564453125,,,,,,,,,,,,,,,,0.0,,,4469.60009765625,,,,,,,,,,,,,,,,2271521.0,,,,,,,,,,,,,,,,,,,,,,,,""
920410874,"Mar 30, 2017, 7:24:12 AM",Zwei Runden in Grügelborn,Run,"",5269,12.39,,,false,,ASICS Dynamic Duomax Fluidfit Allround,activities/920410874.gpx,69.0,,5269.0,4780.0,12390.900390625,7.099999904632568,,240.56100463867188,239.46099853515625,359.0,484.8999938964844,44.900001525878906,0.008877480402588844,,,,,,,,,1109.1116943359375,,,,,,,,,,,,,,,,0.0,,,13082.400390625,,,,,,,,,,,,,,,,2271521.0,,,,,,,,,,,,,,,,,,,,,,,,""
922849501,"Mar 31, 2017, 11:59:11 AM",Afternoon Run,Run,"",1900,2.19,,,false,,ASICS Dynamic Duomax Fluidfit Allround,activities/922849501.gpx,69.0,,1900.0,1470.0,2197.10009765625,4.400000095367432,,58.76380157470703,58.76380157470703,386.79998779296875,446.8999938964844,47.599998474121094,0.0,,,,,,,,,200.76495361328125,,,,,,,,,,,,,,,,0.0,,,2368.10009765625,,,,,,,,,,,,,,,,2271521.0,,,,,,,,,,,,,,,,,,,,,,,,""
923051888,"Apr 1, 2017, 9:57:40 AM",Ruhig ,Run,"",4190,10.64,,,false,,ASICS Dynamic Duomax Fluidfit Allround,activities/923051888.gpx,69.0,,4190.0,3773.0,10641.099609375,6.400000095367432,,192.5,214.60000610351562,349.5,484.8999938964844,35.20000076293945,-0.20768499374389648,,,,,,,,,958.044189453125,,,,,,,,,,,,,,,,0.0,,,11300.5,,,,,,,,,,,,,,,,2271521.0,,,,,,,,,,,,,,,,,,,,,,,,""
926314608,"Apr 3, 2017, 11:57:40 AM",Alte Bahnstraße ,Run,"",4428,13.17,,,false,,ASICS Dynamic Duomax Fluidfit Allround,activities/926314608.gpx,69.0,,4428.0,4325.0,13178.400390625,7.0,,275.8240051269531,274.2239990234375,381.8999938964844,505.0,49.29999923706055,0.012141100130975246,,,,,,,,,1183.3441162109375,,,,,,,,,,,,,,,,0.0,,,13958.0,,,,,,,,,,,,,,,,2271521.0,,,,,,,,,,,,,,,,,,,,,,,,""
930395112,"Apr 6, 2017, 12:04:04 PM",Afternoon Run,Run,"",2135,5.93,,,true,,ASICS Dynamic Duomax Fluidfit Allround,activities/930395112.gpx,69.0,,2135.0,2116.0,5934.7001953125,5.599999904632568,,138.16900634765625,52.26900100708008,53.900001525878906,157.10000610351562,20.100000381469727,1.4474200010299683,,,,,,,,,549.3589477539062,,,,,,,,,,,,,,,,1.0,,,6479.89990234375,,,,,,,,,,,,,,,,2271521.0,,,,,,,,,,,,,,,,,,,,,,,,""
932487155,"Dec 4, 2016, 10:38:05 AM",Lunch Ride,Ride,,1616,6.21,,,false,,Focusen,activities/1032568618.fit.gz,69.0,7.900000095367432,1616.0,954.0,6217.0,12.199999809265137,,78.0,157.1999969482422,42.0,142.60000610351562,48.099998474121094,-1.2739299535751343,,,,,,,,91.75959777832031,97.60560607910156,,2.0,,,,,,,,,,,,,,0.0,,,,,,,,,,,,,,,,,,773902.0,,,,,,,,,,,,,,,,,,,,,,,,,""
932487169,"Dec 4, 2016, 12:25:15 PM",Afternoon Ride,Ride,,2353,9.85,,,false,,Focusen,activities/1032568623.fit.gz,69.0,7.900000095367432,2353.0,1739.0,9857.5,9.5,,188.0,73.4000015258789,36.0,163.60000610351562,9.800000190734863,1.1625699996948242,,,,,,,,124.2249984741211,240.8704071044922,,0.0,,,,,,,,,,,,,,0.0,,,,,,,,,,,,,,,,,,773902.0,,,,,,,,,,,,,,,,,,,,,,,,,""
933212622,"Apr 8, 2017, 2:20:17 PM",Afternoon Ride,Ride,,3380,21.53,,,false,,Focusen,activities/933212622.gpx,69.0,7.900000095367432,3380.0,3354.0,21531.099609375,17.200000762939453,,328.27801513671875,331.87799072265625,58.20000076293945,191.0,24.799999237060547,-0.016720000654459,,,,,,,,151.2530059814453,565.642333984375,,,,,,,,,,,,,,,,0.0,,,,,,,,,,,,,,,,,,773902.0,,,,,,,,,,,,,,,,,,,,,,,,,""
934027416,"Apr 9, 2017, 4:54:23 AM",Morning Ride,Ride,,5319,30.64,,,false,,Focusen,activities/1034161539.fit.gz,69.0,7.900000095367432,5319.0,5088.0,30647.30078125,16.200000762939453,,625.0,626.4000244140625,110.4000015258789,527.0,13.5,-0.0045680999755859375,,,115.0,73.13300323486328,,,,126.11100006103516,715.4428100585938,,1.0,,,,,,,,,,,,,,0.0,,,,,,,,,,,,,,,,,,773902.0,,,,,,,,,,,,,,,,,,,,,,,,,""
935809019,"Apr 10, 2017, 4:57:48 AM",Morning Ride,Ride,"",1438,6.15,,,true,,Nye CXen,activities/935809019.gpx,69.0,12.0,1438.0,1371.0,6158.2001953125,14.800000190734863,,57.9452018737793,139.84519958496094,53.900001525878906,157.1999969482422,22.200000762939453,-1.3299299478530884,,,,,,,,135.92599487304688,207.7853240966797,,,,,,,,,,,,,,,,1.0,,,,,,,,,,,,,,,,,,3718715.0,,,,,,,,,,,,,,,,,,,,,,,,,""
936226897,"Apr 10, 2017, 1:18:38 PM",Afternoon Ride,Ride,"",1862,6.40,,,true,,Nye CXen,activities/936226897.gpx,69.0,12.0,1862.0,1511.0,6408.89990234375,10.800000190734863,,137.72000122070312,57.52000045776367,53.900001525878906,157.10000610351562,21.0,1.2513799667358398,,,,,,,,179.2740020751953,302.0345458984375,,,,,,,,,,,,,,,,1.0,,,,,,,,,,,,,,,,,,3718715.0,,,,,,,,,,,,,,,,,,,,,,,,,""
937117689,"Apr 11, 2017, 5:03:54 AM",Morning Ride,Ride,"",1065,6.18,,,true,,Nye CXen,activities/937117689.gpx,69.0,12.0,1065.0,977.0,6185.39990234375,13.699999809265137,,58.4452018737793,138.94520568847656,53.900001525878906,157.1999969482422,25.399999618530273,-1.3014500141143799,,,,,,,,149.052001953125,162.37054443359375,,,,,,,,,,,,,,,,1.0,,,,,,,,,,,,,,,,,,3718715.0,,,,,,,,,,,,,,,,,,,,,,,,,""
937518187,"Apr 11, 2017, 12:28:57 PM",Afternoon Ride,Ride,"",1556,6.36,,,true,,Nye CXen,activities/937518187.gpx,69.0,12.0,1556.0,1433.0,6364.2998046875,11.300000190734863,,143.8520050048828,64.75199890136719,53.900001525878906,157.10000610351562,34.900001525878906,1.2428699731826782,,,,,,,,178.42300415039062,285.0833740234375,,,,,,,,,,,,,,,,1.0,,,,,,,,,,,,,,,,,,3718715.0,,,,,,,,,,,,,,,,,,,,,,,,,""
940085108,"Apr 13, 2017, 8:32:51 AM",Morning Walk bæresele ,Walk,"",4526,6.01,,,false,,,activities/940085108.gpx,69.0,,4526.0,4059.0,6011.7001953125,9.800000190734863,,114.30599975585938,113.00599670410156,94.5999984741211,176.10000610351562,47.20000076293945,0.021624499931931496,,,,,,,,,509.6654357910156,,,,,,,,,,,,,,,,0.0,,,,,,,,,,,,,,,,,,,,,,,,,,,,,,,,,,,,,,,,,,,""
942813122,"Apr 15, 2017, 8:52:33 AM",Morning Ride,Ride,"",1747,6.19,,,true,,Nye CXen,activities/942813122.gpx,69.0,12.0,1747.0,1035.0,6194.10009765625,12.5,,58.660400390625,139.160400390625,53.900001525878906,157.10000610351562,24.100000381469727,-1.2996200323104858,,,,,,,,143.90499877929688,166.06996154785156,,,,,,,,,,,,,,,,1.0,,,,,,,,,,,,,,,,,,3718715.0,,,,,,,,,,,,,,,,,,,,,,,,,""
942954259,"Apr 15, 2017, 10:34:51 AM",Lunch Ride,Ride,"",1266,6.27,,,true,,Nye CXen,activities/942954259.gpx,69.0,12.0,1266.0,1212.0,6275.7001953125,12.199999809265137,,137.78199768066406,56.582000732421875,53.900001525878906,157.10000610351562,21.100000381469727,1.2938799858093262,,,,,,,,196.58200073242188,265.656982421875,,,,,,,,,,,,,,,,1.0,,,,,,,,,,,,,,,,,,3718715.0,,,,,,,,,,,,,,,,,,,,,,,,,""
944748365,"Apr 16, 2017, 11:59:16 AM",Gjørme og snø...,Run,"",4976,12.09,,,false,,ASICS Dynamic Duomax Fluidfit Allround,activities/944748365.gpx,69.0,,4976.0,4664.0,12091.599609375,5.900000095367432,,273.3599853515625,290.55999755859375,89.30000305175781,308.0,42.099998474121094,-0.1422480046749115,,,,,,,,,1088.510498046875,,,,,,,,,,,,,,,,0.0,,,12839.400390625,,,,,,,,,,,,,,,,2271521.0,,,,,,,,,,,,,,,,,,,,,,,,""
945635614,"Apr 17, 2017, 6:16:39 AM",Morning walk bæresele,Walk,"",1925,2.46,,,false,,,activities/945635614.gpx,69.0,,1925.0,1889.0,2467.0,3.0999999046325684,,46.964298248291016,44.26430130004883,118.5999984741211,151.0,37.79999923706055,0.1094449982047081,,,,,,,,,209.14959716796875,,,,,,,,,,,,,,,,0.0,,,,,,,,,,,,,,,,,,,,,,,,,,,,,,,,,,,,,,,,,,,""
947195552,"Apr 18, 2017, 8:28:49 AM",Morning Ride,Ride,,1290,6.27,,,true,,Nye CXen,activities/947195552.gpx,69.0,12.0,1290.0,1112.0,6271.39990234375,12.5,,59.109500885009766,139.6094970703125,53.900001525878906,157.10000610351562,25.399999618530273,-1.2835999727249146,,,,,,,,135.2209930419922,167.65780639648438,,,,,,,,,,,,,,,,1.0,,,,,,,,,,,,,,,,,,3718715.0,,,,,,,,,,,,,,,,,,,,,,,,,""
947483588,"Apr 18, 2017, 1:18:13 PM",Afternoon Ride,Ride,,1391,6.26,,,true,,Nye CXen,activities/947483588.gpx,69.0,12.0,1391.0,1259.0,6266.2998046875,12.699999809265137,,136.91600036621094,56.215999603271484,54.0,157.1999969482422,19.0,1.2878400087356567,,,,,,,,185.23399353027344,260.0287170410156,,,,,,,,,,,,,,,,1.0,,,,,,,,,,,,,,,,,,3718715.0,,,,,,,,,,,,,,,,,,,,,,,,,""
948495548,"Apr 19, 2017, 5:57:52 AM",Morning Ride,Ride,,995,6.21,,,true,,Nye CXen,activities/948495548.gpx,69.0,12.0,995.0,927.0,6215.10009765625,14.100000381469727,,58.00899887084961,142.40899658203125,53.900001525878906,157.10000610351562,25.5,-1.3579800128936768,,,,,,,,156.11099243164062,161.35711669921875,,,,,,,,,,,,,,,,1.0,,,,,,,,,,,,,,,,,,3718715.0,,,,,,,,,,,,,,,,,,,,,,,,,""
948937466,"Apr 19, 2017, 1:40:19 PM",Pit-stop commute #sykletiljobben,Ride,,2575,8.73,,,true,,Nye CXen,activities/948937466.gpx,69.0,12.0,2575.0,1718.0,8730.2001953125,10.899999618530273,,136.20399475097656,54.80400085449219,53.900001525878906,150.89999389648438,22.399999618530273,0.9323959946632385,,,,,,,,168.8090057373047,323.3654479980469,,,,,,,,,,,,,,,,1.0,,,,,,,,,,,,,,,,,,3718715.0,,,,,,,,,,,,,,,,,,,,,,,,,""
949893244,"Apr 20, 2017, 6:21:06 AM",Morning Ride,Ride,,1106,6.21,,,true,,Nye CXen,activities/949893244.gpx,69.0,12.0,1106.0,1006.0,6209.60009765625,13.0,,58.317501068115234,140.91749572753906,53.900001525878906,157.1999969482422,26.0,-1.330199956893921,,,,,,,,152.2530059814453,170.78067016601562,,,,,,,,,,,,,,,,1.0,,,,,,,,,,,,,,,,,,3718715.0,,,,,,,,,,,,,,,,,,,,,,,,,""
950141496,"Apr 20, 2017, 11:33:34 AM",Afternoon Ride,Ride,,1389,6.39,,,true,,Nye CXen,activities/950141496.gpx,69.0,12.0,1389.0,1243.0,6390.10009765625,12.5,,142.91099548339844,63.21099853515625,53.900001525878906,157.1999969482422,46.5,1.2472399473190308,,,,,,,,185.5570068359375,257.1717834472656,,,,,,,,,,,,,,,,1.0,,,,,,,,,,,,,,,,,,3718715.0,,,,,,,,,,,,,,,,,,,,,,,,,""
951181078,"Apr 21, 2017, 5:48:04 AM",Morning Ride,Ride,,1059,6.22,,,true,,Nye CXen,activities/951181078.gpx,69.0,12.0,1059.0,918.0,6225.60009765625,14.199999809265137,,58.12220001220703,138.52220153808594,53.900001525878906,157.1999969482422,24.5,-1.2914400100708008,,,,,,,,164.93699645996094,168.82456970214844,,,,,,,,,,,,,,,,1.0,,,,,,,,,,,,,,,,,,3718715.0,,,,,,,,,,,,,,,,,,,,,,,,,""
951580335,"Apr 21, 2017, 1:52:34 PM",Afternoon Ride,Ride,,1353,6.23,,,true,,Nye CXen,activities/951580335.gpx,69.0,12.0,1353.0,1263.0,6237.7998046875,10.699999809265137,,141.76699829101562,60.766998291015625,53.900001525878906,157.10000610351562,43.599998474121094,1.2985299825668335,,,,,,,,182.97799682617188,257.6778564453125,,,,,,,,,,,,,,,,1.0,,,,,,,,,,,,,,,,,,3718715.0,,,,,,,,,,,,,,,,,,,,,,,,,""
952416679,"Apr 22, 2017, 6:28:46 AM",Morning Walk,Walk,,2717,2.95,,,false,,,activities/952416679.gpx,,,2717.0,2047.0,2956.699951171875,3.0999999046325684,,53.82469940185547,51.624698638916016,114.19999694824219,150.89999389648438,28.799999237060547,0.07440730184316635,,,,,,,,,250.66583251953125,,,,,,,,,,,,,,,,0.0,,,,,,,,,,,,,,,,,,,,,,,,,,,,,,,,,,,,,,,,,,,""
953057965,"Apr 22, 2017, 1:50:19 PM",Kolsåstoppen nord tror jeg...,Run,Ta til venstre (ikke høyre) siste sving så når man den faktiske toppen...,3681,8.17,,,false,,ASICS Dynamic Duomax Fluidfit Allround,activities/953057965.gpx,69.0,,3681.0,3371.0,8173.5,6.300000190734863,,296.00201416015625,294.50201416015625,100.5,356.20001220703125,40.400001525878906,0.018352000042796135,,,,,,,,,776.4223022460938,,,,,,,,,,,,,,,,0.0,,,9158.2001953125,,,,,,,,,,,,,,,,2271521.0,,,,,,,,,,,,,,,,,,,,,,,,media/1ec296c8-b1e9-48dc-b048-2ed0f9ae42d9.jpg
958563151,"Apr 26, 2017, 7:09:33 AM",Morning Walk,Walk,,3922,5.19,,,false,,,activities/958563151.gpx,,,3922.0,3601.0,5194.89990234375,4.099999904632568,,74.14209747314453,73.94210052490234,95.80000305175781,150.89999389648438,30.799999237060547,0.0038499298971146345,,,,,,,,,440.4179992675781,,,,,,,,,,,,,,,,0.0,,,,,,,,,,,,,,,,,,,,,,,,,,,,,,,,,,,,,,,,,,,""
959852187,"Apr 27, 2017, 6:25:15 AM",Morning Ride,Walk,"",4844,6.66,,,false,,,activities/1060738863.tcx.gz,69.0,,4844.0,4639.0,6660.0,2.0999999046325684,,88.03569793701172,94.03569793701172,117.0,172.3000030517578,20.899999618530273,-0.09009010344743729,,,,,,,,,564.6276245117188,,,,,,,,,,,,,,,,0.0,,,,,,,,,,,,,,,,,,,,,,,,,,,,,,,,,,,,,,,,,,,""
959852294,"Apr 21, 2015, 2:40:21 PM",Afternoon Ride,Ride,,9,0.01,,,false,,Nye CXen,activities/1060738834.tcx.gz,69.0,12.0,9.0,9.0,12.199999809265137,1.5,,0.0,-0.30000001192092896,151.39999389648438,151.6999969482422,2.5,2.459019899368286,,,,,,,,67.0,0.672344982624054,,,,,,,,,,,,,,,,0.0,,,,,,,,,,,,,,,,,,3718715.0,,,,,,,,,,,,,,,,,,,,,,,,,""
961125495,"Apr 28, 2017, 6:55:14 AM",Morning Walk,Walk,,2891,3.84,,,false,,,activities/961125495.gpx,,,2891.0,2557.0,3845.699951171875,2.799999952316284,,55.47019958496094,54.770198822021484,149.3000030517578,195.39999389648438,49.0,0.018202099949121475,,,,,,,,,326.0343017578125,,,,,,,,,,,,,,,,0.0,,,,,,,,,,,,,,,,,,,,,,,,,,,,,,,,,,,,,,,,,,,""
962297964,"Apr 29, 2017, 6:34:21 AM",Morning Walk,Walk,,4048,4.51,,,false,,,activities/962297964.gpx,,,4048.0,3457.0,4513.89990234375,2.9000000953674316,,129.88900756835938,125.18900299072266,112.0,176.0,40.5,0.10412299633026123,,,,,,,,,382.6835632324219,,,,,,,,,,,,,,,,0.0,,,,,,,,,,,,,,,,,,,,,,,,,,,,,,,,,,,,,,,,,,,""
963930797,"Apr 30, 2017, 6:47:48 AM",Fra Steinshøgda over Kolsåstoppen,Run,"",6063,12.37,,,false,,ASICS Dynamic Duomax Fluidfit Allround,activities/963930797.gpx,69.0,,6063.0,5524.0,12372.599609375,6.400000095367432,,504.177001953125,505.97698974609375,89.30000305175781,371.29998779296875,50.0,-0.014548299834132195,,,,,,,,,1203.4197998046875,,,,,,,,,,,,,,,,0.0,,,14194.7998046875,,,,,,,,,,,,,,,,2271521.0,,,,,,,,,,,,,,,,,,,,,,,,media/92bda455-3aa4-4fcb-b842-206668498da0.jpg|media/ca597ce4-1ea1-4fb5-8c68-7d9a0b527721.jpg|media/db31523b-6995-4c4a-b12e-bf2c7cf000a4.jpg
965558880,"May 1, 2017, 6:52:39 AM",Morning Walk,Run,"",3596,4.42,,,false,,Salomon S-Lab Speed Terrengsko,activities/965558880.gpx,69.0,,3596.0,3487.0,4428.2001953125,3.5,,74.80169677734375,74.50170135498047,94.9000015258789,151.0,48.0,0.006774759851396084,,,,,,,,,389.474365234375,,,,,,,,,,,,,,,,0.0,,,4594.0,,,,,,,,,,,,,,,,2271327.0,,,,,,,,,,,,,,,,,,,,,,,,""
968716710,"May 3, 2017, 5:56:48 AM",Sykkelpermisjon fra pappaperm,Ride,"",6851,45.65,,,false,,Focusen,activities/1069877612.fit.gz,69.0,7.900000095367432,6851.0,6675.0,45651.1015625,16.299999237060547,,784.0,783.2000122070312,47.20000076293945,528.5999755859375,17.600000381469727,0.0017524199793115258,,,116.0,82.04989624023438,,,,146.4320068359375,1089.8385009765625,,8.0,,,,,,,,,,,,,,0.0,,,,,,,,,,,,,,,,,,773902.0,,,,,,,,,,,,,,,,,,,,,,,,,""
975454395,"May 7, 2017, 2:11:09 PM",Stitur over Brunkollen,Run,"",6767,16.68,190.0,87,false,,ASICS Dynamic Duomax Fluidfit Allround,activities/1076796270.tcx.gz,69.0,,6767.0,6519.0,16686.900390625,4.699999809265137,,402.7126159667969,405.7130126953125,106.0,376.0,43.099998474121094,-0.01797817461192608,,,,,190.0,169.24835205078125,,,1498.1029052734375,,,87.0,,,,,,,,,,,,,0.0,,,17670.69921875,,,,,,,,,,,,,,,,2271521.0,,,,,,,,,,,,,,,,,,,,,,,,""
978560499,"May 9, 2017, 3:52:57 PM","Rolig, liten runde",Run,"",2535,6.10,161.0,9,false,,ASICS Dynamic Duomax Fluidfit Allround,activities/1079991420.tcx.gz,69.0,,2535.0,2469.0,6105.60009765625,3.299999952316284,,69.68499755859375,80.18499755859375,94.69999694824219,151.0,12.899999618530273,-0.17197327315807343,,,,,161.0,142.81954956054688,,,527.4011840820312,,,9.0,,,,,,,,,,,,,0.0,,,6220.89990234375,,,,,,,,,,,,,,,,2271521.0,,,,,,,,,,,,,,,,,,,,,,,,""
983746945,"May 13, 2017, 7:18:16 AM",3x10 min terskel i muren,Run,"",6232,16.34,191.0,61,false,,ASICS Dynamic Duomax Fluidfit Allround,activities/1086160149.tcx.gz,69.0,,6232.0,6055.0,16348.5,4.5,,344.1242980957031,337.3240051269531,106.0,218.6999969482422,18.200000762939453,0.04159402847290039,,,,,191.0,165.17335510253906,,,1436.163330078125,,,61.0,,,,,,,,,,,,,0.0,,,16940.099609375,,,,,,,,,,,,,,,,2271521.0,,,,,,,,,,,,,,,,,,,,,,,,""
987243353,"May 15, 2017, 9:31:09 AM",Langtur med noen spurter på sti,Run,"",6804,15.08,198.0,81,false,,ASICS Dynamic Duomax Fluidfit Allround,activities/1090317271.tcx.gz,69.0,,6804.0,6009.0,15085.7998046875,3.9000000953674316,,417.2646484375,438.56500244140625,63.0,298.0,49.20000076293945,-0.14119237661361694,,,,,198.0,169.1802215576172,,,1370.154541015625,,,81.0,,,,,,,,,,,,,0.0,,,16161.5,,,,,,,,,,,,,,,,2271521.0,,,,,,,,,,,,,,,,,,,,,,,,""
992367224,"May 17, 2017, 1:42:19 PM",10km hard tempo med 17mai frokost i magen...,Run,"",3672,11.68,194.0,71,false,,ASICS Dynamic Duomax Fluidfit Allround,activities/1094486517.tcx.gz,69.0,,3672.0,3635.0,11687.599609375,5.699999809265137,,153.24667358398438,175.14700317382812,89.30000305175781,153.39999389648438,34.0,-0.18737807869911194,,,,,194.0,175.84759521484375,,,1011.7940063476562,,,71.0,,,,,,,,,,,,,0.0,,,11934.5,,,,,,,,,,,,,,,,2271521.0,,,,,,,,,,,,,,,,,,,,,,,,""
994140173,"May 18, 2017, 1:49:49 PM",Afternoon Walk bæremeis,Run,"",1969,1.94,,,false,,Salomon S-Lab Speed Terrengsko,activities/994140173.gpx,69.0,,1969.0,1451.0,1939.5999755859375,3.0,,42.80649948120117,42.40650177001953,123.0,151.0,22.100000381469727,0.020622799172997475,,,,,,,,,172.1944580078125,,,,,,,,,,,,,,,,0.0,,,2031.0999755859375,,,,,,,,,,,,,,,,2271327.0,,,,,,,,,,,,,,,,,,,,,,,,""
995607891,"May 19, 2017, 2:34:17 PM",Teste nye terrengsko :D,Run,"Moderat med to sti-spurter. Skoene fungerte fint =D
166 bpm avg
maks 201",4560,10.16,,,false,,Salomon S-Lab Speed Terrengsko,activities/995607891.gpx,69.0,,4560.0,4103.0,10162.099609375,7.400000095367432,,298.05499267578125,296.9549865722656,94.5999984741211,298.0,35.0,0.010824499651789665,,,,,,,,,941.9362182617188,,,,,,,,,,,,,,,,0.0,,,11110.5,,,,,,,,,,,,,,,,2271327.0,,,,,,,,,,,,,,,,,,,,,,,,""
996678537,"May 20, 2017, 9:15:30 AM",Gåtur i Lommedalen med familien ,Run,"",7644,5.42,,,false,,Salomon S-Lab Speed Terrengsko,activities/996678537.gpx,69.0,,7644.0,5879.0,5420.2001953125,5.900000095367432,,225.26100158691406,229.76100158691406,216.39999389648438,396.20001220703125,32.5,-0.08302280306816101,,,,,,,,,522.5348510742188,,,,,,,,,,,,,,,,0.0,,,6163.5,,,,,,,,,,,,,,,,2271327.0,,,,,,,,,,,,,,,,,,,,,,,,""
998100699,"May 21, 2017, 7:07:09 AM","Svamp, gjørme og fall - Burud parkering -  rolig",Run,"",7739,17.73,,,false,,Salomon S-Lab Speed Terrengsko,activities/998100699.gpx,69.0,,7739.0,7107.0,17731.400390625,7.099999904632568,,368.75299072265625,382.5530090332031,94.5999984741211,308.1000061035156,31.700000762939453,-0.07782799750566483,,,,,,,,,1586.145751953125,,,,,,,,,,,,,,,,0.0,,,18709.19921875,,,,,,,,,,,,,,,,2271327.0,,,,,,,,,,,,,,,,,,,,,,,,media/b48f7893-dc52-4657-b09d-25f938b8c171.jpg
1000266497,"May 22, 2017, 9:24:34 AM",Bæremeis as,Run,"",7246,7.02,127.0,7,false,,Salomon S-Lab Speed Terrengsko,activities/1102510131.tcx.gz,69.0,,7246.0,4792.0,7024.2001953125,2.4000000953674316,,85.2066650390625,86.40670013427734,128.3000030517578,185.89999389648438,30.0,-0.017083795741200447,,,,,127.0,96.61711883544922,,,607.4324951171875,,,7.0,,,,,,,,,,,,,0.0,,,7164.89990234375,,,,,,,,,,,,,,,,2271327.0,,,,,,,,,,,,,,,,,,,,,,,,""
1001808839,"May 23, 2017, 11:33:26 AM",Rolig langkjør joggings,Run,"",8554,21.22,175.0,42,false,,ASICS Dynamic Duomax Fluidfit Allround,activities/1104090711.tcx.gz,69.0,,8554.0,8258.0,21226.69921875,3.799999952316284,,320.4090576171875,320.6090087890625,109.0,198.3000030517578,35.900001525878906,-0.0009422095608897507,,,,,175.0,157.21250915527344,,,1849.7828369140625,,,42.0,,,,,,,,,,,,,0.0,,,21818.900390625,,,,,,,,,,,,,,,,2271521.0,,,,,,,,,,,,,,,,,,,,,,,,""
1006498519,"May 26, 2017, 12:38:48 PM",Rolig 10km,Run,"",4114,10.46,167.0,17,false,,ASICS Dynamic Duomax Fluidfit Allround,activities/1108905300.tcx.gz,69.0,,4114.0,4027.0,10466.2998046875,3.799999952316284,,183.2808380126953,213.18099975585938,54.0,150.89999389648438,21.100000381469727,-0.28567880392074585,,,,,167.0,154.7475128173828,,,902.768310546875,,,17.0,,,,,,,,,,,,,0.0,,,10648.5,,,,,,,,,,,,,,,,2271521.0,,,,,,,,,,,,,,,,,,,,,,,,""
1009544966,"May 28, 2017, 9:02:43 AM","(altfor) hard langtur på teknisk sti, via Tjæregrashøgda. puhh..",Run,"Noen innlagte drag også
Tjæregrashøgda (485) er visst høyeste punkt i Bærumsmarka",9856,19.78,195.0,98,false,,Salomon S-Lab Speed Terrengsko,activities/1112049481.tcx.gz,69.0,,9856.0,8197.0,19781.099609375,4.5,,561.962646484375,559.1630249023438,112.19999694824219,476.70001220703125,46.400001525878906,0.01415492594242096,,,,,195.0,166.53268432617188,,,1760.73095703125,,,98.0,,,,,,,,,,,,,0.0,,,20768.5,,,,,,,,,,,,,,,,2271327.0,,,,,,,,,,,,,,,,,,,,,,,,media/1c7b0fef-c168-4b42-8ca4-d93443bd6057.jpg
1013227541,"May 30, 2017, 5:41:39 PM",Behagelig golfrunde,Run,"",4155,10.64,171.0,16,false,,ASICS Dynamic Duomax Fluidfit Allround,activities/1115846510.tcx.gz,69.0,,4155.0,4088.0,10647.0,14.800000190734863,,219.08119201660156,213.58099365234375,89.4000015258789,161.0,44.099998474121094,0.051657743752002716,,,,,171.0,148.34564208984375,,,938.2991943359375,,,16.0,,,,,,,,,,,,,0.0,,,11067.599609375,,,,,,,,,,,,,,,,2271521.0,,,,,,,,,,,,,,,,,,,,,,,,""
1019083294,"Jun 3, 2017, 11:08:07 AM","Søvnmangel, høy puls og slitne bein...",Run,... men måtte finne igjen båndet jeg mistet sist uke,10817,21.74,187.0,87,false,,Salomon S-Lab Speed Terrengsko,activities/1121867661.tcx.gz,69.0,,10817.0,9801.0,21742.19921875,3.9000000953674316,,641.6678466796875,663.7680053710938,94.5999984741211,477.1000061035156,46.79999923706055,-0.10164564847946167,,,,,187.0,164.47662353515625,,,1973.2886962890625,,,87.0,,,,,,,,,,,,,0.0,,,23275.69921875,,,,,,,,,,,,,,,,2271327.0,,,,,,,,,,,,,,,,,,,,,,,,""
1020176454,"Jun 4, 2017, 7:36:09 AM",Recovery,Run,"",2026,4.64,185.0,7,false,,ASICS Dynamic Duomax Fluidfit Allround,activities/1122997512.tcx.gz,69.0,,2026.0,1958.0,4644.5,3.9000000953674316,,77.7933349609375,77.29329681396484,97.30000305175781,151.0,12.199999809265137,0.010765421204268932,,,,,185.0,146.3485107421875,,,402.0894470214844,,,7.0,,,,,,,,,,,,,0.0,,,4742.7998046875,,,,,,,,,,,,,,,,2271521.0,,,,,,,,,,,,,,,,,,,,,,,,""
1022393409,"Jun 5, 2017, 10:37:57 AM",3x Sognsvann (2 moderat 1 tempo),Run,trene litt på flata også,6270,16.51,194.0,165,false,,ASICS Dynamic Duomax Fluidfit Allround,activities/1125281271.tcx.gz,69.0,,6270.0,5866.0,16514.400390625,4.400000095367432,,217.57200622558594,218.6719970703125,106.5999984741211,205.89999389648438,38.5,-0.006660849787294865,,,,,194.0,162.3679962158203,,,1424.0823974609375,,,165.0,,,,,,,,,,,,,0.0,,,16797.599609375,,,,,,,,,,,,,,,,2271521.0,,,,,,,,,,,,,,,,,,,,,,,,""
1023363899,"Jun 6, 2017, 5:35:23 AM",Morning walk EU kontroll,Run,,2771,4.87,,,false,,Salomon S-Lab Speed Terrengsko,activities/1023363899.gpx,69.0,,2771.0,2645.0,4871.7001953125,4.199999809265137,,150.67799377441406,28.17799949645996,23.600000381469727,146.10000610351562,37.5,2.5145199298858643,,,,,,,,,473.45635986328125,,,,,,,,,,,,,,,,0.0,,,5584.60009765625,,,,,,,,,,,,,,,,2271327.0,,,,,,,,,,,,,,,,,,,,,,,,""
1026614056,"Jun 7, 2017, 8:06:07 AM",Morning Run,Walk,"",1879,2.67,153.0,4,false,,Salomon S-Lab Speed Terrengsko,activities/1129564890.tcx.gz,69.0,,1879.0,1644.0,2675.0,3.799999952316284,,47.633506774902344,50.73350143432617,113.80000305175781,150.60000610351562,23.299999237060547,-0.115887850522995,,,,,153.0,107.46662139892578,,,226.7836151123047,,,4.0,,,,,,,,,,,,,0.0,,,,,,,,,,,,,,,,,,,2271327.0,,,,,,,,,,,,,,,,,,,,,,,,""
1026614091,"Jun 8, 2017, 11:06:48 AM",Moderat golfrunde,Run,"Kadens ~170
Høy sone 2


Forsøk på å løpe teknisk ""riktig""",3811,10.20,170.0,16,false,,ASICS Dynamic Duomax Fluidfit Allround,activities/1129564907.tcx.gz,69.0,,3811.0,3741.0,10208.2998046875,5.400000095367432,,190.6395263671875,181.63999938964844,89.30000305175781,153.89999389648438,30.700000762939453,0.08816355466842651,,,,,170.0,155.767578125,,,894.4684448242188,,,16.0,,,,,,,,,,,,,0.0,,,10550.599609375,,,,,,,,,,,,,,,,2271521.0,,,,,,,,,,,,,,,,,,,,,,,,""
1031472365,"Jun 11, 2017, 7:49:21 AM",Morning Ride 🐳,Ride,"",16225,92.16,174.0,46,false,,Focusen,activities/1134486750.fit.gz,69.0,7.900000095367432,16225.0,13991.0,92167.703125,17.899999618530273,,1347.251220703125,1352.25,4.800000190734863,347.0,18.899999618530273,-0.0054248939268291,,,125.0,77.17512512207031,174.0,132.82513427734375,,132.37530517578125,2065.04541015625,,10.0,46.0,,,,,,,,,,,,,0.0,,,,,,,,,,,,,,,,,,773902.0,,,,,,,,,,,,,,,,,,,,,,,,,""
1034969684,"Jun 13, 2017, 5:24:21 PM",4x5min ,Run,"",3987,10.98,179.0,29,false,,ASICS Dynamic Duomax Fluidfit Allround,activities/1138075479.tcx.gz,69.0,,3987.0,3869.0,10987.5,6.0,,205.9600067138672,205.66000366210938,89.4000015258789,153.89999389648438,30.0,0.002730380045250058,,,,,179.0,158.25900268554688,,,957.82373046875,,,84.0,,,,,,,,,,,,,0.0,,,11297.900390625,,,,,,,,,,,,,,,,2271521.0,,,,,,,,,,,,,,,,,,,,,,,,media/f09e4e16-e935-4aaf-97f2-89d2c74ff39b.jpg
1038210877,"Jun 14, 2017, 3:10:09 PM",Bæremeis,Walk,"",2961,1.37,156.0,3,false,,Salomon S-Lab Speed Terrengsko,activities/1141394552.tcx.gz,69.0,,2961.0,1428.0,1373.4000244140625,2.299999952316284,,119.74555206298828,138.3459930419922,162.0,298.0,45.70000076293945,-1.354303240776062,,,,,156.0,117.24285888671875,,,116.43537139892578,,,3.0,,,,,,,,,,,,,0.0,,,,,,,,,,,,,,,,,,,2271327.0,,,,,,,,,,,,,,,,,,,,,,,,""
1038210934,"Jun 15, 2017, 12:26:37 PM",Sliten og slækk i kroppen,Run,"",4567,10.28,174.0,20,false,,ASICS Dynamic Duomax Fluidfit Allround,activities/1141394585.tcx.gz,69.0,,4567.0,3934.0,10286.5,4.099999904632568,,196.9566650390625,191.95700073242188,89.5,153.89999389648438,29.299999237060547,0.04860739782452583,,,,,174.0,158.5986328125,,,891.7470703125,,,20.0,,,,,,,,,,,,,0.0,,,10518.5,,,,,,,,,,,,,,,,2271521.0,,,,,,,,,,,,,,,,,,,,,,,,""
1042557425,"Jun 18, 2017, 12:00:47 PM",Afternoon meis,Walk,,3916,4.19,,,false,,Salomon S-Lab Speed Terrengsko,activities/1042557425.gpx,,,3916.0,3362.0,4198.2998046875,2.9000000953674316,,124.96800231933594,110.26799774169922,112.0,176.10000610351562,28.700000762939453,0.3501420021057129,,,,,,,,,355.9273376464844,,,,,,,,,,,,,,,,0.0,,,,,,,,,,,,,,,,,,,2271327.0,,,,,,,,,,,,,,,,,,,,,,,,""
1044167455,"Jun 19, 2017, 12:33:57 PM",Rolig teknisk sti - skrivarberget og gardlaushøgda,Run,"",5658,13.62,183.0,36,false,,Salomon S-Lab Speed Terrengsko,activities/1147555170.tcx.gz,69.0,,5658.0,5456.0,13619.2001953125,5.699999809265137,,394.7101135253906,394.010009765625,94.5999984741211,308.0,35.0,0.00513980258256197,,,,,183.0,160.06454467773438,,,1242.740234375,,,36.0,,,,,,,,,,,,,0.0,,,14658.599609375,,,,,,,,,,,,,,,,2271327.0,,,,,,,,,,,,,,,,,,,,,,,,""
1047119635,"Jun 21, 2017, 7:51:52 AM",Kupert runde på sti,Run,"",11628,25.70,190.0,84,false,,Salomon S-Lab Speed Terrengsko,activities/1150573750.tcx.gz,69.0,,11628.0,10417.0,25707.19921875,5.0,,609.7908325195312,635.5910034179688,106.0,477.20001220703125,50.0,-0.10036098957061768,,,,,190.0,162.6206817626953,,,2273.889404296875,,,84.0,,,,,,,,,,,,,0.0,,,26821.400390625,,,,,,,,,,,,,,,,2271327.0,,,,,,,,,,,,,,,,,,,,,,,,""
1050437424,"Jun 23, 2017, 2:42:51 PM",Kjedelig leggvask,Run,"",3403,9.03,170.0,14,false,,ASICS Dynamic Duomax Fluidfit Allround,activities/1153960422.tcx.gz,69.0,,3403.0,3359.0,9033.5,4.199999809265137,,136.61666870117188,141.01699829101562,116.0,153.1999969482422,32.099998474121094,-0.048707589507102966,,,,,170.0,152.2813262939453,,,781.2546997070312,,,14.0,,,,,,,,,,,,,0.0,,,9215.2001953125,,,,,,,,,,,,,,,,2271521.0,,,,,,,,,,,,,,,,,,,,,,,,""
1058008042,"Jun 28, 2017, 11:02:04 AM",Afternoon Run,Run,,6052,15.05,,,false,,Salomon S-Lab Speed Terrengsko,activities/1058008042.gpx,69.0,,6052.0,5737.0,15055.599609375,6.800000190734863,,173.76600646972656,363.7659912109375,122.4000015258789,359.0,42.0,-1.261989951133728,,,,,,,,,1252.167724609375,,,,,,,,,,,,,,,,0.0,,,14769.7998046875,,,,,,,,,,,,,,,,2271327.0,,,,,,,,,,,,,,,,,,,,,,,,""
1059091173,"Jun 29, 2017, 5:13:01 AM",Morning Ride,Ride,,1010,6.18,,,false,,Nye CXen,activities/1059091173.gpx,69.0,12.0,1010.0,958.0,6182.39990234375,14.300000190734863,,77.23539733886719,159.3354034423828,53.900001525878906,157.10000610351562,26.5,-1.3279600143432617,,,,,,,,151.50399780273438,161.83203125,,,,,,,,,,,,,,,,0.0,,,,,,,,,,,,,,,,,,3718715.0,,,,,,,,,,,,,,,,,,,,,,,,,""
1059491928,"Jun 29, 2017, 12:52:25 PM",Afternoon Ride,Ride,,1516,8.64,,,false,,Nye CXen,activities/1059491928.gpx,69.0,12.0,1516.0,1516.0,8647.7998046875,11.5,,175.68499755859375,94.68499755859375,53.900001525878906,151.0,33.599998474121094,0.9366539716720581,,,,,,,,192.62399291992188,325.6000671386719,,,,,,,,,,,,,,,,0.0,,,,,,,,,,,,,,,,,,3718715.0,,,,,,,,,,,,,,,,,,,,,,,,,""
1060558410,"Jun 30, 2017, 5:27:36 AM",Morning Ride,Ride,,3334,6.25,,,false,,Nye CXen,activities/1060558410.gpx,69.0,12.0,3334.0,933.0,6252.89990234375,15.800000190734863,,79.8749008178711,160.87489318847656,53.900001525878906,157.1999969482422,25.799999237060547,-1.2954000234603882,,,,,,,,170.7530059814453,177.6334991455078,,,,,,,,,,,,,,,,0.0,,,,,,,,,,,,,,,,,,3718715.0,,,,,,,,,,,,,,,,,,,,,,,,,""
1060868077,"Jun 30, 2017, 12:36:00 PM",Afternoon Ride,Ride,,1820,8.11,,,true,,Nye CXen,activities/1060868077.gpx,69.0,12.0,1820.0,1501.0,8111.39990234375,14.399999618530273,,185.21400451660156,109.31400299072266,53.900001525878906,167.0,26.899999618530273,0.9357200264930725,,,,,,,,193.32000732421875,323.5432434082031,,,,,,,,,,,,,,,,1.0,,,,,,,,,,,,,,,,,,3718715.0,,,,,,,,,,,,,,,,,,,,,,,,,""
1063719591,"Jul 2, 2017, 9:03:06 AM",Langtur rundt Kolsås,Run,"",7423,19.99,187.0,82,false,,ASICS Dynamic Duomax Fluidfit Allround,activities/1167516186.tcx.gz,69.0,,7423.0,7074.0,19997.599609375,4.800000190734863,,412.88140869140625,412.58099365234375,59.099998474121094,221.0,46.5,0.0015001799911260605,,,,,187.0,167.1111602783203,,,1765.4700927734375,,,82.0,,,,,,,,,,,,,0.0,,,20824.400390625,,,,,,,,,,,,,,,,2271521.0,,,,,,,,,,,,,,,,,,,,,,,,""
1065085173,"Jul 3, 2017, 5:21:50 AM",Morning Ride,Ride,,1781,6.14,,,true,,Nye CXen,activities/1065085173.gpx,69.0,12.0,1781.0,966.0,6142.60009765625,14.100000381469727,,78.85540008544922,159.55540466308594,53.900001525878906,157.10000610351562,23.299999237060547,-1.3137799501419067,,,,,,,,158.3159942626953,170.5205841064453,,,,,,,,,,,,,,,,1.0,,,,,,,,,,,,,,,,,,3718715.0,,,,,,,,,,,,,,,,,,,,,,,,,""
1065481143,"Jul 3, 2017, 1:08:01 PM",Afternoon Ride,Ride,,1840,5.12,,,true,,Nye CXen,activities/1065481143.gpx,69.0,12.0,1840.0,1223.0,5122.2998046875,19.399999618530273,,138.23599243164062,56.5359992980957,53.900001525878906,157.1999969482422,48.400001525878906,1.5949900150299072,,,,,,,,162.63699340820312,221.7791290283203,,,,,,,,,,,,,,,,1.0,,,,,,,,,,,,,,,,,,3718715.0,,,,,,,,,,,,,,,,,,,,,,,,,""
1068314796,"Jul 5, 2017, 6:09:36 AM",Morning Ride,Ride,,1015,6.14,,,true,,Nye CXen,activities/1068314796.gpx,69.0,12.0,1015.0,973.0,6148.7998046875,13.300000190734863,,83.3230972290039,165.32310485839844,53.900001525878906,157.10000610351562,25.799999237060547,-1.333590030670166,,,,,,,,153.14300537109375,166.14407348632812,,,,,,,,,,,,,,,,1.0,,,,,,,,,,,,,,,,,,3718715.0,,,,,,,,,,,,,,,,,,,,,,,,,""
1068794719,"Jul 5, 2017, 1:38:10 PM",Afternoon Ride,Ride,,2566,7.72,,,true,,Nye CXen,activities/1068794719.gpx,69.0,12.0,2566.0,1765.0,7721.10009765625,12.5,,189.1219940185547,108.22200012207031,53.900001525878906,150.89999389648438,32.70000076293945,1.0477800369262695,,,,,,,,202.427001953125,398.37127685546875,,,,,,,,,,,,,,,,1.0,,,,,,,,,,,,,,,,,,3718715.0,,,,,,,,,,,,,,,,,,,,,,,,,""
1069955300,"Jul 6, 2017, 6:07:57 AM",Morning Ride,Ride,,994,6.21,,,true,,Nye CXen,activities/1069955300.gpx,69.0,12.0,994.0,920.0,6215.89990234375,13.5,,85.16130065917969,165.7613067626953,53.900001525878906,157.1999969482422,28.299999237060547,-1.2966699600219727,,,,,,,,179.68699645996094,184.3229217529297,,,,,,,,,,,,,,,,1.0,,,,,,,,,,,,,,,,,,3718715.0,,,,,,,,,,,,,,,,,,,,,,,,,""
1072049986,"Jul 7, 2017, 2:44:35 PM",Afternoon Run,Run,,137,0.00,114.0,0,false,,Salomon S-Lab Speed Terrengsko,activities/1175944968.tcx.gz,69.0,,137.0,1.0,6.099999904632568,0.5,,0.0,3.5,135.0,138.5,-6.699999809265137,-57.37699890136719,,,,,114.0,95.0,,,0.39846092462539673,,,0.0,,,,,,,,,,,,,0.0,,,4.699999809265137,,,,,,,,,,,,,,,,2271327.0,,,,,,,,,,,,,,,,,,,,,,,,""
1072050142,"Jul 7, 2017, 2:47:01 PM",to innlagte tempointervaller,Run,Statisk elektrisitet i skjorta = dårlig pulsmåling,3404,10.23,183.0,13,false,,ASICS Dynamic Duomax Fluidfit Allround,activities/1175945083.tcx.gz,69.0,,3404.0,3360.0,10236.0,5.400000095367432,,192.50833129882812,176.80799865722656,89.4000015258789,153.89999389648438,26.899999618530273,0.15338023006916046,,,,,183.0,132.8784637451172,,,896.2318725585938,,,13.0,,,,,,,,,,,,,0.0,,,10571.400390625,,,,,,,,,,,,,,,,2271521.0,,,,,,,,,,,,,,,,,,,,,,,,""
1079522046,"Jul 11, 2017, 5:09:02 PM",Flatland rask tur,Run,"",3391,11.00,191.0,60,false,,ASICS Dynamic Duomax Fluidfit Allround,activities/1183570065.tcx.gz,69.0,,3391.0,3373.0,11001.2001953125,4.5,,50.76333236694336,51.06330108642578,-0.6000000238418579,22.100000381469727,9.199999809265137,-0.002726975129917264,,,,,191.0,174.0038604736328,,,936.8748779296875,,,60.0,,,,,,,,,,,,,0.0,,,11050.7998046875,,,,,,,,,,,,,,,,2271521.0,,,,,,,,,,,,,,,,,,,,,,,,""
1082765893,"Jul 14, 2017, 8:42:30 AM",Særdeles kupert til Nederland å være,Run,"",4814,14.24,184.0,41,false,,ASICS Dynamic Duomax Fluidfit Allround,activities/1186836291.tcx.gz,69.0,,4814.0,4672.0,14246.400390625,4.300000190734863,,63.885833740234375,67.18579864501953,-0.20000000298023224,15.0,29.200000762939453,-0.023163747042417526,,,,,184.0,160.6217041015625,,,1211.617919921875,,,41.0,,,,,,,,,,,,,0.0,,,14291.5,,,,,,,,,,,,,,,,2271521.0,,,,,,,,,,,,,,,,,,,,,,,,media/dccd61a2-849c-4867-9046-e32f48d43d7f.jpg
1086551803,"Jul 15, 2017, 2:05:39 PM",Liten løpetur,Run,"",2513,6.67,162.0,9,false,,ASICS Dynamic Duomax Fluidfit Allround,activities/1190707427.tcx.gz,69.0,,2513.0,2493.0,6671.5,5.699999809265137,,141.5171356201172,137.01699829101562,359.0,446.8999938964844,19.100000381469727,0.0674510970711708,,,,,162.0,142.41917419433594,,,589.8069458007812,,,9.0,,,,,,,,,,,,,0.0,,,6957.0,,,,,,,,,,,,,,,,2271521.0,,,,,,,,,,,,,,,,,,,,,,,,""
1086552660,"Jul 16, 2017, 12:35:31 PM",Langkjør i det gamle jernbanesporet,Run,"",8374,23.11,179.0,63,false,,ASICS Dynamic Duomax Fluidfit Allround,activities/1190708328.tcx.gz,69.0,,8374.0,8305.0,23111.099609375,10.100000381469727,,241.00344848632812,319.00299072265625,310.29998779296875,470.3999938964844,41.20000076293945,-0.3375001549720764,,,,,179.0,163.99554443359375,,,1966.9642333984375,,,63.0,,,,,,,,,,,,,0.0,,,23201.099609375,,,,,,,,,,,,,,,,2271521.0,,,,,,,,,,,,,,,,,,,,,,,,media/8e9ba1b6-6825-41d6-976f-66bde16a32f7.jpg
1091502683,"Jul 19, 2017, 9:15:31 AM",Abends laufen,Run,"bakkeint. ca 80% hr på 4 første, så 1 maks

Trengs flere segmenter her på bondelandet!",3830,10.58,202.0,48,false,,ASICS Dynamic Duomax Fluidfit Allround,activities/1195737670.tcx.gz,69.0,,3830.0,3738.0,10580.0,5.900000095367432,,405.7733459472656,404.4729919433594,382.79998779296875,485.0,40.5,0.01228733453899622,,,,,202.0,167.68316650390625,,,1005.3338623046875,,,48.0,,,,,,,,,,,,,0.0,,,11858.2998046875,,,,,,,,,,,,,,,,2271521.0,,,,,,,,,,,,,,,,,,,,,,,,""
1101419619,"Jul 23, 2017, 12:22:43 PM",Afternoon Run,Run,,5256,14.33,190.0,44,false,,Salomon S-Lab Speed Terrengsko,activities/1205797954.tcx.gz,69.0,,5256.0,5103.0,14332.400390625,4.300000190734863,,322.6618957519531,333.6619873046875,317.20001220703125,465.0,34.599998474121094,-0.07674918323755264,,,,,190.0,163.6641845703125,,,1263.0533447265625,,,44.0,,,,,,,,,,,,,0.0,,,14898.2001953125,,,,,,,,,,,,,,,,2271327.0,,,,,,,,,,,,,,,,,,,,,,,,""
1101419673,"Jul 25, 2017, 5:40:53 PM",Evening Run,Run,,3365,9.57,197.0,28,false,,Salomon S-Lab Speed Terrengsko,activities/1205798006.tcx.gz,69.0,,3365.0,3239.0,9570.0,4.599999904632568,,203.63499450683594,211.23500061035156,317.20001220703125,427.8999938964844,22.600000381469727,-0.07941483706235886,,,,,197.0,161.52285766601562,,,837.8700561523438,,,28.0,,,,,,,,,,,,,0.0,,,9883.0,,,,,,,,,,,,,,,,2271327.0,,,,,,,,,,,,,,,,,,,,,,,,""
1114175268,"Jul 31, 2017, 12:34:26 PM",Afternoon Run,Run,,6269,15.77,168.0,25,false,,Salomon S-Lab Speed Terrengsko,activities/1218743437.tcx.gz,69.0,,6269.0,6193.0,15776.5,4.199999809265137,,330.2290344238281,333.22900390625,381.8999938964844,484.8999938964844,34.79999923706055,-0.01901562511920929,,,,,168.0,150.37367248535156,,,1389.0941162109375,,,25.0,,,,,,,,,,,,,0.0,,,16384.900390625,,,,,,,,,,,,,,,,2271327.0,,,,,,,,,,,,,,,,,,,,,,,,""
1116826882,"Aug 4, 2017, 12:25:08 PM",Afternoon Run,Run,,3269,7.53,,,true,,ASICS Dynamic Duomax Fluidfit Allround,activities/1116826882.gpx,69.0,,3269.0,2920.0,7533.2998046875,4.400000095367432,,140.05599975585938,69.55599975585938,53.900001525878906,135.39999389648438,30.100000381469727,0.9358450174331665,,,82.0,77.49539947509766,,,,,676.24755859375,,,,,,,,,,,,,,,,1.0,,,7976.60009765625,,,,,,,,,,,,,,,,2271521.0,,,,,,,,,,,,,,,,,,,,,,,,""
1119819355,"Aug 6, 2017, 8:59:52 AM",Gardlaushøgda i regnet,Run,"",3934,9.36,192.0,24,false,,Salomon S-Lab Speed Terrengsko,activities/1224483050.tcx.gz,69.0,,3934.0,3857.0,9359.099609375,5.0,,278.75537109375,278.4549865722656,94.5999984741211,298.0,36.5,0.0032054365146905184,,,,,192.0,153.86578369140625,,,857.3946533203125,,,24.0,,,,,,,,,,,,,0.0,,,10113.2998046875,,,,,,,,,,,,,,,,2271327.0,,,,,,,,,,,,,,,,,,,,,,,,""
1121789895,"Aug 7, 2017, 1:51:27 PM",Afternoon Run,Run,"",2030,5.92,190.0,30,true,,ASICS Dynamic Duomax Fluidfit Allround,activities/1226496294.tcx.gz,69.0,,2030.0,2030.0,5924.39990234375,4.199999809265137,,151.80999755859375,76.01000213623047,58.0,157.10000610351562,19.200000762939453,1.2794544696807861,,,,,190.0,167.6129150390625,,,543.5515747070312,,,30.0,,,,,,,,,,,,,1.0,,,6411.39990234375,,,,,,,,,,,,,,,,2271521.0,,,,,,,,,,,,,,,,,,,,,,,,""
1122941587,"Aug 8, 2017, 7:35:28 AM",Morning Ride,Ride,,1360,6.00,,,true,,Nye CXen,activities/1122941587.gpx,69.0,12.0,1360.0,1087.0,5999.7998046875,14.699999809265137,,78.71289825439453,164.11289978027344,53.900001525878906,157.10000610351562,29.100000381469727,-1.4233800172805786,,,,,,,,151.89999389648438,184.1035614013672,,,,,,,,,,,,,,,,1.0,,,,,,,,,,,,,,,,,,3718715.0,,,,,,,,,,,,,,,,,,,,,,,,,""
1123392788,"Aug 8, 2017, 2:10:50 PM",Afternoon Ride,Ride,,1139,6.25,,,true,,Nye CXen,activities/1123392788.gpx,69.0,12.0,1139.0,1108.0,6254.39990234375,13.699999809265137,,161.83900451660156,81.03900146484375,53.900001525878906,157.1999969482422,19.899999618530273,1.291890025138855,,,,,,,,218.9029998779297,270.4371337890625,,,,,,,,,,,,,,,,1.0,,,,,,,,,,,,,,,,,,3718715.0,,,,,,,,,,,,,,,,,,,,,,,,,""
1126143366,"Aug 10, 2017, 5:34:24 AM",Morning Ride,Ride,,1363,5.94,,,true,,Nye CXen,activities/1126143366.gpx,69.0,12.0,1363.0,1047.0,5948.60009765625,14.899999618530273,,85.9280014038086,167.1280059814453,53.900001525878906,157.1999969482422,26.700000762939453,-1.36503005027771,,,,,,,,182.23800659179688,212.7455596923828,,,,,,,,,,,,,,,,1.0,,,,,,,,,,,,,,,,,,3718715.0,,,,,,,,,,,,,,,,,,,,,,,,,""
1126654653,"Aug 10, 2017, 1:29:11 PM",Afternoon Ride,Ride,,1458,9.15,,,true,,Nye CXen,activities/1126654653.gpx,69.0,12.0,1458.0,1436.0,9155.900390625,15.100000381469727,,182.35299682617188,101.85299682617188,53.900001525878906,146.0,37.29999923706055,0.8792150020599365,,,,,,,,205.06500244140625,328.3377685546875,,,,,,,,,,,,,,,,1.0,,,,,,,,,,,,,,,,,,3718715.0,,,,,,,,,,,,,,,,,,,,,,,,,""
1127731253,"Aug 11, 2017, 5:30:16 AM",Morning Ride,Ride,,1095,6.16,,,true,,Nye CXen,activities/1127731253.gpx,69.0,12.0,1095.0,989.0,6161.10009765625,13.199999809265137,,80.1885986328125,163.9886016845703,53.900001525878906,157.10000610351562,25.899999618530273,-1.3601499795913696,,,,,,,,163.86000061035156,180.69415283203125,,,,,,,,,,,,,,,,1.0,,,,,,,,,,,,,,,,,,3718715.0,,,,,,,,,,,,,,,,,,,,,,,,,""
1131300597,"Aug 13, 2017, 9:50:38 AM",Svipptur på grusen i Bærumsmarka,Ride,"",5954,32.58,186.0,56,false,,Nye CXen,activities/1236186780.fit.gz,69.0,12.0,5954.0,5811.0,32581.900390625,12.800000190734863,,614.0,620.5999755859375,108.0,390.79998779296875,23.600000381469727,-0.02025659941136837,,,,,186.0,152.8520050048828,,162.13600158691406,1050.5220947265625,,14.0,56.0,,,,,,,,,,,,,0.0,,,,,,,,,,,,,,,,,,3718715.0,,,,,,,,,,,,,,,,,,,,,,,,,""
1144684080,"Aug 21, 2017, 1:44:12 PM",Afternoon Run,Run,,2600,7.02,,,true,,ASICS Dynamic Duomax Fluidfit Allround,activities/1144684080.gpx,69.0,,2600.0,2589.0,7024.10009765625,4.800000190734863,,188.47500610351562,106.57499694824219,54.0,153.89999389648438,42.599998474121094,1.1659899950027466,,,87.0,80.42489624023438,,,,,649.4404296875,,,,,,,,,,,,,,,,1.0,,,7660.39990234375,,,,,,,,,,,,,,,,2271521.0,,,,,,,,,,,,,,,,,,,,,,,,""
1148028987,"Aug 23, 2017, 1:49:31 PM",Afternoon Run,Run,"",2388,6.04,184.0,29,true,,Salomon S-Lab Speed Terrengsko,activities/1148028987.gpx,69.0,,2388.0,2372.0,6045.60009765625,4.400000095367432,,162.08578491210938,75.48600006103516,53.900001525878906,157.1999969482422,19.700000762939453,1.4324467182159424,,,82.0,77.59593200683594,184.0,168.58872985839844,,,561.4738159179688,,,29.0,,,,,,,,,,,,,1.0,,,6622.7998046875,,,,,,,,,,,,,,,,2271327.0,,,,,,,,,,,,,,,,,,,,,,,,""
1149158344,"Aug 24, 2017, 5:30:17 AM",Morning Ride,Ride,,1097,6.14,,,true,,Nye CXen,activities/1149158344.gpx,69.0,12.0,1097.0,1002.0,6144.60009765625,14.199999809265137,,79.35579681396484,165.25579833984375,53.900001525878906,157.10000610351562,25.700000762939453,-1.397979974746704,,,,,,,,139.50599670410156,155.86029052734375,,,,,,,,,,,,,,,,1.0,,,,,,,,,,,,,,,,,,3718715.0,,,,,,,,,,,,,,,,,,,,,,,,,""
1149639339,"Aug 24, 2017, 12:45:09 PM",Afternoon Ride,Ride,,1488,6.49,,,true,,Nye CXen,activities/1149639339.gpx,69.0,12.0,1488.0,1397.0,6498.2998046875,11.600000381469727,,173.13099670410156,85.13099670410156,53.900001525878906,157.1999969482422,26.100000381469727,1.354200005531311,,,,,,,,184.2570037841797,287.00885009765625,,,,,,,,,,,,,,,,1.0,,,,,,,,,,,,,,,,,,3718715.0,,,,,,,,,,,,,,,,,,,,,,,,,""
1150823405,"Aug 25, 2017, 5:10:28 AM",Morning Ride,Ride,,1907,6.27,,,true,,Nye CXen,activities/1150823405.gpx,69.0,12.0,1907.0,1356.0,6269.5,13.0,,81.8655014038086,167.86549377441406,53.900001525878906,157.1999969482422,25.799999237060547,-1.3717199563980103,,,,,,,,135.26199340820312,204.50802612304688,,,,,,,,,,,,,,,,1.0,,,,,,,,,,,,,,,,,,3718715.0,,,,,,,,,,,,,,,,,,,,,,,,,""
1151260166,"Aug 25, 2017, 12:35:21 PM",Afternoon Ride,Ride,,1463,6.19,,,true,,Nye CXen,activities/1151260166.gpx,69.0,12.0,1463.0,1416.0,6196.89990234375,11.800000190734863,,165.02699279785156,84.3270034790039,53.900001525878906,157.10000610351562,46.70000076293945,1.3022600412368774,,,,,,,,157.91700744628906,249.32568359375,,,,,,,,,,,,,,,,1.0,,,,,,,,,,,,,,,,,,3718715.0,,,,,,,,,,,,,,,,,,,,,,,,,""
1154497127,"Aug 27, 2017, 9:35:24 AM",Brunkollen,Run,"",5158,12.56,194.0,125,false,,Salomon S-Lab Speed Terrengsko,activities/1154497127.gpx,69.0,,5158.0,4916.0,12563.2998046875,5.900000095367432,,376.2149963378906,373.9150085449219,106.0,376.0,39.29999923706055,0.01830730028450489,,,91.0,78.14579772949219,194.0,158.2100067138672,,,1152.306640625,,,125.0,,,,,,,,,,,,,0.0,,,13591.900390625,,,,,,,,,,,,,,,,2271327.0,,,,,,,,,,,,,,,,,,,,,,,,""
1159908762,"Aug 30, 2017, 2:45:28 PM",Afternoon Run,Run,,4232,13.00,179.0,17,false,,ASICS Dynamic Duomax Fluidfit Allround,activities/1159908762.gpx,69.0,,4232.0,4114.0,13007.099609375,12.399999618530273,,193.74171447753906,209.44200134277344,58.0,157.89999389648438,48.70000076293945,-0.1207033097743988,,,91.0,83.44512176513672,179.0,129.54409790039062,,,1124.9229736328125,,,17.0,,,,,,,,,,,,,0.0,,,13268.900390625,,,,,,,,,,,,,,,,2271521.0,,,,,,,,,,,,,,,,,,,,,,,,""
1160934264,"Aug 31, 2017, 6:19:30 AM",Morning Ride,Ride,,1066,6.29,,,true,,Nye CXen,activities/1160934264.gpx,69.0,12.0,1066.0,983.0,6298.39990234375,16.399999618530273,,77.88590240478516,159.58590698242188,53.900001525878906,157.1999969482422,25.600000381469727,-1.2971500158309937,,,,,,,,147.29200744628906,161.43865966796875,,,,,,,,,,,,,,,,1.0,,,,,,,,,,,,,,,,,,3718715.0,,,,,,,,,,,,,,,,,,,,,,,,,""
1161438417,"Aug 31, 2017, 2:35:11 PM",Afternoon Ride,Ride,,1478,6.21,,,true,,Nye CXen,activities/1161438417.gpx,69.0,12.0,1478.0,1345.0,6210.89990234375,12.899999618530273,,161.30299377441406,82.00299835205078,53.900001525878906,157.1999969482422,17.100000381469727,1.2767900228500366,,,,,,,,183.93600463867188,275.8442077636719,,,,,,,,,,,,,,,,1.0,,,,,,,,,,,,,,,,,,3718715.0,,,,,,,,,,,,,,,,,,,,,,,,,""
1162393478,"Sep 1, 2017, 4:40:20 AM",Morning Ride,Ride,,1168,6.20,,,true,,Nye CXen,activities/1162393478.gpx,69.0,12.0,1168.0,910.0,6199.0,15.199999809265137,,79.39820098876953,160.898193359375,53.900001525878906,157.1999969482422,26.0,-1.3147300481796265,,,,,,,,160.9969940185547,163.35560607910156,,,,,,,,,,,,,,,,1.0,,,,,,,,,,,,,,,,,,3718715.0,,,,,,,,,,,,,,,,,,,,,,,,,""
1162953224,"Sep 1, 2017, 2:36:42 PM",Afternoon Ride,Ride,,1207,6.10,,,true,,Nye CXen,activities/1162953224.gpx,69.0,12.0,1207.0,1184.0,6106.10009765625,13.399999618530273,,164.5030059814453,83.90299987792969,53.900001525878906,157.1999969482422,20.100000381469727,1.3199900388717651,,,,,,,,192.91200256347656,254.67471313476562,,,,,,,,,,,,,,,,1.0,,,,,,,,,,,,,,,,,,3718715.0,,,,,,,,,,,,,,,,,,,,,,,,,""
1172535347,"Sep 7, 2017, 12:38:21 PM",Bhg commute,Run,,2273,6.02,,,true,,Salomon S-Lab Speed Terrengsko,activities/1172535347.gpx,69.0,,2273.0,2134.0,6025.89990234375,4.900000095367432,,171.8419952392578,80.54199981689453,51.099998474121094,161.8000030517578,27.899999618530273,1.5151300430297852,,,104.0,80.49500274658203,,,,,559.5747680664062,,,,,,,,,,,,,,,,1.0,,,6600.39990234375,,,,,,,,,,,,,,,,2271327.0,,,,,,,,,,,,,,,,,,,,,,,,""
1173635135,"Sep 8, 2017, 4:49:44 AM",Morning Ride,Ride,,1202,6.11,,,true,,Nye CXen,activities/1173635135.gpx,69.0,12.0,1202.0,1031.0,6117.39990234375,15.699999809265137,,77.8219985961914,160.4219970703125,53.900001525878906,157.1999969482422,25.799999237060547,-1.350250005722046,,,,,,,,160.26699829101562,184.23733520507812,,,,,,,,,,,,,,,,1.0,,,,,,,,,,,,,,,,,,3718715.0,,,,,,,,,,,,,,,,,,,,,,,,,""
1174069286,"Sep 8, 2017, 1:17:59 PM",Afternoon Ride,Ride,,1443,6.04,,,true,,Nye CXen,activities/1174069286.gpx,69.0,12.0,1443.0,1237.0,6044.2998046875,12.600000381469727,,164.60899353027344,86.60900115966797,54.0,157.1999969482422,17.0,1.290470004081726,,,,,,,,202.4040069580078,279.1667175292969,,,,,,,,,,,,,,,,1.0,,,,,,,,,,,,,,,,,,3718715.0,,,,,,,,,,,,,,,,,,,,,,,,,""
1175451169,"Sep 9, 2017, 11:14:54 AM",Rolig på sti,Run,,3885,10.03,185.0,22,false,,Salomon S-Lab Speed Terrengsko,activities/1175451169.gpx,69.0,,3885.0,3788.0,10032.900390625,6.400000095367432,,254.59722900390625,249.2969970703125,106.0,222.1999969482422,30.600000381469727,0.052826203405857086,,,98.0,78.84120178222656,185.0,153.92327880859375,,,905.6253662109375,,,22.0,,,,,,,,,,,,,0.0,,,10682.2001953125,,,,,,,,,,,,,,,,2271327.0,,,,,,,,,,,,,,,,,,,,,,,,""
1180607748,"Sep 12, 2017, 2:55:16 PM",4x3 min bakkeintervaller i muren,Run,"",3642,10.58,194.0,38,false,,Salomon S-Lab Speed Terrengsko,activities/1180607748.gpx,69.0,,3642.0,3484.0,10579.099609375,6.699999809265137,,247.20150756835938,269.2019958496094,88.4000015258789,164.1999969482422,23.5,-0.2079571932554245,,,101.0,82.69530487060547,194.0,166.76104736328125,,,936.0186157226562,,,38.0,,,,,,,,,,,,,0.0,,,11040.7001953125,,,,,,,,,,,,,,,,2271327.0,,,,,,,,,,,,,,,,,,,,,,,,""
1189946138,"Sep 18, 2017, 1:13:56 PM",Feil side av lysakerelva,Run,"",3972,10.12,,,true,,ASICS Dynamic Duomax Fluidfit Allround,activities/1189946138.gpx,69.0,,3972.0,3916.0,10127.2998046875,5.0,,235.98599243164062,151.48599243164062,53.900001525878906,153.89999389648438,38.0,0.8343780040740967,,,106.0,78.95829772949219,,,,,927.5916137695312,,,,,,,,,,,,,,,,1.0,,,10941.2998046875,,,,,,,,,,,,,,,,2271521.0,,,,,,,,,,,,,,,,,,,,,,,,""
1191908379,"Sep 19, 2017, 5:33:19 PM",Evening Run,Run,,5060,13.09,,,false,,Salomon S-Lab Speed Terrengsko,activities/1297644716.tcx.gz,69.0,,5060.0,4882.0,13098.599609375,4.800000190734863,,361.2619934082031,358.06201171875,101.80000305175781,376.0,33.5,0.02443009987473488,,,,,,,,,1173.518310546875,,,,,,,,,,,,,,,,0.0,,,13842.099609375,,,,,,,,,,,,,,,,2271327.0,,,,,,,,,,,,,,,,,,,,,,,,""
1197299431,"Sep 23, 2017, 9:41:56 AM","Teknisk, kupert, våt, tung stitur over Brunkollen",Run,"",5882,13.80,194.0,86,false,,Salomon S-Lab Speed Terrengsko,activities/1197299431.gpx,69.0,,5882.0,5572.0,13808.5,9.399999618530273,,427.9314880371094,423.531005859375,106.0,376.0,44.900001525878906,0.031864430755376816,,,105.0,78.47444152832031,194.0,170.6632843017578,,,1265.52880859375,,,86.0,,,,,,,,,,,,,0.0,,,14927.400390625,,,,,,,,,,,,,,,,2271327.0,,,,,,,,,,,,,,,,,,,,,,,,media/5b37bb3e-1487-4f13-bbf3-5fba84a3a398.jpg
1208990079,"Sep 30, 2017, 3:12:53 PM",Afternoon Run,Run,"",6023,13.03,195.0,33,false,,Salomon S-Lab Speed Terrengsko,activities/1208990079.gpx,69.0,,6023.0,5564.0,13035.599609375,5.599999904632568,,319.8943786621094,325.8940124511719,106.0,308.20001220703125,34.20000076293945,-0.04602780193090439,,,95.0,76.69782257080078,195.0,157.44110107421875,,,1163.7686767578125,,,33.0,,,,,,,,,,,,,0.0,,,13727.099609375,,,,,,,,,,,,,,,,2271327.0,,,,,,,,,,,,,,,,,,,,,,,,media/a1d72b0a-33a7-4865-91df-f6a952ed2dc8.jpg|media/dcaa340c-011a-4c6a-9b69-dad8a396545c.jpg
1209894253,"Oct 1, 2017, 7:25:40 AM",Tur med Numa og kompani,Run,"",9157,9.68,,,false,,Salomon S-Lab Speed Terrengsko,activities/1209894253.gpx,69.0,,9157.0,7299.0,9680.900390625,8.199999809265137,,281.75799560546875,296.6579895019531,181.5,372.20001220703125,49.20000076293945,-0.15391099452972412,,,97.0,52.169700622558594,,,,,886.5416259765625,,,,,,,,,,,,,,,,0.0,,,10457.099609375,,,,,,,,,,,,,,,,2271327.0,,,,,,,,,,,,,,,,,,,,,,,,""
1212226183,"Oct 2, 2017, 5:45:11 PM","Hosle, Østerås og Eiksmarka ",Run,"",3000,7.72,166.0,11,false,,ASICS Dynamic Duomax Fluidfit Allround,activities/1212226183.gpx,69.0,,3000.0,2926.0,7726.39990234375,6.099999904632568,,118.6185302734375,118.81900024414062,109.0,157.1999969482422,24.5,-0.0025885277427732944,,,97.0,79.38203430175781,166.0,146.79978942871094,,,668.6428833007812,,,11.0,,,,,,,,,,,,,0.0,,,7886.89990234375,,,,,,,,,,,,,,,,2271521.0,,,,,,,,,,,,,,,,,,,,,,,,""
1219140681,"Oct 7, 2017, 12:02:39 PM",Afternoon Run,Run,,6640,5.85,,,false,,Salomon S-Lab Speed Terrengsko,activities/1219140681.gpx,69.0,,6640.0,5250.0,5850.5,3.299999952316284,,252.09100341796875,241.89100646972656,196.10000610351562,398.0,47.099998474121094,0.174344003200531,,,101.0,50.93830108642578,,,,,628.2796020507812,,,,,,,,,,,,,,,,0.0,,,7410.7998046875,,,,,,,,,,,,,,,,2271327.0,,,,,,,,,,,,,,,,,,,,,,,,""
1231113935,"Oct 15, 2017, 9:55:55 AM",Lunch Run,Run,,2974,8.45,,,false,,ASICS Dynamic Duomax Fluidfit Allround,activities/1231113935.gpx,69.0,,2974.0,2900.0,8452.5,6.099999904632568,,151.02499389648438,150.4250030517578,94.5999984741211,153.89999389648438,36.400001525878906,0.007098489906638861,,,91.0,80.260498046875,,,,,759.1782836914062,,,,,,,,,,,,,,,,0.0,,,8954.7998046875,,,,,,,,,,,,,,,,2271521.0,,,,,,,,,,,,,,,,,,,,,,,,""
1236935964,"Oct 18, 2017, 1:47:03 PM",Afternoon Run,Run,,2463,5.81,,,true,,ASICS Dynamic Duomax Fluidfit Allround,activities/1236935964.gpx,69.0,,2463.0,2315.0,5813.10009765625,4.099999904632568,,162.15199279785156,71.4520034790039,54.0,157.10000610351562,19.799999237060547,1.5602699518203735,,,98.0,78.87519836425781,,,,,551.029052734375,,,,,,,,,,,,,,,,1.0,,,6499.60009765625,,,,,,,,,,,,,,,,2271521.0,,,,,,,,,,,,,,,,,,,,,,,,""
1241732985,"Oct 22, 2017, 9:33:23 AM",Garlaus og  brunkollen,Run,,6809,14.11,190.0,62,false,,Salomon S-Lab Speed Terrengsko,activities/1241732985.gpx,69.0,,6809.0,6443.0,14110.2998046875,7.699999809265137,,498.2859802246094,499.6860046386719,106.0,376.0,46.79999923706055,-0.009921830147504807,,,108.0,75.15312957763672,190.0,164.2776641845703,,,1422.1917724609375,,,62.0,,,,,,,,,,,,,0.0,,,16775.30078125,,,,,,,,,,,,,,,,2271327.0,,,,,,,,,,,,,,,,,,,,,,,,""
1261714492,"Nov 5, 2017, 6:20:38 AM",Nesten frisk?,Run,,3519,9.23,,,false,,Salomon S-Lab Speed Terrengsko,activities/1261714492.gpx,69.0,,3519.0,3458.0,9230.5,5.800000190734863,,170.09800720214844,169.3979949951172,117.0,180.0,42.599998474121094,0.007583550177514553,,,,,,,,,830.7655639648438,,,,,,,,,,,,,,,,0.0,,,9799.2001953125,,,,,,,,,,,,,,,,2271327.0,,,,,,,,,,,,,,,,,,,,,,,,""
1270194995,"Nov 11, 2017, 10:21:08 AM",Lunch Run,Run,,107,0.32,92.0,0,false,,Salomon S-Lab Speed Terrengsko,activities/1270194995.gpx,69.0,,107.0,43.0,328.8999938964844,11.100000381469727,,0.0,0.10000000149011612,143.3000030517578,148.0,9.399999618530273,-0.03040440008044243,,,69.0,66.72730255126953,92.0,79.0,,,28.070301055908203,,,0.0,,,,,,,,,,,,,0.0,,,331.1000061035156,,,,,,,,,,,,,,,,2271327.0,,,,,,,,,,,,,,,,,,,,,,,,""
1270295376,"Nov 11, 2017, 10:23:12 AM",Lunch Run,Run,,543,1.46,179.0,2,false,,Salomon S-Lab Speed Terrengsko,activities/1270295376.gpx,69.0,,543.0,490.0,1459.800048828125,4.199999809265137,,12.503849029541016,42.203800201416016,113.0,145.6999969482422,13.100000381469727,-2.0345253944396973,,,86.0,79.78925323486328,179.0,156.98162841796875,,,124.88782501220703,,,2.0,,,,,,,,,,,,,0.0,,,1473.0999755859375,,,,,,,,,,,,,,,,2271327.0,,,,,,,,,,,,,,,,,,,,,,,,""
1270330530,"Nov 11, 2017, 11:26:12 AM",Skriverbergrunden (ca 12 km),Run,"",1260,3.45,179.0,8,false,,Salomon S-Lab Speed Terrengsko,activities/1270330530.gpx,69.0,,1260.0,1220.0,3452.89990234375,5.900000095367432,,53.65292739868164,132.5529022216797,106.0,223.10000610351562,24.0,-2.2850358486175537,,,90.0,78.30641174316406,179.0,159.7885284423828,,,307.39141845703125,,,8.0,,,,,,,,,,,,,0.0,,,3625.800048828125,,,,,,,,,,,,,,,,2271327.0,,,,,,,,,,,,,,,,,,,,,,,,""
1277334039,"Nov 16, 2017, 6:37:56 AM",Morning Ride,Ride,"",1339,6.39,,,true,,Nye CXen,activities/1277334039.gpx,69.0,12.0,1339.0,1203.0,6392.10009765625,12.399999618530273,,80.42009735107422,168.42010498046875,53.900001525878906,157.60000610351562,26.799999237060547,-1.3767000436782837,,,,,,,,108.02300262451172,144.8961181640625,,,,,,,,,,,,,,,,1.0,,,,,,,,,,,,,,,,,,3718715.0,,,,,,,,,,,,,,,,,,,,,,,,,""
1277766639,"Nov 16, 2017, 2:33:54 PM",Afternoon Ride,Ride,,1814,6.36,,,true,,Nye CXen,activities/1277766639.gpx,69.0,12.0,1814.0,1562.0,6359.5,10.399999618530273,,162.03700256347656,81.03700256347656,53.900001525878906,157.60000610351562,18.0,1.2736899852752686,,,,,,,,151.08299255371094,263.13067626953125,,,,,,,,,,,,,,,,1.0,,,,,,,,,,,,,,,,,,3718715.0,,,,,,,,,,,,,,,,,,,,,,,,,""
1282193208,"Nov 19, 2017, 3:04:32 PM",gps på telefonen helt off..,Run,"",3981,7.44,203.0,33,false,,Salomon S-Lab Speed Terrengsko,activities/1282193208.gpx,69.0,,3981.0,3420.0,7439.2001953125,4.0,,201.78050231933594,202.88099670410156,95.69999694824219,238.6999969482422,48.599998474121094,-0.014786535874009132,,,97.0,78.41124725341797,203.0,160.5248565673828,,,732.6170654296875,,,33.0,,,,,,,,,,,,,0.0,,,8641.5,,,,,,,,,,,,,,,,2271327.0,,,,,,,,,,,,,,,,,,,,,,,,""
1290777373,"Nov 26, 2017, 6:19:58 AM",Morning Run,Run,,2672,6.90,,,false,,Salomon S-Lab Speed Terrengsko,activities/1290777373.gpx,69.0,,2672.0,2583.0,6901.7998046875,6.800000190734863,,134.3040008544922,133.4040069580078,88.4000015258789,150.8000030517578,24.399999618530273,0.01304010022431612,,,105.0,80.04530334472656,,,,,624.9901733398438,,,,,,,,,,,,,,,,0.0,,,7372.0,,,,,,,,,,,,,,,,2271327.0,,,,,,,,,,,,,,,,,,,,,,,,""
1296286742,"Nov 30, 2017, 6:31:41 AM",Morning Ride,Ride,,1221,6.24,,,true,,Nye CXen,activities/1296286742.gpx,69.0,12.0,1221.0,1101.0,6241.7998046875,13.100000381469727,,77.45279693603516,157.9528045654297,53.900001525878906,157.60000610351562,23.600000381469727,-1.2896900177001953,,,,,,,,126.21700286865234,154.9458770751953,,,,,,,,,,,,,,,,1.0,,,,,,,,,,,,,,,,,,3718715.0,,,,,,,,,,,,,,,,,,,,,,,,,""
1296724331,"Nov 30, 2017, 3:24:42 PM",Afternoon Ride,Ride,,1477,6.41,,,true,,Nye CXen,activities/1296724331.gpx,69.0,12.0,1477.0,1457.0,6414.39990234375,14.0,,164.6230010986328,86.7229995727539,53.900001525878906,157.60000610351562,19.700000762939453,1.214460015296936,,,,,,,,155.26400756835938,252.2349090576172,,,,,,,,,,,,,,,,1.0,,,,,,,,,,,,,,,,,,3718715.0,,,,,,,,,,,,,,,,,,,,,,,,,""
1298920544,"Dec 2, 2017, 12:00:28 PM",Afternoon Run,Run,,4150,11.18,,,false,,Salomon S-Lab Speed Terrengsko,activities/1298920544.gpx,69.0,,4150.0,4002.0,11184.599609375,10.5,,298.8139953613281,325.8139953613281,102.0,328.20001220703125,46.79999923706055,-0.2414029985666275,,,111.0,81.5656967163086,,,,,1049.876708984375,,,,,,,,,,,,,,,,0.0,,,12383.7001953125,,,,,,,,,,,,,,,,2271327.0,,,,,,,,,,,,,,,,,,,,,,,,""
1300538634,"Dec 3, 2017, 1:24:47 PM",Afternoon Run,Run,,3366,3.14,,,false,,Salomon S-Lab Speed Terrengsko,activities/1300538634.gpx,69.0,,3366.0,2262.0,3141.39990234375,5.300000190734863,,54.391300201416016,34.69129943847656,118.0,158.60000610351562,35.79999923706055,0.6271089911460876,,,90.0,51.86399841308594,,,,,283.0598449707031,,,,,,,,,,,,,,,,0.0,,,3338.800048828125,,,,,,,,,,,,,,,,2271327.0,,,,,,,,,,,,,,,,,,,,,,,,""
1306414578,"Dec 8, 2017, 7:02:44 AM",Morning Ride,Ride,,1440,6.47,,,true,,Nye CXen,activities/1306414578.gpx,69.0,12.0,1440.0,1304.0,6478.2001953125,12.600000381469727,,82.8832015991211,167.5832061767578,53.900001525878906,157.60000610351562,33.70000076293945,-1.3074599504470825,,,,,,,,112.38200378417969,163.39892578125,,,,,,,,,,,,,,,,1.0,,,,,,,,,,,,,,,,,,3718715.0,,,,,,,,,,,,,,,,,,,,,,,,,""
1306814887,"Dec 8, 2017, 2:37:06 PM",Afternoon Ride,Ride,,1366,6.37,,,true,,Nye CXen,activities/1306814887.gpx,69.0,12.0,1366.0,1366.0,6370.5,14.699999809265137,,167.6510009765625,88.7509994506836,53.900001525878906,157.60000610351562,20.200000762939453,1.2385200262069702,,,,,,,,167.375,254.92718505859375,,,,,,,,,,,,,,,,1.0,,,,,,,,,,,,,,,,,,3718715.0,,,,,,,,,,,,,,,,,,,,,,,,,""
1307877328,"Dec 9, 2017, 12:16:52 PM",Glattisen,Run,"",4050,10.81,,,false,,Salomon S-Lab Speed Terrengsko,activities/1307877328.gpx,69.0,,4050.0,3951.0,10810.900390625,6.199999809265137,,237.32699584960938,238.1269989013672,112.69999694824219,262.8999938964844,30.0,-0.0073999399319291115,,,101.0,80.83399963378906,,,,,993.244384765625,,,,,,,,,,,,,,,,0.0,,,11715.7001953125,,,,,,,,,,,,,,,,2271327.0,,,,,,,,,,,,,,,,,,,,,,,,""
1308848167,"Dec 10, 2017, 8:16:30 AM",Morning Walk,Walk,,3114,3.71,,,false,,Salomon S-Lab Speed Terrengsko,activities/1308848167.gpx,,,3114.0,2704.0,3713.89990234375,2.5999999046325684,,67.29660034179688,71.09660339355469,123.4000015258789,157.60000610351562,31.100000381469727,-0.10231799632310867,,,,,,,,,314.8604431152344,,,,,,,,,,,,,,,,0.0,,,,,,,,,,,,,,,,,,,2271327.0,,,,,,,,,,,,,,,,,,,,,,,,""
1313409432,"Dec 14, 2017, 6:24:58 AM",Morning Ride,Ride,,1610,6.29,,,true,,Nye CXen,activities/1313409432.gpx,69.0,12.0,1610.0,1466.0,6296.60009765625,10.100000381469727,,81.46600341796875,162.66600036621094,53.900001525878906,157.60000610351562,26.600000381469727,-1.28957998752594,,,,,,,,89.71160125732422,146.6416778564453,,,,,,,,,,,,,,,,1.0,,,,,,,,,,,,,,,,,,3718715.0,,,,,,,,,,,,,,,,,,,,,,,,,""
1313809992,"Dec 14, 2017, 3:25:28 PM",Afternoon Ride,Ride,,1629,6.33,,,true,,Nye CXen,activities/1313809992.gpx,69.0,12.0,1629.0,1504.0,6333.10009765625,11.199999809265137,,162.21299743652344,82.01300048828125,53.900001525878906,157.60000610351562,17.600000381469727,1.2663600444793701,,,,,,,,153.5469970703125,257.4921875,,,,,,,,,,,,,,,,1.0,,,,,,,,,,,,,,,,,,3718715.0,,,,,,,,,,,,,,,,,,,,,,,,,""
1316225530,"Dec 16, 2017, 5:01:30 PM",Skriverberget,Run,"",4336,11.04,185.0,108,false,,Salomon S-Lab Speed Terrengsko,activities/1316225530.gpx,69.0,,4336.0,4064.0,11040.5,5.599999904632568,,255.7689971923828,255.7689971923828,102.0,286.70001220703125,26.299999237060547,0.0,,,113.0,81.17900085449219,185.0,158.25999450683594,,,1004.6810913085938,,,108.0,,,,,,,,,,,,,0.0,,,11850.599609375,,,,,,,,,,,,,,,,2271327.0,,,,,,,,,,,,,,,,,,,,,,,,""
1320875931,"Dec 20, 2017, 3:16:07 PM",Joggevogn,Run,"",1910,3.89,,,false,,Salomon S-Lab Speed Terrengsko,activities/1320875931.gpx,69.0,,1910.0,1839.0,3892.0,4.599999904632568,,79.20089721679688,78.70089721679688,89.0,151.0,12.100000381469727,0.012846900150179863,,,83.0,77.08399963378906,,,,,348.7889404296875,,,,,,,,,,,,,,,,0.0,,,4114.10009765625,,,,,,,,,,,,,,,,2271327.0,,,,,,,,,,,,,,,,,,,,,,,,""
1321586095,"Dec 21, 2017, 6:39:43 AM",Morning Ride,Ride,,1861,6.89,,,true,,Nye CXen,activities/1321586095.gpx,69.0,12.0,1861.0,1588.0,6895.0,11.800000190734863,,80.6343994140625,165.6343994140625,53.900001525878906,157.60000610351562,24.700000762939453,-1.2327799797058105,,,,,,,,94.67469787597656,167.63291931152344,,,,,,,,,,,,,,,,1.0,,,,,,,,,,,,,,,,,,3718715.0,,,,,,,,,,,,,,,,,,,,,,,,,""
1321860772,"Dec 21, 2017, 12:39:07 PM",Afternoon Ride,Ride,,1783,8.63,,,true,,Nye CXen,activities/1321860772.gpx,69.0,12.0,1783.0,1760.0,8633.2001953125,9.5,,167.02999877929688,86.62999725341797,53.900001525878906,151.0,17.700000762939453,0.93128901720047,,,,,,,,149.10699462890625,292.6075744628906,,,,,,,,,,,,,,,,1.0,,,,,,,,,,,,,,,,,,3718715.0,,,,,,,,,,,,,,,,,,,,,,,,,""
1322830497,"Dec 22, 2017, 9:47:44 AM",Nygård,Run,"",4245,11.73,181.0,26,false,,Salomon S-Lab Speed Terrengsko,activities/1322830497.gpx,69.0,,4245.0,4107.0,11733.7998046875,4.800000190734863,,256.5097351074219,256.7099914550781,88.4000015258789,238.0,29.799999237060547,-0.0017044777050614357,,,96.0,82.27700805664062,181.0,154.59719848632812,,,1068.494140625,,,26.0,,,,,,,,,,,,,0.0,,,12603.2998046875,,,,,,,,,,,,,,,,2271327.0,,,,,,,,,,,,,,,,,,,,,,,,""
1323834783,"Dec 23, 2017, 9:04:45 AM",Joggevogn,Run,"",2482,5.06,,,false,,Salomon S-Lab Speed Terrengsko,activities/1323834783.gpx,69.0,,2482.0,1984.0,5060.2001953125,4.0,,105.6510009765625,105.6510009765625,109.0,160.0,30.100000381469727,0.0,,,90.0,80.49349975585938,,,,,463.3846130371094,,,,,,,,,,,,,,,,0.0,,,5465.7998046875,,,,,,,,,,,,,,,,2271327.0,,,,,,,,,,,,,,,,,,,,,,,,""
1325503227,"Dec 24, 2017, 10:53:53 AM",Joggevogn,Run,,5409,13.55,,,false,,Salomon S-Lab Speed Terrengsko,activities/1325503227.gpx,69.0,,5409.0,5149.0,13557.0,4.400000095367432,,206.41700744628906,231.11700439453125,58.0,166.1999969482422,30.899999618530273,-0.18219399452209473,,,93.0,80.44619750976562,,,,,1194.70458984375,,,,,,,,,,,,,,,,0.0,,,14092.0,,,,,,,,,,,,,,,,2271327.0,,,,,,,,,,,,,,,,,,,,,,,,""
1334684230,"Dec 31, 2017, 12:41:06 PM",Afternoon Activity,Nordic Ski,,6186,16.74,,,false,,,activities/1334684230.gpx,,,6186.0,5854.0,16740.900390625,11.5,,391.6390075683594,391.9389953613281,198.0,460.5,33.099998474121094,-0.0017920200480148196,,,,,,,,,,,,,,,,,,,,,,,,,0.0,,,,,,,,,,,,,,,,,,,,,,,,,,,,,,,,,,,,,,,,,,,""
1346961607,"Jan 8, 2018, 1:14:01 PM",Kort dag på jobben,Nordic Ski,"",7465,21.34,,,false,,,activities/1346961607.gpx,69.0,,7465.0,6826.0,21339.400390625,9.300000190734863,,471.5660095214844,473.0660095214844,183.8000030517578,459.79998779296875,43.099998474121094,-0.007029249798506498,,,,,,,,,,,,,,,,,,,,,,,,,0.0,,,,,,,,,,,,,,,,,,,,,,,,,,,,,,,,,,,,,,,,,,,""
1356510794,"Jan 14, 2018, 10:22:00 AM",Lunch Activity dårlig glid as,Nordic Ski,"",5486,16.65,,,false,,,activities/1356510794.gpx,69.0,,5486.0,5313.0,16653.599609375,8.899999618530273,,378.9070129394531,376.10699462890625,198.0,459.79998779296875,31.5,0.01681319996714592,,,,,,,,,,,,,,,,,,,,,,,,,0.0,,,,,,,,,,,,,,,,,,,,,,,,,,,,,,,,,,,,,,,,,,,""
1365805453,"Jan 20, 2018, 8:22:39 AM",Helt til døren,Nordic Ski,"",8291,22.67,,,false,,,activities/1365805453.gpx,69.0,,8291.0,7784.0,22675.80078125,9.699999809265137,,518.10400390625,549.8040161132812,113.0,459.79998779296875,30.600000381469727,-0.13979700207710266,,,,,,,,,,,,,,,,,,,,,,,,,0.0,,,,,,,,,,,,,,,,,,,,,,,,,,,,,,,,,,,,,,,,,,,""
1377503062,"Jan 27, 2018, 11:20:34 AM",Lunch Run  vogn,Run,"",4036,9.77,,,false,,ASICS Dynamic Duomax Fluidfit Allround,activities/1377503062.gpx,69.0,,4036.0,3892.0,9770.5,3.9000000953674316,,165.25599670410156,166.95599365234375,63.0,158.60000610351562,37.599998474121094,-0.017399299889802933,,,87.0,78.99009704589844,,,,,873.2059326171875,,,,,,,,,,,,,,,,0.0,,,10299.7998046875,,,,,,,,,,,,,,,,2271521.0,,,,,,,,,,,,,,,,,,,,,,,,""
1379524628,"Jan 28, 2018, 11:45:22 AM",(-) staver (+) kladding,Nordic Ski,"",4793,13.09,,,false,,,activities/1379524628.gpx,69.0,,4793.0,4450.0,13093.2001953125,10.600000381469727,,256.718994140625,261.41900634765625,198.0,380.0,30.899999618530273,-0.03589649870991707,,,,,,,,,,,,,,,,,,,,,,,,,0.0,,,,,,,,,,,,,,,,,,,,,,,,,,,,,,,,,,,,,,,,,,,""
1389386639,"Feb 3, 2018, 12:53:47 PM",Afternoon Activity,Nordic Ski,"",4214,10.94,,,false,,,activities/1389386639.gpx,69.0,,4214.0,3550.0,10943.599609375,11.899999618530273,,219.97694396972656,470.97698974609375,152.5,453.20001220703125,47.599998474121094,-2.2935779094696045,,,,,,,,,,,,,,,,,,,,,,,,,0.0,,,,,,,,,,,,,,,,,,,,,,,,,,,,,,,,,,,,,,,,,,,""
1400542728,"Feb 10, 2018, 11:29:31 AM",Lunch Activity,Nordic Ski,,5116,15.86,,,false,,,activities/1400542728.gpx,,,5116.0,5028.0,15864.7998046875,10.0,,355.4462890625,355.4460144042969,183.8000030517578,377.0,33.29999923706055,0.0,,,,,,,,,,,,,,,,,,,,,,,,,0.0,,,,,,,,,,,,,,,,,,,,,,,,,,,,,,,,,,,,,,,,,,,""
1425186038,"Feb 25, 2018, 11:16:47 AM",Lunch Activity,Nordic Ski,"",4166,12.04,,,false,,,activities/1425186038.gpx,69.0,,4166.0,4137.0,12048.2001953125,10.600000381469727,,251.65176391601562,253.15199279785156,201.5,377.0,30.700000762939453,-0.012449992820620537,,,,,,,,,,,,,,,,,,,,,,,,,0.0,,,,,,,,,,,,,,,,,,,,,,,,,,,,,,,,,,,,,,,,,,,""
1433890460,"Mar 3, 2018, 11:59:30 AM",Lunch Activity,Nordic Ski,,3790,10.03,,,false,,,activities/1433890460.gpx,,,3790.0,3451.0,10029.900390625,7.800000190734863,,173.39256286621094,164.89300537109375,113.0,225.1999969482422,40.29999923706055,0.08474660664796829,,,,,,,,,,,,,,,,,,,,,,,,,0.0,,,,,,,,,,,,,,,,,,,,,,,,,,,,,,,,,,,,,,,,,,,""
1447077610,"Mar 11, 2018, 10:42:22 AM",Lunch Run,Run,,189,0.02,,,false,,Salomon S-Lab Speed Terrengsko,activities/1447077610.gpx,69.0,,189.0,111.0,21.600000381469727,1.100000023841858,,0.0,-0.10000000149011612,198.0,198.10000610351562,1.2999999523162842,0.46296295523643494,,,54.0,48.20000076293945,,,,,1.8481804132461548,,,,,,,,,,,,,,,,0.0,,,21.799999237060547,,,,,,,,,,,,,,,,2271327.0,,,,,,,,,,,,,,,,,,,,,,,,""
1447358860,"Mar 11, 2018, 10:53:19 AM",Lunch Activity,Nordic Ski,,5463,16.62,,,false,,,activities/1447358860.gpx,,,5463.0,5384.0,16621.80078125,8.800000190734863,,370.6454772949219,372.0450134277344,201.60000610351562,459.8999938964844,31.700000762939453,-0.008422673679888248,,,,,,,,,,,,,,,,,,,,,,,,,0.0,,,,,,,,,,,,,,,,,,,,,,,,,,,,,,,,,,,,,,,,,,,""
1456844828,"Mar 17, 2018, 6:01:45 AM",Jogg i snøen,Run,"",3000,7.34,,,false,,Salomon S-Lab Speed Terrengsko,activities/1456844828.gpx,69.0,,3000.0,2881.0,7348.5,3.9000000953674316,,171.74468994140625,171.2449951171875,100.0,222.5,47.79999923706055,0.006804109551012516,,,91.0,80.91146087646484,,,,,685.1832275390625,,,,,,,,,,,,,,,,0.0,,,8082.0,,,,,,,,,,,,,,,,2271327.0,,,,,,,,,,,,,,,,,,,,,,,,""
1459299551,"Mar 18, 2018, 12:32:35 PM",Tur med Gaasø ekspress,Nordic Ski,"",6044,15.79,,,false,,,activities/1459299551.gpx,69.0,,6044.0,5172.0,15793.7001953125,11.399999618530273,,364.45867919921875,369.3590087890625,216.0,460.3999938964844,29.0,-0.031025029718875885,,,,,,,,,,,,,,,,,,,,,,,,,0.0,,,,,,,,,,,,,,,,,,,,,,,,,,,,,,,,,,,,,,,,,,,""
1468923838,"Mar 24, 2018, 11:49:23 AM",Ski,Nordic Ski,"",5771,17.23,,,false,,,activities/1468923838.gpx,69.0,,5771.0,5421.0,17232.69921875,10.100000381469727,,389.00006103515625,390.8999938964844,200.6999969482422,460.3999938964844,36.0,-0.011025549843907356,,,104.0,51.7205810546875,,,,,,,,,,,,,,,,,,,,,0.0,,,,,,,,,,,,,,,,,,,,,,,,,,,,,,,,,,,,,,,,,,,""
1471743689,"Mar 25, 2018, 4:35:57 PM","Dyp, kram snø til hofta 👌",Run,"",4422,10.32,,,false,,Salomon S-Lab Speed Terrengsko,activities/1471743689.gpx,69.0,,4422.0,4266.0,10328.2998046875,5.300000190734863,,302.98834228515625,302.68798828125,88.4000015258789,298.0,36.20000076293945,0.002904640743508935,,,122.0,79.15306854248047,,,,,989.0054321289062,,,,,,,,,,,,,,,,0.0,,,11665.7001953125,,,,,,,,,,,,,,,,2271327.0,,,,,,,,,,,,,,,,,,,,,,,,media/3802327f-bc74-46de-b985-1ee6c5ae17b4.jpg
1475879121,"Mar 28, 2018, 6:55:49 AM",Morning Ride,Ride,,1257,6.34,,,true,,Nye CXen,activities/1475879121.gpx,69.0,12.0,1257.0,1211.0,6346.89990234375,12.899999618530273,,78.07464599609375,162.07460021972656,53.900001525878906,157.60000610351562,26.299999237060547,-1.3234807252883911,,,,,,,,117.6500015258789,158.85867309570312,,,,,,,,,,,,,,,,1.0,,,,,,,,,,,,,,,,,,3718715.0,,,,,,,,,,,,,,,,,,,,,,,,,""
1476195250,"Mar 28, 2018, 11:49:03 AM",Afternoon Ride,Ride,,1365,6.23,,,true,,Nye CXen,activities/1476195250.gpx,69.0,12.0,1365.0,1288.0,6229.0,12.100000381469727,,155.57498168945312,95.57499694824219,53.900001525878906,157.60000610351562,17.100000381469727,0.9632364511489868,,,,,,,,166.09019470214844,238.52517700195312,,,,,,,,,,,,,,,,1.0,,,,,,,,,,,,,,,,,,3718715.0,,,,,,,,,,,,,,,,,,,,,,,,,""
1479509261,"Mar 30, 2018, 10:00:49 AM",på felleski,Nordic Ski,"",4862,17.20,,,false,,,activities/1479509261.gpx,69.0,,4862.0,4715.0,17202.0,13.399999618530273,,390.28302001953125,391.88299560546875,201.39999389648438,460.5,31.0,-0.009301244281232357,,,,,,,,,,,,,,,,,,,,,,,,,0.0,,,,,,,,,,,,,,,,,,,,,,,,,,,,,,,,,,,,,,,,,,,""
1483959799,"Apr 1, 2018, 3:50:29 PM",Grügelborn,Run,"",2933,7.70,,,false,,ASICS Dynamic Duomax Fluidfit Allround,activities/1483959799.gpx,69.0,,2933.0,2747.0,7707.2998046875,4.800000190734863,,191.9040069580078,192.3040008544922,387.6000061035156,514.7000122070312,34.0,-0.005189884919673204,,,116.0,82.08963012695312,,,,,719.8408813476562,,,,,,,,,,,,,,,,0.0,,,8490.7998046875,,,,,,,,,,,,,,,,2271521.0,,,,,,,,,,,,,,,,,,,,,,,,media/954ed970-e18f-4adc-a67c-18fd21c0df43.jpg
1485214016,"Apr 2, 2018, 10:29:24 AM",12.5 km runde,Run,"",4580,11.67,,,false,,ASICS Dynamic Duomax Fluidfit Allround,activities/1485214016.gpx,69.0,,4580.0,4171.0,11671.099609375,5.400000095367432,,270.0777893066406,271.4779968261719,374.0,490.70001220703125,42.29999923706055,-0.011995441280305386,,,125.0,84.00506591796875,,,,,1091.104736328125,,,,,,,,,,,,,,,,0.0,,,12870.0,,,,,,,,,,,,,,,,2271521.0,,,,,,,,,,,,,,,,,,,,,,,,""
1490351770,"Apr 5, 2018, 7:11:12 AM",Fräse - Oberkeie,Run,"",5320,14.45,,,false,,ASICS Dynamic Duomax Fluidfit Allround,activities/1490351770.gpx,69.0,,5320.0,5141.0,14452.2998046875,5.0,,320.21044921875,320.510009765625,361.5,500.0,44.5,-0.0020757941529154778,,,109.0,82.19041442871094,,,,,1320.7877197265625,,,,,,,,,,,,,,,,0.0,,,15579.2001953125,,,,,,,,,,,,,,,,2271521.0,,,,,,,,,,,,,,,,,,,,,,,,media/5141805a-e04f-4847-a399-012c4f2634d2.jpg|media/8f1d3630-c442-4524-b63f-5a995c9e462a.jpg
1507662466,"Apr 14, 2018, 10:45:31 AM",Lunch Ride,Ride,,6016,36.00,,,false,,Focusen,activities/1507662466.gpx,69.0,7.900000095367432,6016.0,5814.0,36006.3984375,16.299999237060547,,751.1484375,751.1480102539062,54.0,521.0,39.900001525878906,0.0,,,,,,,,144.87628173828125,939.1746215820312,,,,,,,,,,,,,,,,0.0,,,,,,,,,,,,,,,,,,773902.0,,,,,,,,,,,,,,,,,,,,,,,,,""
1509828834,"Apr 15, 2018, 10:27:31 AM",Lunch Ride,Ride,"",4270,27.03,186.0,35,false,,Focusen,activities/1509828834.gpx,69.0,7.900000095367432,4270.0,4190.0,27038.69921875,15.600000381469727,,433.5494079589844,433.64898681640625,54.0,194.0,30.200000762939453,-0.00036984027246944606,,,,,186.0,156.9812774658203,,138.9076385498047,648.9573364257812,,,35.0,,,,,,,,,,,,,0.0,,,,,,,,,,,,,,,,,,773902.0,,,,,,,,,,,,,,,,,,,,,,,,,""
1514424128,"Apr 17, 2018, 5:55:22 PM",Evening Run med dogen,Run,"",2485,6.36,176.0,13,false,,ASICS Dynamic Duomax Fluidfit Allround,activities/1514424128.gpx,69.0,,2485.0,2377.0,6365.39990234375,4.0,,104.80868530273438,105.60900115966797,109.0,168.0,37.79999923706055,-0.012567945756018162,,,90.0,79.66094970703125,176.0,159.0153045654297,,,570.7401733398438,,,13.0,,,,,,,,,,,,,0.0,,,6732.10009765625,,,,,,,,,,,,,,,,2271521.0,,,,,,,,,,,,,,,,,,,,,,,,""
1521985373,"Apr 21, 2018, 10:34:22 AM",Lunch Ride,Ride,,4305,30.44,195.0,56,false,,Nye CXen,activities/1521985373.gpx,69.0,12.0,4305.0,4136.0,30443.5,14.399999618530273,,395.3030090332031,396.3030090332031,119.0,199.8000030517578,36.900001525878906,-0.0032847700640559196,,,,,195.0,166.7550048828125,,224.80099487304688,1036.7012939453125,,,56.0,,,,,,,,,,,,,0.0,,,,,,,,,,,,,,,,,,3718715.0,,,,,,,,,,,,,,,,,,,,,,,,,""
1534158672,"Apr 27, 2018, 4:42:54 AM",Morning Ride,Ride,"",1391,7.81,,,true,,Nye CXen,activities/1534158672.gpx,69.0,12.0,1391.0,1347.0,7816.7001953125,14.600000381469727,,97.84188842773438,178.84190368652344,53.900001525878906,157.60000610351562,22.200000762939453,-1.036242961883545,,,,,,,,143.37753295898438,215.3401336669922,,,,,,,,,,,,,,,,1.0,,,,,,,,,,,,,,,,,,3718715.0,,,,,,,,,,,,,,,,,,,,,,,,,""
1534889855,"Apr 27, 2018, 8:03:54 AM",Morning Ride,Ride,,25717,27.56,,,true,,Nye CXen,activities/1534889855.gpx,69.0,12.0,25717.0,4955.0,27566.900390625,12.300000190734863,,412.1923828125,332.2919921875,53.900001525878906,157.60000610351562,38.400001525878906,0.28984034061431885,,,,,,,,160.64651489257812,887.5465698242188,,,,,,,,,,,,,,,,1.0,,,,,,,,,,,,,,,,,,3718715.0,,,,,,,,,,,,,,,,,,,,,,,,,""
1536107325,"Apr 28, 2018, 7:15:14 AM",Håpløs tur 😥,Run,"Blindveier, gjørme, snø, inngjerdinger, næringstom etc",6913,14.58,,,false,,Salomon S-Lab Speed Terrengsko,activities/1536107325.gpx,69.0,,6913.0,5942.0,14587.0,5.400000095367432,,513.8212280273438,495.72100830078125,94.0,287.0,48.70000076293945,0.12408308684825897,,,105.0,78.59581756591797,,,,,1469.3118896484375,,,,,,,,,,,,,,,,0.0,,,17331.099609375,,,,,,,,,,,,,,,,2271327.0,,,,,,,,,,,,,,,,,,,,,,,,""
1551634794,"May 5, 2018, 4:22:37 PM",Evening Ride,Ride,,3660,20.86,,,false,,Focusen,activities/1551634794.gpx,69.0,7.900000095367432,3660.0,2953.0,20868.80078125,16.899999618530273,,368.0401306152344,368.3399963378906,53.5,214.0,29.5,-0.0014375527389347553,,,,,,,,168.3441925048828,554.2886352539062,,,,,,,,,,,,,,,,0.0,,,,,,,,,,,,,,,,,,773902.0,,,,,,,,,,,,,,,,,,,,,,,,,""
1562163368,"May 10, 2018, 12:55:08 PM",Afternoon Walk,Walk,,2423,2.59,,,false,,Salomon S-Lab Speed Terrengsko,activities/1562163368.gpx,,,2423.0,2185.0,2592.300048828125,3.200000047683716,,56.96226119995117,51.06230163574219,472.20001220703125,501.29998779296875,17.5,0.22759711742401123,,,,,,,,,219.77239990234375,,,,,,,,,,,,,,,,0.0,,,,,,,,,,,,,,,,,,,2271327.0,,,,,,,,,,,,,,,,,,,,,,,,""
1564241193,"May 11, 2018, 10:10:54 AM",Godt med vann på vei til Glomma,Run,To bakkeintervaller på følt terskel og bli kjent med området,4575,11.52,,,false,,Salomon S-Lab Speed Terrengsko,activities/1564241193.gpx,69.0,,4575.0,4352.0,11521.2001953125,5.199999809265137,,534.553955078125,536.4539794921875,485.5,736.4000244140625,36.5,-0.01649133861064911,,,138.0,81.75389862060547,,,,,1182.7083740234375,,,,,,,,,,,,,,,,0.0,,,13950.5,,,,,,,,,,,,,,,,2271327.0,,,,,,,,,,,,,,,,,,,,,,,,""
1568682120,"May 13, 2018, 6:59:34 AM",Morning Ride,Ride,,6299,38.54,169.0,31,false,,Focusen,activities/1568682120.gpx,69.0,7.900000095367432,6299.0,6170.0,38544.6015625,16.100000381469727,,762.8599243164062,763.5599975585938,2.0999999046325684,525.2999877929688,46.70000076293945,-0.0018160779727622867,,,,,169.0,141.87974548339844,,140.34275817871094,965.4967041015625,,,31.0,,,,,,,,,,,,,0.0,,,,,,,,,,,,,,,,,,773902.0,,,,,,,,,,,,,,,,,,,,,,,,,""
1577258078,"May 17, 2018, 5:45:01 AM",Morning Run,Run,,2450,6.34,,,false,,ASICS Dynamic Duomax Fluidfit Allround,activities/1577258078.gpx,69.0,,2450.0,2253.0,6345.2001953125,4.900000095367432,,115.4104995727539,118.91000366210938,109.4000015258789,169.0,21.700000762939453,-0.055159807205200195,,,133.0,83.36482238769531,,,,,581.0831909179688,,,,,,,,,,,,,,,,0.0,,,6854.10009765625,,,,,,,,,,,,,,,,2271521.0,,,,,,,,,,,,,,,,,,,,,,,,""
1581705959,"May 19, 2018, 10:37:34 AM",Lunch Ride,Ride,,5593,34.08,,,false,,Focusen,activities/1581705959.gpx,69.0,7.900000095367432,5593.0,5538.0,34079.0,15.300000190734863,,847.0274658203125,847.1270141601562,54.0,525.2999877929688,49.0,-0.0002934358490165323,,,,,,,,163.13949584960938,1007.3621215820312,,,,,,,,,,,,,,,,0.0,,,,,,,,,,,,,,,,,,773902.0,,,,,,,,,,,,,,,,,,,,,,,,,""
1583443634,"May 20, 2018, 7:54:50 AM",Morning Run,Walk,"",2580,3.36,157.0,4,false,,Salomon S-Lab Speed Terrengsko,activities/1583443634.gpx,69.0,,2580.0,2307.0,3365.60009765625,3.700000047683716,,64.95143127441406,68.95140075683594,115.19999694824219,150.89999389648438,49.400001525878906,-0.11884953826665878,,,95.0,53.9586296081543,157.0,104.29157257080078,,,285.3319396972656,,,4.0,,,,,,,,,,,,,0.0,,,,,,,,,,,,,,,,,,,2271327.0,,,,,,,,,,,,,,,,,,,,,,,,""
1583998525,"May 20, 2018, 10:14:42 AM",Human 1 - 0 Dog,Run,"",5374,12.26,,,false,,Salomon S-Lab Speed Terrengsko,activities/1583998525.gpx,69.0,,5374.0,4985.0,12265.099609375,3.9000000953674316,,342.8303527832031,365.2300109863281,94.0,376.0,39.20000076293945,-0.18263201415538788,,,132.0,82.25689697265625,,,,,1167.278564453125,,,,,,,,,,,,,,,,0.0,,,13768.5,,,,,,,,,,,,,,,,2271327.0,,,,,,,,,,,,,,,,,,,,,,,,media/8feb0020-f3b9-4cba-af27-2e8e60d64c80.jpg
1595411645,"May 25, 2018, 4:41:14 PM",Noen korte bakkedrag med lazy Numa,Run,"",3420,8.04,194.0,28,false,,ASICS Dynamic Duomax Fluidfit Allround,activities/1595411645.gpx,69.0,,3420.0,2976.0,8045.60009765625,4.800000190734863,,190.09738159179688,189.39700317382812,94.0,168.0,41.79999923706055,0.008700408041477203,,,134.0,83.22709655761719,194.0,160.85311889648438,,,754.7443237304688,,,28.0,,,,,,,,,,,,,0.0,,,8902.5,,,,,,,,,,,,,,,,2271521.0,,,,,,,,,,,,,,,,,,,,,,,,""
1599449699,"May 27, 2018, 10:43:11 AM",Lunch Ride,Ride,,9653,63.15,185.0,69,false,,Focusen,activities/1599449699.gpx,69.0,7.900000095367432,9653.0,9243.0,63157.6015625,16.399999618530273,,1056.7705078125,1057.0699462890625,0.0,371.0,49.400001525878906,-0.00047500221990048885,,,,,185.0,154.65911865234375,,148.80438232421875,1533.5657958984375,,,69.0,,,,,,,,,,,,,0.0,,,,,,,,,,,,,,,,,,773902.0,,,,,,,,,,,,,,,,,,,,,,,,,""
1611779553,"Jun 2, 2018, 11:01:35 AM",Afternoon Run,Run,,2759,7.02,186.0,18,false,,Salomon S-Lab Speed Terrengsko,activities/1611779553.gpx,69.0,,2759.0,2559.0,7021.89990234375,5.099999904632568,,135.30526733398438,157.40499877929688,89.30000305175781,179.6999969482422,30.600000381469727,-0.31472963094711304,,,131.0,80.27406311035156,186.0,154.10235595703125,,,635.053466796875,,,18.0,,,,,,,,,,,,,0.0,,,7490.7001953125,,,,,,,,,,,,,,,,2271327.0,,,,,,,,,,,,,,,,,,,,,,,,""
1615272529,"Jun 3, 2018, 4:59:36 PM",Evening Run,Run,,3777,9.58,181.0,26,false,,ASICS Dynamic Duomax Fluidfit Allround,activities/1615272529.gpx,69.0,,3777.0,3590.0,9579.900390625,3.9000000953674316,,206.1493377685547,206.94900512695312,116.69999694824219,222.0,29.200000762939453,-0.008350817486643791,,,115.0,80.34358978271484,181.0,161.04310607910156,,,872.8244018554688,,,26.0,,,,,,,,,,,,,0.0,,,10295.2998046875,,,,,,,,,,,,,,,,2271521.0,,,,,,,,,,,,,,,,,,,,,,,,""
1627407841,"Jun 9, 2018, 12:29:48 PM",Afternoon Hike,Hike,,11229,7.57,,,false,,Salomon S-Lab Speed Terrengsko,activities/1627407841.gpx,,,11229.0,5983.0,7576.5,4.099999904632568,,259.46856689453125,265.468994140625,150.0,389.0,46.400001525878906,-0.07919223606586456,,,,,,,,,642.3275146484375,,,,,,,,,,,,,,,,0.0,,,,,,,,,,,,,,,,,,,2271327.0,,,,,,,,,,,,,,,,,,,,,,,,""
1628583896,"Jun 10, 2018, 6:10:32 AM",Joggevogn,Run,,3440,8.46,,,false,,Salomon S-Lab Speed Terrengsko,activities/1628583896.gpx,69.0,,3440.0,3247.0,8468.2001953125,4.800000190734863,,178.19558715820312,177.5959930419922,89.4000015258789,157.60000610351562,49.400001525878906,0.007085330784320831,,,124.0,79.60575866699219,,,,,763.5020141601562,,,,,,,,,,,,,,,,0.0,,,9005.7998046875,,,,,,,,,,,,,,,,2271327.0,,,,,,,,,,,,,,,,,,,,,,,,""
1635301122,"Jun 13, 2018, 5:44:20 AM",Morning Ride,Ride,,845,5.89,,,true,,Nye CXen,activities/1635301122.gpx,69.0,12.0,845.0,788.0,5896.7998046875,15.699999809265137,,71.56348419189453,160.7635040283203,53.900001525878906,157.5,25.899999618530273,-1.5126848220825195,,,,,,,,180.89266967773438,158.9362030029297,,,,,,,,,,,,,,,,1.0,,,,,,,,,,,,,,,,,,3718715.0,,,,,,,,,,,,,,,,,,,,,,,,,""
1636091926,"Jun 13, 2018, 3:16:23 PM",Afternoon Ride,Ride,,1076,6.22,,,true,,Focusen,activities/1636091926.gpx,69.0,7.900000095367432,1076.0,1018.0,6223.89990234375,12.100000381469727,,158.6385040283203,73.33899688720703,58.0,157.60000610351562,18.299999237060547,1.3705233335494995,,,,,,,,191.68011474609375,217.57022094726562,,,,,,,,,,,,,,,,1.0,,,,,,,,,,,,,,,,,,773902.0,,,,,,,,,,,,,,,,,,,,,,,,,""
1639382756,"Jun 15, 2018, 5:39:02 AM",Morning Ride,Ride,,1044,4.30,,,true,,Nye CXen,activities/1639382756.gpx,69.0,12.0,1044.0,630.0,4304.5,13.300000190734863,,53.71406555175781,104.91410064697266,53.900001525878906,121.5999984741211,16.0,-1.189452886581421,,,,,,,,196.49742126464844,138.02931213378906,,,,,,,,,,,,,,,,1.0,,,,,,,,,,,,,,,,,,3718715.0,,,,,,,,,,,,,,,,,,,,,,,,,""
1639933239,"Jun 15, 2018, 12:59:53 PM",Afternoon Ride,Ride,,1116,6.26,,,true,,Focusen,activities/1639933239.gpx,69.0,7.900000095367432,1116.0,1116.0,6259.2998046875,14.600000381469727,,160.96401977539062,80.26399993896484,53.900001525878906,157.60000610351562,17.200000762939453,1.2892816066741943,,,,,,,,161.3918914794922,200.82652282714844,,,,,,,,,,,,,,,,1.0,,,,,,,,,,,,,,,,,,773902.0,,,,,,,,,,,,,,,,,,,,,,,,,""
1643490450,"Jun 17, 2018, 6:01:35 AM",Runda Garlaus,Run,"",4887,10.40,189.0,48,false,,Salomon S-Lab Speed Terrengsko,activities/1643490450.gpx,69.0,,4887.0,4701.0,10405.0,6.0,,500.3709716796875,478.77099609375,102.0,307.0,42.900001525878906,0.20759250223636627,,,112.0,76.0999984741211,189.0,164.657470703125,,,1139.92041015625,,,48.0,,,,,,,,,,,,,0.0,,,13445.7998046875,,,,,,,,,,,,,,,,2271327.0,,,,,,,,,,,,,,,,,,,,,,,,""
1645845817,"Jun 18, 2018, 6:09:35 AM",Morning Ride,Ride,,763,4.86,,,true,,Nye CXen,activities/1645845817.gpx,69.0,12.0,763.0,752.0,4860.60009765625,13.199999809265137,,62.605953216552734,129.906005859375,53.900001525878906,132.3000030517578,25.5,-1.384602665901184,,,,,,,,144.4224090576172,121.09495544433594,,,,,,,,,,,,,,,,1.0,,,,,,,,,,,,,,,,,,3718715.0,,,,,,,,,,,,,,,,,,,,,,,,,""
1646439261,"Jun 18, 2018, 2:02:02 PM",Afternoon Ride,Ride,,1910,6.45,,,true,,Nye CXen,activities/1646439261.gpx,69.0,12.0,1910.0,1581.0,6450.0,13.100000381469727,,162.7733917236328,88.37300109863281,58.0,150.89999389648438,34.5,1.1534883975982666,,,,,,,,153.35501098632812,270.33648681640625,,,,,,,,,,,,,,,,1.0,,,,,,,,,,,,,,,,,,3718715.0,,,,,,,,,,,,,,,,,,,,,,,,,""
1647760882,"Jun 19, 2018, 6:11:52 AM",Morning Ride,Ride,,1217,8.40,,,true,,Nye CXen,activities/1647760882.gpx,69.0,12.0,1217.0,1143.0,8405.400390625,12.899999618530273,,83.70018768310547,168.30020141601562,53.900001525878906,149.3000030517578,22.5,-1.0064958333969116,,,,,,,,183.90965270996094,234.3831787109375,,,,,,,,,,,,,,,,1.0,,,,,,,,,,,,,,,,,,3718715.0,,,,,,,,,,,,,,,,,,,,,,,,,""
1648436739,"Jun 19, 2018, 2:03:24 PM",Afternoon Ride,Ride,"",1520,9.25,,,true,,Nye CXen,activities/1648436739.gpx,69.0,12.0,1520.0,1520.0,9253.0,11.0,,176.28648376464844,96.28600311279297,53.900001525878906,150.89999389648438,34.70000076293945,0.8645844459533691,,,,,,,,203.44229125976562,344.7934875488281,,,,,,,,,,,,,,,,1.0,,,,,,,,,,,,,,,,,,3718715.0,,,,,,,,,,,,,,,,,,,,,,,,,""
1649975548,"Jun 20, 2018, 5:53:31 AM",Morning Ride,Ride,,616,5.01,,,true,,Focusen,activities/1649975548.gpx,69.0,7.900000095367432,616.0,560.0,5013.2998046875,13.600000381469727,,37.80428695678711,124.00430297851562,53.900001525878906,151.0,18.700000762939453,-1.7194262742996216,,,,,,,,139.4499969482422,87.07257843017578,,,,,,,,,,,,,,,,1.0,,,,,,,,,,,,,,,,,,773902.0,,,,,,,,,,,,,,,,,,,,,,,,,""
1650650511,"Jun 20, 2018, 1:40:48 PM",Afternoon Ride,Ride,"",5,0.01,,,true,,Nye CXen,activities/1650650511.gpx,69.0,12.0,5.0,5.0,17.100000381469727,0.0,,0.0,0.0,61.0,61.0,0.0,0.0,,,,,,,,0.0,0.0,,,,,,,,,,,,,,,,1.0,,,,,,,,,,,,,,,,,,3718715.0,,,,,,,,,,,,,,,,,,,,,,,,,""
1652167936,"Jun 21, 2018, 5:24:59 AM",Morning Ride,Ride,"",2536,7.56,,,true,,Nye CXen,activities/1652167936.gpx,69.0,12.0,2536.0,1836.0,7567.7998046875,14.100000381469727,,98.94620513916016,183.54620361328125,53.900001525878906,157.60000610351562,24.100000381469727,-1.1178942918777466,,,,,,,,104.14740753173828,213.2034912109375,,,,,,,,,,,,,,,,1.0,,,,,,,,,,,,,,,,,,3718715.0,,,,,,,,,,,,,,,,,,,,,,,,,""
1652841863,"Jun 21, 2018, 2:02:34 PM",Afternoon Ride,Ride,,1266,0.04,,,true,,Nye CXen,activities/1652841863.gpx,69.0,12.0,1266.0,10.0,39.5,0.0,,0.0,0.20000000298023224,64.80000305175781,65.0,0.0,-0.5063291192054749,,,,,,,,0.0,0.0,,,,,,,,,,,,,,,,1.0,,,,,,,,,,,,,,,,,,3718715.0,,,,,,,,,,,,,,,,,,,,,,,,,""
1654194800,"Jun 22, 2018, 5:50:12 AM",Morning Ride,Ride,,1029,6.61,,,true,,Nye CXen,activities/1654194800.gpx,69.0,12.0,1029.0,918.0,6614.10009765625,13.699999809265137,,83.45673370361328,150.75669860839844,53.900001525878906,166.1999969482422,45.29999923706055,-1.017523169517517,,,,,,,,190.13534545898438,194.61648559570312,,,,,,,,,,,,,,,,1.0,,,,,,,,,,,,,,,,,,3718715.0,,,,,,,,,,,,,,,,,,,,,,,,,""
1654765856,"Jun 22, 2018, 1:11:05 PM",Motvind ride,Ride,"",1944,12.65,,,true,,Focusen,activities/1654765856.gpx,69.0,7.900000095367432,1944.0,1882.0,12658.400390625,12.300000190734863,,231.0896453857422,147.99000549316406,53.900001525878906,150.89999389648438,16.5,0.6564810872077942,,,,,,,,164.18836975097656,344.5370178222656,,,,,,,,,,,,,,,,1.0,,,,,,,,,,,,,,,,,,773902.0,,,,,,,,,,,,,,,,,,,,,,,,,""
1656154835,"Jun 23, 2018, 6:48:44 AM",Morning Walk,Walk,,6205,7.08,,,false,,Salomon S-Lab Speed Terrengsko,activities/1656154835.gpx,,,6205.0,4397.0,7087.0,13.300000190734863,,193.04678344726562,263.5469970703125,145.39999389648438,352.0,42.900001525878906,-0.9947791695594788,,,,,,,,,600.8281860351562,,,,,,,,,,,,,,,,0.0,,,,,,,,,,,,,,,,,,,2271327.0,,,,,,,,,,,,,,,,,,,,,,,,""
1658186434,"Jun 24, 2018, 6:05:37 AM",Morning Run 7.5 km m vogn,Run,"",3188,5.52,176.0,10,false,,Salomon S-Lab Speed Terrengsko,activities/1658186434.gpx,69.0,,3188.0,2188.0,5519.7998046875,4.099999904632568,,119.8746109008789,124.57499694824219,89.30000305175781,150.89999389648438,49.0,-0.08514801412820816,,,127.0,81.09671020507812,176.0,150.05581665039062,,,502.95941162109375,,,10.0,,,,,,,,,,,,,0.0,,,5932.60009765625,,,,,,,,,,,,,,,,2271327.0,,,,,,,,,,,,,,,,,,,,,,,,""
1658731900,"Jun 24, 2018, 10:10:54 AM",Afternoon Ride,Ride,"",2731,15.15,,,true,,Nye CXen,activities/1658731900.gpx,69.0,12.0,2731.0,2310.0,15156.900390625,14.899999618530273,,282.4380187988281,282.3380126953125,53.900001525878906,157.60000610351562,25.5,0.0006597655010409653,,,,,,,,200.5891876220703,516.6470336914062,,,,,,,,,,,,,,,,1.0,,,,,,,,,,,,,,,,,,3718715.0,,,,,,,,,,,,,,,,,,,,,,,,,""
1661236755,"Jun 25, 2018, 2:03:19 PM",Doge,Ride,,1023,3.33,156.0,2,false,,Focusen,activities/1661236755.gpx,69.0,7.900000095367432,1023.0,986.0,3332.800048828125,6.300000190734863,,47.967857360839844,48.467899322509766,145.39999389648438,162.0,20.5,-0.015002400614321232,,,,,156.0,129.3505859375,,65.40760040283203,71.90846252441406,,,2.0,,,,,,,,,,,,,0.0,,,,,,,,,,,,,,,,,,773902.0,,,,,,,,,,,,,,,,,,,,,,,,,""
1661364339,"Jun 25, 2018, 2:20:40 PM",Afternoon Ride,Ride,,4830,33.24,178.0,39,false,,Focusen,activities/1661364339.gpx,69.0,7.900000095367432,4830.0,4781.0,33242.8984375,16.100000381469727,,571.1553955078125,570.655029296875,52.0,220.5,27.700000762939453,0.0015040806028991938,,,,,178.0,158.16490173339844,,161.12367248535156,858.9222412109375,,,39.0,,,,,,,,,,,,,0.0,,,,,,,,,,,,,,,,,,773902.0,,,,,,,,,,,,,,,,,,,,,,,,,""
1662615132,"Jun 26, 2018, 5:41:38 AM",Morning Ride,Ride,,933,6.18,,,true,,Nye CXen,activities/1662615132.gpx,69.0,12.0,933.0,933.0,6187.10009765625,13.899999618530273,,76.22177124023438,160.82179260253906,53.900001525878906,157.60000610351562,23.100000381469727,-1.367361068725586,,,,,,,,145.94091796875,151.82168579101562,,,,,,,,,,,,,,,,1.0,,,,,,,,,,,,,,,,,,3718715.0,,,,,,,,,,,,,,,,,,,,,,,,,""
1663256841,"Jun 26, 2018, 12:54:29 PM",Afternoon Ride,Ride,,1504,7.92,,,true,,Nye CXen,activities/1663256841.gpx,69.0,12.0,1504.0,1471.0,7919.7001953125,11.899999618530273,,186.66494750976562,106.36499786376953,64.80000305175781,157.60000610351562,42.0,1.0139273405075073,,,,,,,,186.0260772705078,305.11334228515625,,,,,,,,,,,,,,,,1.0,,,,,,,,,,,,,,,,,,3718715.0,,,,,,,,,,,,,,,,,,,,,,,,,""
1666215086,"Jun 27, 2018, 4:35:31 PM",Trailing i Lommedalen,Run,"",8730,19.02,193.0,72,false,,Salomon S-Lab Speed Terrengsko,activities/1666215086.gpx,69.0,,8730.0,8360.0,19026.19921875,6.099999904632568,,646.229736328125,645.3300170898438,217.3000030517578,526.4000244140625,43.900001525878906,0.0047303191386163235,,,97.0,76.5029525756836,193.0,134.60687255859375,,,1832.69140625,,,72.0,,,,,,,,,,,,,0.0,,,21617.30078125,,,,,,,,,,,,,,,,2271327.0,,,,,,,,,,,,,,,,,,,,,,,,media/c2107b00-7cc7-4f24-a4b6-74e878420bca.jpg|media/48bf1867-f2fc-4382-8326-89eb855e026a.jpg|media/de85f5d9-ff81-463b-951d-6361e0b45ab1.jpg
1666356669,"Dec 9, 2017, 12:17:39 PM",Afternoon Run,Run,,4007,10.63,183.0,36,false,,Salomon S-Lab Speed Terrengsko,activities/1789713399.tcx.gz,69.0,,4007.0,3935.0,10638.599609375,4.900000095367432,,225.2952423095703,226.2949981689453,112.69999694824219,262.8999938964844,26.5,-0.009399733506143093,,,,,183.0,163.62716674804688,,,966.717041015625,,,36.0,,,,,,,,,,,,,0.0,,,11402.7998046875,,,,,,,,,,,,,,,,2271327.0,,,,,,,,,,,,,,,,,,,,,,,,""
1666356673,"May 25, 2018, 4:33:33 PM",Evening Run,Run,,1,0,111.0,0,false,,Salomon S-Lab Speed Terrengsko,activities/1789713426.tcx.gz,69.0,,1.0,1.0,0.0,0.0,,0.0,0.0,151.0,151.0,0.0,0.0,,,,,111.0,0.0,,,0.0,,,0.0,,,,,,,,,,,,,0.0,,,0.0,,,,,,,,,,,,,,,,2271327.0,,,,,,,,,,,,,,,,,,,,,,,,""
1666356739,"May 25, 2018, 4:40:40 PM",Evening Run,Run,,1841,4.80,187.0,19,false,,Salomon S-Lab Speed Terrengsko,activities/1789713472.tcx.gz,69.0,,1841.0,1634.0,4805.89990234375,4.199999809265137,,92.67500305175781,113.9749984741211,105.80000305175781,161.0,15.100000381469727,-0.44320523738861084,,,,,187.0,167.08206176757812,,,429.7443542480469,,,19.0,,,,,,,,,,,,,0.0,,,5069.0,,,,,,,,,,,,,,,,2271327.0,,,,,,,,,,,,,,,,,,,,,,,,""
1667746230,"Jun 28, 2018, 1:31:37 PM",Syrevask,Ride,,3971,18.01,,,false,,Focusen,activities/1667746230.gpx,69.0,7.900000095367432,3971.0,3412.0,18011.19921875,14.5,,357.96966552734375,358.1700134277344,2.0,157.60000610351562,23.100000381469727,-0.0011104202130809426,,,,,,,,122.58769226074219,466.371337890625,,,,,,,,,,,,,,,,0.0,,,,,,,,,,,,,,,,,,773902.0,,,,,,,,,,,,,,,,,,,,,,,,,""
1669063104,"Jun 29, 2018, 6:11:46 AM",Morning Ride,Ride,,922,6.22,,,true,,Nye CXen,activities/1669063104.gpx,69.0,12.0,922.0,889.0,6220.7001953125,13.899999618530273,,82.09323120117188,164.79319763183594,53.900001525878906,157.60000610351562,23.899999618530273,-1.3294323682785034,,,,,,,,171.72801208496094,170.22280883789062,,,,,,,,,,,,,,,,1.0,,,,,,,,,,,,,,,,,,3718715.0,,,,,,,,,,,,,,,,,,,,,,,,,""
1669595061,"Jun 29, 2018, 12:49:29 PM",Afternoon Ride,Ride,,1572,9.31,,,true,,Focusen,activities/1669595061.gpx,69.0,7.900000095367432,1572.0,1569.0,9317.5,12.600000381469727,,177.85855102539062,94.75900268554688,53.900001525878906,151.0,27.899999618530273,0.8918701410293579,,,,,,,,145.77239990234375,255.01864624023438,,,,,,,,,,,,,,,,1.0,,,,,,,,,,,,,,,,,,773902.0,,,,,,,,,,,,,,,,,,,,,,,,,""
1671355172,"Jun 30, 2018, 8:43:58 AM",Morning Walk med pappa,Walk,"",8111,11.35,,,false,,Salomon S-Lab Speed Terrengsko,activities/1671355172.gpx,69.0,,8111.0,7595.0,11350.099609375,3.299999952316284,,430.57635498046875,431.2760009765625,201.1999969482422,472.0,37.900001525878906,-0.006167346611618996,,,,,,,,,962.2492065429688,,,,,,,,,,,,,,,,0.0,,,,,,,,,,,,,,,,,,,2271327.0,,,,,,,,,,,,,,,,,,,,,,,,""
1673614628,"Jul 1, 2018, 7:44:23 AM",Morning Ride,Ride,,11281,67.13,184.0,79,false,,Focusen,activities/1673614628.gpx,69.0,7.900000095367432,11281.0,10761.0,67131.203125,16.100000381469727,,1587.132080078125,1587.72998046875,53.900001525878906,523.0,49.099998474121094,-0.0008937721722759306,,,,,184.0,151.87940979003906,,157.1680450439453,1885.7825927734375,,,79.0,,,,,,,,,,,,,0.0,,,,,,,,,,,,,,,,,,773902.0,,,,,,,,,,,,,,,,,,,,,,,,,""
1678135294,"Jul 3, 2018, 12:35:40 PM",Alt for varmt for å være i bakken,Ride,"",4230,25.85,,,false,,Focusen,activities/1678135294.gpx,69.0,7.900000095367432,4230.0,4157.0,25852.19921875,15.199999809265137,,617.7350463867188,622.7349853515625,119.0,521.0,49.5,-0.019340714439749718,,,,,,,,156.45834350585938,725.19140625,,,,,,,,,,,,,,,,0.0,,,,,,,,,,,,,,,,,,773902.0,,,,,,,,,,,,,,,,,,,,,,,,,""
1681900398,"Jul 5, 2018, 5:23:18 AM",Sykkelen på sykehus,Ride,"",1492,9.08,,,true,,Nye CXen,activities/1681900398.gpx,69.0,12.0,1492.0,1443.0,9088.5,12.699999809265137,,164.66586303710938,164.66600036621094,63.0,157.60000610351562,23.299999237060547,0.0,,,,,,,,194.17459106445312,312.4169006347656,,,,,,,,,,,,,,,,1.0,,,,,,,,,,,,,,,,,,3718715.0,,,,,,,,,,,,,,,,,,,,,,,,,""
1684473313,"Jul 6, 2018, 11:39:39 AM",Sti rundt omkring fra tobonn,Run,"",4503,10.35,,,false,,Salomon S-Lab Speed Terrengsko,activities/1684473313.gpx,69.0,,4503.0,4247.0,10356.5,5.699999809265137,,382.65716552734375,381.7569885253906,201.3000030517578,405.3999938964844,35.599998474121094,0.008690194226801395,,,103.0,77.55191040039062,,,,,1029.2923583984375,,,,,,,,,,,,,,,,0.0,,,12140.900390625,,,,,,,,,,,,,,,,2271327.0,,,,,,,,,,,,,,,,,,,,,,,,media/dff9bbe8-c82a-446e-a498-82d3d8c550df.jpg|media/ade638d1-1fc7-43bc-b925-1f7235eabb47.jpg
1693021816,"Jul 10, 2018, 9:47:26 AM",Freisen Oberkirchen,Run,"",5429,16.28,193.0,83,false,,ASICS Dynamic Duomax Fluidfit Allround,activities/1693021816.gpx,69.0,,5429.0,5345.0,16280.7998046875,5.300000190734863,,321.3518371582031,322.1520080566406,361.0,500.0,48.0,-0.0049137636087834835,,,92.0,83.71256256103516,193.0,168.76649475097656,,,1470.6090087890625,,,83.0,,,,,,,,,,,,,0.0,,,17346.400390625,,,,,,,,,,,,,,,,2271521.0,,,,,,,,,,,,,,,,,,,,,,,,""
1697747932,"Jul 12, 2018, 2:01:45 PM",Angrepet av en hauk wtf #tiefenbachpfad,Run,"",4469,11.72,,,false,,ASICS Dynamic Duomax Fluidfit Allround,activities/1697747932.gpx,69.0,,4469.0,4162.0,11722.0,6.699999809265137,,227.20999145507812,227.2100067138672,388.29998779296875,455.20001220703125,48.20000076293945,0.0,,,88.0,80.44159698486328,,,,,1060.8895263671875,,,,,,,,,,,,,,,,0.0,,,12513.599609375,,,,,,,,,,,,,,,,2271521.0,,,,,,,,,,,,,,,,,,,,,,,,media/adc624d8-7ae1-4ef3-9ad3-7c5edaa93a28.jpg
1702059187,"Jul 14, 2018, 1:44:58 PM",ronde van kribor,Run,"",3951,10.39,195.0,44,false,,ASICS Dynamic Duomax Fluidfit Allround,activities/1702059187.gpx,69.0,,3951.0,3840.0,10396.7998046875,4.5,,383.3463134765625,378.14599609375,381.8999938964844,484.8999938964844,49.599998474121094,0.050015389919281006,,,87.0,80.67352294921875,195.0,161.92080688476562,,,1056.048583984375,,,44.0,,,,,,,,,,,,,0.0,,,12456.5,,,,,,,,,,,,,,,,2271521.0,,,,,,,,,,,,,,,,,,,,,,,,""
1706519719,"Jul 16, 2018, 2:43:54 PM",Jogg med tvillingvognen og pat,Run,"",3234,7.44,187.0,19,false,,ASICS Dynamic Duomax Fluidfit Allround,activities/1706519719.gpx,69.0,,3234.0,3096.0,7446.5,4.400000095367432,,193.80711364746094,193.8070068359375,359.0,453.5,28.100000381469727,0.0,,,132.0,59.55855178833008,187.0,148.66513061523438,,,701.0199584960938,,,19.0,,,,,,,,,,,,,0.0,,,8268.7998046875,,,,,,,,,,,,,,,,2271521.0,,,,,,,,,,,,,,,,,,,,,,,,""
1708570831,"Jul 17, 2018, 1:52:08 PM",Nochmal med tvillingvognen,Run,"",2866,6.94,174.0,14,false,,ASICS Dynamic Duomax Fluidfit Allround,activities/1708570831.gpx,69.0,,2866.0,2780.0,6943.2001953125,3.9000000953674316,,194.08096313476562,194.281005859375,335.0,391.0,49.70000076293945,-0.002880516229197383,,,99.0,54.47587203979492,174.0,152.32923889160156,,,668.3037719726562,,,14.0,,,,,,,,,,,,,0.0,,,7882.89990234375,,,,,,,,,,,,,,,,2271521.0,,,,,,,,,,,,,,,,,,,,,,,,""
1717205861,"Jul 21, 2018, 10:33:07 AM",Lunsjjogg,Run,"",6759,15.76,,,false,,Salomon S-Lab Speed Terrengsko,activities/1717205861.gpx,69.0,,6759.0,6091.0,15767.7001953125,5.599999904632568,,410.33111572265625,410.2309875488281,112.9000015258789,397.0,43.400001525878906,0.0006342079141177237,,,92.0,79.74073028564453,,,,,1474.958251953125,,,,,,,,,,,,,,,,0.0,,,17397.69921875,,,,,,,,,,,,,,,,2271327.0,,,,,,,,,,,,,,,,,,,,,,,,media/60e0f296-7a44-4fd1-8d4b-f117fd897c0c.jpg
1722906095,"Jul 23, 2018, 5:44:30 PM",fiskelausen,Run,"",4000,10.60,,,false,,Salomon S-Lab Speed Terrengsko,activities/1722906095.gpx,69.0,,4000.0,3822.0,10608.2998046875,5.5,,272.39404296875,261.6940002441406,94.0,290.5,48.400001525878906,0.10086441785097122,,,99.0,81.32279968261719,,,,,990.2347412109375,,,,,,,,,,,,,,,,0.0,,,11680.2001953125,,,,,,,,,,,,,,,,2271327.0,,,,,,,,,,,,,,,,,,,,,,,,media/91064cf7-0223-4bda-9afd-d4b55074436a.jpg|media/86950ac1-5a5c-4a75-9d01-7b3159f2f26a.jpg
1729297999,"Jul 26, 2018, 2:27:20 PM",Afternoon Walk,Walk,,5824,2.43,,,false,,Salomon S-Lab Speed Terrengsko,activities/1729297999.gpx,,,5824.0,2719.0,2432.199951171875,2.4000000953674316,,49.78125,52.18119812011719,1412.0,1441.800048828125,43.29999923706055,-0.09867609292268753,,,,,,,,,206.1992950439453,,,,,,,,,,,,,,,,0.0,,,,,,,,,,,,,,,,,,,2271327.0,,,,,,,,,,,,,,,,,,,,,,,,""
1731165108,"Jul 27, 2018, 9:51:33 AM",Lunch Walk,Walk,,12577,8.78,,,false,,Salomon S-Lab Speed Terrengsko,activities/1731165108.gpx,,,12577.0,8313.0,8785.7001953125,3.4000000953674316,,199.97047424316406,200.07000732421875,1383.800048828125,1441.0,37.599998474121094,-0.001138213207013905,,,,,,,,,744.8421630859375,,,,,,,,,,,,,,,,0.0,,,,,,,,,,,,,,,,,,,2271327.0,,,,,,,,,,,,,,,,,,,,,,,,""
1733106185,"Jul 28, 2018, 12:26:15 PM",Afternoon Run,Run,,731,0.20,,,false,,Salomon S-Lab Speed Terrengsko,activities/1733106185.gpx,69.0,,731.0,374.0,201.3000030517578,1.2999999523162842,,14.59375,13.293800354003906,531.4000244140625,565.4000244140625,38.0,0.6458022594451904,,,89.0,50.14545440673828,,,,,28.901134490966797,,,,,,,,,,,,,,,,0.0,,,340.8999938964844,,,,,,,,,,,,,,,,2271327.0,,,,,,,,,,,,,,,,,,,,,,,,""
1735635762,"Jul 28, 2018, 7:44:10 AM",Obligatorisk tur til galdhøpiggen,Run,Fra Spiterstulen og tilbake igjen ,12818,12.99,,,false,,Salomon S-Lab Speed Terrengsko,activities/1862352797.tcx.gz,69.0,,12818.0,10661.0,12998.0,2.799999952316284,,1507.165283203125,1506.8699951171875,1083.0,2466.0,50.0,0.002308047376573086,,,,,,,,,724.0,,,,,,,,,,,,,,,,0.0,,,25261.80078125,,,,,,,,,,,,,,,,2271327.0,,,,,,,,,,,,,,,,,,,,,,,,media/b809a405-0022-4df1-8086-c6defc1869e2.jpg
1740158985,"Jul 31, 2018, 2:18:35 PM",Afternoon Run,Run,,2651,6.02,,,false,,ASICS Dynamic Duomax Fluidfit Allround,activities/1740158985.gpx,69.0,,2651.0,2455.0,6025.39990234375,3.9000000953674316,,115.80865478515625,117.10900115966797,118.0,166.60000610351562,18.700000762939453,-0.021575331687927246,,,90.0,53.17647171020508,,,,,547.60400390625,,,,,,,,,,,,,,,,0.0,,,6459.2001953125,,,,,,,,,,,,,,,,2271521.0,,,,,,,,,,,,,,,,,,,,,,,,""
1744818173,"Aug 2, 2018, 1:10:04 PM",Commute,Run,,2920,7.95,,,true,,ASICS Dynamic Duomax Fluidfit Allround,activities/1744818173.gpx,69.0,,2920.0,2825.0,7955.2001953125,4.800000190734863,,209.59376525878906,118.89399719238281,55.0,173.0,39.599998474121094,1.1401348114013672,,,96.0,81.45848083496094,,,,,744.61328125,,,,,,,,,,,,,,,,1.0,,,8783.0,,,,,,,,,,,,,,,,2271521.0,,,,,,,,,,,,,,,,,,,,,,,,""
1747025889,"Aug 3, 2018, 2:04:12 PM",Afternoon Ride,Ride,,1529,6.62,,,true,,Nye CXen,activities/1747025889.gpx,69.0,12.0,1529.0,1264.0,6619.0,12.5,,90.81775665283203,102.81780242919922,123.4000015258789,162.0,22.100000381469727,-0.18129627406597137,,,,,,,,148.70278930664062,209.57606506347656,,,,,,,,,,,,,,,,1.0,,,,,,,,,,,,,,,,,,3718715.0,,,,,,,,,,,,,,,,,,,,,,,,,""
1748901611,"Aug 4, 2018, 10:55:50 AM",Lunch Ride,Ride,"",5225,32.99,180.0,43,false,,Focusen,activities/1748901611.gpx,69.0,7.900000095367432,5225.0,5064.0,32990.69921875,15.800000190734863,,788.4036254882812,790.9039916992188,63.0,194.3000030517578,41.400001525878906,-0.007577893324196339,,,,,180.0,153.14077758789062,,170.28680419921875,961.501708984375,,,43.0,,,,,,,,,,,,,0.0,,,,,,,,,,,,,,,,,,773902.0,,,,,,,,,,,,,,,,,,,,,,,,,""
1753177595,"Aug 6, 2018, 6:22:35 AM",Morning Ride,Ride,,916,5.93,,,true,,Nye CXen,activities/1753177595.gpx,69.0,12.0,916.0,832.0,5932.0,13.899999618530273,,72.43688201904297,161.63690185546875,53.900001525878906,157.60000610351562,25.399999618530273,-1.5037087202072144,,,,,,,,159.0558319091797,147.55307006835938,,,,,,,,,,,,,,,,1.0,,,,,,,,,,,,,,,,,,3718715.0,,,,,,,,,,,,,,,,,,,,,,,,,""
1753901685,"Aug 6, 2018, 2:21:45 PM",Afternoon Ride,Ride,,1424,9.27,,,true,,Focusen,activities/1753901685.gpx,69.0,7.900000095367432,1424.0,1424.0,9275.900390625,11.800000190734863,,175.325927734375,93.0260009765625,53.900001525878906,150.89999389648438,27.5,0.8872454166412354,,,,,,,,166.24253845214844,263.9539794921875,,,,,,,,,,,,,,,,1.0,,,,,,,,,,,,,,,,,,773902.0,,,,,,,,,,,,,,,,,,,,,,,,,""
1759869320,"Aug 9, 2018, 5:59:31 AM",Morning Ride,Ride,,1182,6.33,,,true,,Nye CXen,activities/1759869320.gpx,69.0,12.0,1182.0,958.0,6334.7998046875,12.600000381469727,,89.46417236328125,151.06419372558594,53.900001525878906,134.3000030517578,44.900001525878906,-0.9724063873291016,,,,,,,,167.52003479003906,178.93983459472656,,,,,,,,,,,,,,,,1.0,,,,,,,,,,,,,,,,,,3718715.0,,,,,,,,,,,,,,,,,,,,,,,,,""
1760625443,"Aug 9, 2018, 2:04:01 PM",Afternoon Ride,Ride,,1231,6.01,,,true,,Nye CXen,activities/1760625443.gpx,69.0,12.0,1231.0,1117.0,6017.7001953125,11.899999618530273,,164.20794677734375,82.80799865722656,58.20000076293945,150.89999389648438,36.20000076293945,1.352676272392273,,,,,,,,209.67340087890625,261.1382751464844,,,,,,,,,,,,,,,,1.0,,,,,,,,,,,,,,,,,,3718715.0,,,,,,,,,,,,,,,,,,,,,,,,,""
1764157133,"Aug 11, 2018, 7:18:43 AM",Langtur i skogen på grus og sti,Run,"begynner å bli mer vann i fleskumkleivene igjen

stort sett rolig, med et terskeldrag opp til brunkollen",7241,18.93,120.0,5,false,,Salomon S-Lab Speed Terrengsko,activities/1894112587.tcx.gz,69.0,,7241.0,6956.0,18932.099609375,4.599999904632568,,477.29730224609375,477.2969970703125,105.80000305175781,397.8999938964844,29.200000762939453,0.0,,,,,120.0,64.0849838256836,,,375.0,,,5.0,,,,,,,,,,,,,0.0,,,20514.69921875,,,,,,,,,,,,,,,,2271327.0,,,,,,,,,,,,,,,,,,,,,,,,""
1768638896,"Aug 13, 2018, 5:51:06 AM",Morning Ride,Ride,,1095,6.36,,,true,,Focusen,activities/1768638896.gpx,69.0,7.900000095367432,1095.0,934.0,6367.2001953125,14.899999618530273,,79.87356567382812,159.47360229492188,53.900001525878906,157.5,25.799999237060547,-1.2501569986343384,,,,,,,,119.49446868896484,124.44224548339844,,,,,,,,,,,,,,,,1.0,,,,,,,,,,,,,,,,,,773902.0,,,,,,,,,,,,,,,,,,,,,,,,,""
1769343222,"Aug 13, 2018, 2:01:11 PM",Afternoon Ride,Ride,"",1424,9.26,,,true,,Nye CXen,activities/1769343222.gpx,69.0,12.0,1424.0,1424.0,9262.099609375,12.899999618530273,,176.29598999023438,95.09600067138672,53.900001525878906,150.89999389648438,33.099998474121094,0.8766910433769226,,,,,,,,224.85401916503906,357.0141906738281,,,,,,,,,,,,,,,,1.0,,,,,,,,,,,,,,,,,,3718715.0,,,,,,,,,,,,,,,,,,,,,,,,,""
1770687273,"Aug 14, 2018, 5:30:27 AM",Morning Ride,Ride,,1004,6.26,,,true,,Focusen,activities/1770687273.gpx,69.0,7.900000095367432,1004.0,956.0,6268.0,14.300000190734863,,78.32681274414062,159.12680053710938,53.900001525878906,157.60000610351562,25.100000381469727,-1.2890874147415161,,,,,,,,114.36538696289062,121.9062271118164,,,,,,,,,,,,,,,,1.0,,,,,,,,,,,,,,,,,,773902.0,,,,,,,,,,,,,,,,,,,,,,,,,""
1771524265,"Aug 14, 2018, 1:53:25 PM",Afternoon Ride,Ride,,1404,6.24,,,true,,Nye CXen,activities/1771524265.gpx,69.0,12.0,1404.0,1353.0,6240.7998046875,12.699999809265137,,161.96902465820312,81.16899871826172,53.900001525878906,157.60000610351562,18.200000762939453,1.2947057485580444,,,,,,,,171.4977264404297,258.7210388183594,,,,,,,,,,,,,,,,1.0,,,,,,,,,,,,,,,,,,3718715.0,,,,,,,,,,,,,,,,,,,,,,,,,""
1773195222,"Aug 15, 2018, 7:33:52 AM",Morning Ride,Ride,,1059,6.89,,,true,,Nye CXen,activities/1773195222.gpx,69.0,12.0,1059.0,1018.0,6892.7998046875,12.100000381469727,,91.46507263183594,174.86509704589844,53.900001525878906,148.39999389648438,38.900001525878906,-1.2099581956863403,,,,,,,,160.29258728027344,181.9437713623047,,,,,,,,,,,,,,,,1.0,,,,,,,,,,,,,,,,,,3718715.0,,,,,,,,,,,,,,,,,,,,,,,,,""
1774000993,"Aug 15, 2018, 2:09:57 PM",Afternoon Ride,Ride,,1381,6.22,,,true,,Nye CXen,activities/1774000993.gpx,69.0,12.0,1381.0,1292.0,6228.60009765625,12.600000381469727,,161.5060577392578,80.50599670410156,53.900001525878906,157.60000610351562,17.899999618530273,1.300452709197998,,,,,,,,186.72264099121094,268.9894104003906,,,,,,,,,,,,,,,,1.0,,,,,,,,,,,,,,,,,,3718715.0,,,,,,,,,,,,,,,,,,,,,,,,,""
1775485473,"Aug 16, 2018, 6:15:42 AM",Morning Ride,Ride,,1072,6.29,,,true,,Nye CXen,activities/1775485473.gpx,69.0,12.0,1072.0,1016.0,6297.7998046875,13.199999809265137,,79.16008758544922,160.0601043701172,53.900001525878906,157.5,25.799999237060547,-1.2845755815505981,,,,,,,,142.5065155029297,161.43763732910156,,,,,,,,,,,,,,,,1.0,,,,,,,,,,,,,,,,,,3718715.0,,,,,,,,,,,,,,,,,,,,,,,,,""
1776218070,"Aug 16, 2018, 1:56:33 PM",Afternoon Ride,Ride,,1186,6.26,,,true,,Nye CXen,activities/1776218070.gpx,69.0,12.0,1186.0,1097.0,6267.39990234375,13.300000190734863,,161.9266357421875,81.72699737548828,53.900001525878906,157.60000610351562,17.200000762939453,1.2796374559402466,,,,,,,,221.3148956298828,270.7025451660156,,,,,,,,,,,,,,,,1.0,,,,,,,,,,,,,,,,,,3718715.0,,,,,,,,,,,,,,,,,,,,,,,,,""
1777644622,"Aug 17, 2018, 5:48:41 AM",Morning Ride,Ride,,1008,6.26,,,true,,Nye CXen,activities/1777644622.gpx,69.0,12.0,1008.0,947.0,6261.10009765625,15.800000190734863,,80.20719909667969,162.2071990966797,53.900001525878906,157.5,23.5,-1.3096740245819092,,,,,,,,163.3098602294922,172.43984985351562,,,,,,,,,,,,,,,,1.0,,,,,,,,,,,,,,,,,,3718715.0,,,,,,,,,,,,,,,,,,,,,,,,,""
1778123820,"Aug 17, 2018, 11:18:06 AM",Afternoon Ride,Ride,,1541,7.95,,,true,,Nye CXen,activities/1778123820.gpx,69.0,12.0,1541.0,1499.0,7957.10009765625,11.899999618530273,,185.829833984375,106.02999877929688,65.5,157.60000610351562,39.70000076293945,1.002877950668335,,,,,,,,183.31195068359375,306.3849182128906,,,,,,,,,,,,,,,,1.0,,,,,,,,,,,,,,,,,,3718715.0,,,,,,,,,,,,,,,,,,,,,,,,,""
1781953788,"Aug 19, 2018, 6:01:37 AM",Morning Run,Run,,1654,4.23,158.0,4,false,,ASICS Dynamic Duomax Fluidfit Allround,activities/1781953788.gpx,69.0,,1654.0,1574.0,4233.2998046875,4.0,,73.41148376464844,74.21150207519531,115.19999694824219,150.6999969482422,19.0,-0.018897786736488342,,,86.0,79.82463073730469,158.0,133.44422912597656,,,377.7494201660156,,,4.0,,,,,,,,,,,,,0.0,,,4455.7001953125,,,,,,,,,,,,,,,,2271521.0,,,,,,,,,,,,,,,,,,,,,,,,""
1784487337,"Aug 20, 2018, 5:25:11 AM",Morning Ride,Ride,,1050,6.33,,,true,,Focusen,activities/1784487337.gpx,69.0,7.900000095367432,1050.0,985.0,6338.89990234375,14.199999809265137,,77.6363296508789,158.8363037109375,53.900001525878906,157.60000610351562,22.399999618530273,-1.2809793949127197,,,,,,,,125.31229400634766,137.6270294189453,,,,,,,,,,,,,,,,1.0,,,,,,,,,,,,,,,,,,773902.0,,,,,,,,,,,,,,,,,,,,,,,,,""
1785206212,"Aug 20, 2018, 1:47:24 PM",Afternoon Ride,Ride,"",1347,8.48,,,true,,Nye CXen,activities/1785206212.gpx,69.0,12.0,1347.0,1337.0,8483.7998046875,12.100000381469727,,176.729248046875,96.92900085449219,53.900001525878906,151.0,17.799999237060547,0.940616250038147,,,,,,,,218.14349365234375,325.19775390625,,,,,,,,,,,,,,,,1.0,,,,,,,,,,,,,,,,,,3718715.0,,,,,,,,,,,,,,,,,,,,,,,,,""
1786633362,"Aug 21, 2018, 5:44:37 AM",Morning Ride,Ride,,954,6.25,,,true,,Nye CXen,activities/1786633362.gpx,69.0,12.0,954.0,926.0,6251.89990234375,15.5,,79.07768249511719,162.77769470214844,53.900001525878906,157.60000610351562,22.700000762939453,-1.3387930393218994,,,,,,,,168.22010803222656,173.6854705810547,,,,,,,,,,,,,,,,1.0,,,,,,,,,,,,,,,,,,3718715.0,,,,,,,,,,,,,,,,,,,,,,,,,""
1787409210,"Aug 21, 2018, 1:30:14 PM",Afternoon Ride,Ride,,1482,6.31,,,true,,Focusen,activities/1787409210.gpx,69.0,7.900000095367432,1482.0,1315.0,6313.5,13.100000381469727,,162.05482482910156,80.95500183105469,53.900001525878906,157.60000610351562,17.5,1.2845489978790283,,,,,,,,139.2881622314453,204.22755432128906,,,,,,,,,,,,,,,,1.0,,,,,,,,,,,,,,,,,,773902.0,,,,,,,,,,,,,,,,,,,,,,,,,""
1789040371,"Aug 22, 2018, 5:38:00 AM",Morning Ride,Ride,,909,6.23,68.0,0,true,,Focusen,activities/1789040371.gpx,69.0,7.900000095367432,909.0,886.0,6237.10009765625,15.5,,77.28115844726562,157.6811981201172,53.900001525878906,157.5,20.700000762939453,-1.2890605926513672,,,,,68.0,43.73045349121094,,130.56008911132812,128.97891235351562,,,0.0,,,,,,,,,,,,,1.0,,,,,,,,,,,,,,,,,,773902.0,,,,,,,,,,,,,,,,,,,,,,,,,""
1789804043,"Aug 22, 2018, 1:35:13 PM",Afternoon Ride,Ride,,1182,6.41,150.0,0,true,,Focusen,activities/1789804043.gpx,69.0,7.900000095367432,1182.0,1144.0,6417.2001953125,14.100000381469727,,161.270263671875,81.37000274658203,53.900001525878906,157.60000610351562,25.899999618530273,1.2450913190841675,,,,,150.0,70.36113739013672,,162.7967987060547,207.6573486328125,,,0.0,,,,,,,,,,,,,1.0,,,,,,,,,,,,,,,,,,773902.0,,,,,,,,,,,,,,,,,,,,,,,,,""
1791336844,"Aug 23, 2018, 5:24:06 AM",Morning Ride,Ride,,947,6.16,,,true,,Focusen,activities/1791336844.gpx,69.0,7.900000095367432,947.0,903.0,6161.89990234375,15.800000190734863,,76.09294128417969,162.99290466308594,53.900001525878906,157.60000610351562,25.399999618530273,-1.4102792739868164,,,,,,,,124.02100372314453,124.86992645263672,,,,,,,,,,,,,,,,1.0,,,,,,,,,,,,,,,,,,773902.0,,,,,,,,,,,,,,,,,,,,,,,,,""
1792222200,"Aug 23, 2018, 2:42:19 PM",Afternoon Ride,Ride,,1448,9.25,,,true,,Nye CXen,activities/1792222200.gpx,69.0,12.0,1448.0,1448.0,9254.0,13.800000190734863,,179.5791473388672,98.97899627685547,53.900001525878906,150.89999389648438,28.100000381469727,0.8709747195243835,,,,,,,,218.07858276367188,352.0928955078125,,,,,,,,,,,,,,,,1.0,,,,,,,,,,,,,,,,,,3718715.0,,,,,,,,,,,,,,,,,,,,,,,,,""
1796102456,"Aug 25, 2018, 11:52:00 AM",Tidsklemma. Det man rakk...,Run,"",1784,4.75,,,false,,Salomon S-Lab Speed Terrengsko,activities/1796102456.gpx,69.0,,1784.0,1665.0,4749.0,5.0,,225.50582885742188,227.30599975585938,485.5,679.0999755859375,44.29999923706055,-0.03790271654725075,,,101.0,81.00728607177734,,,,,493.1165771484375,,,,,,,,,,,,,,,,0.0,,,5816.5,,,,,,,,,,,,,,,,2271327.0,,,,,,,,,,,,,,,,,,,,,,,,""
1800133238,"Aug 27, 2018, 5:40:23 AM",Morning Ride,Ride,,988,6.17,,,true,,Focusen,activities/1800133238.gpx,69.0,7.900000095367432,988.0,925.0,6173.2001953125,14.899999618530273,,74.5557861328125,159.45579528808594,53.900001525878906,157.60000610351562,21.399999618530273,-1.3752996921539307,,,,,,,,116.64578247070312,120.30577087402344,,,,,,,,,,,,,,,,1.0,,,,,,,,,,,,,,,,,,773902.0,,,,,,,,,,,,,,,,,,,,,,,,,""
1800816377,"Aug 27, 2018, 1:37:45 PM",Afternoon Ride,Ride,"",1216,6.30,,,true,,Nye CXen,activities/1800816377.gpx,69.0,12.0,1216.0,1086.0,6304.7001953125,12.5,,161.74057006835938,81.74099731445312,53.900001525878906,157.60000610351562,17.799999237060547,1.2688946723937988,,,,,,,,223.8843994140625,271.0989074707031,,,,,,,,,,,,,,,,1.0,,,,,,,,,,,,,,,,,,3718715.0,,,,,,,,,,,,,,,,,,,,,,,,,""
1802204332,"Aug 28, 2018, 5:31:52 AM",Morning Ride,Ride,,964,6.30,,,true,,Nye CXen,activities/1802204332.gpx,69.0,12.0,964.0,918.0,6304.7001953125,16.299999237060547,,76.39378356933594,160.6938018798828,53.900001525878906,157.5,18.799999237060547,-1.3370977640151978,,,,,,,,167.2880859375,171.23097229003906,,,,,,,,,,,,,,,,1.0,,,,,,,,,,,,,,,,,,3718715.0,,,,,,,,,,,,,,,,,,,,,,,,,""
1803006812,"Aug 28, 2018, 2:02:03 PM",Afternoon Ride,Ride,,1324,6.26,,,true,,Focusen,activities/1803006812.gpx,69.0,7.900000095367432,1324.0,1217.0,6261.5,12.600000381469727,,162.18138122558594,80.78099822998047,53.900001525878906,157.60000610351562,18.899999618530273,1.300007939338684,,,,,,,,153.3696746826172,208.11619567871094,,,,,,,,,,,,,,,,1.0,,,,,,,,,,,,,,,,,,773902.0,,,,,,,,,,,,,,,,,,,,,,,,,""
1813592269,"Sep 2, 2018, 7:47:26 AM",Morning Walk m F,Walk,"",6481,7.74,,,false,,Salomon S-Lab Speed Terrengsko,activities/1813592269.gpx,69.0,,6481.0,6154.0,7742.7001953125,16.100000381469727,,349.6019592285156,381.10198974609375,163.39999389648438,352.29998779296875,48.79999923706055,-0.40683481097221375,,,,,,,,,656.417724609375,,,,,,,,,,,,,,,,0.0,,,,,,,,,,,,,,,,,,,2271327.0,,,,,,,,,,,,,,,,,,,,,,,,""
1815838803,"Sep 3, 2018, 5:20:50 AM",Morning Ride,Ride,,1017,6.27,,,true,,Focusen,activities/1815838803.gpx,69.0,7.900000095367432,1017.0,971.0,6271.39990234375,15.0,,78.66426086425781,159.96429443359375,53.900001525878906,157.5,21.5,-1.2963612079620361,,,,,,,,103.23124694824219,111.76458740234375,,,,,,,,,,,,,,,,1.0,,,,,,,,,,,,,,,,,,773902.0,,,,,,,,,,,,,,,,,,,,,,,,,""
1816512289,"Sep 3, 2018, 1:55:06 PM",Afternoon Ride,Ride,,1564,6.34,,,true,,Nye CXen,activities/1816512289.gpx,69.0,12.0,1564.0,1374.0,6343.7998046875,13.100000381469727,,161.70877075195312,80.50900268554688,53.900001525878906,157.60000610351562,19.0,1.2799899578094482,,,,,,,,171.74905395507812,263.1211853027344,,,,,,,,,,,,,,,,1.0,,,,,,,,,,,,,,,,,,3718715.0,,,,,,,,,,,,,,,,,,,,,,,,,""
1817990593,"Sep 4, 2018, 5:26:16 AM",Morning Ride,Ride,,1066,6.24,,,true,,Nye CXen,activities/1817990593.gpx,69.0,12.0,1066.0,942.0,6247.0,14.5,,77.8376693725586,159.1376953125,53.900001525878906,157.60000610351562,23.600000381469727,-1.3014247417449951,,,,,,,,163.94851684570312,172.20054626464844,,,,,,,,,,,,,,,,1.0,,,,,,,,,,,,,,,,,,3718715.0,,,,,,,,,,,,,,,,,,,,,,,,,""
1818745942,"Sep 4, 2018, 1:54:51 PM",Afternoon Ride,Ride,,1309,6.26,,,true,,Nye CXen,activities/1818745942.gpx,69.0,12.0,1309.0,1188.0,6266.39990234375,13.5,,162.2420654296875,81.04199981689453,53.900001525878906,157.60000610351562,17.0,1.2957998514175415,,,,,,,,198.9460906982422,263.5278625488281,,,,,,,,,,,,,,,,1.0,,,,,,,,,,,,,,,,,,3718715.0,,,,,,,,,,,,,,,,,,,,,,,,,""
1820305182,"Sep 5, 2018, 5:27:01 AM",Morning Ride,Ride,,1031,6.23,,,true,,Nye CXen,activities/1820305182.gpx,69.0,12.0,1031.0,918.0,6233.0,15.800000190734863,,77.24066162109375,158.44070434570312,53.900001525878906,157.60000610351562,21.799999237060547,-1.3027434349060059,,,,,,,,175.4274139404297,179.5618133544922,,,,,,,,,,,,,,,,1.0,,,,,,,,,,,,,,,,,,3718715.0,,,,,,,,,,,,,,,,,,,,,,,,,""
1820989282,"Sep 5, 2018, 1:09:39 PM",Afternoon Ride,Ride,,1396,6.26,,,true,,Focusen,activities/1820989282.gpx,69.0,7.900000095367432,1396.0,1268.0,6259.5,12.800000190734863,,161.90992736816406,80.61000061035156,53.900001525878906,157.60000610351562,17.0,1.298825740814209,,,,,,,,141.25599670410156,199.71055603027344,,,,,,,,,,,,,,,,1.0,,,,,,,,,,,,,,,,,,773902.0,,,,,,,,,,,,,,,,,,,,,,,,,""
1821623854,"Sep 5, 2018, 4:26:24 PM",Evening Ride m sigg og earl,Ride,"",6233,30.23,,,false,,Focusen,activities/1821623854.gpx,69.0,7.900000095367432,6233.0,5454.0,30230.5,14.199999809265137,,705.0292358398438,704.9290161132812,119.0,521.0,37.099998474121094,0.0003307917504571378,,,,,,,,143.05787658691406,869.9657592773438,,,,,,,,,,,,,,,,0.0,,,,,,,,,,,,,,,,,,773902.0,,,,,,,,,,,,,,,,,,,,,,,,,""
1822595823,"Sep 6, 2018, 5:42:21 AM",Morning Ride,Ride,,1557,6.62,,,true,,Focusen,activities/1822595823.gpx,69.0,7.900000095367432,1557.0,1051.0,6626.39990234375,13.600000381469727,,78.9294662475586,170.32949829101562,53.900001525878906,157.60000610351562,23.700000762939453,-1.379331111907959,,,,,,,,100.5968246459961,117.88610076904297,,,,,,,,,,,,,,,,1.0,,,,,,,,,,,,,,,,,,773902.0,,,,,,,,,,,,,,,,,,,,,,,,,""
1823264344,"Sep 6, 2018, 1:36:01 PM",Afternoon Ride,Ride,,1164,6.38,,,true,,Focusen,activities/1823264344.gpx,69.0,7.900000095367432,1164.0,1144.0,6379.5,12.399999618530273,,161.71096801757812,76.41100311279297,53.900001525878906,157.60000610351562,20.399999618530273,1.3370953798294067,,,,,,,,160.53274536132812,204.76947021484375,,,,,,,,,,,,,,,,1.0,,,,,,,,,,,,,,,,,,773902.0,,,,,,,,,,,,,,,,,,,,,,,,,""
1824680520,"Sep 7, 2018, 6:10:42 AM",Morning Ride,Ride,"",886,6.21,,,true,,Focusen,activities/1824680520.gpx,69.0,7.900000095367432,886.0,886.0,6212.5,13.699999809265137,,77.39463806152344,157.69459533691406,53.900001525878906,157.60000610351562,25.0,-1.292555332183838,,,,,,,,121.89702606201172,120.42082977294922,,,,,,,,,,,,,,,,1.0,,,,,,,,,,,,,,,,,,773902.0,,,,,,,,,,,,,,,,,,,,,,,,,""
1825317283,"Sep 7, 2018, 1:48:09 PM",Afternoon Ride,Ride,,1408,6.37,,,true,,Focusen,activities/1825317283.gpx,69.0,7.900000095367432,1408.0,1291.0,6372.10009765625,11.800000190734863,,161.9966278076172,80.09700012207031,53.900001525878906,157.60000610351562,17.5,1.2852905988693237,,,,,,,,147.06985473632812,211.70211791992188,,,,,,,,,,,,,,,,1.0,,,,,,,,,,,,,,,,,,773902.0,,,,,,,,,,,,,,,,,,,,,,,,,""
1829281637,"Sep 9, 2018, 8:55:47 AM",4x1000m tempo 💦💨,Run,Pulsbelte ikke helt i orden tydeligvis. Sone 2 og sone 4/5 vil jeg tro,3198,9.45,135.0,6,false,,Salomon S-Lab Speed Terrengsko,activities/1829281637.gpx,69.0,,3198.0,3113.0,9454.0,9.300000190734863,,211.19085693359375,211.1909942626953,105.80000305175781,160.39999389648438,39.29999923706055,0.0,,,97.0,83.09525299072266,135.0,105.96328735351562,,,873.5704956054688,,,6.0,,,,,,,,,,,,,0.0,,,10304.099609375,,,,,,,,,,,,,,,,2271327.0,,,,,,,,,,,,,,,,,,,,,,,,""
1838159099,"Sep 13, 2018, 5:40:34 AM",Morning Ride,Ride,,1205,6.32,,,true,,Focusen,activities/1838159099.gpx,69.0,7.900000095367432,1205.0,1118.0,6320.2001953125,13.399999618530273,,81.16127014160156,162.56129455566406,53.900001525878906,157.60000610351562,28.600000381469727,-1.2879339456558228,,,,,,,,103.72789001464844,129.30421447753906,,,,,,,,,,,,,,,,1.0,,,,,,,,,,,,,,,,,,773902.0,,,,,,,,,,,,,,,,,,,,,,,,,""
1838860651,"Sep 13, 2018, 1:46:25 PM",Afternoon Ride,Ride,,1454,6.29,,,true,,Focusen,activities/1838860651.gpx,69.0,7.900000095367432,1454.0,1341.0,6289.10009765625,13.0,,161.81646728515625,80.51599884033203,53.900001525878906,157.60000610351562,18.399999618530273,1.2927128076553345,,,,,,,,133.47776794433594,199.57830810546875,,,,,,,,,,,,,,,,1.0,,,,,,,,,,,,,,,,,,773902.0,,,,,,,,,,,,,,,,,,,,,,,,,""
1840261311,"Sep 14, 2018, 5:13:05 AM",Morning Ride,Ride,,1002,6.23,,,true,,Nye CXen,activities/1840261311.gpx,69.0,12.0,1002.0,933.0,6236.0,14.399999618530273,,77.20053100585938,158.10049438476562,53.900001525878906,157.5,23.100000381469727,-1.297305941581726,,,,,,,,154.8065185546875,161.04495239257812,,,,,,,,,,,,,,,,1.0,,,,,,,,,,,,,,,,,,3718715.0,,,,,,,,,,,,,,,,,,,,,,,,,""
1840531959,"Sep 14, 2018, 9:27:01 AM",Lunch Ride,Ride,,1404,6.26,,,true,,Nye CXen,activities/1840531959.gpx,69.0,12.0,1404.0,1300.0,6265.60009765625,13.100000381469727,,161.39794921875,80.99800109863281,53.900001525878906,157.60000610351562,17.399999618530273,1.2831971645355225,,,,,,,,174.55616760253906,253.0189208984375,,,,,,,,,,,,,,,,1.0,,,,,,,,,,,,,,,,,,3718715.0,,,,,,,,,,,,,,,,,,,,,,,,,""
1843190471,"Sep 15, 2018, 1:24:32 PM",Rolig langtur - men ble sliten allikevel 🤫,Run,"",6454,17.51,,,false,,ASICS Dynamic Duomax Fluidfit Allround,activities/1843190471.gpx,69.0,,6454.0,6275.0,17514.099609375,4.599999904632568,,421.6593933105469,421.2590026855469,106.69999694824219,331.20001220703125,43.70000076293945,0.00228387420065701,,,92.0,80.69373321533203,,,,,1633.884765625,,,,,,,,,,,,,,,,0.0,,,19272.30078125,,,,,,,,,,,,,,,,2271521.0,,,,,,,,,,,,,,,,,,,,,,,,""
1849095292,"Sep 18, 2018, 5:25:19 AM",Morning Ride,Ride,,947,6.19,,,true,,Nye CXen,activities/1849095292.gpx,69.0,12.0,947.0,859.0,6198.2001953125,14.800000190734863,,76.0750961303711,157.87510681152344,53.900001525878906,157.60000610351562,23.100000381469727,-1.3197380304336548,,,,,,,,183.19491577148438,175.46142578125,,,,,,,,,,,,,,,,1.0,,,,,,,,,,,,,,,,,,3718715.0,,,,,,,,,,,,,,,,,,,,,,,,,""
1849830424,"Sep 18, 2018, 1:42:23 PM",Afternoon Ride,Ride,,1339,6.33,,,true,,Nye CXen,activities/1849830424.gpx,69.0,12.0,1339.0,1187.0,6333.0,12.899999618530273,,161.77049255371094,81.37000274658203,53.900001525878906,157.60000610351562,17.399999618530273,1.269540548324585,,,,,,,,199.57179260253906,264.1345520019531,,,,,,,,,,,,,,,,1.0,,,,,,,,,,,,,,,,,,3718715.0,,,,,,,,,,,,,,,,,,,,,,,,,""
1849943138,"Sep 18, 2018, 2:58:12 PM",Afternoon Run,Run,,588,1.49,,,false,,Salomon S-Lab Speed Terrengsko,activities/1849943138.gpx,69.0,,588.0,497.0,1497.199951171875,4.0,,17.081832885742188,35.28179931640625,132.0,157.60000610351562,15.699999809265137,-1.2156025171279907,,,103.0,81.16941833496094,,,,,130.1441192626953,,,,,,,,,,,,,,,,0.0,,,1535.0999755859375,,,,,,,,,,,,,,,,2271327.0,,,,,,,,,,,,,,,,,,,,,,,,""
1851372115,"Sep 19, 2018, 5:30:10 AM",Morning Ride,Ride,,984,6.26,,,true,,Focusen,activities/1851372115.gpx,69.0,7.900000095367432,984.0,925.0,6259.2998046875,14.199999809265137,,76.8145751953125,160.11459350585938,53.900001525878906,157.60000610351562,21.100000381469727,-1.3308197259902954,,,,,,,,124.31256866455078,128.21331787109375,,,,,,,,,,,,,,,,1.0,,,,,,,,,,,,,,,,,,773902.0,,,,,,,,,,,,,,,,,,,,,,,,,""
1856272229,"Sep 21, 2018, 2:02:49 PM",Afternoon Ride,Ride,,1202,6.22,,,true,,Focusen,activities/1856272229.gpx,69.0,7.900000095367432,1202.0,1139.0,6228.89990234375,13.300000190734863,,161.44943237304688,77.7490005493164,53.900001525878906,157.60000610351562,17.899999618530273,1.3437364101409912,,,,,,,,163.87374877929688,208.11752319335938,,,,,,,,,,,,,,,,1.0,,,,,,,,,,,,,,,,,,773902.0,,,,,,,,,,,,,,,,,,,,,,,,,""
1862266815,"Sep 24, 2018, 5:39:35 AM",Morning Ride,Ride,,5984,8.70,,,true,,Nye CXen,activities/1862266815.gpx,69.0,12.0,5984.0,2378.0,8700.2001953125,21.299999237060547,,97.38853454589844,185.0885009765625,49.29999923706055,157.5,26.0,-1.0080227851867676,,,,,,,,114.94606018066406,304.77587890625,,,,,,,,,,,,,,,,1.0,,,,,,,,,,,,,,,,,,3718715.0,,,,,,,,,,,,,,,,,,,,,,,,,""
1866293399,"Sep 26, 2018, 6:47:12 AM",Morning Ride,Ride,,964,6.23,,,true,,Nye CXen,activities/1866293399.gpx,69.0,12.0,964.0,940.0,6234.0,13.100000381469727,,78.4213638305664,160.02139282226562,53.900001525878906,157.5,25.799999237060547,-1.3089509010314941,,,,,,,,156.72439575195312,164.26242065429688,,,,,,,,,,,,,,,,1.0,,,,,,,,,,,,,,,,,,3718715.0,,,,,,,,,,,,,,,,,,,,,,,,,""
1866729857,"Sep 26, 2018, 11:58:25 AM",Afternoon Ride,Ride,,1857,8.01,,,true,,Nye CXen,activities/1866729857.gpx,69.0,12.0,1857.0,1650.0,8018.2001953125,10.899999618530273,,186.5011749267578,105.60099792480469,64.4000015258789,157.60000610351562,42.0,1.008954644203186,,,,,,,,163.7235870361328,301.21124267578125,,,,,,,,,,,,,,,,1.0,,,,,,,,,,,,,,,,,,3718715.0,,,,,,,,,,,,,,,,,,,,,,,,,""
1868330149,"Sep 27, 2018, 6:13:16 AM",Morning Ride,Ride,,1180,7.90,,,true,,Focusen,activities/1868330149.gpx,69.0,7.900000095367432,1180.0,1154.0,7908.89990234375,12.899999618530273,,78.5721206665039,140.7720947265625,53.900001525878906,127.0,22.899999618530273,-0.7864557504653931,,,,,,,,104.5401382446289,134.51266479492188,,,,,,,,,,,,,,,,1.0,,,,,,,,,,,,,,,,,,773902.0,,,,,,,,,,,,,,,,,,,,,,,,,""
1878776166,"Oct 2, 2018, 5:20:50 AM",Morning Ride,Ride,,1162,6.56,,,true,,Nye CXen,activities/1878776166.gpx,69.0,12.0,1162.0,998.0,6562.2001953125,14.899999618530273,,80.6527328491211,166.15269470214844,53.900001525878906,157.60000610351562,23.700000762939453,-1.3029166460037231,,,,,,,,166.17715454101562,184.91677856445312,,,,,,,,,,,,,,,,1.0,,,,,,,,,,,,,,,,,,3718715.0,,,,,,,,,,,,,,,,,,,,,,,,,""
1878863457,"Oct 2, 2018, 6:35:54 AM",Morning Ride,Ride,,1612,6.38,,,true,,Nye CXen,activities/1878863457.gpx,69.0,12.0,1612.0,1360.0,6381.0,12.600000381469727,,161.803955078125,80.60399627685547,53.900001525878906,157.60000610351562,18.399999618530273,1.272527813911438,,,,,,,,173.2539825439453,262.72235107421875,,,,,,,,,,,,,,,,1.0,,,,,,,,,,,,,,,,,,3718715.0,,,,,,,,,,,,,,,,,,,,,,,,,""
1883017480,"Oct 4, 2018, 6:23:04 AM",Morning Ride,Ride,,1091,6.30,,,true,,Nye CXen,activities/1883017480.gpx,69.0,12.0,1091.0,980.0,6303.89990234375,15.300000190734863,,77.00231170654297,159.20230102539062,53.900001525878906,157.5,21.899999618530273,-1.3039547204971313,,,,,,,,157.80795288085938,172.43679809570312,,,,,,,,,,,,,,,,1.0,,,,,,,,,,,,,,,,,,3718715.0,,,,,,,,,,,,,,,,,,,,,,,,,""
1883754533,"Oct 4, 2018, 3:01:53 PM",Afternoon Ride,Ride,,1457,8.51,,,true,,Focusen,activities/1883754533.gpx,69.0,7.900000095367432,1457.0,1358.0,8515.5,11.699999809265137,,168.67401123046875,86.77400207519531,53.900001525878906,151.0,16.200000762939453,0.9617756009101868,,,,,,,,158.81838989257812,240.47744750976562,,,,,,,,,,,,,,,,1.0,,,,,,,,,,,,,,,,,,773902.0,,,,,,,,,,,,,,,,,,,,,,,,,""
1884990263,"Oct 5, 2018, 6:07:15 AM",Morning Ride,Ride,,1052,6.16,,,true,,Focusen,activities/1884990263.gpx,69.0,7.900000095367432,1052.0,1000.0,6161.60009765625,13.899999618530273,,75.1205825805664,161.12060546875,53.900001525878906,157.60000610351562,26.100000381469727,-1.39574134349823,,,,,,,,99.08446502685547,110.47921752929688,,,,,,,,,,,,,,,,1.0,,,,,,,,,,,,,,,,,,773902.0,,,,,,,,,,,,,,,,,,,,,,,,,""
1885686165,"Oct 5, 2018, 2:40:15 PM",Afternoon Ride,Ride,,1211,6.28,,,true,,Focusen,activities/1885686165.gpx,69.0,7.900000095367432,1211.0,1171.0,6285.89990234375,12.199999809265137,,161.61756896972656,80.31800079345703,53.900001525878906,157.60000610351562,18.399999618530273,1.2933708429336548,,,,,,,,159.19557189941406,207.8566436767578,,,,,,,,,,,,,,,,1.0,,,,,,,,,,,,,,,,,,773902.0,,,,,,,,,,,,,,,,,,,,,,,,,""
1891398887,"Oct 8, 2018, 6:06:44 AM",Morning Ride,Ride,,1308,6.34,,,true,,Focusen,activities/1891398887.gpx,69.0,7.900000095367432,1308.0,1066.0,6345.10009765625,13.0,,78.12705993652344,158.7270965576172,53.900001525878906,157.5,25.100000381469727,-1.2702715396881104,,,,,,,,98.85993957519531,117.50389099121094,,,,,,,,,,,,,,,,1.0,,,,,,,,,,,,,,,,,,773902.0,,,,,,,,,,,,,,,,,,,,,,,,,""
1891903260,"Oct 8, 2018, 12:38:31 PM",Afternoon Ride,Ride,,2730,7.06,,,true,,Focusen,activities/1891903260.gpx,69.0,7.900000095367432,2730.0,2151.0,7061.89990234375,11.199999809265137,,181.53359985351562,87.13400268554688,51.599998474121094,157.60000610351562,25.0,1.3367507457733154,,,,,,,,99.00736999511719,237.4558868408203,,,,,,,,,,,,,,,,1.0,,,,,,,,,,,,,,,,,,773902.0,,,,,,,,,,,,,,,,,,,,,,,,,""
1893319054,"Oct 9, 2018, 6:14:57 AM",Morning Ride,Ride,,1433,6.29,,,true,,Focusen,activities/1893319054.gpx,69.0,7.900000095367432,1433.0,1205.0,6293.39990234375,14.199999809265137,,81.08930206298828,160.9893035888672,53.900001525878906,157.60000610351562,25.899999618530273,-1.269584059715271,,,,,,,,104.69561004638672,140.66693115234375,,,,,,,,,,,,,,,,1.0,,,,,,,,,,,,,,,,,,773902.0,,,,,,,,,,,,,,,,,,,,,,,,,""
1894001761,"Oct 9, 2018, 1:50:13 PM",Afternoon Ride,Ride,,2177,6.56,,,true,,Focusen,activities/1894001761.gpx,69.0,7.900000095367432,2177.0,1755.0,6559.2001953125,12.899999618530273,,165.34637451171875,81.34600067138672,53.900001525878906,157.60000610351562,17.0,1.2806439399719238,,,,,,,,125.77489471435547,246.11965942382812,,,,,,,,,,,,,,,,1.0,,,,,,,,,,,,,,,,,,773902.0,,,,,,,,,,,,,,,,,,,,,,,,,""
1897453901,"Oct 11, 2018, 4:34:06 AM",Morning Ride,Ride,,1575,6.69,,,true,,Focusen,activities/1897453901.gpx,69.0,7.900000095367432,1575.0,1252.0,6691.5,14.0,,76.7048110961914,161.60479736328125,53.900001525878906,157.60000610351562,25.0,-1.2687737941741943,,,,,,,,78.9534912109375,110.2175064086914,,,,,,,,,,,,,,,,1.0,,,,,,,,,,,,,,,,,,773902.0,,,,,,,,,,,,,,,,,,,,,,,,,""
1898261676,"Oct 11, 2018, 3:11:32 PM",Afternoon Ride,Ride,,1568,6.78,,,true,,Crossen,activities/1898261676.gpx,69.0,8.0,1568.0,1312.0,6782.7998046875,12.199999809265137,,168.2692413330078,88.26899719238281,53.900001525878906,145.5,27.100000381469727,1.17945396900177,,,,,,,,194.84963989257812,285.04217529296875,,,,,,,,,,,,,,,,1.0,,,,,,,,,,,,,,,,,,796239.0,,,,,,,,,,,,,,,,,,,,,,,,,""
1899284717,"Oct 12, 2018, 4:40:54 AM",Morning Ride,Ride,,1104,6.24,,,true,,Focusen,activities/1899284717.gpx,69.0,7.900000095367432,1104.0,1039.0,6247.0,13.399999618530273,,77.22135162353516,158.92140197753906,53.900001525878906,157.60000610351562,26.299999237060547,-1.3078277111053467,,,,,,,,100.96987915039062,116.97222900390625,,,,,,,,,,,,,,,,1.0,,,,,,,,,,,,,,,,,,773902.0,,,,,,,,,,,,,,,,,,,,,,,,,""
1900015504,"Oct 12, 2018, 1:51:41 PM",Afternoon Ride,Ride,,1607,6.52,,,true,,Focusen,activities/1900015504.gpx,69.0,7.900000095367432,1607.0,1426.0,6525.7001953125,11.600000381469727,,161.63743591308594,81.03700256347656,53.900001525878906,157.60000610351562,17.100000381469727,1.2351164817810059,,,,,,,,140.103271484375,222.7623748779297,,,,,,,,,,,,,,,,1.0,,,,,,,,,,,,,,,,,,773902.0,,,,,,,,,,,,,,,,,,,,,,,,,""
1901869220,"Oct 13, 2018, 11:44:01 AM",Afternoon Ride,Ride,,3899,29.81,,,false,,Focusen,activities/1901869220.gpx,69.0,7.900000095367432,3899.0,3855.0,29815.80078125,14.199999809265137,,357.6187744140625,357.41900634765625,123.0,183.6999969482422,9.300000190734863,0.0006707853171974421,,,,,,,,149.4895782470703,642.5565795898438,,,,,,,,,,,,,,,,0.0,,,,,,,,,,,,,,,,,,773902.0,,,,,,,,,,,,,,,,,,,,,,,,,""
1908846729,"Oct 16, 2018, 6:05:26 PM",Evening Ride,Ride,,1222,6.30,,,true,,Focusen,activities/1908846729.gpx,69.0,7.900000095367432,1222.0,1146.0,6308.5,12.800000190734863,,161.66043090820312,77.95999908447266,53.900001525878906,157.60000610351562,18.100000381469727,1.3267812728881836,,,,,,,,152.907470703125,195.38304138183594,,,,,,,,,,,,,,,,1.0,,,,,,,,,,,,,,,,,,773902.0,,,,,,,,,,,,,,,,,,,,,,,,,""
1909744682,"Oct 17, 2018, 5:56:32 AM",Morning Ride,Ride,,1549,6.91,,,true,,Focusen,activities/1909744682.gpx,69.0,7.900000095367432,1549.0,1149.0,6911.89990234375,14.600000381469727,,87.93968963623047,165.1396942138672,53.900001525878906,157.60000610351562,24.5,-1.1169142723083496,,,,,,,,104.52889251708984,133.91575622558594,,,,,,,,,,,,,,,,1.0,,,,,,,,,,,,,,,,,,773902.0,,,,,,,,,,,,,,,,,,,,,,,,,""
1910605545,"Oct 17, 2018, 3:49:06 PM",Afternoon Ride,Ride,,1109,6.34,,,true,,Focusen,activities/1910605545.gpx,69.0,7.900000095367432,1109.0,1079.0,6344.39990234375,13.0,,161.19752502441406,80.0979995727539,53.900001525878906,157.60000610351562,17.799999237060547,1.2782926559448242,,,,,,,,173.14797973632812,208.311767578125,,,,,,,,,,,,,,,,1.0,,,,,,,,,,,,,,,,,,773902.0,,,,,,,,,,,,,,,,,,,,,,,,,""
1911863033,"Oct 18, 2018, 7:19:48 AM",Morning Ride,Ride,,1006,6.24,,,true,,Focusen,activities/1911863033.gpx,69.0,7.900000095367432,1006.0,956.0,6241.5,14.800000190734863,,77.18756103515625,158.88760375976562,53.900001525878906,157.60000610351562,26.200000762939453,-1.3089802265167236,,,,,,,,107.34913635253906,114.4275894165039,,,,,,,,,,,,,,,,1.0,,,,,,,,,,,,,,,,,,773902.0,,,,,,,,,,,,,,,,,,,,,,,,,""
1912419514,"Oct 18, 2018, 1:31:16 PM",Afternoon Ride,Ride,,2748,7.14,,,true,,Nye CXen,activities/1912419514.gpx,69.0,12.0,2748.0,1829.0,7148.39990234375,11.300000190734863,,167.2384033203125,86.83799743652344,53.900001525878906,157.60000610351562,19.700000762939453,1.1247272491455078,,,,,,,,145.1893768310547,296.0890197753906,,,,,,,,,,,,,,,,1.0,,,,,,,,,,,,,,,,,,3718715.0,,,,,,,,,,,,,,,,,,,,,,,,,""
1913687353,"Oct 19, 2018, 5:26:13 AM",Morning Ride,Ride,,1108,6.22,,,true,,Focusen,activities/1913687353.gpx,69.0,7.900000095367432,1108.0,966.0,6228.89990234375,15.699999809265137,,76.80193328857422,157.80189514160156,53.900001525878906,157.5,23.899999618530273,-1.3003901243209839,,,,,,,,118.96666717529297,128.13816833496094,,,,,,,,,,,,,,,,1.0,,,,,,,,,,,,,,,,,,773902.0,,,,,,,,,,,,,,,,,,,,,,,,,""
1913974228,"Oct 19, 2018, 9:57:29 AM",Lunch Ride,Ride,,1646,6.41,,,true,,Focusen,activities/1913974228.gpx,69.0,7.900000095367432,1646.0,1325.0,6409.89990234375,12.199999809265137,,161.7817840576172,81.28199768066406,53.900001525878906,157.60000610351562,19.5,1.2558698654174805,,,,,,,,141.85647583007812,209.5745086669922,,,,,,,,,,,,,,,,1.0,,,,,,,,,,,,,,,,,,773902.0,,,,,,,,,,,,,,,,,,,,,,,,,""
1917839022,"Oct 21, 2018, 8:07:47 AM",Morning Walk,Walk,,3069,3.79,,,false,,Salomon S-Lab Speed Terrengsko,activities/1917839022.gpx,,,3069.0,2611.0,3796.39990234375,5.300000190734863,,65.23185729980469,63.23189926147461,107.5999984741211,148.89999389648438,14.600000381469727,0.052681487053632736,,,,,,,,,321.8547058105469,,,,,,,,,,,,,,,,0.0,,,,,,,,,,,,,,,,,,,2271327.0,,,,,,,,,,,,,,,,,,,,,,,,""
1920209509,"Oct 22, 2018, 7:16:36 AM",Morning Ride,Ride,,1049,6.21,,,true,,Focusen,activities/1920209509.gpx,69.0,7.900000095367432,1049.0,1015.0,6218.5,13.100000381469727,,63.63962936401367,151.93960571289062,46.900001525878906,152.89999389648438,13.100000381469727,-1.4199565649032593,,,,,,,,83.75050354003906,94.78253173828125,,,,,,,,,,,,,,,,1.0,,,,,,,,,,,,,,,,,,773902.0,,,,,,,,,,,,,,,,,,,,,,,,,""
1922719310,"Oct 23, 2018, 2:35:31 PM",Afternoon Ride,Ride,,1212,6.21,,,true,,Focusen,activities/1922719310.gpx,69.0,7.900000095367432,1212.0,1174.0,6214.39990234375,10.899999618530273,,153.04835510253906,65.3479995727539,46.5,152.89999389648438,16.200000762939453,1.411238431930542,,,,,,,,143.47079467773438,187.8049774169922,,,,,,,,,,,,,,,,1.0,,,,,,,,,,,,,,,,,,773902.0,,,,,,,,,,,,,,,,,,,,,,,,,""
1930638524,"Oct 27, 2018, 6:07:18 PM",Kort jogg,Run,"",828,2.54,,,false,,ASICS Dynamic Duomax Fluidfit Allround,activities/1930638524.gpx,69.0,,828.0,812.0,2542.699951171875,4.199999809265137,,41.77116394042969,33.77119827270508,110.0,130.3000030517578,13.699999809265137,0.31462618708610535,,,90.0,82.674560546875,,,,,224.01133728027344,,,,,,,,,,,,,,,,0.0,,,2642.300048828125,,,,,,,,,,,,,,,,2271521.0,,,,,,,,,,,,,,,,,,,,,,,,""
1932042844,"Oct 28, 2018, 11:34:32 AM",Vogn comeback,Run,,3413,7.54,,,false,,ASICS Dynamic Duomax Fluidfit Allround,activities/1932042844.gpx,69.0,,3413.0,2941.0,7542.10009765625,4.199999809265137,,132.67919921875,143.7790069580078,109.0,160.89999389648438,19.5,-0.14717386662960052,,,87.0,55.5704231262207,,,,,664.8193359375,,,,,,,,,,,,,,,,0.0,,,7841.7998046875,,,,,,,,,,,,,,,,2271521.0,,,,,,,,,,,,,,,,,,,,,,,,""
1942566741,"Nov 3, 2018, 7:57:47 AM",Avlastning for kona - Vogntur,Run,"",3759,8.06,,,false,,ASICS Dynamic Duomax Fluidfit Allround,activities/1942566741.gpx,69.0,,3759.0,3415.0,8065.2001953125,5.0,,177.79525756835938,167.4949951171875,88.9000015258789,205.10000610351562,26.799999237060547,0.12770916521549225,,,94.0,57.07355880737305,,,,,729.3106689453125,,,,,,,,,,,,,,,,0.0,,,8602.5,,,,,,,,,,,,,,,,2271521.0,,,,,,,,,,,,,,,,,,,,,,,,""
1944703802,"Nov 4, 2018, 8:02:31 AM",Morning Run med Frida,Run,"",4436,9.48,,,false,,ASICS Dynamic Duomax Fluidfit Allround,activities/1944703802.gpx,69.0,,4436.0,3804.0,9481.599609375,4.5,,186.8224334716797,204.2220001220703,94.9000015258789,206.89999389648438,25.5,-0.1835133284330368,,,95.0,49.1716423034668,,,,,842.4990234375,,,,,,,,,,,,,,,,0.0,,,9937.599609375,,,,,,,,,,,,,,,,2271521.0,,,,,,,,,,,,,,,,,,,,,,,,""
1956542049,"Nov 10, 2018, 12:53:12 PM",Afternoon Run,Run,,3848,9.89,,,false,,ASICS Dynamic Duomax Fluidfit Allround,activities/1956542049.gpx,69.0,,3848.0,3664.0,9890.7001953125,6.599999904632568,,210.1016082763672,210.6020050048828,109.0999984741211,205.1999969482422,32.599998474121094,-0.0050552538596093655,,,92.0,79.60005950927734,,,,,893.9512939453125,,,,,,,,,,,,,,,,0.0,,,10544.5,,,,,,,,,,,,,,,,2271521.0,,,,,,,,,,,,,,,,,,,,,,,,""
1962126118,"Nov 13, 2018, 10:50:05 AM",Ambisiøs vogntur,Run,"",4591,9.81,,,false,,Salomon S-Lab Speed Terrengsko,activities/1962126118.gpx,69.0,,4591.0,4104.0,9815.099609375,4.599999904632568,,188.75570678710938,191.55599975585938,95.69999694824219,208.89999389648438,28.299999237060547,-0.02852747216820717,,,103.0,63.64838790893555,,,,,873.0702514648438,,,,,,,,,,,,,,,,0.0,,,10298.2001953125,,,,,,,,,,,,,,,,2271327.0,,,,,,,,,,,,,,,,,,,,,,,,""
1966320569,"Nov 15, 2018, 3:54:12 PM",Afternoon Run,Run,,1934,5.20,,,false,,Salomon S-Lab Speed Terrengsko,activities/1966320569.gpx,69.0,,1934.0,1845.0,5205.2001953125,4.800000190734863,,67.88469696044922,92.08470153808594,88.9000015258789,146.60000610351562,29.899999618530273,-0.46491968631744385,,,88.0,80.09175872802734,,,,,456.6446838378906,,,,,,,,,,,,,,,,0.0,,,5386.2998046875,,,,,,,,,,,,,,,,2271327.0,,,,,,,,,,,,,,,,,,,,,,,,""
1972150514,"Nov 18, 2018, 2:01:30 PM",Afternoon Run,Run,,5944,16.23,,,false,,Salomon S-Lab Speed Terrengsko,activities/1972150514.gpx,69.0,,5944.0,5825.0,16237.2998046875,4.699999809265137,,386.30841064453125,386.8080139160156,94.0999984741211,376.1000061035156,31.100000381469727,-0.0030793296173214912,,,101.0,80.94259643554688,,,,,1484.224609375,,,,,,,,,,,,,,,,0.0,,,17507.0,,,,,,,,,,,,,,,,2271327.0,,,,,,,,,,,,,,,,,,,,,,,,""
1983880907,"Nov 25, 2018, 10:58:36 AM",Lunch Run,Run,,3187,7.67,,,false,,Salomon S-Lab Speed Terrengsko,activities/1983880907.gpx,69.0,,3187.0,2857.0,7676.7001953125,6.099999904632568,,144.54586791992188,148.64599609375,87.5999984741211,148.89999389648438,19.399999618530273,-0.053408365696668625,,,93.0,80.8577651977539,,,,,680.6814575195312,,,,,,,,,,,,,,,,0.0,,,8028.89990234375,,,,,,,,,,,,,,,,2271327.0,,,,,,,,,,,,,,,,,,,,,,,,""
1999570896,"Dec 4, 2018, 11:29:17 AM","Til tilgjengelige delen av Steinshøgda, via skogen",Run,"",4533,11.23,,,false,,Salomon S-Lab Speed Terrengsko,activities/1999570896.gpx,69.0,,4533.0,4299.0,11233.900390625,5.599999904632568,,306.8218994140625,305.72198486328125,88.9000015258789,294.79998779296875,22.100000381469727,0.009791790507733822,,,102.0,79.10546112060547,,,,,1037.1090087890625,,,,,,,,,,,,,,,,0.0,,,12233.099609375,,,,,,,,,,,,,,,,2271327.0,,,,,,,,,,,,,,,,,,,,,,,,""
2011833723,"Dec 11, 2018, 11:59:37 AM",Sondering på Bærums Verk,Run,"",5571,13.21,189.0,49,false,,Salomon S-Lab Speed Terrengsko,activities/2150241152.fit.gz,69.0,,5571.0,5245.0,13215.7998046875,4.400000095367432,,415.0,421.0,88.5999984741211,295.79998779296875,41.0,-0.04388686269521713,,,99.0,79.92122650146484,189.0,161.6348114013672,,,1193.0,,16.0,49.0,,,,,,,,,,,,,0.0,,,14819.599609375,,,,,,,,,,,,,,,,2271327.0,,,,,,,,,,,,,,,,,,,,,,,,""
2018287193,"Dec 15, 2018, 1:23:54 PM",Afternoon Run,Run,,3800,10.16,177.0,22,false,,Salomon S-Lab Speed Terrengsko,activities/2156986790.fit.gz,69.0,,3800.0,3700.0,10161.099609375,4.5,,163.0,158.0,29.399999618530273,125.80000305175781,35.0,0.041334107518196106,,,85.0,80.74524688720703,177.0,159.16616821289062,,,680.0,,14.0,22.0,,,,,,,,,,,,,0.0,,,10563.599609375,,,,,,,,,,,,,,,,2271327.0,,,,,,,,,,,,,,,,,,,,,,,,""
2024773866,"Dec 19, 2018, 10:55:59 AM",Lunch Activity,Nordic Ski,"",1311,3.91,167.0,3,false,,,activities/2163830370.fit.gz,69.0,,1311.0,1269.0,3915.300048828125,9.399999618530273,,87.0,94.0,135.1999969482422,212.0,28.600000381469727,-0.23497560620307922,,,119.0,51.65666198730469,167.0,130.88136291503906,,,167.0,,15.0,3.0,,,,,,,,,,,,,0.0,,,,,,,,,,,,,,,,,,,,,,,,,,,,,,,,,,,,,,,,,,,""
2035726927,"Dec 26, 2018, 8:06:01 AM",Morning Run,Run,"",3193,7.61,183.0,21,false,,Salomon S-Lab Speed Terrengsko,activities/2175347605.fit.gz,69.0,,3193.0,2969.0,7612.7001953125,3.9000000953674316,,99.0,106.0,41.0,119.5999984741211,24.5,-0.4466221034526825,,,86.0,80.71598052978516,183.0,160.2530059814453,,,553.0,,14.0,21.0,,,,,,,,,,,,,0.0,,,7821.0,,,,,,,,,,,,,,,,2271327.0,,,,,,,,,,,,,,,,,,,,,,,,""
2035730324,"Dec 26, 2018, 9:01:33 AM",Morning Run,Run,,1,0.00,120.0,0,false,,Salomon S-Lab Speed Terrengsko,activities/2175351435.fit.gz,69.0,,1.0,1.0,0.10000000149011612,0.10000000149011612,,0.0,0.0,146.0,146.0,0.0,0.0,,,,,120.0,0.0,,,0.0084778917953372,,0.0,0.0,,,,,,,,,,,,,0.0,,,0.10000000149011612,,,,,,,,,,,,,,,,2271327.0,,,,,,,,,,,,,,,,,,,,,,,,""
2057764976,"Jan 5, 2019, 4:39:45 PM",Afternoon Run,Run,,3425,9.50,182.0,21,false,,Salomon S-Lab Speed Terrengsko,activities/2198659506.fit.gz,69.0,,3425.0,3391.0,9503.7001953125,5.300000190734863,,189.0,201.0,86.4000015258789,202.1999969482422,27.799999237060547,-0.02104443497955799,,,88.0,81.22364807128906,182.0,156.61080932617188,,,596.0,,17.0,21.0,,,,,,,,,,,,,0.0,,,9997.7998046875,,,,,,,,,,,,,,,,2271327.0,,,,,,,,,,,,,,,,,,,,,,,,""
2062088986,"Jan 7, 2019, 2:19:39 PM",Afternoon Run,Run,,2413,5.71,183.0,19,false,,Salomon S-Lab Speed Terrengsko,activities/2203202740.fit.gz,69.0,,2413.0,2137.0,5715.2998046875,4.800000190734863,,144.0,54.0,66.80000305175781,181.60000610351562,40.0,1.8686683177947998,,,83.0,80.42095184326172,183.0,163.9345703125,,,422.0,,15.0,19.0,,,,,,,,,,,,,0.0,,,6240.60009765625,,,,,,,,,,,,,,,,2271327.0,,,,,,,,,,,,,,,,,,,,,,,,""
2118795660,"Feb 2, 2019, 10:53:58 AM",Lunch Run,Run,,7,0.01,99.0,0,false,,Salomon S-Lab Speed Terrengsko,activities/2262303647.fit.gz,69.0,,7.0,7.0,10.600000381469727,2.4000000953674316,,0.0,0.0,118.19999694824219,119.4000015258789,11.899999618530273,5.660377502441406,,,,,99.0,91.85713958740234,,,1.2123385667800903,,31.0,0.0,,,,,,,,,,,,,0.0,,,14.300000190734863,,,,,,,,,,,,,,,,2271327.0,,,,,,,,,,,,,,,,,,,,,,,,""
2151282981,"Feb 15, 2019, 6:41:30 PM",Evening Run,Run,,2435,6.21,174.0,11,false,,Salomon S-Lab Speed Terrengsko,activities/2292776640.fit.gz,69.0,,2435.0,2312.0,6213.2001953125,4.0,,97.0,122.0,128.60000610351562,228.1999969482422,48.29999923706055,-0.009656859561800957,,,83.0,79.47286987304688,174.0,154.26730346679688,,,413.0,,18.0,11.0,,,,,,,,,,,,,0.0,,,6545.60009765625,,,,,,,,,,,,,,,,2271327.0,,,,,,,,,,,,1440.199951171875,,,,,,,,,,,,""
2169787203,"Feb 23, 2019, 3:48:23 PM",Afternoon Run,Run,,1925,4.40,170.0,8,false,,Salomon S-Lab Speed Terrengsko,activities/2312954258.fit.gz,69.0,,1925.0,1815.0,4403.2001953125,4.300000190734863,,66.0,106.0,109.19999694824219,205.8000030517578,20.899999618530273,-0.7539970874786377,,,88.0,78.15423583984375,170.0,153.6499786376953,,,319.0,,19.0,8.0,,,,,,,,,,,,,0.0,,,4603.0,,,,,,,,,,,,,,,,2271327.0,,,,,,,,,,,,2407.199951171875,,,,,,,,,,,,""
2173915164,"Feb 25, 2019, 7:53:17 AM",Morning Ride,Ride,,2083,11.10,164.0,6,false,,Nye CXen,activities/2317242809.fit.gz,69.0,12.0,2083.0,2019.0,11108.400390625,12.100000381469727,,116.0,254.0,55.79999923706055,223.8000030517578,17.299999237060547,-1.2531057596206665,,,,,164.0,131.25389099121094,,111.98743438720703,271.0,,20.0,6.0,,,,,,,,,,,,,0.0,,,,,,,,,,,,,,,,,,3718715.0,,,,,,,,,,,,,229.8000030517578,,,,,,,,,,,,""
2174458805,"Feb 25, 2019, 1:37:20 PM",Afternoon Ride,Ride,,2352,10.81,180.0,17,false,,Nye CXen,activities/2317799281.fit.gz,69.0,12.0,2352.0,2352.0,10816.7001953125,12.0,,250.0,111.0,59.599998474121094,228.0,16.200000762939453,1.2591640949249268,,,,,180.0,155.22265625,,148.5320587158203,426.0,,15.0,17.0,,,,,,,,,,,,,0.0,,,,,,,,,,,,,,,,,,3718715.0,,,,,,,,,,,,,111.69999694824219,,,,,,,,,,,,""
2180900421,"Feb 28, 2019, 6:29:58 AM",Morning Ride,Ride,,1913,10.72,165.0,5,false,,Nye CXen,activities/2324389149.fit.gz,69.0,12.0,1913.0,1833.0,10726.099609375,11.899999618530273,,104.0,242.0,42.0,209.1999969482422,13.600000381469727,-1.2623413801193237,,,,,165.0,127.90939331054688,,118.45744323730469,239.0,,15.0,5.0,,,,,,,,,,,,,0.0,,,,,,,,,,,,,,,,,,3718715.0,,,,,,,,,,,,,43.5,,,,,,,,,,,,""
2181721844,"Feb 28, 2019, 2:59:35 PM",Afternoon Ride,Ride,,2251,10.67,180.0,16,false,,Nye CXen,activities/2325231383.fit.gz,69.0,12.0,2251.0,2208.0,10678.0,11.399999618530273,,236.0,106.0,26.0,188.60000610351562,14.199999809265137,1.2361865043640137,,,,,180.0,154.06893920898438,,157.55601501464844,393.0,,18.0,16.0,,,,,,,,,,,,,0.0,,,,,,,,,,,,,,,,,,3718715.0,,,,,,,,,,,,,42.400001525878906,,,,,,,,,,,,""
2197482855,"Mar 7, 2019, 6:43:21 AM",Morning Ride,Ride,,2140,10.83,167.0,9,false,,Nye CXen,activities/2341461889.fit.gz,69.0,12.0,2140.0,2049.0,10829.5,11.600000381469727,,113.0,248.0,52.20000076293945,219.1999969482422,15.5,-1.2465949058532715,,,,,167.0,146.50816345214844,,107.00346374511719,347.0,,19.0,9.0,,,,,,,,,,,,,0.0,,,,,,,,,,,,,,,,,,3718715.0,,,,,,,,,,,,,0.0,,,,,,,,,,,,""
2197483807,"Mar 7, 2019, 1:59:12 PM",Afternoon Ride,Ride,,2686,14.54,180.0,23,false,,Nye CXen,activities/2341462801.fit.gz,69.0,12.0,2686.0,2668.0,14539.7001953125,13.300000190734863,,271.0,208.0,48.20000076293945,215.60000610351562,15.800000190734863,0.4360475242137909,,,,,180.0,156.96963500976562,,155.55531311035156,483.0,,21.0,23.0,,,,,,,,,,,,,0.0,,,,,,,,,,,,,,,,,,3718715.0,,,,,,,,,,,,,,,,,,,,,,,,,""
2201031884,"Mar 9, 2019, 9:24:53 AM",Morning Activity,Nordic Ski,,7400,16.49,160.0,17,false,,,activities/2345083768.fit.gz,,,7400.0,6951.0,16490.80078125,9.300000190734863,,372.0,377.0,167.39999389648438,350.3999938964844,34.79999923706055,-0.023043151944875717,,,125.0,50.28192138671875,160.0,119.9534683227539,,,655.0,,16.0,17.0,,,,,,,,,,,,,0.0,,,,,,,,,,,,,,,,,,,,,,,,,,,,,,,,,,,,,,,,,,,""
2206488561,"Mar 11, 2019, 4:14:36 PM",Afternoon Activity,Nordic Ski,,2670,8.15,166.0,7,false,,,activities/2350741312.fit.gz,,,2670.0,2594.0,8155.7998046875,9.0,,193.0,195.0,212.8000030517578,357.3999938964844,35.599998474121094,0.012261212803423405,,,93.0,54.3009033203125,166.0,129.49081420898438,,,305.0,,19.0,7.0,,,,,,,,,,,,,0.0,,,,,,,,,,,,,,,,,,,,,,,,,,,,,,,,,,,,,,,,,,,""
2226997750,"Mar 20, 2019, 1:44:13 PM",Afternoon Run,Run,,2842,7.68,177.0,15,false,,Salomon S-Lab Speed Terrengsko,activities/2371850863.fit.gz,69.0,,2842.0,2708.0,7688.10009765625,4.199999809265137,,176.0,181.0,81.80000305175781,202.0,31.100000381469727,0.06503557413816452,,,88.0,80.93013000488281,177.0,156.111572265625,,,491.0,,23.0,15.0,,,,,,,,,,,,,0.0,,,8129.10009765625,,,,,,,,,,,,,,,,2271327.0,,,,,,,,,,,,,,,,,,,,,,,,""
2283873494,"Apr 12, 2019, 9:49:16 AM",Lunch Ride,Ride,,3416,19.82,185.0,20,false,,Nye CXen,activities/2430934482.fit.gz,69.0,12.0,3416.0,3005.0,19822.0,12.399999618530273,,211.0,350.0,43.0,205.0,11.899999618530273,-0.6951871514320374,,,,,185.0,153.01438903808594,,151.6714630126953,494.0,,21.0,20.0,,,,,,,,,,,,,0.0,,,,,,,,,,,,,,,,,,3718715.0,,,,,,,,,,,,,0.0,,,,,,,,,,,,""
2284232747,"Apr 12, 2019, 1:30:26 PM",Afternoon Ride,Ride,,1928,10.75,181.0,18,false,,Nye CXen,activities/2431306035.fit.gz,69.0,12.0,1928.0,1928.0,10751.099609375,11.699999809265137,,246.0,109.0,94.5999984741211,262.20001220703125,16.200000762939453,1.2482444047927856,,,,,181.0,152.4159698486328,,192.22613525390625,337.0,,23.0,18.0,,,,,,,,,,,,,0.0,,,,,,,,,,,,,,,,,,3718715.0,,,,,,,,,,,,,30.799999237060547,,,,,,,,,,,,""
2296855066,"Apr 17, 2019, 2:27:12 PM",Afternoon Run,Run,,2346,6.25,187.0,20,false,,Salomon S-Lab Speed Terrengsko,activities/2444492693.fit.gz,69.0,,2346.0,2224.0,6253.60009765625,4.199999809265137,,108.0,115.0,190.0,282.79998779296875,46.400001525878906,-0.02558526210486889,,,119.0,81.2544937133789,187.0,163.7747802734375,,,435.0,,26.0,20.0,,,,,,,,,,,,,0.0,,,6625.7998046875,,,,,,,,,,,,,,,,2271327.0,,,,,,,,,,,,3243.89990234375,,,,,,,,,,,,""
2300970784,"Apr 19, 2019, 6:38:52 AM",Morning Ride,Ride,"",762,2.99,142.0,1,false,,Nye CXen,activities/2448765712.fit.gz,69.0,12.0,762.0,762.0,2989.60009765625,8.100000381469727,,61.0,48.0,218.39999389648438,258.6000061035156,13.5,0.4749799370765686,,,,,142.0,118.70800018310547,,111.12000274658203,84.0,,19.0,1.0,,,,,,,,,,,,,0.0,,,,,,,,,,,,,,,,,,3718715.0,,,,,,,,,,,,,994.7999877929688,,,,,,,,,,,,""
2302248272,"Apr 19, 2019, 2:27:32 PM",Afternoon Ride,Ride,,4512,14.14,156.0,12,false,,Nye CXen,activities/2450102751.fit.gz,69.0,12.0,4512.0,4323.0,14141.2001953125,8.399999618530273,,285.0,279.0,204.8000030517578,309.6000061035156,30.399999618530273,0.024043221026659012,,,,,156.0,127.28841400146484,,83.3802719116211,488.0,,23.0,12.0,,,,,,,,,,,,,0.0,,,,,,,,,,,,,,,,,,3718715.0,,,,,,,,,,,,,8162.2998046875,,,,,,,,,,,,""
2304274068,"Apr 20, 2019, 7:38:11 AM",Morning Ride,Ride,,14408,15.00,177.0,11,false,,Nye CXen,activities/2452231022.fit.gz,69.0,12.0,14408.0,3407.0,15001.400390625,12.399999618530273,,292.0,295.0,215.60000610351562,335.3999938964844,38.70000076293945,0.04932872951030731,,,,,177.0,124.32807159423828,,123.09088134765625,422.0,,23.0,11.0,,,,,,,,,,,,,0.0,,,,,,,,,,,,,,,,,,3718715.0,,,,,,,,,,,,,6909.10009765625,,,,,,,,,,,,""
2304862285,"Apr 20, 2019, 2:34:24 PM",Afternoon Ride,Ride,"",1141,4.05,134.0,2,false,,Nye CXen,activities/2452843102.fit.gz,69.0,12.0,1141.0,1101.0,4055.300048828125,6.5,,67.0,88.0,128.39999389648438,194.39999389648438,21.399999618530273,-0.4783863127231598,,,,,134.0,112.01911163330078,,92.91173553466797,107.0,,27.0,2.0,,,,,,,,,,,,,0.0,,,,,,,,,,,,,,,,,,3718715.0,,,,,,,,,,,,,1684.5999755859375,,,,,,,,,,,,""
2310068027,"Apr 22, 2019, 6:41:29 AM",Morning Ride,Ride,,24765,21.48,175.0,20,false,,Nye CXen,activities/2458323204.fit.gz,69.0,12.0,24765.0,3393.0,21480.80078125,13.600000381469727,,336.0,342.0,42.20000076293945,209.8000030517578,22.0,-0.009310640394687653,,,,,175.0,146.2115936279297,,178.41099548339844,560.0,,24.0,20.0,,,,,,,,,,,,,0.0,,,,,,,,,,,,,,,,,,3718715.0,,,,,,,,,,,,,40.099998474121094,,,,,,,,,,,,""
2333470478,"May 1, 2019, 12:18:44 PM",Afternoon Ride,Ride,,4412,15.30,186.0,17,false,,Nye CXen,activities/2482824727.fit.gz,69.0,12.0,,4184.0,15302.2998046875,12.300000190734863,,362.0,352.0,253.39999389648438,454.3999938964844,25.799999237060547,0.0914895161986351,,,,,186.0,136.0,,112.1024169921875,531.0,,22.0,17.0,,,,,,,,,,,,,,,,,,,,,,,,,,,,,,,3718715.0,,,,,,,,,,,,,10737.2001953125,,,,,,,,,,,,""
2338886108,"May 3, 2019, 3:23:24 PM",Afternoon Run,Run,,2675,5.81,180.0,11,false,,Salomon S-Lab Speed Terrengsko,activities/2488482391.fit.gz,69.0,,,2571.0,5812.10009765625,3.700000047683716,,191.0,191.0,178.60000610351562,298.0,49.0,-0.06538084149360657,,,85.0,74.88694763183594,180.0,147.0,,,403.0,,19.0,11.0,,,,,,,,,,,,,,,,6739.2001953125,,,,,,,,,,,,,,,,2271327.0,,,,,,,,,,,,4831.2001953125,,,,,,,,,,,,""
2343427942,"May 5, 2019, 9:32:40 AM",Lommedalen m vogn,Ride,"",5557,20.84,149.0,14,false,,Nye CXen,activities/2493234835.fit.gz,69.0,12.0,,5331.0,20841.900390625,10.899999618530273,,426.0,422.0,105.4000015258789,312.3999938964844,33.29999923706055,0.01631329208612442,,,,,149.0,123.0,,110.7105484008789,519.0,,17.0,14.0,,,,,,,,,,,,,,,,,,,,,,,,,,,,,,,3718715.0,,,,,,,,,,,,,8701.400390625,,,,,,,,,,,,""
2360925734,"May 12, 2019, 7:27:52 AM",Lommedalen med Frida 😎,Ride,"",7682,28.42,181.0,30,false,,Nye CXen,activities/2511437291.fit.gz,69.0,12.0,,7101.0,28422.599609375,11.600000381469727,,427.0,440.0,109.80000305175781,256.20001220703125,36.400001525878906,-0.009147650562226772,,,,,181.0,139.0,,102.24063873291016,900.0,,18.0,30.0,,,,,,,,,,,,,,,,,,,,,,,,,,,,,,,3718715.0,,,,,,,,,,,,,16214.7001953125,,,,,,,,,,,,""
2369706102,"May 15, 2019, 1:35:37 PM",Afternoon Run,Run,,3596,6.61,183.0,21,false,,Salomon S-Lab Speed Terrengsko,activities/2520528550.fit.gz,69.0,,,2960.0,6615.0,4.400000095367432,,160.0,190.0,187.60000610351562,311.0,40.0,0.3023431599140167,,,89.0,75.67433166503906,183.0,159.0,,,503.0,,26.0,21.0,,,,,,,,,,,,,,,,7313.7001953125,,,,,,,,,,,,,,,,2271327.0,,,,,,,,,,,,5863.7001953125,,,,,,,,,,,,""
2376940127,"May 18, 2019, 9:29:45 AM",Med vognen i krokskogen,Ride,"",8502,33.19,178.0,34,false,,Nye CXen,activities/2527992360.fit.gz,69.0,12.0,,7568.0,33192.69921875,11.5,,483.1499328613281,487.0,114.80000305175781,304.1000061035156,35.70000076293945,0.0,,,,,178.0,140.74916076660156,,103.24642181396484,927.0,,21.0,34.0,,,,,,,,,,,,,,,,,,,,,,,,,,,,,,,3718715.0,,,,,,,,,,,,,20613.19921875,,,,,,,,,,,,""
2393767403,"May 24, 2019, 3:09:11 PM",Afternoon Ride,Ride,"",7201,42.50,191.0,73,false,,Nye CXen,activities/2545334697.fit.gz,69.0,12.0,,7031.0,42499.80078125,14.899999618530273,,758.7789306640625,759.0,101.9000015258789,458.20001220703125,43.400001525878906,-0.0011764761293306947,,,,,191.0,160.37684631347656,,172.78578186035156,1098.0,,18.0,73.0,,,,,,,,,,,,,,,,,,,,,,,,,,,,,,,3718715.0,,,,,,,,,,,,,29443.099609375,,,,,,,,,,,,""
2400679303,"May 27, 2019, 6:23:23 AM",KiGa,Ride,"",4695,20.37,173.0,15,true,,Nye CXen,activities/2552524833.fit.gz,69.0,12.0,,4311.0,20378.099609375,11.899999618530273,,209.0,340.0,41.20000076293945,211.0,17.399999618530273,-0.6438284516334534,,,,,173.0,136.0,,97.11495971679688,509.0,,21.0,15.0,,,,,,,,,,,,,,,,,,,,,,,,,,,,,,,3718715.0,,,,,,,,,,,,,2177.699951171875,,,,,,,,,,,,""
2400972751,"May 27, 2019, 10:09:43 AM",Lunch Ride,Ride,"",2879,10.73,160.0,8,true,,Nye CXen,activities/2552831022.fit.gz,69.0,12.0,,2848.0,10736.599609375,12.0,,246.0,113.0,96.80000305175781,260.6000061035156,19.700000762939453,1.2387534379959106,,,,,160.0,129.0,,121.79254150390625,334.0,,21.0,8.0,,,,,,,,,,,,,,,,,,,,,,,,,,,,,,,3718715.0,,,,,,,,,,,,,192.5,,,,,,,,,,,,""
2403091364,"May 28, 2019, 5:37:32 AM",Morning Ride,Ride,,1438,10.79,187.0,15,false,,Nye CXen,activities/2555023690.fit.gz,69.0,12.0,,1438.0,10791.599609375,13.699999809265137,,115.0,251.0,42.400001525878906,210.60000610351562,17.0,-1.2583861351013184,,,,,187.0,160.0,,184.70355224609375,263.0,,19.0,15.0,,,,,,,,,,,,,,,,,,,,,,,,,,,,,,,3718715.0,,,,,,,,,,,,,0.0,,,,,,,,,,,,""
2403970756,"May 28, 2019, 2:26:16 PM",Afternoon Ride,Ride,,1955,10.72,177.0,9,false,,Nye CXen,activities/2555929650.fit.gz,69.0,12.0,,1955.0,10726.400390625,12.600000381469727,,236.0,108.0,97.0,255.60000610351562,15.600000381469727,1.2045047283172607,,,,,177.0,138.0,,187.59335327148438,274.0,,23.0,9.0,,,,,,,,,,,,,,,,,,,,,,,,,,,,,,,3718715.0,,,,,,,,,,,,,195.89999389648438,,,,,,,,,,,,""
2405642044,"May 29, 2019, 5:42:25 AM",Morning Ride,Ride,"",1577,10.86,174.0,6,true,,Nye CXen,activities/2557647306.fit.gz,69.0,12.0,,1549.0,10867.2001953125,16.100000381469727,,108.0,246.0,41.79999923706055,207.39999389648438,15.300000190734863,-1.2827590703964233,,,,,174.0,136.0,,174.07472229003906,216.0,,20.0,6.0,,,,,,,,,,,,,,,,,,,,,,,,,,,,,,,3718715.0,,,,,,,,,,,,,0.0,,,,,,,,,,,,""
2406509210,"May 29, 2019, 2:02:34 PM",Afternoon Ride,Ride,,2040,10.83,178.0,13,false,,Nye CXen,activities/2558544620.fit.gz,69.0,12.0,,2040.0,10830.5,11.899999618530273,,242.0,109.0,95.80000305175781,257.0,16.700000762939453,1.200313925743103,,,,,178.0,151.0,,178.79002380371094,337.0,,23.0,13.0,,,,,,,,,,,,,,,,,,,,,,,,,,,,,,,3718715.0,,,,,,,,,,,,,113.0999984741211,,,,,,,,,,,,""
2408310171,"May 30, 2019, 7:46:05 AM",Morning Ride,Ride,,1622,10.86,136.0,3,false,,Nye CXen,activities/2560406321.fit.gz,69.0,12.0,,1569.0,10867.2998046875,13.100000381469727,,101.0,237.0,42.599998474121094,207.8000030517578,10.100000381469727,-1.2459396123886108,,,,,136.0,116.0,,148.25465393066406,152.0,,18.0,3.0,,,,,,,,,,,,,,,,,,,,,,,,,,,,,,,3718715.0,,,,,,,,,,,,,27.299999237060547,,,,,,,,,,,,""
2408988550,"May 30, 2019, 12:32:12 PM",Afternoon Ride,Ride,,2025,10.84,168.0,8,false,,Nye CXen,activities/2561109050.fit.gz,69.0,12.0,,1988.0,10842.900390625,12.0,,239.0,108.0,97.0,260.20001220703125,33.29999923706055,1.2413653135299683,,,,,168.0,139.0,,185.81991577148438,290.0,,18.0,8.0,,,,,,,,,,,,,,,,,,,,,,,,,,,,,,,3718715.0,,,,,,,,,,,,,113.4000015258789,,,,,,,,,,,,""
2438911885,"Jun 10, 2019, 11:27:44 AM",Afternoon Run,Run,"",3338,6.61,182.0,22,false,,Salomon S-Lab Speed Terrengsko,activities/2592101987.fit.gz,69.0,,,2998.0,6617.5,4.900000095367432,,188.0,217.0,104.0,221.39999389648438,34.79999923706055,-0.05742349848151207,,,94.0,78.16072082519531,182.0,160.0,,,506.0,,27.0,22.0,,,,,,,,,,,,,,,,7371.39990234375,,,,,,,,,,,,,,,,2271327.0,,,,,,,,,,,,5177.5,,,,,,,,,,,,""
2443755268,"Jun 12, 2019, 8:58:53 AM",Morning Run,Run,,4306,8.59,192.0,32,false,,Salomon S-Lab Speed Terrengsko,activities/2597090973.fit.gz,69.0,,,3979.0,8596.599609375,3.799999952316284,,470.0,472.0,204.60000610351562,401.3999938964844,50.0,0.10236605256795883,,,87.0,75.9256362915039,192.0,157.15472412109375,,,611.0,,18.0,32.0,,,,,,,,,,,,,,,,11329.900390625,,,,,,,,,,,,,,,,2271327.0,,,,,,,,,,,,1415.0999755859375,,,,,,,,,,,,""
2449097191,"Jun 14, 2019, 11:24:35 AM",Afternoon Run,Run,"",4457,11.53,196.0,48,false,,Salomon S-Lab Speed Terrengsko,activities/2602605785.fit.gz,69.0,,,4278.0,11534.599609375,4.599999904632568,,327.3189392089844,317.0,100.69999694824219,328.29998779296875,39.20000076293945,0.006068697664886713,,,91.0,80.00942993164062,196.0,167.51504516601562,,,785.0,,26.0,48.0,,,,,,,,,,,,,,,,12828.900390625,,,,,,,,,,,,,,,,2271327.0,,,,,,,,,,,,3197.199951171875,,,,,,,,,,,,""
2455004801,"Jun 16, 2019, 1:05:52 PM",Afternoon Activity,Workout,"",3705,3.81,175.0,12,false,,,activities/2608737642.fit.gz,69.0,,,3266.0,3814.199951171875,2.0999999046325684,,179.0,186.0,203.39999389648438,373.3999938964844,32.099998474121094,-0.194011852145195,,,79.0,54.231571197509766,175.0,136.0,,,428.0,,25.0,12.0,,,,,,,,,,,,,,,,,,,,,,,,,,,,,,,,,,,,,,,,,,,,834.0,,,,,,,,,,,,""
2457515456,"Jun 17, 2019, 1:45:06 PM",Afternoon Ride,Ride,,1698,10.83,163.0,5,false,,Nye CXen,activities/2611348575.fit.gz,69.0,12.0,,1669.0,10829.099609375,14.399999618530273,,97.0,228.0,49.599998474121094,208.39999389648438,37.0,-1.218937873840332,,,,,163.0,131.0,,142.80181884765625,215.0,,25.0,5.0,,,,,,,,,,,,,,,,,,,,,,,,,,,,,,,3718715.0,,,,,,,,,,,,,0.0,,,,,,,,,,,,""
2458029696,"Jun 17, 2019, 5:10:50 PM",Evening Ride,Ride,,1916,10.78,177.0,11,false,,Nye CXen,activities/2611875934.fit.gz,69.0,12.0,,1916.0,10781.7998046875,13.399999618530273,,232.0,104.0,95.5999984741211,253.0,14.600000381469727,1.1834758520126343,,,,,177.0,152.0,,186.98016357421875,319.0,,23.0,11.0,,,,,,,,,,,,,,,,,,,,,,,,,,,,,,,3718715.0,,,,,,,,,,,,,121.69999694824219,,,,,,,,,,,,""
2494285634,"Jul 1, 2019, 5:26:49 AM",Morning Ride,Ride,,1636,10.91,164.0,4,false,,Nye CXen,activities/2649455856.fit.gz,69.0,12.0,1636.0,1460.0,10912.2998046875,14.300000190734863,,103.0,231.0,47.79999923706055,208.60000610351562,20.0,-1.189483404159546,,,,,164.0,131.0,,175.08010864257812,184.0,,23.0,4.0,,,,,,,,,,,,,,,,,,,,,,,,,,,,,,,3718715.0,,,,,,,,,,,,,0.0,,,,,,,,,,,,""
2494356463,"Jul 1, 2019, 5:58:17 AM",Morning Ride,Ride,,2474,12.88,165.0,7,false,,Nye CXen,activities/2649532251.fit.gz,69.0,12.0,2474.0,2445.0,12887.400390625,12.800000190734863,,259.0,125.0,107.0,258.20001220703125,22.600000381469727,1.0164967775344849,,,,,165.0,132.0,,163.1399383544922,299.0,,21.0,7.0,,,,,,,,,,,,,,,,,,,,,,,,,,,,,,,3718715.0,,,,,,,,,,,,,0.0,,,,,,,,,,,,""
2497041861,"Jul 2, 2019, 6:33:32 AM",Morning Ride,Ride,,1324,10.86,175.0,6,false,,Nye CXen,activities/2652341883.fit.gz,69.0,12.0,1324.0,1324.0,10862.5,15.100000381469727,,103.0,238.0,42.20000076293945,206.60000610351562,13.600000381469727,-1.244649052619934,,,,,175.0,145.0,,200.24867248535156,211.0,,19.0,6.0,,,,,,,,,,,,,,,,,,,,,,,,,,,,,,,3718715.0,,,,,,,,,,,,,0.0,,,,,,,,,,,,""
2499058914,"Jul 2, 2019, 11:22:33 AM",Afternoon Ride,Ride,,1808,10.69,187.0,12,false,,Nye CXen,activities/2654423625.fit.gz,69.0,12.0,1808.0,1808.0,10695.400390625,12.399999618530273,,228.0,96.0,97.0,256.0,14.0,1.2079960107803345,,,,,187.0,142.0,,201.92086791992188,263.0,,25.0,12.0,,,,,,,,,,,,,,,,,,,,,,,,,,,,,,,3718715.0,,,,,,,,,,,,,123.19999694824219,,,,,,,,,,,,""
2500050542,"Jul 3, 2019, 7:24:25 AM",Morning Ride,Ride,,1368,10.75,139.0,3,false,,Nye CXen,activities/2655441955.fit.gz,69.0,12.0,1368.0,1368.0,10749.599609375,15.600000381469727,,110.0,239.0,49.79999923706055,212.1999969482422,12.600000381469727,-1.2056262493133545,,,,,139.0,115.0,,191.94664001464844,128.0,,22.0,3.0,,,,,,,,,,,,,,,,,,,,,,,,,,,,,,,3718715.0,,,,,,,,,,,,,0.0,,,,,,,,,,,,""
2502905480,"Jul 3, 2019, 1:52:54 PM",Afternoon Ride,Ride,,1997,10.69,174.0,11,false,,Nye CXen,activities/2658365738.fit.gz,69.0,12.0,1997.0,1969.0,10696.2001953125,13.300000190734863,,233.0,101.0,98.19999694824219,260.0,15.100000381469727,1.2359529733657837,,,,,174.0,145.0,,188.6116485595703,306.0,,23.0,11.0,,,,,,,,,,,,,,,,,,,,,,,,,,,,,,,3718715.0,,,,,,,,,,,,,106.19999694824219,,,,,,,,,,,,""
2519601082,"Jul 10, 2019, 6:08:33 AM",Morning Ride,Ride,,1375,10.77,172.0,6,false,,Nye CXen,activities/2675266422.fit.gz,69.0,12.0,1375.0,1375.0,10775.099609375,14.699999809265137,,100.0,229.0,50.599998474121094,208.60000610351562,20.0,-1.186067819595337,,,,,172.0,144.0,,190.7893524169922,213.0,,25.0,6.0,,,,,,,,,,,,,,,,,,,,,,,,,,,,,,,3718715.0,,,,,,,,,,,,,0.0,,,,,,,,,,,,""
2520479140,"Jul 10, 2019, 1:47:55 PM",Afternoon Ride,Ride,,1748,10.72,190.0,24,false,,Nye CXen,activities/2676166033.fit.gz,69.0,12.0,1748.0,1748.0,10720.5,12.699999809265137,,219.0,95.0,95.80000305175781,250.39999389648438,14.0,1.1566624641418457,,,,,190.0,163.0,,207.35641479492188,324.0,,30.0,24.0,,,,,,,,,,,,,,,,,,,,,,,,,,,,,,,3718715.0,,,,,,,,,,,,,126.0999984741211,,,,,,,,,,,,""
2522509145,"Jul 11, 2019, 7:32:26 AM",Morning Ride,Ride,,1359,10.81,174.0,6,false,,Nye CXen,activities/2678239277.fit.gz,69.0,12.0,1359.0,1359.0,10810.7998046875,15.800000190734863,,97.0,225.0,51.20000076293945,209.0,17.299999237060547,-1.182151198387146,,,,,174.0,144.0,,194.30906677246094,209.0,,26.0,6.0,,,,,,,,,,,,,,,,,,,,,,,,,,,,,,,3718715.0,,,,,,,,,,,,,0.0,,,,,,,,,,,,""
2523358497,"Jul 11, 2019, 2:28:08 PM",Afternoon Ride,Ride,,2590,15.96,184.0,24,false,,Nye CXen,activities/2679108668.fit.gz,69.0,12.0,2590.0,2590.0,15962.0,13.699999809265137,,266.0,141.0,56.79999923706055,193.0,36.0,0.7066783905029297,,,,,184.0,158.0,,194.0818328857422,461.0,,30.0,24.0,,,,,,,,,,,,,,,,,,,,,,,,,,,,,,,3718715.0,,,,,,,,,,,,,685.2000122070312,,,,,,,,,,,,""
2524941182,"Jul 12, 2019, 4:56:06 AM",Morning Ride,Ride,,1789,11.09,168.0,5,false,,Nye CXen,activities/2680745001.fit.gz,69.0,12.0,1789.0,1665.0,11090.900390625,14.600000381469727,,111.0,243.0,47.400001525878906,209.8000030517578,12.0,-1.1919682025909424,,,,,168.0,137.0,,154.7988739013672,238.0,,21.0,5.0,,,,,,,,,,,,,,,,,,,,,,,,,,,,,,,3718715.0,,,,,,,,,,,,,0.0,,,,,,,,,,,,""
2525505613,"Jul 12, 2019, 11:07:10 AM",Afternoon Ride,Ride,,2050,10.80,163.0,8,false,,Nye CXen,activities/2681350909.fit.gz,69.0,12.0,2050.0,2050.0,10806.400390625,13.899999618530273,,229.0,97.0,47.400001525878906,205.8000030517578,13.300000190734863,1.2122446298599243,,,,,163.0,143.0,,172.43228149414062,311.0,,29.0,8.0,,,,,,,,,,,,,,,,,,,,,,,,,,,,,,,3718715.0,,,,,,,,,,,,,117.0,,,,,,,,,,,,""
2531053199,"Jul 14, 2019, 10:32:32 AM",Lunch Run,Run,,3632,7.59,192.0,31,false,,Salomon S-Lab Speed Terrengsko,activities/2687112299.fit.gz,69.0,,3632.0,3117.0,7592.2001953125,5.099999904632568,,187.0,195.0,98.5999984741211,281.6000061035156,47.20000076293945,-0.07902847975492477,,,121.0,77.59916687011719,192.0,165.0,,,560.0,,29.0,31.0,,,,,,,,,,,,,,,,8500.5,,,,,,,,,,,,,,,,2271327.0,,,,,,,,,,,,3286.89990234375,,,,,,,,,,,,""
2539087759,"Jul 17, 2019, 6:03:45 AM",Morning Ride,Ride,"",4560,29.61,192.0,39,false,,Focusen,activities/2695380249.fit.gz,69.0,7.900000095367432,4560.0,3912.0,29612.599609375,16.399999618530273,,246.0,383.0,46.599998474121094,236.60000610351562,42.900001525878906,-0.47344711422920227,,,,,192.0,160.0,,121.5537338256836,659.0,,20.0,39.0,,,,,,,,,,,,,,,,,,,,,,,,,,,,,,,773902.0,,,,,,,,,,,,,,,,,,,,,,,,,""
2540265390,"Jul 17, 2019, 3:44:41 PM",Afternoon Ride,Ride,,2550,10.86,178.0,12,false,,Nye CXen,activities/2696585812.fit.gz,69.0,12.0,2550.0,2009.0,10859.0,12.5,,232.0,100.0,41.79999923706055,201.60000610351562,27.299999237060547,1.219265103340149,,,,,178.0,140.0,,188.9340057373047,332.0,,26.0,12.0,,,,,,,,,,,,,,,,,,,,,,,,,,,,,,,3718715.0,,,,,,,,,,,,,50.70000076293945,,,,,,,,,,,,""
2541877354,"Jul 18, 2019, 5:50:35 AM",Morning Ride,Ride,,3527,12.60,159.0,7,false,,Nye CXen,activities/2698235933.fit.gz,69.0,12.0,3527.0,2986.0,12608.7998046875,13.800000190734863,,125.0,244.0,45.400001525878906,210.0,49.20000076293945,-0.9786815643310547,,,,,159.0,117.0,,101.19847869873047,315.0,,23.0,7.0,,,,,,,,,,,,,,,,,,,,,,,,,,,,,,,3718715.0,,,,,,,,,,,,,177.0,,,,,,,,,,,,""
2542615084,"Jul 18, 2019, 12:10:49 PM",Afternoon Ride,Ride,,4276,30.72,196.0,51,false,,Nye CXen,activities/2698994951.fit.gz,69.0,12.0,4276.0,4276.0,30725.400390625,13.899999618530273,,377.0,258.0,52.79999923706055,240.1999969482422,16.299999237060547,0.39055633544921875,,,,,196.0,163.0,,212.55157470703125,753.0,,21.0,51.0,,,,,,,,,,,,,,,,,,,,,,,,,,,,,,,3718715.0,,,,,,,,,,,,,,,,,,,,,,,,,""
2544540118,"Jul 19, 2019, 5:34:15 AM",Morning Ride,Ride,,2652,11.16,156.0,5,false,,Nye CXen,activities/2700969332.fit.gz,69.0,12.0,2652.0,2010.0,11160.7998046875,13.100000381469727,,115.0,232.0,55.79999923706055,217.0,13.300000190734863,-1.0339760780334473,,,,,156.0,120.0,,112.04559326171875,252.0,,24.0,5.0,,,,,,,,,,,,,,,,,,,,,,,,,,,,,,,3718715.0,,,,,,,,,,,,,0.0,,,,,,,,,,,,""
2545356916,"Jul 19, 2019, 1:31:28 PM",Afternoon Ride,Ride,,2059,10.61,153.0,6,false,,Nye CXen,activities/2701808691.fit.gz,69.0,12.0,2059.0,2042.0,10618.7001953125,11.699999809265137,,233.0,99.0,55.400001525878906,213.39999389648438,16.399999618530273,1.0961793661117554,,,,,153.0,137.0,,173.00048828125,275.0,,25.0,6.0,,,,,,,,,,,,,,,,,,,,,,,,,,,,,,,3718715.0,,,,,,,,,,,,,114.80000305175781,,,,,,,,,,,,""
2548431920,"Jul 20, 2019, 3:20:58 PM","Ottweiler prep 1, 6x1000m 💦",Run,"10km løp, relativt flatt løp, 21. september, så har altså to måneder på å komme i form og få opp farten.",4631,13.42,185.0,43,false,,Salomon S-Lab Speed Terrengsko,activities/2704979901.fit.gz,69.0,,4631.0,4582.0,13421.099609375,4.900000095367432,,236.0,230.0,118.0,193.39999389648438,35.70000076293945,-0.02235286310315132,,,101.0,82.16761779785156,185.0,164.0,,,806.0,,26.0,43.0,,,,,,,,,,,,,,,,14100.7998046875,,,,,,,,,,,,,,,,2271327.0,,,,,,,,,,,,4933.60009765625,,,,,,,,,,,,""
2553816126,"Jul 22, 2019, 6:22:27 AM",Morning Ride,Ride,,1416,10.88,145.0,3,false,,Nye CXen,activities/2710566927.fit.gz,69.0,12.0,1416.0,1416.0,10888.400390625,14.300000190734863,,107.0,236.0,50.20000076293945,210.60000610351562,13.100000381469727,-1.179236650466919,,,,,145.0,123.0,,182.9879913330078,158.0,,25.0,3.0,,,,,,,,,,,,,,,,,,,,,,,,,,,,,,,3718715.0,,,,,,,,,,,,,0.0,,,,,,,,,,,,""
2553817905,"Jul 22, 2019, 3:11:50 PM",Afternoon Ride,Ride,,2838,10.87,182.0,10,false,,Nye CXen,activities/2710568776.fit.gz,69.0,12.0,2838.0,2000.0,10877.7998046875,14.0,,237.0,110.0,49.0,208.8000030517578,18.700000762939453,1.160161018371582,,,,,182.0,135.0,,188.4694061279297,352.0,,25.0,10.0,,,,,,,,,,,,,,,,,,,,,,,,,,,,,,,3718715.0,,,,,,,,,,,,,121.0,,,,,,,,,,,,""
2555384286,"Jul 23, 2019, 5:37:22 AM",Morning Ride,Ride,,1452,10.79,157.0,4,false,,Nye CXen,activities/2712177966.fit.gz,69.0,12.0,1452.0,1452.0,10790.0,14.100000381469727,,102.0,234.0,45.79999923706055,208.8000030517578,15.0,-1.2270621061325073,,,,,157.0,125.0,,171.72984313964844,172.0,,23.0,4.0,,,,,,,,,,,,,,,,,,,,,,,,,,,,,,,3718715.0,,,,,,,,,,,,,0.0,,,,,,,,,,,,""
2556438513,"Jul 23, 2019, 2:06:05 PM",Afternoon Ride,Ride,,1880,10.85,172.0,6,false,,Nye CXen,activities/2713265759.fit.gz,69.0,12.0,1880.0,1880.0,10850.7998046875,12.0,,230.0,103.0,47.79999923706055,203.60000610351562,15.5,1.166734218597412,,,,,172.0,126.0,,192.3778533935547,220.0,,29.0,6.0,,,,,,,,,,,,,,,,,,,,,,,,,,,,,,,3718715.0,,,,,,,,,,,,,116.0999984741211,,,,,,,,,,,,""
2558451604,"Jul 24, 2019, 6:35:42 AM",Morning Ride,Ride,,1722,11.04,158.0,5,false,,Nye CXen,activities/2715333916.fit.gz,69.0,12.0,1722.0,1527.0,11043.5,13.5,,106.0,238.0,41.20000076293945,200.0,12.699999809265137,-1.1499977111816406,,,,,158.0,134.0,,164.65618896484375,231.0,,22.0,5.0,,,,,,,,,,,,,,,,,,,,,,,,,,,,,,,3718715.0,,,,,,,,,,,,,,,,,,,,,,,,,""
2559476869,"Jul 24, 2019, 2:59:49 PM",Afternoon Ride,Ride,,1832,10.74,172.0,10,false,,Nye CXen,activities/2716382953.fit.gz,69.0,12.0,1832.0,1832.0,10739.599609375,11.800000190734863,,225.0,95.0,41.400001525878906,196.60000610351562,14.5,1.1881262063980103,,,,,172.0,147.0,,200.0246124267578,302.0,,29.0,10.0,,,,,,,,,,,,,,,,,,,,,,,,,,,,,,,3718715.0,,,,,,,,,,,,,102.9000015258789,,,,,,,,,,,,""
2562293204,"Jul 25, 2019, 6:22:52 AM",Morning Ride,Ride,,33948,23.72,179.0,18,false,,Nye CXen,activities/2719282794.fit.gz,69.0,12.0,33948.0,3746.0,23722.599609375,15.199999809265137,,350.0,358.0,22.200000762939453,182.1999969482422,50.0,-0.07587701082229614,,,,,179.0,143.0,,182.0643768310547,572.0,,28.0,18.0,,,,,,,,,,,,,,,,,,,,,,,,,,,,,,,3718715.0,,,,,,,,,,,,,0.0,,,,,,,,,,,,""
2563763453,"Jul 26, 2019, 5:09:38 AM",Morning Ride,Ride,,1901,10.88,158.0,4,false,,Nye CXen,activities/2720795306.fit.gz,69.0,12.0,1901.0,1540.0,10880.099609375,14.800000190734863,,121.0,233.0,50.0,208.39999389648438,17.799999237060547,-1.0349169969558716,,,,,158.0,122.0,,160.58355712890625,203.0,,24.0,4.0,,,,,,,,,,,,,,,,,,,,,,,,,,,,,,,3718715.0,,,,,,,,,,,,,0.0,,,,,,,,,,,,""
2565694855,"Jul 26, 2019, 2:05:32 PM",Afternoon Ride,Ride,,2187,11.11,184.0,16,false,,Nye CXen,activities/2722775392.fit.gz,69.0,12.0,2187.0,1957.0,11112.400390625,12.699999809265137,,228.0,103.0,96.4000015258789,249.0,14.600000381469727,1.1266692876815796,,,,,184.0,149.0,,189.05506896972656,356.0,,32.0,16.0,,,,,,,,,,,,,,,,,,,,,,,,,,,,,,,3718715.0,,,,,,,,,,,,,117.30000305175781,,,,,,,,,,,,""
2566157326,"Jul 27, 2019, 6:01:00 AM",Morning Ride,Ride,,1702,10.72,168.0,5,false,,Nye CXen,activities/2723266485.fit.gz,69.0,12.0,1702.0,1469.0,10723.2001953125,14.399999618530273,,103.0,230.0,51.0,207.60000610351562,26.700000762939453,-1.1880781650543213,,,,,168.0,142.0,,164.28794860839844,223.0,,28.0,5.0,,,,,,,,,,,,,,,,,,,,,,,,,,,,,,,3718715.0,,,,,,,,,,,,,0.0,,,,,,,,,,,,""
2566767083,"Jul 27, 2019, 10:23:47 AM",Lunch Ride,Ride,,1923,10.62,181.0,8,false,,Nye CXen,activities/2723903553.fit.gz,69.0,12.0,1923.0,1880.0,10620.0,12.300000190734863,,227.0,97.0,51.599998474121094,207.1999969482422,15.100000381469727,1.2052730321884155,,,,,181.0,140.0,,198.3378448486328,285.0,,31.0,8.0,,,,,,,,,,,,,,,,,,,,,,,,,,,,,,,3718715.0,,,,,,,,,,,,,264.5,,,,,,,,,,,,""
2572922034,"Jul 29, 2019, 6:21:45 AM",Morning Ride,Ride,,32045,10.73,152.0,3,false,,Nye CXen,activities/2730285581.fit.gz,69.0,12.0,32045.0,1453.0,10729.7001953125,15.100000381469727,,101.0,232.0,49.400001525878906,206.8000030517578,29.5,-1.1892224550247192,,,,,152.0,120.0,,170.41258239746094,156.0,,27.0,3.0,,,,,,,,,,,,,,,,,,,,,,,,,,,,,,,3718715.0,,,,,,,,,,,,,0.0,,,,,,,,,,,,""
2574768837,"Jul 30, 2019, 6:08:28 AM",Morning Run,Run,,3607,10.79,172.0,18,false,,Salomon S-Lab Speed Terrengsko,activities/2732196325.fit.gz,69.0,,3607.0,3605.0,10789.099609375,4.800000190734863,,110.0,260.0,33.0,205.60000610351562,14.899999618530273,-1.3550713062286377,,,87.0,81.43550872802734,172.0,158.0,,,643.0,,21.0,18.0,,,,,,,,,,,,,,,,10790.400390625,,,,,,,,,,,,,,,,2271327.0,,,,,,,,,,,,262.8999938964844,,,,,,,,,,,,""
2588782192,"Aug 4, 2019, 6:48:25 AM",4x1000m,Run,Ottweiler prep #2,3560,9.19,185.0,32,false,,Salomon S-Lab Speed Terrengsko,activities/2746715029.fit.gz,69.0,,3560.0,3269.0,9198.099609375,4.400000095367432,,123.21904754638672,117.0,114.80000305175781,188.5,32.099998474121094,-0.01848207786679268,,,114.0,82.53559112548828,185.0,162.2332763671875,,,590.0,,25.0,32.0,,,,,,,,,,,,,,,,9559.7001953125,,,,,,,,,,,,,,,,2271327.0,,,,,,,,,,,,3687.199951171875,,,,,,,,,,,,""
2589475403,"Aug 4, 2019, 9:48:37 AM",Lunch Activity,Workout,"",4188,5.95,158.0,9,false,,,activities/2747360279.fit.gz,69.0,,4188.0,4028.0,5949.5,2.9000000953674316,,133.0,135.0,121.19999694824219,215.39999389648438,25.799999237060547,0.006723253987729549,,,104.0,57.94418716430664,158.0,117.0,,,375.0,,24.0,9.0,,,,,,,,,,,,,,,,,,,,,,,,,,,,,,,,,,,,,,,,,,,,2600.699951171875,,,,,,,,,,,,""
2596122007,"Aug 6, 2019, 4:08:06 PM",Evening Ride,Ride,,1903,10.66,177.0,9,false,,Nye CXen,activities/2754650423.fit.gz,69.0,12.0,1903.0,1903.0,10659.7001953125,11.399999618530273,,228.0,98.0,89.80000305175781,248.39999389648438,44.400001525878906,1.2458137273788452,,,,,177.0,146.0,,188.29803466796875,309.0,,22.0,9.0,,,,,,,,,,,,,,,,,,,,,,,,,,,,,,,3718715.0,,,,,,,,,,,,,120.80000305175781,,,,,,,,,,,,""
2598646723,"Aug 7, 2019, 6:15:52 AM",Morning Ride,Ride,,27324,20.96,175.0,13,false,,Nye CXen,activities/2757266008.fit.gz,69.0,12.0,27324.0,3166.0,20967.099609375,14.600000381469727,,317.0,326.0,86.5999984741211,248.60000610351562,18.200000762939453,-0.07249452918767929,,,,,175.0,139.0,,187.58956909179688,461.0,,24.0,13.0,,,,,,,,,,,,,,,,,,,,,,,,,,,,,,,3718715.0,,,,,,,,,,,,,125.5,,,,,,,,,,,,""
2601719625,"Aug 8, 2019, 5:56:25 AM",Morning Ride,Ride,,33155,21.53,170.0,13,false,,Nye CXen,activities/2760452152.fit.gz,69.0,12.0,33155.0,3289.0,21538.69921875,14.699999809265137,,338.0,345.0,44.599998474121094,209.39999389648438,14.699999809265137,-0.03621388599276543,,,,,170.0,135.0,,188.1292266845703,453.0,,24.0,13.0,,,,,,,,,,,,,,,,,,,,,,,,,,,,,,,3718715.0,,,,,,,,,,,,,262.8999938964844,,,,,,,,,,,,""
2604247216,"Aug 9, 2019, 5:59:48 AM",Morning Ride,Ride,,26886,21.69,175.0,13,false,,Nye CXen,activities/2763075850.fit.gz,69.0,12.0,26886.0,3415.0,21695.0,15.0,,330.0,336.0,44.599998474121094,209.39999389648438,17.700000762939453,-0.017515556886792183,,,,,175.0,134.0,,184.4425811767578,461.0,,25.0,13.0,,,,,,,,,,,,,,,,,,,,,,,,,,,,,,,3718715.0,,,,,,,,,,,,,374.6000061035156,,,,,,,,,,,,""
2613144923,"Aug 12, 2019, 5:27:44 PM",Nye sko innkjøring ,Run,"",1221,3.44,191.0,9,false,,HOKA Hoka rakett,activities/2772362255.fit.gz,69.0,,1221.0,1085.0,3440.199951171875,5.699999809265137,,50.0,56.0,180.60000610351562,208.60000610351562,28.200000762939453,-0.09301784634590149,,,86.0,80.55748748779297,191.0,160.0,,,204.0,,25.0,9.0,,,,,,,,,,,,,,,,3571.300048828125,,,,,,,,,,,,,,,,4806014.0,,,,,,,,,,,,200.10000610351562,,,,,,,,,,,,""
2615565603,"Aug 13, 2019, 6:27:51 AM",Morning Ride,Ride,,30960,23.46,181.0,15,false,,Nye CXen,activities/2774889227.fit.gz,69.0,12.0,30960.0,5791.0,23460.80078125,13.899999618530273,,353.0,343.0,36.79999923706055,201.0,45.5,-0.02557457610964775,,,,,181.0,109.0,,123.92646789550781,609.0,,25.0,15.0,,,,,,,,,,,,,,,,,,,,,,,,,,,,,,,3718715.0,,,,,,,,,,,,,278.29998779296875,,,,,,,,,,,,""
2618469260,"Aug 14, 2019, 6:04:59 AM",Morning Ride,Ride,,30785,21.74,180.0,14,false,,Nye CXen,activities/2777899507.fit.gz,69.0,12.0,30785.0,3551.0,21742.80078125,15.300000190734863,,341.0,346.0,42.0,206.1999969482422,41.900001525878906,-0.003679378889501095,,,,,180.0,132.0,,177.68357849121094,475.0,,23.0,14.0,,,,,,,,,,,,,,,,,,,,,,,,,,,,,,,3718715.0,,,,,,,,,,,,,130.10000610351562,,,,,,,,,,,,""
2621798452,"Aug 15, 2019, 4:08:55 PM",Innkjøring nr2 nye sko,Run,"",1549,4.62,180.0,10,false,,HOKA Hoka rakett,activities/2781346002.fit.gz,69.0,,1549.0,1516.0,4619.0,4.300000190734863,,72.0,77.0,180.8000030517578,211.8000030517578,45.900001525878906,-0.021649707108736038,,,85.0,81.27523803710938,180.0,161.0,,,299.0,,22.0,10.0,,,,,,,,,,,,,,,,4818.89990234375,,,,,,,,,,,,,,,,4806014.0,,,,,,,,,,,,816.4000244140625,,,,,,,,,,,,""
2627689116,"Aug 17, 2019, 6:22:20 PM",fikk klemt inn en 3000m,Run,"",2165,6.70,199.0,31,false,,Saucony kinvara 10 mengdesko,activities/2787467704.fit.gz,69.0,,2165.0,2148.0,6700.10009765625,4.699999809265137,,95.0,106.0,119.0,193.1999969482422,34.29999923706055,-0.017910180613398552,,,88.0,81.29273223876953,199.0,172.0,,,437.0,,23.0,31.0,,,,,,,,,,,,,,,,7029.7001953125,,,,,,,,,,,,,,,,4827757.0,,,,,,,,,,,,3205.0,,,,,,,,,,,,""
2628652962,"Aug 18, 2019, 6:33:39 AM",Morning Activity,Workout,"",4023,5.09,144.0,6,false,,,activities/2788507184.fit.gz,69.0,,4023.0,3772.0,5095.7998046875,2.200000047683716,,116.0,117.0,96.80000305175781,190.60000610351562,41.70000076293945,-0.03532320633530617,,,73.0,57.45420837402344,144.0,100.0,,,280.0,,24.0,6.0,,,,,,,,,,,0.0,,,,,,,,,,,,,,,,,,,,,,,,,,,,,,,,,2697.89990234375,,,,,,,,,,,,""
2635262647,"Aug 20, 2019, 5:52:06 AM",Morning Ride,Ride,,27361,21.53,179.0,13,false,,Nye CXen,activities/2795420288.fit.gz,69.0,12.0,27361.0,3343.0,21530.30078125,14.899999618530273,,346.0,347.0,14.800000190734863,182.39999389648438,16.5,-0.024152008816599846,,,,,179.0,136.0,,190.9500274658203,486.0,,24.0,13.0,,,,,,,,,,,,,,,,,,,,,,,,,,,,,,,3718715.0,,,,,,,,,,,,,125.4000015258789,,,,,,,,,,,,""
2638518070,"Aug 21, 2019, 6:32:39 AM",Morning Ride,Ride,,30396,21.71,179.0,12,false,,Nye CXen,activities/2798792428.fit.gz,69.0,12.0,30396.0,3448.0,21715.80078125,14.199999809265137,,338.0,342.0,18.200000762939453,180.0,23.899999618530273,-0.013814826495945454,,,,,179.0,128.0,,178.11465454101562,429.0,,23.0,12.0,,,,,,,,,,,,,,,,,,,,,,,,,,,,,,,3718715.0,,,,,,,,,,,,,333.79998779296875,,,,,,,,,,,,""
2641450441,"Aug 22, 2019, 6:11:16 AM",Morning Ride,Ride,,31309,21.64,169.0,10,false,,Nye CXen,activities/2801840318.fit.gz,69.0,12.0,31309.0,3323.0,21648.5,13.5,,339.0,343.0,14.199999809265137,189.0,16.0,0.04064946621656418,,,,,169.0,132.0,,186.03170776367188,434.0,,20.0,10.0,,,,,,,,,,,,,,,,,,,,,,,,,,,,,,,3718715.0,,,,,,,,,,,,,30.5,,,,,,,,,,,,""
2644379645,"Aug 23, 2019, 6:46:47 AM",Morning Ride,Ride,,31619,21.56,182.0,17,false,,Nye CXen,activities/2804880085.fit.gz,69.0,12.0,31619.0,3312.0,21561.900390625,15.199999809265137,,337.0,346.0,33.79999923706055,197.39999389648438,14.800000190734863,-0.036174919456243515,,,,,182.0,139.0,,186.5958709716797,499.0,,24.0,17.0,,,,,,,,,,,,,,,,,,,,,,,,,,,,,,,3718715.0,,,,,,,,,,,,,122.9000015258789,,,,,,,,,,,,""
2647064860,"Aug 24, 2019, 1:26:34 PM","tur #4 med nye sko, 5x500m",Run,"",2198,6.39,190.0,26,false,,HOKA Hoka rakett,activities/2807682821.fit.gz,69.0,,2198.0,2040.0,6396.7001953125,4.800000190734863,,107.0,116.0,102.80000305175781,193.39999389648438,42.099998474121094,-0.053152408450841904,,,92.0,81.85883331298828,190.0,168.0,,,404.0,,27.0,26.0,,,,,,,,,,,0.0,,,,,6735.2001953125,,,,,,,,,,,,,,,,4806014.0,,,,,,,,,,,,2759.0,,,,,,,,,,,,""
2653187242,"Aug 26, 2019, 6:25:54 AM",Morning Ride,Ride,,29293,21.90,161.0,10,false,,Nye CXen,activities/2814084570.fit.gz,69.0,12.0,29293.0,3774.0,21903.80078125,14.0,,340.0,345.0,18.200000762939453,179.39999389648438,18.399999618530273,-0.01917475461959839,,,,,161.0,125.0,,160.10696411132812,458.0,,25.0,10.0,,,,,,,,,,,,,,,,,,,,,,,,,,,,,,,3718715.0,,,,,,,,,,,,,360.79998779296875,,,,,,,,,,,,""
2655939656,"Aug 27, 2019, 6:45:27 AM",Morning Ride,Ride,,26534,22.16,175.0,15,false,,Nye CXen,activities/2816960772.fit.gz,69.0,12.0,26534.0,4075.0,22162.69921875,14.399999618530273,,343.0,329.0,21.799999237060547,182.1999969482422,41.400001525878906,-0.010829005390405655,,,,,175.0,121.0,,157.58151245117188,664.0,,27.0,15.0,,,,,,,,,,,,,,,,,,,,,,,,,,,,,,,3718715.0,,,,,,,,,,,,,108.19999694824219,,,,,,,,,,,,""
2659064734,"Aug 28, 2019, 6:41:07 AM",Morning Ride,Ride,,28936,21.61,179.0,11,false,,Nye CXen,activities/2820197106.fit.gz,69.0,12.0,28936.0,3455.0,21617.099609375,15.600000381469727,,337.0,335.0,54.599998474121094,215.1999969482422,47.400001525878906,0.02960619144141674,,,,,179.0,129.0,,176.48162841796875,451.0,,24.0,11.0,,,,,,,,,,,,,,,,,,,,,,,,,,,,,,,3718715.0,,,,,,,,,,,,,118.5,,,,,,,,,,,,""
2664671904,"Aug 30, 2019, 6:42:37 AM",Morning Ride,Ride,,28256,21.76,174.0,14,false,,Nye CXen,activities/2826018738.fit.gz,69.0,12.0,28256.0,3421.0,21767.30078125,14.600000381469727,,344.0,345.0,17.799999237060547,181.39999389648438,26.299999237060547,-0.005512856412678957,,,,,174.0,121.0,,184.938720703125,640.0,,23.0,14.0,,,,,,,,,,,,,,,,,,,,,,,,,,,,,,,3718715.0,,,,,,,,,,,,,109.19999694824219,,,,,,,,,,,,""
2670161728,"Sep 1, 2019, 10:35:36 AM",2x3000m,Run,"",3297,10.06,195.0,67,false,,HOKA Hoka rakett,activities/2831759498.fit.gz,69.0,,3297.0,3226.0,10068.5,4.300000190734863,,100.0,138.0,115.19999694824219,193.60000610351562,24.799999237060547,-0.26419028639793396,,,90.0,81.80392456054688,195.0,178.0,,,700.0,,27.0,67.0,,,,,,,,,,,0.0,,,,,10295.2001953125,,,,,,,,,,,,,,,,4806014.0,,,,,,,,,,,,4296.0,,,,,,,,,,,,""
2681907719,"Sep 5, 2019, 11:53:29 AM",Rolig i lommedalen,Run,"",4055,10.78,186.0,23,false,,Saucony kinvara 10 mengdesko,activities/2843929317.fit.gz,69.0,,4055.0,3775.0,10785.400390625,5.300000190734863,,222.0,237.0,60.599998474121094,182.0,45.099998474121094,-0.12980510294437408,,,97.0,81.72589111328125,186.0,155.0,,,667.0,,23.0,23.0,,,,,,,,,,,0.0,,,,,11491.7998046875,,,,,,,,,,,,,,,,4827757.0,,,,,,,,,,,,5351.60009765625,,,,,,,,,,,,""
2691601064,"Sep 8, 2019, 4:31:39 PM",Evening Run,Run,"",3525,8.83,170.0,13,false,,Saucony kinvara 10 mengdesko,activities/2853989493.fit.gz,69.0,,3525.0,3512.0,8837.7001953125,3.799999952316284,,195.0,200.0,248.0,330.6000061035156,13.199999809265137,-0.05657580494880676,,,85.0,79.63166809082031,170.0,143.0,,,542.0,,20.0,13.0,,,,,,,,,,,0.0,,0.0,,,9372.7998046875,,,,,,,,,,,,,,,,4827757.0,,,,,,,,,,,,,,,,,,,,,,,,""
2693849897,"Sep 9, 2019, 3:52:52 PM",Afternoon Run,Run,"",1742,4.69,169.0,6,false,,Saucony kinvara 10 mengdesko,activities/2856343140.fit.gz,69.0,,1742.0,1742.0,4692.5,3.5999999046325684,,74.0,74.0,369.20001220703125,419.0,15.199999809265137,-0.004262120462954044,,,86.0,80.2008056640625,169.0,143.0,,,281.0,,23.0,6.0,,,,,,,,,,,0.0,,0.0,,,4854.0,,,,,,,,,,,,,,,,4827757.0,,,,,,,,,,,,,,,,,,,,,,,,""
2696913663,"Sep 10, 2019, 4:57:26 PM",5x1000 med Baltes,Run,"",3662,11.05,195.0,33,false,,HOKA Hoka rakett,activities/2859517891.fit.gz,69.0,,3662.0,3653.0,11052.0,5.300000190734863,,2.0,12.0,293.6000061035156,299.3999938964844,9.0,0.03619254380464554,,,90.0,82.18486022949219,195.0,161.0,,,654.0,,23.0,33.0,,,,,,,,,,,0.0,,0.0,,,11144.099609375,,,,,,,,,,,,,,,,4806014.0,,,,,,,,,,,,,,,,,,,,,,,,""
2701400790,"Sep 12, 2019, 8:13:04 AM",Morning Run,Run,"",3357,10.05,180.0,28,false,,HOKA Hoka rakett,activities/2864161823.fit.gz,69.0,,3357.0,3353.0,10051.2001953125,6.0,,30.0,40.0,281.79998779296875,323.0,20.299999237060547,-0.08357211202383041,,,101.0,82.64836120605469,180.0,160.0,,,621.0,,23.0,28.0,,,,,,,,,,,0.0,,0.0,,,10058.7998046875,,,,,,,,,,,,,,,,4806014.0,,,,,,,,,,,,,,,,,,,,,,,,""
2708579606,"Sep 14, 2019, 5:31:52 PM",Evening Run,Run,,3397,9.10,160.0,12,false,,Salomon S-Lab 2 terrengsko slab ,activities/2871577357.fit.gz,69.0,,3397.0,3394.0,9101.7998046875,3.5,,45.0,46.0,689.5999755859375,723.0,16.200000762939453,0.0834999680519104,,,85.0,80.81675720214844,160.0,146.0,,,545.0,,24.0,12.0,,,,,,,,,,,,,0.0,,,9166.900390625,,,,,,,,,,,,,,,,4827744.0,,,,,,,,,,,,,,,,,,,,,,,,""
2714605094,"Sep 16, 2019, 5:23:54 PM",Rolig langtur Allgäu,Run,"",6945,17.97,159.0,24,false,,Saucony kinvara 10 mengdesko,activities/2877874304.fit.gz,69.0,,6945.0,6940.0,17970.19921875,3.5,,76.0,80.0,706.2000122070312,728.2000122070312,10.800000190734863,-0.014468397945165634,,,83.0,79.6170883178711,159.0,140.0,,,949.0,,25.0,24.0,,,,,,,,,,,0.0,,0.0,,,18044.599609375,,,,,,,,,,,,,,,,4827757.0,,,,,,,,,,,,,,,,,,,,,,,,""
2721519264,"Sep 19, 2019, 6:44:24 AM",Morning Run,Run,"",1983,5.30,174.0,8,false,,Saucony kinvara 10 mengdesko,activities/2885025840.fit.gz,69.0,,1983.0,1983.0,5305.10009765625,5.5,,18.0,23.0,727.4000244140625,741.7999877929688,11.199999809265137,-0.060319315642118454,,,100.0,79.14755249023438,174.0,149.0,,,332.0,,18.0,8.0,,,,,,,,,,,0.0,,0.0,,,5321.7001953125,,,,,,,,,,,,,,,,4827757.0,,,,,,,,,,,,,,,,,,,,,,,,""
2728045790,"Sep 21, 2019, 2:14:57 PM",Altstadtlauf Ottweiler 👌🇩🇪🇳🇴,Run,"Great event. 3. pl M30-35, 21. pl totalt. Kupert nok",2980,10.14,209.0,93,false,,HOKA Hoka rakett,activities/2891778899.fit.gz,69.0,,2980.0,2958.0,10139.0,6.300000190734863,,122.12809753417969,91.0,258.20001220703125,285.20001220703125,8.5,-0.009862905368208885,,,91.0,84.59837341308594,209.0,189.62020874023438,,,719.0,,28.0,93.0,,,,,,10.0,,,,,0.0,180.0,0.0,,,10497.2998046875,,,,,,,,,,,,,,,,4806014.0,,,,,,,,,,,,,,,,,,,,,,,,media/c8ad693a-c1a0-44f5-973d-79868cc2d09d.jpg
2730565790,"Sep 22, 2019, 11:29:18 AM",Afternoon Run,Run,"",2013,4.61,163.0,7,false,,Saucony kinvara 10 mengdesko,activities/2894423581.fit.gz,69.0,,2013.0,2009.0,4609.89990234375,3.700000047683716,,73.0,67.0,399.0,450.0,35.70000076293945,0.1561855971813202,,,81.0,77.19014739990234,163.0,144.0,,,312.0,,28.0,7.0,,,,,,,,,,,0.0,,0.0,,,4801.89990234375,,,,,,,,,,,,,,,,4827757.0,,,,,,,,,,,,,,,,,,,,,,,,""
2735520799,"Sep 24, 2019, 8:43:29 AM",Oberkirchen Freisen. Ruhig,Run,"",5716,15.34,182.0,27,false,,Saucony kinvara 10 mengdesko,activities/2899575416.fit.gz,69.0,,5716.0,5589.0,15340.7001953125,5.900000095367432,,307.0,303.0,345.20001220703125,477.6000061035156,25.0,0.06127490848302841,,,93.0,80.98322296142578,182.0,152.0,,,872.0,,23.0,27.0,,,,,,2.0,,,,,0.0,26.0,0.0,,,16173.7998046875,,,,,,,,,,,,,,,,4827757.0,,,,,,,,,,,,,,,,,,,,,,,,media/a043edf8-85e1-4a6e-bad7-ee1a3dcd9b05.jpg
2741303831,"Sep 26, 2019, 12:43:10 PM",Dobbelvognen 👨‍👧‍👧💪,Run,"",1825,4.67,181.0,11,false,,Saucony kinvara 10 mengdesko,activities/2905549059.fit.gz,69.0,,1825.0,1793.0,4670.2998046875,4.199999809265137,,73.0,73.0,365.79998779296875,417.3999938964844,14.800000190734863,-0.07708284258842468,,,89.0,80.79217529296875,181.0,155.0,,,318.0,,22.0,11.0,,,,,,,,,,,0.0,,0.0,,,4846.7001953125,,,,,,,,,,,,,,,,4827757.0,,,,,,,,,,,,,,,,,,,,,,,,""
2749437053,"Sep 29, 2019, 12:38:50 PM",5x1min bakkeintervaller,Run,"",4164,9.38,187.0,27,false,,Salomon S-Lab 2 terrengsko slab ,activities/2914015767.fit.gz,69.0,,4164.0,3649.0,9384.900390625,4.699999809265137,,302.0,319.0,121.4000015258789,239.0,45.20000076293945,-0.014917580410838127,,,89.0,79.77655029296875,187.0,159.0,,,654.0,,22.0,27.0,,,,,,7.0,,,,,,116.0,0.0,,,10697.2998046875,,,,,,,,,,,,,,,,4827744.0,,,,,,,,,,,,7003.0,,,,,,,,,,,,""
2759120645,"Oct 3, 2019, 8:09:25 AM",Morning Run,Run,"",4647,12.42,192.0,44,false,,Saucony kinvara 10 mengdesko,activities/2924113627.fit.gz,69.0,,4647.0,4548.0,12421.7998046875,5.199999809265137,,390.0,395.0,70.80000305175781,337.79998779296875,44.400001525878906,-0.07245326787233353,,,102.0,80.2333755493164,192.0,164.0129852294922,,,797.0,,18.0,44.0,,,,,,7.0,,,,,0.0,145.0,0.0,,,14002.2001953125,,,,,,,,,,,,,,,,4827757.0,,,,,,,,,,,,6655.2998046875,,,,,,,,,,,,""
2766882093,"Oct 6, 2019, 7:52:36 AM",Morning Activity,Workout,"",6095,5.86,164.0,8,false,,,activities/2932208205.fit.gz,69.0,,6095.0,3698.0,5861.5,4.400000095367432,,128.0,149.0,71.5999984741211,184.8000030517578,27.399999618530273,-0.31050071120262146,,,87.0,78.45207214355469,164.0,110.0,,,385.0,,21.0,8.0,,,,,,,,,,,0.0,,0.0,,,,,,,,,,,,,,,,,,,,,,,,,,,,,,,2120.699951171875,,,,,,,,,,,,""
2767171206,"Oct 6, 2019, 10:16:11 AM",Lunch Run,Run,"",3617,4.65,179.0,11,false,,Salomon S-Lab 2 terrengsko slab ,activities/2932506069.fit.gz,69.0,,3617.0,2605.0,4653.0,4.300000190734863,,129.0,82.0,78.19999694824219,189.60000610351562,29.200000762939453,0.8037825226783752,,,88.0,56.20109558105469,179.0,134.0,,,342.0,,22.0,11.0,,,,,,,,,,,0.0,,0.0,,,5049.89990234375,,,,,,,,,,,,,,,,4827744.0,,,,,,,,,,,,1272.0999755859375,,,,,,,,,,,,""
2770757412,"Oct 7, 2019, 5:55:19 PM",Evening Run,Run,"",2576,7.18,191.0,21,false,,Saucony kinvara 10 mengdesko,activities/2936249416.fit.gz,69.0,,2576.0,2513.0,7181.2001953125,6.800000190734863,,197.0,144.0,152.8000030517578,266.79998779296875,49.0,0.738038182258606,,,108.0,81.1661148071289,191.0,160.0,,,433.0,,17.0,21.0,,,,,,,,,,,0.0,,0.0,,,7707.0,,,,,,,,,,,,,,,,4827757.0,,,,,,,,,,,,3231.60009765625,,,,,,,,,,,,""
2777189408,"Oct 10, 2019, 7:16:48 AM",Halvveis vellykket recon deler av lommedalen rundt,Run,"",6042,14.65,188.0,42,false,,Saucony kinvara 10 mengdesko,activities/2942936570.fit.gz,69.0,,6042.0,5424.0,14651.7998046875,4.599999904632568,,384.0,361.0,87.19999694824219,322.6000061035156,34.5,0.1542472541332245,,,97.0,80.4986801147461,188.0,160.0,,,924.0,,20.0,42.0,,,,,,,,,,,0.0,,0.0,,,16133.2998046875,,,,,,,,,,,,,,,,4827757.0,,,,,,,,,,,,,,,,,,,,,,,,""
2785666960,"Oct 13, 2019, 11:21:23 AM",Litt mer research Lommedalen Rundt,Run,"",6877,16.45,189.0,52,false,,Salomon S-Lab 2 terrengsko slab ,activities/2951905213.fit.gz,69.0,,6877.0,6589.0,16453.19921875,4.5,,548.132080078125,574.0,123.5,288.6000061035156,49.5,0.601098895072937,,,88.0,77.87986755371094,189.0,160.27484130859375,,,1211.0,,19.0,52.0,,,,,,6.0,,,,,0.0,173.0,0.0,,,18815.0,,,,,,,,,,,,,,,,4827744.0,,,,,,,,,,,,11271.400390625,,,,,,,,,,,,""
2792987319,"Oct 16, 2019, 9:48:51 AM",Lommedalen,Run,"",4113,10.06,189.0,20,false,,Saucony kinvara 10 mengdesko,activities/2959713110.fit.gz,69.0,,4113.0,3803.0,10059.7001953125,4.199999809265137,,294.0,350.0,90.0,193.60000610351562,21.299999237060547,-0.6719882488250732,,,91.0,80.93547821044922,189.0,150.0,,,609.0,,16.0,20.0,,,,,,,,,,,0.0,,0.0,,,11154.5,,,,,,,,,,,,,,,,4827757.0,,,,,,,,,,,,6316.2001953125,,,,,,,,,,,,media/96041f4a-8cce-4327-97fb-983056be6d16.jpg
2798139148,"Oct 18, 2019, 12:16:33 PM",Joggetur,Run,grei omvei til barnehagen,4883,13.69,173.0,23,false,,Saucony kinvara 10 mengdesko,activities/2965156716.fit.gz,69.0,,4883.0,4716.0,13691.7998046875,4.199999809265137,,164.0,230.0,113.19999694824219,196.1999969482422,34.599998474121094,-0.47619742155075073,,,88.0,82.10601043701172,173.0,156.0,,,813.0,,19.0,23.0,,,,,,,,,,,0.0,,0.0,,,13923.2998046875,,,,,,,,,,,,,,,,4827757.0,,,,,,,,,,,,1647.699951171875,,,,,,,,,,,,""
2812769560,"Oct 24, 2019, 7:18:42 AM",Morning Run,Run,"",2148,5.38,169.0,7,false,,Saucony kinvara 10 mengdesko,activities/2980841216.fit.gz,69.0,,2148.0,2127.0,5383.5,3.4000000953674316,,95.0,102.0,182.0,224.1999969482422,45.0,-0.04458066448569298,,,81.0,77.95052337646484,169.0,141.0,,,321.0,,17.0,7.0,,,,,,,,,,,0.0,,0.0,,,5624.0,,,,,,,,,,,,,,,,4827757.0,,,,,,,,,,,,2431.89990234375,,,,,,,,,,,,""
2817928718,"Oct 26, 2019, 9:29:55 AM",Lommedalen rundt 2019,Run,Veldig gøy og veldig tungt!,7154,18.66,201.0,195,false,,Salomon S-Lab 2 terrengsko slab ,activities/2986387917.fit.gz,69.0,,7154.0,7134.0,18661.400390625,5.400000095367432,,705.0,708.0,76.4000015258789,358.79998779296875,49.099998474121094,-0.04929962381720543,,,101.0,78.2282943725586,201.0,184.91844177246094,,,1569.0,,17.0,195.0,,,,,,10.0,,,,,0.0,435.0,0.0,,,21829.30078125,,,,,,,,,,,,,,,,4827744.0,,,,,,,,,,,,,,,,,,,,,,,,""
2826058837,"Oct 29, 2019, 1:36:55 PM",Afternoon Run,Run,,2078,6.19,171.0,9,false,,Salomon S-Lab 2 terrengsko slab ,activities/2995211568.fit.gz,69.0,,2078.0,2065.0,6194.7998046875,4.900000095367432,,109.0,184.0,70.0,166.60000610351562,20.0,-1.2171498537063599,,,87.0,83.29692840576172,171.0,154.0,,,369.0,,21.0,9.0,,,,,,,,,,,,,0.0,,,6445.39990234375,,,,,,,,,,,,,,,,4827744.0,,,,,,,,,,,,3452.0,,,,,,,,,,,,""
2834583184,"Nov 2, 2019, 8:00:55 AM",Morning Run,Run,"",2040,5.07,180.0,8,false,,Saucony kinvara 10 mengdesko,activities/3004602856.fit.gz,69.0,,2040.0,2021.0,5071.10009765625,3.5,,116.0,113.0,100.4000015258789,196.60000610351562,31.5,0.03943917527794838,,,87.0,78.14905548095703,180.0,146.0,,,331.0,,17.0,8.0,,,,,,,,,,,0.0,,0.0,,,5465.7001953125,,,,,,,,,,,,,,,,4827757.0,,,,,,,,,,,,2298.300048828125,,,,,,,,,,,,""
2866427051,"Nov 15, 2019, 1:19:05 PM",Afternoon Run,Run,"",1852,5.31,186.0,9,false,,Saucony kinvara 10 mengdesko,activities/3041288496.fit.gz,69.0,,1852.0,1814.0,5311.7998046875,4.599999904632568,,73.0,72.0,156.0,184.1999969482422,21.200000762939453,0.0037652018945664167,,,89.0,80.80133056640625,186.0,148.0,,,303.0,,16.0,9.0,,,,,,,,,,,0.0,,0.0,,,5480.39990234375,,,,,,,,,,,,,,,,4827757.0,,,,,,,,,,,,167.60000610351562,,,,,,,,,,,,""
2873823627,"Nov 18, 2019, 12:45:01 PM",Rundt steinshøgda,Run,"",3138,6.31,186.0,21,false,,Salomon S-Lab 2 terrengsko slab ,activities/3050215025.fit.gz,69.0,,3138.0,2823.0,6309.7001953125,3.9000000953674316,2.235104560852051,214.0,233.0,153.8000030517578,270.0,47.79999923706055,-0.07290362566709518,,,108.0,75.66287994384766,186.0,159.0,,,509.0,,24.0,21.0,,,,,,,,,,,0.0,,0.0,,,7737.2001953125,,,,,,,,,,,,,,,,4827744.0,,,,,,,,,,,,4405.60009765625,,,,,,,,,,,,""
2880780391,"Nov 21, 2019, 10:58:43 AM",Lunch Run,Run,,5002,12.22,203.0,73,false,,Salomon S-Lab 2 terrengsko slab ,activities/3058649684.fit.gz,69.0,,5002.0,4939.0,12220.7998046875,4.400000095367432,2.4743471145629883,461.0,454.0,84.19999694824219,288.79998779296875,43.900001525878906,0.0032731080427765846,,,98.0,79.34931182861328,203.0,171.06236267089844,,,959.0,,18.0,73.0,,,,,,,,,,,,,0.0,,,14337.7001953125,,,,,,,,,,,,,,,,4827744.0,,,,,,,,,,,,8527.0,,,,,,,,,,,,""
2884692233,"Nov 23, 2019, 9:05:17 AM",Morning Run,Run,"",2443,6.30,183.0,11,false,,Saucony kinvara 10 mengdesko,activities/3063816379.fit.gz,69.0,,2443.0,2359.0,6308.2001953125,3.9000000953674316,2.6740992069244385,116.0,117.0,68.5999984741211,167.1999969482422,31.700000762939453,-0.06658000499010086,,,88.0,80.25043487548828,183.0,150.0,,,408.0,,17.0,11.0,,,,,,,,,,,0.0,,0.0,,,6691.39990234375,,,,,,,,,,,,,,,,4827757.0,,,,,,,,,,,,2105.89990234375,,,,,,,,,,,,""
2906111745,"Dec 2, 2019, 11:28:20 AM",Vogntur + flatt batteri,Run,"",3953,9.21,190.0,43,false,,Salomon S-Lab 2 terrengsko slab ,activities/3090348949.fit.gz,69.0,,3953.0,3641.0,9209.7001953125,5.599999904632568,2.529442548751831,224.0,225.0,128.60000610351562,275.20001220703125,26.700000762939453,0.34528812766075134,,,102.0,80.99492645263672,190.0,167.0,,,688.0,,12.0,43.0,,,,,,,,,,,0.0,,0.0,,,9952.0,,,,,,,,,,,,,,,,4827744.0,,,,,,,,,,,,7155.7001953125,,,,,,,,,,,,""
2912936165,"Dec 5, 2019, 12:30:10 PM",Nesten til Tjæregrashøgda,Run,skulle hatt med truger...,6638,15.33,199.0,116,false,,Salomon S-Lab 2 terrengsko slab ,activities/3098428032.fit.gz,69.0,,6638.0,6361.0,15338.2001953125,4.900000095367432,2.411287546157837,463.0,447.0,125.80000305175781,443.20001220703125,46.0,0.10301078110933304,,,89.0,78.53617858886719,199.0,173.9737091064453,,,1271.0,,16.0,116.0,,,,,,8.0,,,,,0.0,273.0,0.0,,,17388.19921875,,,,,,,,,,,,,,,,4827744.0,,,,,,,,,,,,10781.900390625,,,,,,,,,,,,""
2948959648,"Dec 22, 2019, 10:58:42 AM",Lunch Run,Run,,5043,13.91,182.0,33,false,,Salomon S-Lab 2 terrengsko slab ,activities/3140258735.fit.gz,69.0,,5043.0,4974.0,13911.2001953125,4.400000095367432,2.796783208847046,240.0,246.0,97.0,206.60000610351562,48.0,-0.040255334228277206,,,89.0,80.81044006347656,182.0,158.0,,,861.0,,18.0,33.0,,,,,,,,,,,,,0.0,,1.0,14529.400390625,,,,,,,,,,,,,,,,4827744.0,,,,,,,,,,,,3798.699951171875,,,,,,,,,,,,""
2952931386,"Dec 24, 2019, 8:36:53 AM",Morning Run,Run,,5960,14.39,183.0,25,false,,Salomon S-Lab 2 terrengsko slab ,activities/3144839143.fit.gz,69.0,,5960.0,5742.0,14393.0,4.199999809265137,2.50600004196167,328.0,335.0,84.80000305175781,172.0,41.599998474121094,-0.020843464881181717,,,86.0,79.30857849121094,183.0,148.0,,,870.0,,18.0,25.0,,,,,,,,,,,,,0.0,,1.0,15487.400390625,,,,,,,,,,,,,,,,4827744.0,,,,,,,,,,,,7881.7998046875,,,,,,,,,,,,""
2956863490,"Dec 26, 2019, 8:42:54 AM",Morning Run,Run,"",4311,8.76,192.0,46,false,,Salomon S-Lab 2 terrengsko slab ,activities/3149426600.fit.gz,69.0,,4311.0,3956.0,8759.7998046875,5.5,2.2143073081970215,370.0,392.0,138.1999969482422,355.20001220703125,47.900001525878906,-0.11415785551071167,,,95.0,77.0076675415039,192.0,163.61007690429688,,,712.0,,22.0,46.0,,,,,,,,,,,0.0,,0.0,,1.0,10714.7998046875,,,,,,,,,,,,,,,,4827744.0,,,,,,,,,,,,2402.199951171875,,,,,,,,,,,,media/1ba54c92-03a7-40f3-8fdf-c451f9911e84.jpg
2972665405,"Jan 1, 2020, 11:42:24 AM",Lunch Run,Run,,3408,7.79,190.0,29,false,,Salomon S-Lab 2 terrengsko slab ,activities/3167491446.fit.gz,69.0,,3408.0,3371.0,7793.2998046875,4.199999809265137,2.31186580657959,264.0,275.0,167.8000030517578,354.0,49.0,-0.09238705039024353,,,112.0,77.6368179321289,190.0,161.0,,,597.0,,24.0,29.0,,,,,,,,,,,,,0.0,,1.0,9163.7001953125,,,,,,,,,,,,,,,,4827744.0,,,,,,,,,,,,1323.199951171875,,,,,,,,,,,,""
2975484302,"Jan 2, 2020, 12:27:29 PM",Afternoon Run,Run,,2545,7.24,193.0,17,false,,Salomon S-Lab 2 terrengsko slab ,activities/3170677733.fit.gz,69.0,,2545.0,2510.0,7242.2998046875,4.800000190734863,2.884999990463257,166.0,160.0,99.19999694824219,193.8000030517578,40.0,0.05799262598156929,,,88.0,82.22984313964844,193.0,159.0,,,468.0,,22.0,17.0,,,,,,,,,,,,,0.0,,1.0,7769.5,,,,,,,,,,,,,,,,4827744.0,,,,,,,,,,,,2360.300048828125,,,,,,,,,,,,""
2980295882,"Jan 4, 2020, 8:38:40 AM",Morning Run,Run,"",4737,10.91,195.0,76,false,,Salomon S-Lab 2 terrengsko slab ,activities/3176119860.fit.gz,69.0,,4737.0,4528.0,10913.900390625,4.099999904632568,2.4100000858306885,274.0,303.0,90.5999984741211,307.20001220703125,38.79999923706055,-0.24739094078540802,,,89.0,78.01377868652344,195.0,172.0,,,917.0,,17.0,76.0,,,,,,,,,,,0.0,,0.0,,1.0,12065.0,,,,,,,,,,,,,,,,4827744.0,,,,,,,,,,,,6603.60009765625,,,,,,,,,,,,""
2987064796,"Jan 6, 2020, 12:09:02 PM",Kort tur med vogn 👏,Run,"",2827,7.05,185.0,26,false,,Salomon S-Lab 2 terrengsko slab ,activities/3183748195.fit.gz,69.0,,2827.0,2731.0,7055.89990234375,4.300000190734863,2.5840001106262207,160.0,165.0,87.5999984741211,218.1999969482422,24.0,-0.02267605811357498,,,103.0,80.30026245117188,185.0,162.0,,,507.0,,18.0,26.0,,,,,,,,,,,0.0,,0.0,,1.0,7437.7001953125,,,,,,,,,,,,,,,,4827744.0,,,,,,,,,,,,1368.4000244140625,,,,,,,,,,,,""
2995772402,"Jan 9, 2020, 12:36:15 PM",Måtte snu for å Finne igjen smokken,Run,"",3685,9.18,198.0,20,false,,Salomon S-Lab 2 terrengsko slab ,activities/3193601835.fit.gz,69.0,,3685.0,3477.0,9188.5,4.400000095367432,2.6419999599456787,133.0,129.0,85.0,170.39999389648438,26.700000762939453,0.034826140850782394,,,104.0,79.82878112792969,198.0,154.0,,,591.0,,14.0,20.0,,,,,,,,,,,0.0,,0.0,,1.0,9591.0,,,,,,,,,,,,,,,,4827744.0,,,,,,,,,,,,3775.300048828125,,,,,,,,,,,,""
3003687454,"Jan 12, 2020, 8:19:34 AM",Morning Run,Run,"",5083,15.17,190.0,74,false,,Saucony kinvara 10 mengdesko,activities/3202478492.fit.gz,69.0,,5083.0,5060.0,15177.900390625,5.400000095367432,2.999000072479248,287.0,308.0,41.400001525878906,215.60000610351562,25.799999237060547,-0.11464036256074905,,,87.0,82.16680145263672,190.0,170.0,,,1005.0,,17.0,74.0,,,,,,7.0,,,,,0.0,161.0,0.0,,1.0,15813.2001953125,,,,,,,,,,,,,,,,4827757.0,,,,,,,,,,,,974.5,,,,,,,,,,,,""
3016244596,"Jan 16, 2020, 12:50:44 PM",Afternoon Run,Run,,2232,5.42,170.0,8,false,,Salomon S-Lab 2 terrengsko slab ,activities/3216498848.fit.gz,69.0,,2232.0,2153.0,5422.5,3.5,2.5179998874664307,61.0,80.0,105.80000305175781,138.0,28.200000762939453,-0.19179345667362213,,,84.0,79.93041229248047,170.0,149.0,,,358.0,,17.0,8.0,,,,,,,,,,,,,0.0,,1.0,5571.7998046875,,,,,,,,,,,,,,,,4827744.0,,,,,,,,,,,,156.10000610351562,,,,,,,,,,,,""
3036792798,"Jan 23, 2020, 4:44:23 PM",Afternoon Run,Run,"",2339,6.89,186.0,17,false,,Saucony kinvara 10 mengdesko,activities/3239469649.fit.gz,69.0,,2339.0,2286.0,6896.2001953125,4.900000095367432,3.0167105197906494,93.0,92.0,154.0,182.0,14.600000381469727,-0.020301034674048424,,,92.0,81.62877655029297,186.0,159.0,,,415.0,,16.0,17.0,,,,,,,,,,,0.0,,0.0,,1.0,7103.7001953125,,,,,,,,,,,,,,,,4827757.0,,,,,,,,,,,,178.0,,,,,,,,,,,,""
3041925770,"Jan 25, 2020, 1:26:41 PM",Afternoon Run,Run,"",2912,7.91,181.0,14,false,,Saucony kinvara 10 mengdesko,activities/3245192485.fit.gz,69.0,,2912.0,2793.0,7916.2001953125,4.0,2.8340001106262207,144.0,148.0,98.5999984741211,196.60000610351562,46.0,-0.13895556330680847,,,86.0,80.48385620117188,181.0,155.0,,,499.0,,17.0,14.0,,,,,,,,,,,0.0,,0.0,,1.0,8314.5,,,,,,,,,,,,,,,,4827757.0,,,,,,,,,,,,1980.0999755859375,,,,,,,,,,,,""
3061185668,"Feb 1, 2020, 8:35:24 AM",Morning Run,Run,,4263,9.76,191.0,41,false,,Salomon S-Lab 2 terrengsko slab ,activities/3266985018.fit.gz,69.0,,4263.0,4089.0,9764.7998046875,4.199999809265137,2.388000011444092,310.0,299.0,31.600000381469727,252.39999389648438,40.400001525878906,-0.030722595751285553,,,92.0,77.5403060913086,191.0,165.0,,,780.0,,21.0,41.0,,,,,,,,,,,,,0.0,,1.0,11020.7001953125,,,,,,,,,,,,,,,,4827744.0,,,,,,,,,,,,2435.60009765625,,,,,,,,,,,,""
3081219558,"Feb 8, 2020, 7:34:06 AM",Morning Ride,Ride,,1739,10.77,176.0,9,false,,Nye CXen,activities/3289329490.fit.gz,69.0,12.0,1739.0,1739.0,10772.7001953125,12.600000381469727,6.192999839782715,107.0,246.0,11.0,177.39999389648438,15.199999809265137,-1.292155146598816,,,,,176.0,145.0,,123.44367218017578,292.0,,21.0,9.0,,,,,,,,,,,,,0.0,,1.0,,,,,,,,,,,,,,,,3718715.0,,,,,,,,,,,,,0.0,,,,,,,,,,,,""
3083432984,"Feb 8, 2020, 2:30:55 PM",Afternoon Ride,Ride,,2408,10.77,177.0,12,false,,Nye CXen,activities/3291742457.fit.gz,69.0,12.0,2408.0,2365.0,10771.2998046875,10.800000190734863,4.4720001220703125,250.0,113.0,97.0,263.20001220703125,21.700000762939453,1.2644712924957275,,,,,177.0,144.0,,150.09133911132812,400.0,,16.0,12.0,,,,,,,,,,,,,0.0,,1.0,,,,,,,,,,,,,,,,3718715.0,,,,,,,,,,,,,240.8000030517578,,,,,,,,,,,,""
3084711742,"Feb 9, 2020, 7:32:12 AM",Morning Ride,Ride,,2002,11.01,175.0,8,false,,Nye CXen,activities/3293203625.fit.gz,69.0,12.0,2002.0,1964.0,11010.5,12.399999618530273,5.497000217437744,125.0,252.0,24.799999237060547,185.1999969482422,22.200000762939453,-1.1661596298217773,,,,,175.0,141.0,,127.00874328613281,318.0,,16.0,8.0,,,,,,,,,,,,,0.0,,1.0,,,,,,,,,,,,,,,,3718715.0,,,,,,,,,,,,,0.0,,,,,,,,,,,,""
3086046362,"Feb 9, 2020, 2:30:40 PM",Afternoon Ride,Ride,,2297,10.77,180.0,20,false,,Nye CXen,activities/3294655808.fit.gz,69.0,12.0,2297.0,2297.0,10769.2001953125,11.5,4.688000202178955,266.0,111.0,96.4000015258789,283.20001220703125,26.700000762939453,1.4504326581954956,,,,,180.0,159.0,,167.04229736328125,445.0,,18.0,20.0,,,,,,,,,,,,,0.0,,1.0,,,,,,,,,,,,,,,,3718715.0,,,,,,,,,,,,,251.5,,,,,,,,,,,,""
3089790705,"Feb 11, 2020, 6:02:13 AM",Morning Ride,Ride,,1826,10.98,176.0,6,false,,Nye CXen,activities/3298878716.fit.gz,69.0,12.0,1826.0,1739.0,10985.400390625,14.0,6.252999782562256,119.0,281.0,-14.0,161.60000610351562,25.0,-1.4965317249298096,,,,,176.0,134.0,,140.68927001953125,252.0,,16.0,6.0,,,,,,,,,,,,,0.0,,1.0,,,,,,,,,,,,,,,,3718715.0,,,,,,,,,,,,,0.0,,,,,,,,,,,,""
3090966202,"Feb 11, 2020, 4:00:41 PM",Afternoon Ride,Ride,,2173,10.90,156.0,5,false,,Nye CXen,activities/3300201760.fit.gz,69.0,12.0,2173.0,2173.0,10900.7001953125,10.800000190734863,5.017000198364258,250.0,116.0,97.5999984741211,261.3999938964844,15.899999618530273,1.2347830533981323,,,,,156.0,122.0,,168.44273376464844,253.0,,14.0,5.0,,,,,,,,,,,,,0.0,,1.0,,,,,,,,,,,,,,,,3718715.0,,,,,,,,,,,,,37.400001525878906,,,,,,,,,,,,""
3092788317,"Feb 12, 2020, 7:53:46 AM",Morning Ride,Ride,,1663,10.79,167.0,6,false,,Nye CXen,activities/3302201044.fit.gz,69.0,12.0,1663.0,1663.0,10792.7998046875,13.800000190734863,6.489999771118164,111.0,250.0,11.800000190734863,184.0,14.300000190734863,-1.293454885482788,,,,,167.0,140.0,,138.5417938232422,264.0,,18.0,6.0,,,,,,,,,,,,,0.0,,1.0,,,,,,,,,,,,,,,,3718715.0,,,,,,,,,,,,,0.0,,,,,,,,,,,,""
3093624927,"Feb 12, 2020, 2:24:53 PM",Afternoon Ride,Ride,,2253,10.75,177.0,15,false,,Nye CXen,activities/3303142963.fit.gz,69.0,12.0,2253.0,2253.0,10757.400390625,10.899999618530273,4.77400016784668,236.0,106.0,97.4000015258789,258.20001220703125,18.200000762939453,1.2140480279922485,,,,,177.0,150.0,,155.226318359375,401.0,,18.0,15.0,,,,,,,,,,,,,0.0,,1.0,,,,,,,,,,,,,,,,3718715.0,,,,,,,,,,,,,187.1999969482422,,,,,,,,,,,,""
3095508236,"Feb 13, 2020, 6:25:33 AM",Morning Ride,Ride,,1767,10.94,176.0,7,false,,Nye CXen,activities/3305228866.fit.gz,69.0,12.0,1767.0,1688.0,10941.900390625,12.800000190734863,6.426000118255615,120.0,256.0,13.199999809265137,183.39999389648438,26.700000762939453,-1.2538955211639404,,,,,176.0,144.0,,143.5077667236328,288.0,,14.0,7.0,,,,,,,,,,,,,0.0,,1.0,,,,,,,,,,,,,,,,3718715.0,,,,,,,,,,,,,0.0,,,,,,,,,,,,""
3096670168,"Feb 13, 2020, 4:20:04 PM",Afternoon Ride,Ride,,2178,10.78,184.0,17,false,,Nye CXen,activities/3306531928.fit.gz,69.0,12.0,2178.0,2178.0,10785.900390625,9.899999618530273,4.951000213623047,233.0,101.0,97.4000015258789,260.20001220703125,16.100000381469727,1.2219656705856323,,,,,184.0,155.0,,157.97518920898438,409.0,,24.0,17.0,,,,,,,,,,,,,0.0,,1.0,,,,,,,,,,,,,,,,3718715.0,,,,,,,,,,,,,27.200000762939453,,,,,,,,,,,,""
3098157021,"Feb 14, 2020, 6:15:54 AM",Morning Ride,Ride,,1689,10.81,154.0,4,false,,Nye CXen,activities/3308176775.fit.gz,69.0,12.0,1689.0,1674.0,10813.2998046875,14.0,6.4029998779296875,121.0,259.0,13.199999809265137,183.1999969482422,14.300000190734863,-1.2799053192138672,,,,,154.0,126.0,,148.1868133544922,208.0,,8.0,4.0,,,,,,,,,,,,,0.0,,1.0,,,,,,,,,,,,,,,,3718715.0,,,,,,,,,,,,,0.0,,,,,,,,,,,,""
3099310921,"Feb 14, 2020, 4:02:37 PM",Afternoon Ride,Ride,,2101,10.73,178.0,8,false,,Nye CXen,activities/3309488795.fit.gz,69.0,12.0,2101.0,2101.0,10733.599609375,10.0,5.107999801635742,248.0,108.0,96.80000305175781,265.3999938964844,16.5,1.296862244606018,,,,,178.0,135.0,,170.34844970703125,300.0,,12.0,8.0,,,,,,,,,,,,,0.0,,1.0,,,,,,,,,,,,,,,,3718715.0,,,,,,,,,,,,,36.0,,,,,,,,,,,,""
3100607386,"Feb 15, 2020, 6:19:42 AM",Morning Ride,Ride,,2216,11.01,160.0,5,false,,Nye CXen,activities/3310966139.fit.gz,69.0,12.0,2216.0,1829.0,11011.5,12.899999618530273,4.968999862670898,120.0,257.0,12.0,181.1999969482422,13.600000381469727,-1.2368887662887573,,,,,160.0,126.0,,126.59505462646484,280.0,,18.0,5.0,,,,,,,,,,,,,0.0,,1.0,,,,,,,,,,,,,,,,3718715.0,,,,,,,,,,,,,0.0,,,,,,,,,,,,""
3102381531,"Feb 15, 2020, 4:04:41 PM",Afternoon Ride,Ride,,2023,10.75,181.0,7,false,,Nye CXen,activities/3312925400.fit.gz,69.0,12.0,2023.0,2023.0,10750.2998046875,11.0,5.311999797821045,255.0,111.0,96.0,271.79998779296875,17.899999618530273,1.345078706741333,,,,,181.0,128.0,,183.43585205078125,260.0,,16.0,7.0,,,,,,,,,,,,,0.0,,1.0,,,,,,,,,,,,,,,,3718715.0,,,,,,,,,,,,,116.5999984741211,,,,,,,,,,,,""
3108079452,"Feb 17, 2020, 6:28:11 AM",Morning Ride,Ride,,2214,11.06,181.0,8,false,,Nye CXen,activities/3319358062.fit.gz,69.0,12.0,2214.0,1775.0,11065.2998046875,13.899999618530273,5.627999782562256,130.0,254.0,7.599999904632568,180.39999389648438,33.20000076293945,-1.1314650774002075,,,,,181.0,135.0,,140.6603546142578,283.0,,18.0,8.0,,,,,,,,,,,,,0.0,,1.0,,,,,,,,,,,,,,,,3718715.0,,,,,,,,,,,,,0.0,,,,,,,,,,,,""
3108081120,"Feb 17, 2020, 4:21:11 PM",Afternoon Ride,Ride,,2163,10.72,179.0,11,false,,Nye CXen,activities/3319359804.fit.gz,69.0,12.0,2163.0,2163.0,10724.599609375,11.399999618530273,4.959000110626221,244.0,116.0,96.19999694824219,256.6000061035156,17.899999618530273,1.1953825950622559,,,,,179.0,144.0,,166.03883361816406,358.0,,17.0,11.0,,,,,,,,,,,,,0.0,,1.0,,,,,,,,,,,,,,,,3718715.0,,,,,,,,,,,,,25.200000762939453,,,,,,,,,,,,""
3109655613,"Feb 18, 2020, 5:55:44 AM",Morning Ride,Ride,,2186,10.96,174.0,6,false,,Nye CXen,activities/3321114478.fit.gz,69.0,12.0,2186.0,1901.0,10961.599609375,13.600000381469727,5.560999870300293,121.0,258.0,13.600000381469727,184.39999389648438,36.0,-1.251642107963562,,,,,174.0,129.0,,123.55252075195312,263.0,,17.0,6.0,,,,,,,,,,,,,0.0,,1.0,,,,,,,,,,,,,,,,3718715.0,,,,,,,,,,,,,0.0,,,,,,,,,,,,""
3111014255,"Feb 18, 2020, 4:19:27 PM",Afternoon Ride,Ride,,2238,10.75,178.0,18,false,,Nye CXen,activities/3322642833.fit.gz,69.0,12.0,2238.0,2238.0,10751.2001953125,10.5,4.802000045776367,243.0,110.0,97.80000305175781,260.6000061035156,17.399999618530273,1.2314904928207397,,,,,178.0,156.0,,154.4333038330078,422.0,,18.0,18.0,,,,,,,,,,,,,0.0,,1.0,,,,,,,,,,,,,,,,3718715.0,,,,,,,,,,,,,166.60000610351562,,,,,,,,,,,,""
3115623159,"Feb 20, 2020, 6:51:27 AM",Morning Ride,Ride,,1680,10.77,168.0,7,false,,Nye CXen,activities/3327771247.fit.gz,69.0,12.0,1680.0,1642.0,10775.7998046875,12.199999809265137,6.414999961853027,117.0,252.0,94.0,263.0,15.600000381469727,-1.2490952014923096,,,,,168.0,143.0,,147.0183563232422,279.0,,14.0,7.0,,,,,,,,,,,,,0.0,,1.0,,,,,,,,,,,,,,,,3718715.0,,,,,,,,,,,,,0.0,,,,,,,,,,,,""
3122623115,"Feb 22, 2020, 4:28:16 PM",Afternoon Ride,Ride,,2188,10.63,184.0,17,false,,Nye CXen,activities/3335550892.fit.gz,69.0,12.0,2188.0,2169.0,10632.5,10.600000381469727,4.859000205993652,252.0,122.0,168.0,330.20001220703125,15.5,1.2283093929290771,,,,,184.0,157.0,,163.537109375,418.0,,16.0,17.0,,,,,,,,,,,,,0.0,,1.0,,,,,,,,,,,,,,,,3718715.0,,,,,,,,,,,,,274.5,,,,,,,,,,,,""
3123896011,"Feb 23, 2020, 5:41:47 AM",Morning Ride,Ride,,1761,10.74,169.0,6,false,,Nye CXen,activities/3336986499.fit.gz,69.0,12.0,1761.0,1761.0,10740.5,11.600000381469727,6.098999977111816,109.0,246.0,153.8000030517578,321.3999938964844,12.899999618530273,-1.2680974006652832,,,,,169.0,137.0,,118.99942779541016,268.0,,21.0,6.0,,,,,,,,,,,,,0.0,,1.0,,,,,,,,,,,,,,,,3718715.0,,,,,,,,,,,,,0.0,,,,,,,,,,,,""
3125706393,"Feb 23, 2020, 3:34:40 PM",Afternoon Ride,Ride,,2333,10.76,178.0,13,false,,Nye CXen,activities/3338965479.fit.gz,69.0,12.0,2333.0,2242.0,10764.7998046875,9.800000190734863,4.613999843597412,243.0,116.0,96.19999694824219,255.1999969482422,44.400001525878906,1.2057818174362183,,,,,178.0,149.0,,153.7796630859375,411.0,,18.0,13.0,,,,,,,,,,,,,0.0,,1.0,,,,,,,,,,,,,,,,3718715.0,,,,,,,,,,,,,41.29999923706055,,,,,,,,,,,,""
3130784490,"Feb 25, 2020, 1:01:58 PM",Afternoon Run,Walk,"",3274,6.00,140.0,8,false,,Saucony kinvara 10 mengdesko,activities/3344636361.fit.gz,69.0,,3274.0,3274.0,6005.7001953125,6.300000190734863,1.8343616724014282,83.4000015258789,78.0,28.600000381469727,72.0,19.100000381469727,-0.059943053871393204,,,79.0,57.92872619628906,140.0,120.71585845947266,,,353.0,,17.0,8.0,,,,,,,,,,,0.0,,0.0,,1.0,6197.5,,,,,,,,,,,,,,,,4827757.0,,,,,,,,,,,,,,,,,,,,,,,,""
3187724880,"Mar 16, 2020, 6:45:32 AM",Morning Run,Run,,2452,6.24,186.0,11,false,,Saucony kinvara 10 mengdesko,activities/3407836056.fit.gz,69.0,,2452.0,2355.0,6246.5,4.199999809265137,2.6519999504089355,109.0,123.0,62.400001525878906,167.39999389648438,45.29999923706055,-0.17609861493110657,,,102.0,79.16960906982422,186.0,149.0,,,402.0,,21.0,11.0,,,,,,,,,,,,,0.0,,1.0,6611.2998046875,,,,,,,,,,,,,,,,4827757.0,,,,,,,,,,,,2508.89990234375,,,,,,,,,,,,""
3194206487,"Mar 18, 2020, 2:15:44 PM",Afternoon Hike,Hike,"",388,0.47,,,false,,Saucony kinvara 10 mengdesko,activities/3194206487.gpx,69.0,,388.0,388.0,478.6000061035156,2.299999952316284,1.233505129814148,3.8333332538604736,18.133329391479492,159.89999389648438,178.0,19.100000381469727,-2.9878814220428467,,,,,,,,,40.575191497802734,,,,,,,,,,,,,,0.0,,0.0,,1.0,,,,,,,,,,,,,,,,,4827757.0,,,,,,,,,,,,,,,,,,,,,,,,""
3196843388,"Mar 19, 2020, 10:18:27 AM",Lunch Run,Run,,3756,9.38,189.0,42,false,,Saucony kinvara 10 mengdesko,activities/3417700430.fit.gz,69.0,,3756.0,3716.0,9385.599609375,4.0,2.5250000953674316,235.0,232.0,151.1999969482422,281.3999938964844,49.0,-0.027702011168003082,,,86.0,78.35476684570312,189.0,167.0,,,713.0,,21.0,42.0,,,,,,,,,,,,,0.0,,1.0,10193.2001953125,,,,,,,,,,,,,,,,4827757.0,,,,,,,,,,,,6545.2001953125,,,,,,,,,,,,""
3202697770,"Mar 21, 2020, 9:11:55 AM",Skriverberget 💪,Run,"",5465,12.52,188.0,54,false,,Saucony kinvara 10 mengdesko,activities/3423976995.fit.gz,69.0,,5465.0,5300.0,12519.900390625,3.9000000953674316,2.361999988555908,361.0,407.0,144.60000610351562,315.79998779296875,45.5,-0.07188555598258972,,,121.0,76.17526245117188,188.0,165.0,,,967.0,,19.0,54.0,,,,,,,,,,,0.0,,0.0,,1.0,14047.2998046875,,,,,,,,,,,,,,,,4827757.0,,,,,,,,,,,,10615.099609375,,,,,,,,,,,,""
3212403640,"Mar 24, 2020, 9:52:37 AM",1500m tempo + bakkedrag 😵,Run,"",3214,9.27,193.0,42,false,,Saucony kinvara 10 mengdesko,activities/3434357207.fit.gz,69.0,,3214.0,3075.0,9273.400390625,4.800000190734863,3.0160000324249268,228.0,231.0,102.4000015258789,216.0,49.5,-0.0021567062940448523,,,91.0,82.59895324707031,193.0,169.0,,,598.0,,16.0,42.0,,,,,,,,,,,0.0,,0.0,,1.0,10050.7998046875,,,,,,,,,,,,,,,,4827757.0,,,,,,,,,,,,4556.60009765625,,,,,,,,,,,,""
3219435358,"Mar 26, 2020, 9:54:06 AM",Morning Run,Run,,2659,6.72,176.0,10,false,,Saucony kinvara 10 mengdesko,activities/3441824385.fit.gz,69.0,,2659.0,2642.0,6725.10009765625,3.5999999046325684,2.5450000762939453,131.0,135.0,82.19999694824219,180.8000030517578,47.400001525878906,-0.06840047240257263,,,82.0,78.00873565673828,176.0,144.0,,,413.0,,20.0,10.0,,,,,,,,,,,,,0.0,,1.0,7143.7001953125,,,,,,,,,,,,,,,,4827757.0,,,,,,,,,,,,2486.0,,,,,,,,,,,,""
3226546398,"Mar 28, 2020, 8:47:46 AM",Langtur på sti i Lommedalen 😁,Run,"",6486,14.87,190.0,106,false,,Salomon S-Lab 2 terrengsko slab ,activities/3449384936.fit.gz,69.0,,6486.0,6471.0,14874.099609375,4.199999809265137,2.2985782623291016,578.0,584.0,91.4000015258789,291.6000061035156,43.5,-0.024203145876526833,,,106.0,76.57778930664062,190.0,172.0,,,1257.0,,19.0,106.0,,,,,,,,,,,0.0,,0.0,,1.0,17844.0,,,,,,,,,,,,,,,,4827744.0,,,,,,,,,,,,12384.7998046875,,,,,,,,,,,,""
3233975501,"Mar 30, 2020, 8:33:00 AM",Morning Run,Run,,1926,4.69,176.0,8,false,,Saucony kinvara 10 mengdesko,activities/3457338514.fit.gz,69.0,,1926.0,1920.0,4693.10009765625,4.199999809265137,2.444000005722046,108.0,117.0,93.80000305175781,192.39999389648438,50.0,-0.19177089631557465,,,80.0,77.38165283203125,176.0,148.0,,,306.0,,17.0,8.0,,,,,,,,,,,,,0.0,,1.0,5076.89990234375,,,,,,,,,,,,,,,,4827757.0,,,,,,,,,,,,2468.89990234375,,,,,,,,,,,,""
3238247177,"Mar 31, 2020, 12:19:28 PM",Afternoon Run,Run,Masse snø i høyden fortsatt...,5716,12.37,197.0,66,false,,Salomon S-Lab 2 terrengsko slab ,activities/3461861913.fit.gz,69.0,,5716.0,5540.0,12377.0,6.599999904632568,2.2339999675750732,498.0,489.0,212.39999389648438,489.0,43.5,0.025854406878352165,,,94.0,77.17212677001953,197.0,166.0,,,987.0,,23.0,66.0,,,,,,,,,,,0.0,,0.0,,1.0,14895.2998046875,,,,,,,,,,,,,,,,4827744.0,,,,,,,,,,,,,,,,,,,,,,,,media/0744da86-2dfc-4fff-b55c-d66c7e99f8b4.jpg|media/50128891-7479-4440-bad2-c285dcdfdb43.jpg|media/28592a7f-9418-43e4-9d9e-e1f4d7aa2633.jpg
3249292111,"Apr 3, 2020, 10:18:52 AM",4x500m raskt,Run,"",2857,7.82,186.0,17,false,,Saucony kinvara 10 mengdesko,activities/3473540995.fit.gz,69.0,,2857.0,2828.0,7820.60009765625,5.0,2.765000104904175,143.0,152.0,75.0,192.8000030517578,16.899999618530273,-0.18157175183296204,,,95.0,80.68395233154297,186.0,152.0,,,461.0,,18.0,17.0,,,,,,,,,,,0.0,,0.0,,1.0,8253.5,,,,,,,,,,,,,,,,4827757.0,,,,,,,,,,,,3143.300048828125,,,,,,,,,,,,media/52a9eb4b-175b-493c-b8a7-fe3474ee007a.jpg
3257241643,"Apr 5, 2020, 8:36:18 AM",Trimpoeng 👌Solfjellsstua+Haugskollen,Run,"",5048,13.11,189.0,43,false,,Saucony kinvara 10 mengdesko,activities/3482055775.fit.gz,69.0,,5048.0,4881.0,13118.7998046875,5.599999904632568,2.687727928161621,413.0,427.0,70.19999694824219,360.6000061035156,46.900001525878906,-0.07165289670228958,,,97.0,80.34527587890625,189.0,161.9488983154297,,,813.0,,15.0,43.0,,,,,,,,,,,0.0,,0.0,,1.0,14745.5,,,,,,,,,,,,,,,,4827757.0,,,,,,,,,,,,6999.60009765625,,,,,,,,,,,,media/211a1a36-12ba-4d90-a889-fc6b46706906.jpg
3267106114,"Apr 7, 2020, 3:18:39 PM",Afternoon Run,Run,"",3181,8.35,175.0,14,false,,Saucony kinvara 10 mengdesko,activities/3492722950.fit.gz,69.0,,3181.0,3127.0,8351.599609375,4.199999809265137,2.6700000762939453,165.0,168.0,72.4000015258789,173.8000030517578,19.0,-0.02394750714302063,,,84.0,79.49128723144531,175.0,154.0,,,518.0,,21.0,14.0,,,,,,,,,,,0.0,,0.0,,1.0,8878.400390625,,,,,,,,,,,,,,,,4827757.0,,,,,,,,,,,,2957.300048828125,,,,,,,,,,,,""
3270718709,"Apr 8, 2020, 9:32:59 AM",svipptur innom labben --> punktering,Ride,"",10922,21.06,158.0,8,false,,Focusen,activities/3496536260.fit.gz,69.0,7.900000095367432,10922.0,3199.0,21065.400390625,14.399999618530273,6.216000080108643,233.0,355.0,48.20000076293945,211.0,45.79999923706055,-0.5630085468292236,,,,,158.0,123.0,,114.00315856933594,376.0,,19.0,8.0,,,,,,,,,,,0.0,,0.0,,1.0,,,,,,,,,,,,,,,,773902.0,,,,,,,,,,,,,79.19999694824219,,,,,,,,,,,,""
3283642379,"Apr 11, 2020, 9:11:14 AM",Lommedalen t/r🤘,Run,"",7438,20.15,193.0,51,false,,Saucony kinvara 10 mengdesko,activities/3510176643.fit.gz,69.0,,7438.0,7063.0,20157.5,5.300000190734863,2.853957176208496,440.0,446.0,111.80000305175781,393.3999938964844,40.5,-0.02282029017806053,,,91.0,81.35211181640625,193.0,160.01515197753906,,,1166.0,,16.0,51.0,,,,,,,,,,,0.0,,0.0,,1.0,21528.400390625,,,,,,,,,,,,,,,,4827757.0,,,,,,,,,,,,5133.89990234375,,,,,,,,,,,,""
3292387548,"Apr 13, 2020, 8:46:22 AM",Morning Run,Run,"",2133,5.06,175.0,11,false,,Saucony kinvara 10 mengdesko,activities/3519409140.fit.gz,69.0,,2133.0,2058.0,5060.39990234375,4.0,2.371999979019165,94.0,93.0,178.39999389648438,220.60000610351562,21.799999237060547,0.03952256590127945,,,84.0,78.39220428466797,175.0,157.0,,,391.0,,14.0,11.0,,,,,,,,,,,0.0,,0.0,,1.0,5349.2998046875,,,,,,,,,,,,,,,,4827757.0,,,,,,,,,,,,1664.4000244140625,,,,,,,,,,,,""
3297575045,"Apr 14, 2020, 11:22:20 AM",Trimpoeng Nordre Kolsåstoppen,Run,"",2786,5.88,188.0,16,false,,Saucony kinvara 10 mengdesko,activities/3524879735.fit.gz,69.0,,2786.0,2643.0,5888.89990234375,3.9000000953674316,2.2290000915527344,249.0,251.0,157.8000030517578,360.79998779296875,44.599998474121094,0.006792440079152584,,,98.0,77.25839233398438,188.0,154.0,,,429.0,,21.0,16.0,,,,,,,,,,,0.0,,0.0,,1.0,7244.39990234375,,,,,,,,,,,,,,,,4827757.0,,,,,,,,,,,,1276.199951171875,,,,,,,,,,,,""
3301426631,"Apr 15, 2020, 9:54:29 AM",Noen intervaller med vogn,Run,"",1361,3.29,183.0,8,false,,Saucony kinvara 10 mengdesko,activities/3528922158.fit.gz,69.0,,1361.0,1343.0,3289.199951171875,4.0,2.4179999828338623,98.0,92.0,182.39999389648438,206.0,19.5,0.0182415172457695,,,93.0,76.83216857910156,183.0,153.0,,,235.0,,25.0,8.0,,,,,,,,,,,0.0,,0.0,,1.0,3577.39990234375,,,,,,,,,,,,,,,,4827757.0,,,,,,,,,,,,178.0,,,,,,,,,,,,""
3306424172,"Apr 16, 2020, 9:50:00 AM",Trimpoeng Skriverberget + Brunkollen,Run,"",4910,11.03,193.0,41,false,,Salomon S-Lab 2 terrengsko slab ,activities/3534177919.fit.gz,69.0,,4910.0,4595.0,11029.599609375,5.099999904632568,2.4000000953674316,368.0,407.0,99.5999984741211,358.3999938964844,46.599998474121094,-0.009066511876881123,,,109.0,76.95669555664062,193.0,161.0,,,754.0,,19.0,41.0,,,,,,,,,,,0.0,,0.0,,1.0,12718.099609375,,,,,,,,,,,,,,,,4827744.0,,,,,,,,,,,,9510.099609375,,,,,,,,,,,,media/5b45ceeb-ece8-4c21-bf04-84a2530238b6.jpg
3325353856,"Apr 20, 2020, 9:42:10 AM",Lunch Run,Run,"",2633,4.26,174.0,9,false,,Salomon S-Lab 2 terrengsko slab ,activities/3554161155.fit.gz,69.0,,2633.0,2104.0,4263.2001953125,4.099999904632568,1.61899995803833,259.0,225.0,185.0,382.0,50.0,0.6849315166473389,,,86.0,74.22795104980469,174.0,145.0,,,394.0,,22.0,9.0,,,,,,,,,,,0.0,,0.0,,1.0,5786.7001953125,,,,,,,,,,,,,,,,4827744.0,,,,,,,,,,,,1416.5,,,,,,,,,,,,""
3340343022,"Apr 23, 2020, 10:32:22 AM",Vidvangshøgda med elgene,Run,"",5176,12.03,,,false,,Salomon S-Lab 2 terrengsko slab ,activities/3340343022.gpx,69.0,,5176.0,4799.0,12033.5,5.599999904632568,2.5075016021728516,398.75714111328125,399.9570007324219,183.1999969482422,550.4000244140625,42.70000076293945,-0.009972160682082176,,,,,,,,,1153.38330078125,,,,,,,,,,,,,,0.0,,0.0,,1.0,13604.599609375,,,,,,,,,,,,,,,,4827744.0,,,,,,,,,,,,,,,,,,,,,,,,media/e43e3ffa-889b-4b4e-bc34-bc88d5148726.jpg|media/3719c43e-cc6e-4b5d-bd58-dda2819e536c.jpg|media/983fd30d-9b59-4201-8034-28043a27c114.jpg
3347029757,"Apr 24, 2020, 5:23:54 PM",Evening Run,Run,,1955,5.25,165.0,7,false,,Saucony kinvara 10 mengdesko,activities/3576791500.fit.gz,69.0,,1955.0,1955.0,5252.2998046875,4.099999904632568,2.687000036239624,120.0,119.0,74.4000015258789,167.39999389648438,18.600000381469727,-0.003807855537161231,,,84.0,79.92173767089844,165.0,145.0,,,307.0,,21.0,7.0,,,,,,,,,,,,,0.0,,1.0,5617.89990234375,,,,,,,,,,,,,,,,4827757.0,,,,,,,,,,,,3021.60009765625,,,,,,,,,,,,""
3350489254,"Apr 25, 2020, 12:09:48 PM",Familietur,Ride,"",3937,13.94,154.0,9,false,,Nye CXen,activities/3580425364.fit.gz,69.0,12.0,3937.0,3718.0,13946.900390625,10.600000381469727,3.5420000553131104,271.0,267.0,31.200000762939453,211.1999969482422,27.399999618530273,0.028680209070444107,,,,,154.0,121.0,,98.86266326904297,392.0,,20.0,9.0,,,,,,,,,,,0.0,,0.0,,1.0,,,,,,,,,,,,,,,,3718715.0,,,,,,,,,,,,,2319.699951171875,,,,,,,,,,,,""
3364882351,"Apr 28, 2020, 8:07:33 AM",Vogn: noen 400m tempo,Run,"",3685,9.49,185.0,24,false,,Saucony kinvara 10 mengdesko,activities/3595696350.fit.gz,69.0,,3685.0,3626.0,9493.2001953125,4.900000095367432,2.5759999752044678,224.0,228.0,67.0,167.1999969482422,46.0,-0.04634896665811539,,,94.0,82.03327941894531,185.0,158.0,,,637.0,,16.0,24.0,,,,,,,,,,,0.0,,0.0,,1.0,10164.0,,,,,,,,,,,,,,,,4827757.0,,,,,,,,,,,,2872.300048828125,,,,,,,,,,,,""
3369657532,"Apr 29, 2020, 8:08:08 AM",Rolig vognjogg,Run,"",3888,7.93,169.0,11,false,,Saucony kinvara 10 mengdesko,activities/3600701895.tcx.gz,69.0,,3888.0,3055.0,7930.10009765625,3.799999952316284,2.5957775115966797,149.1999969482422,149.1999969482422,180.60000610351562,215.60000610351562,21.5,-0.06557294726371765,,,,,169.0,,,,509.0,,,11.0,,,,,,2.0,,,,,0.0,14.0,0.0,,1.0,8287.7001953125,,,,,,,,,,,,,,,,4827757.0,,,,,,,,,,,,3634.60009765625,,,,,,,,,,,,""
3383469890,"May 2, 2020, 7:16:27 AM",Morning Ride,Ride,,3325,11.85,150.0,8,false,,Nye CXen,activities/3615192517.fit.gz,69.0,12.0,3325.0,3280.0,11855.599609375,10.699999809265137,3.565999984741211,246.0,266.0,64.0,158.1999969482422,43.599998474121094,-0.10627888888120651,,,,,150.0,122.0,,102.78955841064453,343.0,,20.0,8.0,,,,,,,,,,,,,0.0,,1.0,,,,,,,,,,,,,,,,3718715.0,,,,,,,,,,,,,6544.89990234375,,,,,,,,,,,,""
3390339048,"May 3, 2020, 9:10:28 AM",Langtur over Helvetesputtane med Håkon,Run,"",8535,17.52,,,false,,Salomon S-Lab 2 terrengsko slab ,activities/3390339048.gpx,69.0,,8535.0,7721.0,17521.0,5.900000095367432,2.269265651702881,526.6119995117188,526.6119995117188,181.0,545.7999877929688,29.899999618530273,0.0,,,,,,,,,1640.929931640625,,,,,,,,,5.0,,,,,0.0,139.0,0.0,,1.0,19355.400390625,,,,,,,,,,,,,,,,4827744.0,,,,,,,,,,,,,,,,,,,,,,,,""
3406454936,"May 6, 2020, 8:30:39 AM",Trimpoeng +20,Run,med noen anstrengelser underveis,6906,15.49,190.0,48,false,,Salomon S-Lab 2 terrengsko slab ,activities/3639369060.fit.gz,69.0,,6906.0,6490.0,15126.900390625,4.800000190734863,2.368000030517578,477.796630859375,525.0,160.60000610351562,413.79998779296875,49.20000076293945,0.05420806631445885,,,121.0,77.54597473144531,190.0,162.59703063964844,,,1087.0,,20.0,48.0,,,,,,7.0,,,,,0.0,207.0,0.0,,1.0,17520.30078125,,,,,,,,,,,,,,,,4827744.0,,,,,,,,,,,,13252.900390625,,,,,,,,,,,,""
3422957712,"May 9, 2020, 8:49:17 AM",6x1000m,Run,"",3734,11.48,187.0,34,false,,Saucony kinvara 10 mengdesko,activities/3656469400.fit.gz,69.0,,3734.0,3734.0,11482.2998046875,5.400000095367432,3.0750670433044434,133.0,138.0,-7.599999904632568,40.400001525878906,17.799999237060547,-0.01567630097270012,,,94.0,81.98526000976562,187.0,162.0,,,658.0,,21.0,34.0,,,,,,,,,,,0.0,,0.0,,1.0,11762.7001953125,,,,,,,,,,,,,,,,4827757.0,,,,,,,,,,,,,,,,,,,,,,,,""
3433478632,"May 11, 2020, 8:21:58 AM",Korte bakkedrag med vognen,Run,"",2795,6.56,191.0,22,false,,Saucony kinvara 10 mengdesko,activities/3667567875.fit.gz,69.0,,2795.0,2753.0,6565.2998046875,3.5999999046325684,2.384999990463257,205.0,204.0,178.1999969482422,221.39999389648438,28.600000381469727,-0.06092638522386551,,,89.0,77.25657653808594,191.0,158.0,,,495.0,,20.0,22.0,,,,,,,,,,,0.0,,0.0,,1.0,7225.2998046875,,,,,,,,,,,,,,,,4827757.0,,,,,,,,,,,,1459.300048828125,,,,,,,,,,,,""
3448451735,"May 13, 2020, 7:50:08 AM",Morning Run vogn,Run,"",2042,5.01,171.0,8,false,,Saucony kinvara 10 mengdesko,activities/3683282673.fit.gz,69.0,,2042.0,1978.0,5012.39990234375,4.599999904632568,2.5339999198913574,96.0,97.0,152.8000030517578,186.60000610351562,32.099998474121094,-0.02394062653183937,,,86.0,78.5429458618164,171.0,149.0,,,328.0,,21.0,8.0,,,,,,,,,,,0.0,,0.0,,1.0,5316.10009765625,,,,,,,,,,,,,,,,4827757.0,,,,,,,,,,,,892.5999755859375,,,,,,,,,,,,""
3448454702,"May 14, 2020, 7:02:23 AM",Morning Run vogn,Run,"",4064,9.30,182.0,20,false,,Saucony kinvara 10 mengdesko,activities/3683285715.fit.gz,69.0,,4064.0,3550.0,9308.599609375,4.599999904632568,2.622140884399414,170.0,194.0,100.5999984741211,196.0,41.70000076293945,0.008594202809035778,,,94.0,80.3996353149414,182.0,153.0,,,586.0,,19.0,20.0,,,,,,,,,,,0.0,,0.0,,1.0,9901.900390625,,,,,,,,,,,,,,,,4827757.0,,,,,,,,,,,,2519.199951171875,,,,,,,,,,,,""
3453772240,"May 15, 2020, 7:25:17 AM",høydeskrekk 😱 trimpoeng +15,Run,"",6078,10.75,191.0,64,false,,Salomon S-Lab 2 terrengsko slab ,activities/3688859715.fit.gz,69.0,,6078.0,5426.0,10750.0,4.400000095367432,1.9809999465942383,565.0,595.0,174.0,382.20001220703125,49.599998474121094,0.024186046794056892,,,122.0,76.6290512084961,191.0,167.0,,,978.0,,18.0,64.0,,,,,,,,,,,0.0,,0.0,,1.0,14261.7998046875,,,,,,,,,,,,,,,,4827744.0,,,,,,,,,,,,792.5999755859375,,,,,,,,,,,,media/bcb84433-2cf1-4382-8638-5cb9ea234ea4.jpg|media/a94567bf-cce7-4de8-9cca-86cf2494c107.jpg|media/5edc7bb0-5338-4e22-a681-e011ada9a669.jpg
3464257388,"May 17, 2020, 7:40:45 AM",5000m på 7'ern🏃‍♂️ trøtte bein,Run,"",2990,9.38,197.0,30,false,,Saucony kinvara 10 mengdesko,activities/3699895966.fit.gz,69.0,,2990.0,2950.0,9381.0,4.699999809265137,3.180000066757202,66.0,68.0,82.4000015258789,110.19999694824219,34.79999923706055,0.0021319689694792032,,,95.0,83.86763000488281,197.0,165.0,,,548.0,,20.0,30.0,,,,,,,,,,,0.0,,0.0,,1.0,9554.599609375,,,,,,,,,,,,,,,,4827757.0,,,,,,,,,,,,,,,,,,,,,,,,""
3475537584,"May 19, 2020, 7:53:17 AM",Vogn sone 2/3,Run,"",2621,6.08,178.0,9,false,,Saucony kinvara 10 mengdesko,activities/3711772719.fit.gz,69.0,,2621.0,2530.0,6084.60009765625,3.200000047683716,2.4040000438690186,93.0,117.0,98.19999694824219,194.8000030517578,23.899999618530273,-0.023008907213807106,,,87.0,77.73543548583984,178.0,140.0,,,393.0,,19.0,9.0,,,,,,,,,,,0.0,,0.0,,1.0,6352.39990234375,,,,,,,,,,,,,,,,4827757.0,,,,,,,,,,,,2116.39990234375,,,,,,,,,,,,""
3481574316,"May 20, 2020, 9:35:53 AM",Nok en vogntur sone2+noe3,Run,"",3409,8.05,169.0,11,false,,Saucony kinvara 10 mengdesko,activities/3718101554.fit.gz,69.0,,3409.0,3396.0,8056.0,4.300000190734863,2.371999979019165,148.0,148.0,101.19999694824219,195.39999389648438,32.0,0.0024826216977089643,,,86.0,77.22333526611328,169.0,139.0,,,493.0,,24.0,11.0,,,,,,,,,,,0.0,,0.0,,1.0,8500.599609375,,,,,,,,,,,,,,,,4827757.0,,,,,,,,,,,,3290.199951171875,,,,,,,,,,,,""
3492351069,"May 22, 2020, 8:11:41 AM",Dobbelvognen,Ride,"",4581,17.57,158.0,11,false,,Nye CXen,activities/3729455252.fit.gz,,12.0,4581.0,4340.0,17573.599609375,11.899999618530273,4.0492167472839355,301.0,303.0,73.5999984741211,222.0,18.200000762939453,0.00569035392254591,,,,,,122.50128173828125,,103.22967529296875,470.0,,21.0,11.0,,,,,,,,,,,0.0,,0.0,,1.0,,,,,,,,,,,,,,,,3718715.0,,,,,,,,,,,,,3573.199951171875,,,,,,,,,,,,""
3497170529,"May 23, 2020, 7:08:17 AM",Morning Ride,Ride,,5289,19.62,160.0,12,false,,Nye CXen,activities/3734561529.fit.gz,,12.0,5289.0,4802.0,19621.599609375,12.0,4.086130619049072,297.0,300.0,18.799999237060547,182.1999969482422,25.399999618530273,-0.017327843233942986,,,,,,120.31541442871094,,101.30023193359375,523.0,,18.0,12.0,,,,,,,,,,,,,0.0,,1.0,,,,,,,,,,,,,,,,3718715.0,,,,,,,,,,,,,3047.5,,,,,,,,,,,,""
3502871546,"May 24, 2020, 8:47:56 AM",Langtur i Nordmarka i-sone 1-2 😁,Run,"",6577,17.57,178.0,34,false,,Saucony kinvara 10 mengdesko,activities/3740648893.fit.gz,,,6577.0,6494.0,17574.099609375,5.800000190734863,2.7062058448791504,469.0,474.0,66.5999984741211,471.3999938964844,31.299999237060547,-0.0375552661716938,,,90.0,80.35334014892578,,153.6795196533203,,,1076.0,,20.0,34.0,,,,,,2.0,,,,,0.0,30.0,0.0,,1.0,19029.900390625,,,,,,,,,,,,,,,,4827757.0,,,,,,,,,,,,,,,,,,,,,,,,""
3513152701,"May 26, 2020, 7:24:04 AM",Vognen,Run,"",3541,8.55,174.0,13,false,,Saucony kinvara 10 mengdesko,activities/3751534954.fit.gz,,,3541.0,3447.0,8556.0,5.199999809265137,2.4821584224700928,181.0,208.0,73.5999984741211,167.39999389648438,22.700000762939453,-0.17531557381153107,,,91.0,78.8636245727539,,143.35260009765625,,,531.0,,22.0,13.0,,,,,,,,,,,0.0,,0.0,,1.0,9066.900390625,,,,,,,,,,,,,,,,4827757.0,,,,,,,,,,,,2385.89990234375,,,,,,,,,,,,""
3524997893,"May 28, 2020, 9:51:57 AM",Rolig langtur ,Run,"",7708,20.47,171.0,31,false,,Saucony kinvara 10 mengdesko,activities/3763975417.fit.gz,,,7708.0,7638.0,20475.80078125,4.699999809265137,2.6807804107666016,340.0,344.0,50.599998474121094,213.0,21.600000381469727,-0.0009767628507688642,,,85.0,79.80686950683594,,149.6487274169922,,,1202.0,,25.0,31.0,,,,,,,,,,,,,0.0,,1.0,21244.5,,,,,,,,,,,,,,,,4827757.0,,,,,,,,,,,,6915.5,,,,,,,,,,,,""
3529561600,"May 29, 2020, 8:37:49 AM",Morning Run,Run,,1401,3.31,158.0,4,false,,Saucony kinvara 10 mengdesko,activities/3768745646.fit.gz,,,1401.0,1394.0,3309.89990234375,3.5,2.374390125274658,50.0,56.0,182.0,208.1999969482422,20.299999237060547,-0.042297352105379105,,,82.0,78.4247817993164,,136.93539428710938,,,214.0,,26.0,4.0,,,,,,,,,,,,,0.0,,1.0,3458.10009765625,,,,,,,,,,,,,,,,4827757.0,,,,,,,,,,,,648.0,,,,,,,,,,,,""
3539519008,"May 31, 2020, 6:28:00 AM",Kort tur med to skrikerunger i vognen 😅,Ride,"",3093,12.97,159.0,7,false,,Nye CXen,activities/3779308510.fit.gz,,12.0,3093.0,2913.0,12977.400390625,11.300000190734863,4.4549946784973145,211.0,209.0,77.4000015258789,168.60000610351562,18.399999618530273,-0.003082281444221735,,,,,,119.32726287841797,,113.18647003173828,324.0,,24.0,7.0,,,,,,,,,,,0.0,,0.0,,1.0,,,,,,,,,,,,,,,,3718715.0,,,,,,,,,,,,,2703.800048828125,,,,,,,,,,,,""
3546137210,"Jun 1, 2020, 7:57:40 AM",Ullevålseter 🌡🌞,Run,"",7698,19.81,184.0,54,false,,Saucony kinvara 10 mengdesko,activities/3786419174.fit.gz,,,7698.0,7616.0,19810.19921875,4.800000190734863,2.6011292934417725,545.0,543.0,80.5999984741211,442.6000061035156,28.600000381469727,0.018172455951571465,,,90.0,79.68172454833984,,159.06414794921875,,,1314.0,,29.0,54.0,,,,,,,,,,,0.0,,0.0,,1.0,21650.400390625,,,,,,,,,,,,,,,,4827757.0,,,,,,,,,,,,,,,,,,,,,,,,""
3556772102,"Jun 3, 2020, 8:20:01 AM",Noen spurter med vognen,Run,"",2542,6.38,181.0,11,false,,Saucony kinvara 10 mengdesko,activities/3797683428.fit.gz,,,2542.0,2476.0,6380.2001953125,4.900000095367432,2.576817512512207,114.0,113.0,175.8000030517578,214.60000610351562,31.0,-0.009404093958437443,,,94.0,78.25018310546875,,146.908935546875,,,407.0,,25.0,11.0,,,,,,,,,,,0.0,,0.0,,1.0,6662.0,,,,,,,,,,,,,,,,4827757.0,,,,,,,,,,,,1068.300048828125,,,,,,,,,,,,""
3570625753,"Jun 6, 2020, 6:53:42 AM",Sognsvann (7x1000) 🏃‍♂️,Run,"",4668,14.18,194.0,52,false,,Saucony kinvara 10 mengdesko,activities/3812280325.fit.gz,,,4668.0,4652.0,14180.5,5.699999809265137,3.0482587814331055,144.0,142.0,78.0,184.8000030517578,12.5,-0.0028207749128341675,,,95.0,82.60102844238281,,162.82861328125,,,855.0,,18.0,52.0,,,,,,,,,,,0.0,,0.0,,1.0,14451.599609375,1591423232.0,5.0,10.779999732971191,10.779999732971191,9.59000015258789,0.9200000166893005,989.7000122070312,2.359999895095825,2.359999895095825,3.0,1.4234000444412231,1591408896.0,1591475584.0,0.5400000214576721,,4827757.0,0.699999988079071,5.0,0.9900000095367432,16093.0,1.0,378.6000061035156,,,,,,,,,,,,,,,,,,""
3581446185,"Jun 8, 2020, 6:32:50 AM",Rolig vogntur,Run,"",3545,8.64,169.0,12,false,,Saucony kinvara 10 mengdesko,activities/3823713687.fit.gz,,,3545.0,3378.0,8642.400390625,3.700000047683716,2.558436870574951,142.0,159.0,169.0,214.1999969482422,40.0,-0.07636767625808716,,,85.0,78.55206298828125,,141.33042907714844,,,504.0,,18.0,12.0,,,,,,,,,,,0.0,,0.0,,1.0,9044.7001953125,1591596032.0,5.0,10.739999771118164,10.739999771118164,8.710000038146973,0.8700000047683716,1009.2999877929688,1.9600000381469727,4.670000076293945,344.0,0.23309999704360962,1591581696.0,1591648640.0,0.6100000143051147,,4827757.0,0.2800000011920929,5.0,0.9900000095367432,16093.0,1.0,370.20001220703125,,,,,,3619.800048828125,,,,,,,,,,,,""
3586800977,"Jun 9, 2020, 9:20:32 AM",2min bakkeintervaller i sone 4 med vogn,Run,"",2912,7.76,185.0,18,false,,Saucony kinvara 10 mengdesko,activities/3829338264.fit.gz,,,2912.0,2865.0,7762.2998046875,4.199999809265137,2.7093541622161865,178.0,173.0,102.4000015258789,194.1999969482422,17.899999618530273,0.0,,,90.0,81.85594177246094,,153.24014282226562,,,525.0,,26.0,18.0,,,,,,,,,,,0.0,,0.0,,1.0,8311.0,1591693184.0,1.0,15.229999542236328,15.229999542236328,9.4399995803833,0.6800000071525574,1018.0,1.75,2.319999933242798,108.0,0.18039999902248383,1591667968.0,1591735040.0,0.6399999856948853,,4827757.0,0.14000000059604645,5.0,0.3100000023841858,12677.0,4.0,355.29998779296875,,,,,,2335.60009765625,,,,,,,,,,,,""
3592346794,"Jun 10, 2020, 9:39:29 AM",Geologiekskursjon 😊,Run,Teknisk sti og klyving - veldig tungt 😵,6176,10.95,194.0,56,false,,Salomon S-Lab 2 terrengsko slab ,activities/3835165698.fit.gz,,,6176.0,5671.0,10950.7001953125,4.0,1.9309998750686646,583.149169921875,558.0,134.10000610351562,378.0,48.5,-0.04200644791126251,,,92.0,74.67813110351562,,165.28298950195312,,,1020.0,,25.0,56.0,,,,,,8.0,,,,,0.0,244.0,0.0,,1.0,14432.7998046875,1591779584.0,2.0,16.81999969482422,16.81999969482422,8.229999542236328,0.5699999928474426,1021.0999755859375,1.5800000429153442,3.6500000953674316,149.0,0.006200000178068876,1591754368.0,1591821568.0,0.6700000166893005,,4827744.0,0.019999999552965164,5.0,0.5400000214576721,16093.0,4.0,336.8999938964844,,,,,,4109.89990234375,,,,,,,,,,,,media/6cf8f7e4-b1b0-4936-950b-7477b2711397.jpg|media/975c0327-b599-4d04-85e5-7913e65aedfa.jpg|media/02c48322-cdc7-491a-83cd-020d5df16474.jpg
3602970054,"Jun 12, 2020, 1:50:32 PM",Afternoon Run,Run,,480,1.31,154.0,1,false,,Saucony kinvara 10 mengdesko,activities/3846372707.fit.gz,,,480.0,480.0,1309.300048828125,3.700000047683716,2.727708339691162,10.0,41.0,4.800000190734863,40.79999923706055,6.5,-2.428778648376465,,,85.0,78.6603775024414,,136.25209045410156,,,81.0,,31.0,1.0,,,,,,,,,,,,,0.0,,1.0,1308.0,1591966848.0,1.0,23.040000915527344,23.040000915527344,10.579999923706055,0.44999998807907104,1021.4000244140625,5.519999980926514,7.539999961853027,80.0,0.0,1591927552.0,1591993984.0,0.7400000095367432,,4827757.0,0.0,,0.1899999976158142,16093.0,5.0,315.29998779296875,,,,,,,,,,,,,,,,,,""
3602971334,"Jun 12, 2020, 2:00:51 PM",Mislykket måling av melkesyreterskel 🤪,Run,"",2023,6.03,198.0,20,false,,Saucony kinvara 10 mengdesko,activities/3846373976.fit.gz,,,2023.0,1970.0,6035.7998046875,5.0,3.0638577938079834,90.0,66.0,-13.399999618530273,29.200000762939453,45.0,0.5036615133285522,,,97.0,83.31342315673828,,164.88504028320312,,,393.0,,28.0,20.0,,,,,,,,,,,0.0,,0.0,,1.0,6319.10009765625,1591970432.0,1.0,23.3700008392334,23.3700008392334,10.6899995803833,0.44999998807907104,1020.7000122070312,5.820000171661377,8.069999694824219,83.0,0.0,1591927552.0,1591993984.0,0.7400000095367432,,4827757.0,0.0,,0.25999999046325684,16093.0,4.0,314.29998779296875,,,,,,,,,,,,,,,,,,""
3607972958,"Jun 13, 2020, 1:02:59 PM",Afternoon Run,Run,"",3427,10.22,182.0,23,false,,Saucony kinvara 10 mengdesko,activities/3851693372.fit.gz,,,3427.0,3385.0,10225.5,4.800000190734863,3.020827293395996,174.0,173.0,-5.199999809265137,43.599998474121094,26.200000762939453,-0.04889736324548721,,,91.0,82.75933074951172,,159.04415893554688,,,658.0,,26.0,23.0,,,,,,5.0,,,,,0.0,61.0,0.0,,1.0,10675.099609375,1592053248.0,2.0,22.059999465942383,22.059999465942383,12.359999656677246,0.5400000214576721,1022.9000244140625,4.039999961853027,5.699999809265137,80.0,0.0,1592013952.0,1592080384.0,0.7699999809265137,,4827757.0,0.0,,0.6100000143051147,16093.0,5.0,296.70001220703125,,,,,,,,,,,,,,,,,,""
3613354841,"Jun 14, 2020, 12:08:05 PM",Vognen igjen,Run,"",2778,6.90,169.0,10,false,,Saucony kinvara 10 mengdesko,activities/3857393348.fit.gz,,,2778.0,2770.0,6903.5,4.300000190734863,2.4922382831573486,114.0,110.0,150.60000610351562,189.39999389648438,15.199999809265137,0.011588324792683125,,,84.0,78.50138092041016,,143.71583557128906,,,452.0,,29.0,10.0,,,,,,,,,,,0.0,,0.0,,1.0,7191.60009765625,1592135936.0,1.0,24.190000534057617,24.190000534057617,6.039999961853027,0.3100000023841858,1022.9000244140625,1.75,2.9600000381469727,123.0,0.0,1592099712.0,1592167424.0,0.800000011920929,,4827757.0,0.0,,0.0,16093.0,7.0,305.1000061035156,,,,,,2827.60009765625,,,,,,,,,,,,""
3617330581,"Jun 15, 2020, 7:28:48 AM",Sovetur,Run,"",3043,7.34,174.0,14,false,,Saucony kinvara 10 mengdesko,activities/3861681666.fit.gz,,,3043.0,3012.0,7344.2001953125,3.5999999046325684,2.4383134841918945,172.0,171.0,126.80000305175781,202.1999969482422,20.700000762939453,-0.05446474626660347,,,94.0,77.462646484375,,147.63499450683594,,,520.0,,29.0,14.0,,,,,,,,,,,0.0,,0.0,,1.0,7892.89990234375,1592204416.0,1.0,21.229999542236328,21.229999542236328,10.65999984741211,0.5099999904632568,1019.0,0.8500000238418579,1.5700000524520874,300.0,0.0,1592186112.0,1592253824.0,0.8299999833106995,,4827757.0,0.0,,0.0,16093.0,3.0,302.6000061035156,,,,,,4571.39990234375,,,,,,,,,,,,""
3622933145,"Jun 16, 2020, 10:39:11 AM","""Hviledag"" 👍",Run,"",2896,8.11,193.0,19,false,,Saucony kinvara 10 mengdesko,activities/3867660402.fit.gz,,,2896.0,2859.0,8118.5,5.0,2.8396291732788086,161.0,165.0,76.0,184.39999389648438,28.200000762939453,0.0,,,96.0,80.28410339355469,,148.95587158203125,,,498.0,,28.0,19.0,,,,,,,,,,,0.0,,0.0,,1.0,8652.900390625,1592301568.0,2.0,26.09000015258789,26.09000015258789,12.970000267028809,0.4399999976158142,1016.4000244140625,2.1600000858306885,3.799999952316284,56.0,0.0,1592272512.0,1592340224.0,0.8600000143051147,,4827757.0,0.0,,0.6100000143051147,16093.0,5.0,313.20001220703125,,,,,,2415.699951171875,,,,,,,,,,,,""
3632583302,"Jun 18, 2020, 7:23:08 AM",10km rolig med vognen,Run,"",3973,10.09,175.0,15,false,,Saucony kinvara 10 mengdesko,activities/3877970542.fit.gz,,,3973.0,3968.0,10096.7001953125,4.0,2.5445313453674316,217.0,216.0,76.80000305175781,174.8000030517578,20.200000762939453,-0.00594253558665514,,,89.0,79.21479797363281,,138.720458984375,,,580.0,,27.0,15.0,,,,,,,,,,,0.0,,0.0,,1.0,10710.5,1592463616.0,1.0,20.639999389648438,20.639999389648438,13.899999618530273,0.6499999761581421,1015.4000244140625,0.7699999809265137,0.7699999809265137,156.0,0.0,1592445312.0,1592513152.0,0.9200000166893005,,4827757.0,0.0,,0.09000000357627869,16093.0,3.0,302.70001220703125,,,,,,3836.60009765625,,,,,,,,,,,,""
3647003866,"Jun 21, 2020, 7:15:22 AM",Vognen,Run,"",3472,8.93,185.0,22,false,,Saucony kinvara 10 mengdesko,activities/3893486902.fit.gz,,,3472.0,3355.0,8938.900390625,5.300000190734863,2.66435170173645,174.0,179.0,143.39999389648438,208.60000610351562,19.0,-0.05817270651459694,,,95.0,81.37490844726562,,149.2296905517578,,,576.0,,24.0,22.0,,,,,,,,,,,0.0,,0.0,,1.0,9413.099609375,1592722816.0,2.0,18.059999465942383,18.239999771118164,16.190000534057617,0.8899999856948853,1019.0,2.5199999809265137,6.75,92.0,0.21119999885559082,1592704512.0,1592772352.0,0.019999999552965164,,4827757.0,0.20999999344348907,5.0,0.5699999928474426,16093.0,2.0,309.0,,,,,,914.5,,,,,,,,,,,,""
3652500822,"Jun 22, 2020, 7:40:51 AM",Vognen,Run,"",3797,9.09,169.0,12,false,,Saucony kinvara 10 mengdesko,activities/3899480396.fit.gz,,,3797.0,3692.0,9091.2998046875,4.199999809265137,2.462432384490967,163.0,161.0,100.0,215.60000610351562,25.299999237060547,-0.0857963114976883,,,84.0,79.61199188232422,,138.0863800048828,,,554.0,,23.0,12.0,,,,,,,,,,,0.0,,0.0,,1.0,9576.0,1592809216.0,2.0,15.729999542236328,15.729999542236328,14.130000114440918,0.8999999761581421,1016.7999877929688,1.3200000524520874,2.490000009536743,128.0,0.0,1592790912.0,1592858880.0,0.05000000074505806,,4827757.0,0.0,,0.7599999904632568,16093.0,2.0,316.1000061035156,,,,,,3864.300048828125,,,,,,,,,,,,""
3654132814,"Jun 22, 2020, 3:30:56 PM",Afternoon Run,Run,,2209,5.58,183.0,14,false,,Saucony kinvara 10 mengdesko,activities/3901233045.fit.gz,,,2209.0,2191.0,5581.2001953125,5.5,2.547329902648926,221.0,72.0,33.0,242.8000030517578,50.0,2.6410090923309326,,,86.0,78.86848449707031,,157.02200317382812,,,441.0,,25.0,14.0,,,,,,,,,,,,,0.0,,1.0,6504.2001953125,1592838016.0,5.0,18.260000228881836,18.260000228881836,14.609999656677246,0.7900000214576721,1017.5999755859375,1.2100000381469727,2.25,76.0,0.32749998569488525,1592791040.0,1592858752.0,0.05000000074505806,,4827757.0,0.3100000023841858,5.0,1.0,16093.0,2.0,318.70001220703125,,,,,,900.2999877929688,,,,,,,,,,,,""
3658536244,"Jun 23, 2020, 12:14:02 PM",Afternoon Run,Run,,2072,7.03,175.0,13,false,,Saucony kinvara 10 mengdesko,activities/3906012043.fit.gz,,,2072.0,2072.0,7029.2998046875,5.199999809265137,3.392519235610962,33.0,183.0,21.600000381469727,177.39999389648438,11.300000190734863,-2.153841733932495,,,90.0,84.43408966064453,,159.46644592285156,,,435.0,,31.0,13.0,,,,,,,,,,,,,0.0,,1.0,6853.0,1592913664.0,2.0,24.75,24.75,14.5,0.5299999713897705,1022.0,2.369999885559082,3.2899999618530273,184.0,0.0,1592877440.0,1592945280.0,0.09000000357627869,,4827757.0,0.0,,0.41999998688697815,16093.0,5.0,309.1000061035156,,,,,,1098.300048828125,,,,,,,,,,,,""
3663374057,"Jun 24, 2020, 9:32:00 AM",Kolsåstoppene,Run,"",5325,10.19,186.0,51,false,,Saucony kinvara 10 mengdesko,activities/3911218604.fit.gz,,,5325.0,4922.0,10196.099609375,4.099999904632568,2.071536064147949,503.0,498.0,177.60000610351562,378.3999938964844,44.20000076293945,0.017653807997703552,,,101.0,76.25469207763672,,164.84616088867188,,,961.0,,28.0,51.0,,,,,,,,,,,0.0,,0.0,,1.0,13178.099609375,1592989184.0,1.0,23.90999984741211,24.110000610351562,17.440000534057617,0.6700000166893005,1025.300048828125,2.009999990463257,3.299999952316284,169.0,0.0,1592963840.0,1593031680.0,0.11999999731779099,,4827757.0,0.0,,0.0,16093.0,5.0,309.1000061035156,,,,,,1912.800048828125,,,,,,,,,,,,""
3672977583,"Jun 26, 2020, 8:49:20 AM",Vogn,Run,"",3731,9.71,178.0,20,false,,Saucony kinvara 10 mengdesko,activities/3921665116.fit.gz,,,3731.0,3681.0,9709.7998046875,5.0,2.6378157138824463,194.0,194.0,105.0,193.0,20.299999237060547,-0.008239098824560642,,,89.0,80.07232666015625,,153.7847900390625,,,699.0,,32.0,20.0,,,,,,6.0,,,,,0.0,97.0,0.0,,1.0,10201.7998046875,1593158400.0,1.0,22.3700008392334,22.3700008392334,12.949999809265137,0.550000011920929,1021.0,2.1600000858306885,4.809999942779541,178.0,0.0,1593136640.0,1593204352.0,0.1899999976158142,,4827757.0,0.0,,0.0,16093.0,4.0,304.3999938964844,,,,,,3683.5,,,,,,,,,,,,""
3687551847,"Jun 29, 2020, 10:05:13 AM",Rolig strekk uten vogn,Run,"",3997,10.76,169.0,14,false,,Saucony kinvara 10 mengdesko,activities/3937599950.fit.gz,,,3997.0,3997.0,10764.7998046875,4.300000190734863,2.6932199001312256,227.0,229.0,100.5999984741211,193.39999389648438,21.0,-0.014863258227705956,,,88.0,81.11461639404297,,142.91268920898438,,,669.0,,26.0,14.0,,,,,,,,,,,0.0,,0.0,,1.0,11362.0,1593424768.0,1.0,17.56999969482422,17.56999969482422,11.859999656677246,0.6899999976158142,1005.5999755859375,3.809999942779541,6.119999885559082,180.0,0.12999999523162842,1593396096.0,1593463552.0,0.30000001192092896,,4827757.0,0.10000000149011612,5.0,0.029999999329447746,10280.0,6.0,330.1000061035156,,,,,,3639.0,,,,,,,,,,,,""
3691896451,"Jun 30, 2020, 8:56:35 AM",Morning Run,Run,,4425,10.51,169.0,14,false,,Saucony kinvara 10 mengdesko,activities/3942345645.fit.gz,,,4425.0,4208.0,10514.7998046875,6.0,2.4987642765045166,174.0,168.0,104.0,210.0,36.70000076293945,0.0266291331499815,,,84.0,79.58412170410156,,138.75634765625,,,615.0,,24.0,14.0,,,,,,,,,,,,,0.0,,1.0,11002.900390625,1593504000.0,5.0,13.279999732971191,13.34000015258789,13.279999732971191,1.0,993.9000244140625,1.3200000524520874,1.8600000143051147,107.0,1.1583000421524048,1593482496.0,1593549824.0,0.3400000035762787,,4827757.0,0.6100000143051147,5.0,0.9900000095367432,15442.0,2.0,341.29998779296875,,,,,,2267.300048828125,,,,,,,,,,,,""
3704577357,"Jul 2, 2020, 7:50:27 PM",Kort kveldsjogg med et magadrag på slutten,Run,"",1637,4.67,202.0,12,false,,Saucony kinvara 10 mengdesko,activities/3956149216.fit.gz,,,1637.0,1616.0,4673.10009765625,6.800000190734863,2.8917698860168457,103.0,107.0,97.4000015258789,193.8000030517578,45.70000076293945,-0.09415591508150101,,,103.0,80.5835952758789,,159.48101806640625,,,339.0,,23.0,12.0,,,,,,,,,,,0.0,,0.0,,1.0,5024.5,1593716352.0,2.0,15.699999809265137,15.699999809265137,6.539999961853027,0.5400000214576721,1001.5,1.7599999904632568,5.989999771118164,197.0,0.02160000056028366,1593655424.0,1593722624.0,0.4099999964237213,,4827757.0,0.05999999865889549,5.0,0.7200000286102295,16093.0,0.0,355.6000061035156,,,,,,2416.199951171875,,,,,,,,,,,,""
3706618342,"Jul 3, 2020, 9:44:14 AM",Vognen,Run,"",3297,7.71,173.0,11,false,,Saucony kinvara 10 mengdesko,activities/3958381752.fit.gz,,,3297.0,3161.0,7713.2998046875,3.700000047683716,2.440145492553711,173.0,181.0,95.80000305175781,192.0,37.5,-0.07260186970233917,,,101.0,79.58377838134766,,141.3108673095703,,,523.0,,24.0,11.0,,,,,,,,,,,0.0,,0.0,,1.0,8253.599609375,1593766784.0,3.0,14.430000305175781,14.430000305175781,4.510000228881836,0.5099999904632568,1005.0999755859375,3.140000104904175,5.769999980926514,227.0,0.0,1593741952.0,1593808896.0,0.44999998807907104,,4827757.0,0.0,,0.9200000166893005,16093.0,3.0,348.8999938964844,,,,,,2725.199951171875,,,,,,,,,,,,""
3710992850,"Jul 4, 2020, 9:24:25 AM",Lett vogntur,Run,"",2419,5.66,163.0,7,false,,Saucony kinvara 10 mengdesko,activities/3963129759.fit.gz,,,2419.0,2309.0,5660.7001953125,4.300000190734863,2.451580762863159,105.0,104.0,175.8000030517578,217.39999389648438,39.29999923706055,-0.0035331319086253643,,,85.0,78.3072509765625,,139.34365844726562,,,378.0,,23.0,7.0,,,,,,,,,,,0.0,,0.0,,1.0,5933.2998046875,1593853184.0,2.0,14.260000228881836,14.260000228881836,7.269999980926514,0.6299999952316284,1001.2000122070312,1.2699999809265137,2.5299999713897705,20.0,0.030700000002980232,1593828352.0,1593895296.0,0.49000000953674316,,4827757.0,0.05000000074505806,5.0,0.5199999809265137,16093.0,3.0,361.8999938964844,,,,,,2550.699951171875,,,,,,,,,,,,""
3721268441,"Jul 6, 2020, 9:40:55 AM",Lunch Run,Run,,676,1.52,158.0,2,false,,Saucony kinvara 10 mengdesko,activities/3974352493.fit.gz,,,676.0,658.0,1524.9000244140625,3.700000047683716,2.317477226257324,38.0,38.0,182.0,209.1999969482422,21.200000762939453,-0.05246245488524437,,,84.0,77.5437240600586,,138.31472778320312,,,116.0,,25.0,2.0,,,,,,,,,,,,,0.0,,1.0,1636.199951171875,1594025984.0,3.0,15.630000114440918,15.630000114440918,7.590000152587891,0.5899999737739563,985.5999755859375,2.8499999046325684,4.130000114440918,248.0,0.013100000098347664,1594001280.0,1594067968.0,0.550000011920929,,4827757.0,0.07999999821186066,5.0,0.9300000071525574,16093.0,3.0,371.20001220703125,,,,,,203.8000030517578,,,,,,,,,,,,""
3721273735,"Jul 6, 2020, 10:06:05 AM",Formtest / benchmarking,Run,2x Møllarunden. Nesten under 4min/km på andredraget,4068,11.54,202.0,39,false,,HOKA Hoka rakett,activities/3974358258.fit.gz,,,4068.0,3917.0,11540.900390625,4.900000095367432,2.946362018585205,191.0,203.0,105.19999694824219,193.0,49.599998474121094,-0.02599450573325157,,,108.0,82.48920440673828,,163.121826171875,,,777.0,,23.0,39.0,,,,,,,,,,,0.0,,0.0,,1.0,12231.2998046875,1594029568.0,3.0,15.59000015258789,15.59000015258789,7.880000114440918,0.6000000238418579,986.0,2.6600000858306885,4.570000171661377,175.0,0.023000000044703484,1594001280.0,1594067968.0,0.550000011920929,,4806014.0,0.07999999821186066,5.0,0.9300000071525574,16093.0,3.0,370.29998779296875,,,,,,3432.60009765625,,,,,,,,,,,,""
3725877007,"Jul 7, 2020, 8:59:34 AM",Langtur m vogn,Run,"",4801,11.58,171.0,17,false,,Saucony kinvara 10 mengdesko,activities/3979367153.fit.gz,,,4801.0,4707.0,11580.599609375,4.699999809265137,2.4602932929992676,236.0,238.0,103.5999984741211,198.60000610351562,44.70000076293945,0.005181078799068928,,,101.0,78.38871765136719,,144.3683624267578,,,768.0,,23.0,17.0,,,,,,,,,,,0.0,,0.0,,1.0,12275.2998046875,1594108800.0,1.0,14.640000343322754,14.640000343322754,3.0299999713897705,0.46000000834465027,1003.2000122070312,1.0499999523162842,1.9199999570846558,249.0,0.0,1594087808.0,1594154240.0,0.5899999737739563,,4827757.0,0.0,,0.17000000178813934,16093.0,3.0,364.5,,,,,,4475.89990234375,,,,,,,,,,,,""
3730988125,"Jul 8, 2020, 9:39:11 AM",2x5x400m intervaller,Run,"",3910,11.03,198.0,39,false,,HOKA Hoka rakett,activities/3984971130.fit.gz,,,3910.0,3713.0,11029.599609375,6.0,2.97053599357605,167.0,165.0,96.4000015258789,193.0,44.400001525878906,-0.03263944387435913,,,97.0,81.47936248779297,,163.1306915283203,,,749.0,,22.0,39.0,,,,,,8.0,,,,,0.0,159.0,0.0,,1.0,11512.599609375,1594198784.0,2.0,13.399999618530273,13.399999618530273,4.039999961853027,0.5299999713897705,1006.2000122070312,1.8799999952316284,3.490000009536743,305.0,0.0,1594174336.0,1594240512.0,0.6200000047683716,,4806014.0,0.0,,0.7400000095367432,16093.0,3.0,363.70001220703125,,,,,,4246.5,,,,,,,,,,,,""
3735529701,"Jul 9, 2020, 9:18:09 AM",Vogn,Run,"",2227,5.42,168.0,7,false,,Saucony kinvara 10 mengdesko,activities/3989908651.fit.gz,,,2227.0,2210.0,5428.2001953125,4.099999904632568,2.4561991691589355,95.0,92.0,184.0,218.39999389648438,17.899999618530273,0.03684462606906891,,,89.0,79.40148162841797,,137.90504455566406,,,362.0,,24.0,7.0,,,,,,,,,,,0.0,,0.0,,1.0,5683.2998046875,1594285184.0,2.0,14.579999923706055,14.579999923706055,4.610000133514404,0.5099999904632568,1010.9000244140625,0.7900000214576721,1.1299999952316284,122.0,0.08810000121593475,1594260864.0,1594326912.0,0.6499999761581421,,4827757.0,0.03999999910593033,5.0,0.5400000214576721,16093.0,3.0,368.1000061035156,,,,,,2273.39990234375,,,,,,,,,,,,""
3740262588,"Jul 10, 2020, 9:20:41 AM",Vogn,Run,"",1768,3.64,165.0,5,false,,Saucony kinvara 10 mengdesko,activities/3995138937.fit.gz,,,1768.0,1392.0,3646.10009765625,4.300000190734863,2.6193246841430664,61.0,56.0,151.8000030517578,185.1999969482422,19.5,0.08776500821113586,,,89.0,81.95301055908203,,142.80889892578125,,,253.0,,26.0,5.0,,,,,,,,,,,0.0,,0.0,,1.0,3821.800048828125,1594371584.0,2.0,15.979999542236328,15.979999542236328,8.229999542236328,0.6000000238418579,1008.7000122070312,1.25,2.190000057220459,141.0,0.4424000084400177,1594347264.0,1594413184.0,0.6800000071525574,,4827757.0,0.14000000059604645,5.0,0.6700000166893005,15163.0,3.0,367.8999938964844,,,,,,214.10000610351562,,,,,,,,,,,,""
3745538628,"Jul 11, 2020, 11:41:31 AM",5 rolige og 5 raske 🏃‍♂️,Run,Fikk dårlig tid så ble tempo hjemover ,3396,10.73,183.0,30,false,,Saucony kinvara 10 mengdesko,activities/4001034502.fit.gz,,,3396.0,3376.0,10729.2001953125,5.0,3.1780805587768555,131.0,132.0,-6.199999809265137,41.20000076293945,18.200000762939453,-0.001864071935415268,,,92.0,83.62458801269531,,158.85302734375,,,710.0,,25.0,30.0,,,,,,,,,,,0.0,,0.0,,1.0,10961.2998046875,1594465152.0,1.0,18.31999969482422,18.31999969482422,6.190000057220459,0.44999998807907104,1011.0,2.7899999618530273,5.21999979019165,201.0,0.07100000232458115,1594434304.0,1594499072.0,0.7099999785423279,,4827757.0,0.05999999865889549,5.0,0.28999999165534973,16093.0,5.0,370.29998779296875,,,,,,,,,,,,,,,,,,""
3755494072,"Jul 13, 2020, 10:29:57 AM",Lunch Run,Run,,4698,13.15,165.0,18,false,,Saucony kinvara 10 mengdesko,activities/4012253898.fit.gz,,,4698.0,4698.0,13153.0,4.099999904632568,2.7997019290924072,156.0,149.0,10.600000381469727,56.599998474121094,14.699999809265137,0.013685090467333794,,,84.0,80.2899169921875,,146.52735900878906,,,826.0,,26.0,18.0,,,,,,,,,,,,,0.0,,1.0,13435.5,1594634368.0,2.0,16.93000030517578,16.93000030517578,8.239999771118164,0.5699999928474426,1017.5,1.9299999475479126,2.490000009536743,80.0,0.0,1594607232.0,1594671744.0,0.7699999809265137,,4827757.0,0.0,,0.6899999976158142,16093.0,4.0,336.79998779296875,,,,,,,,,,,,,,,,,,""
3759858377,"Jul 14, 2020, 8:51:04 AM",8x800m,Run,1:30 pauser. Trosset pulsklokkens råd om hvile og fikk beskjed om å fortsette slik 😄,3295,10.73,192.0,41,false,,HOKA Hoka rakett,activities/4017162633.fit.gz,,,3295.0,3295.0,10733.900390625,5.800000190734863,3.2576327323913574,127.0,129.0,-5.800000190734863,41.599998474121094,11.199999809265137,-0.011179533787071705,,,94.0,85.00758361816406,,165.71168518066406,,,710.0,,22.0,41.0,,,,,,,,,,,0.0,,0.0,,1.0,10940.900390625,1594713600.0,5.0,15.130000114440918,15.130000114440918,13.1899995803833,0.8799999952316284,1011.2000122070312,6.130000114440918,8.300000190734863,177.0,0.3025999963283539,1594693760.0,1594758016.0,0.800000011920929,,4806014.0,0.6299999952316284,5.0,0.9900000095367432,16093.0,2.0,341.0,,,,,,,,,,,,,,,,,,""
3774689343,"Jul 17, 2020, 9:17:11 AM",12x~200m,Run,"",3514,9.91,198.0,32,false,,HOKA Hoka rakett,activities/4033654745.fit.gz,,,3514.0,3421.0,9916.7001953125,5.699999809265137,2.8987722396850586,131.0,130.0,-2.200000047683716,44.79999923706055,22.200000762939453,0.0,,,123.0,80.42625427246094,,162.55357360839844,,,705.0,,24.0,32.0,,,,,,7.0,,,,,0.0,109.0,0.0,,1.0,10168.5,1594976384.0,3.0,17.989999771118164,17.989999771118164,12.15999984741211,0.6899999976158142,1015.9000244140625,7.289999961853027,10.8100004196167,203.0,0.005100000184029341,1594953344.0,1595016960.0,0.8999999761581421,,4806014.0,0.029999999329447746,5.0,0.9900000095367432,16093.0,3.0,300.29998779296875,,,,,,,,,,,,,,,,,,""
3789573793,"Jul 20, 2020, 9:23:25 AM",Vognen,Run,"",4202,10.08,172.0,16,false,,Saucony kinvara 10 mengdesko,activities/4050417718.fit.gz,,,4202.0,4192.0,10082.599609375,3.700000047683716,2.405200481414795,214.0,215.0,177.39999389648438,219.0,17.100000381469727,0.019836153835058212,,,84.0,78.45185852050781,,143.56143188476562,,,686.0,,26.0,16.0,,,,,,,,,,,0.0,,0.0,,1.0,10679.7998046875,1595235584.0,3.0,16.059999465942383,16.059999465942383,10.930000305175781,0.7200000286102295,1010.2999877929688,1.4500000476837158,2.109999895095825,320.0,0.05730000138282776,1595212544.0,1595276160.0,0.0,,4827757.0,0.10999999940395355,5.0,0.8799999952316284,16093.0,3.0,330.79998779296875,,,,,,2140.199951171875,,,,,,,,,,,,""
3797155437,"Jul 21, 2020, 5:48:48 PM",Evening Run,Run,,4480,12.10,192.0,35,false,,Saucony kinvara 10 mengdesko,activities/4058793391.fit.gz,,,4480.0,4401.0,12101.099609375,6.0,2.7496249675750732,310.0,314.0,111.5999984741211,295.20001220703125,31.0,-0.04792952537536621,,,95.0,79.83731079101562,,160.07969665527344,,,867.0,,20.0,35.0,,,,,,,,,,,,,0.0,,1.0,13186.2001953125,1595350784.0,2.0,17.440000534057617,17.440000534057617,6.789999961853027,0.5,1013.0999755859375,2.2100000381469727,6.889999866485596,319.0,0.0925000011920929,1595299072.0,1595362432.0,0.03999999910593033,,4827757.0,0.07000000029802322,5.0,0.800000011920929,16093.0,1.0,355.8999938964844,,,,,,10124.900390625,,,,,,,,,,,,""
3812563353,"Jul 25, 2020, 5:50:36 PM",Kolsåsbakken x 4,Run,"",3965,9.48,198.0,55,false,,Salomon S-Lab 2 terrengsko slab ,activities/4076349265.fit.gz,,,3965.0,3944.0,9481.099609375,4.699999809265137,2.4039299488067627,612.0,609.0,182.8000030517578,343.0,45.20000076293945,-0.023204058408737183,,,93.0,77.7978515625,,169.55726623535156,,,820.0,,22.0,55.0,,,,,,,,,,,0.0,,0.0,,1.0,12840.5,1595696384.0,3.0,17.93000030517578,17.93000030517578,9.760000228881836,0.5899999737739563,1005.5,3.5299999713897705,5.809999942779541,167.0,0.0,1595645184.0,1595707520.0,0.1899999976158142,,4827744.0,0.0,,0.9900000095367432,16093.0,1.0,327.20001220703125,,,,,,654.9000244140625,,,,,,,,,,,,""
3819653656,"Jul 27, 2020, 8:41:48 AM",Rolig langkjør med vognen,Run,"",6436,15.86,172.0,25,false,,Saucony kinvara 10 mengdesko,activities/4084712366.fit.gz,,,6436.0,6384.0,15860.599609375,3.5999999046325684,2.4844298362731934,210.0,221.0,74.80000305175781,165.8000030517578,48.0,-0.0075659179128706455,,,87.0,79.56370544433594,,145.5055389404297,,,1042.0,,25.0,25.0,,,,,,,,,,,0.0,,0.0,,1.0,16398.5,1595836800.0,2.0,16.260000228881836,16.260000228881836,11.279999732971191,0.7200000286102295,1010.7999877929688,2.9800000190734863,5.139999866485596,190.0,0.0,1595818240.0,1595880064.0,0.25999999046325684,,4827757.0,0.0,,0.6700000166893005,16093.0,2.0,329.1000061035156,,,,,,3611.60009765625,,,,,,,,,,,,""
3826142101,"Jul 28, 2020, 9:32:10 AM",4x4 🌧,Run,aktive pauser på 1:15,3298,8.89,191.0,28,false,,Saucony kinvara 10 mengdesko,activities/4092264812.fit.gz,,,3298.0,3226.0,8896.2998046875,5.699999809265137,2.757687568664551,213.0,197.0,60.0,174.8000030517578,49.099998474121094,-0.013488753698766232,,,93.0,80.81242370605469,,158.46434020996094,,,633.0,,19.0,28.0,,,,,,,,,,,0.0,,0.0,,1.0,9945.099609375,1595926784.0,5.0,13.369999885559082,13.460000038146973,13.369999885559082,1.0,1002.0999755859375,4.289999961853027,10.069999694824219,97.0,0.9627000093460083,1595904768.0,1595966336.0,0.30000001192092896,,4827757.0,0.7300000190734863,5.0,1.0,1260.0,3.0,319.29998779296875,,,,,,3540.89990234375,,,,,,,,,,,,""
3836557898,"Jul 30, 2020, 6:07:24 AM",Morning Run,Run,,1135,2.88,159.0,3,false,,Saucony kinvara 10 mengdesko,activities/4104093465.fit.gz,,,1135.0,1083.0,2879.5,4.699999809265137,2.658818006515503,58.0,60.0,149.0,187.8000030517578,35.29999923706055,-0.02778260037302971,,,90.0,79.73509979248047,,144.24412536621094,,,206.0,,23.0,3.0,,,,,,,,,,,,,0.0,,1.0,3048.60009765625,1596088832.0,1.0,13.5600004196167,13.5600004196167,11.699999809265137,0.8899999856948853,1006.7000122070312,1.8200000524520874,2.690000057220459,310.0,0.0,1596077824.0,1596138880.0,0.3700000047683716,,4827757.0,0.0,,0.0,16093.0,1.0,342.20001220703125,,,,,,1200.5,,,,,,,,,,,,""
3842449973,"Jul 31, 2020, 8:33:40 AM",50 min på terskelpuls,Run,Farten gikk ned etterhvert med samme puls 📉,4532,14.04,191.0,86,false,,HOKA Hoka rakett,activities/4110772116.fit.gz,,,4532.0,4505.0,14041.900390625,4.800000190734863,3.1169588565826416,208.0,214.0,99.19999694824219,191.39999389648438,33.599998474121094,-0.022788938134908676,,,91.0,83.6285171508789,,173.89385986328125,,,1044.0,,26.0,86.0,,,,,,,,,,,0.0,,0.0,,1.0,14620.099609375,1596182400.0,1.0,19.649999618530273,19.649999618530273,13.390000343322754,0.6700000166893005,1017.5,1.559999942779541,3.049999952316284,342.0,0.0,1596164352.0,1596225152.0,0.4000000059604645,,4806014.0,0.0,,0.2800000011920929,16093.0,3.0,306.1000061035156,,,,,,5375.2001953125,,,,,,,,,,,,""
3849670927,"Aug 1, 2020, 5:59:49 PM",Evening Run,Run,,1908,4.48,162.0,7,false,,Saucony kinvara 10 mengdesko,activities/4118844629.fit.gz,,,1908.0,1908.0,4486.7998046875,3.200000047683716,2.351572275161743,119.0,118.0,182.8000030517578,257.20001220703125,30.0,0.004457519855350256,,,81.0,75.75092315673828,,140.11326599121094,,,323.0,,25.0,7.0,,,,,,,,,,,,,0.0,,1.0,4860.89990234375,,,,,,,,,,,,,,,,4827757.0,,,,,,,,,,,,738.5,,,,,,,,,,,,""
3852168414,"Aug 2, 2020, 9:11:05 AM",Vogn+hund+regn😑,Run,"",2149,4.78,162.0,7,false,,Saucony kinvara 10 mengdesko,activities/4121631730.fit.gz,,,2149.0,2078.0,4785.89990234375,3.5,2.3031280040740967,85.0,89.0,176.39999389648438,216.39999389648438,19.200000762939453,-0.016715768724679947,,,108.0,78.42767333984375,,137.09603881835938,,,324.0,,22.0,7.0,,,,,,,,,,,0.0,,0.0,,1.0,5019.39990234375,,,,,,,,,,,,,,,,4827757.0,,,,,,,,,,,,2143.0,,,,,,,,,,,,""
3862154075,"Aug 4, 2020, 9:22:38 AM",Lunch Run,Run,"",3807,9.91,183.0,18,false,,Saucony kinvara 10 mengdesko,activities/4132661943.fit.gz,,,3807.0,3771.0,9916.0,4.199999809265137,2.6295411586761475,163.0,235.0,99.4000015258789,224.39999389648438,32.099998474121094,-0.6635740399360657,,,85.0,79.11659240722656,,146.3118133544922,,,657.0,,24.0,18.0,,,,,,,,,,,0.0,,0.0,,1.0,10426.0,,,,,,,,,,,,,,,,4827757.0,,,,,,,,,,,,4013.5,,,,,,,,,,,,""
3872238907,"Aug 6, 2020, 7:32:54 AM",Morning Run,Run,"",8369,17.36,187.0,75,false,,Salomon S-Lab 2 terrengsko slab ,activities/4143706989.fit.gz,,,8369.0,8020.0,17364.900390625,4.099999904632568,2.1651995182037354,588.0,617.0,115.5999984741211,470.3999938964844,49.099998474121094,-0.1025056317448616,,,91.0,74.45479583740234,,158.07522583007812,,,1303.0,,22.0,75.0,,,,,,,,,,,0.0,,0.0,,1.0,20208.0,,,,,,,,,,,,,,,,4827744.0,,,,,,,,,,,,15993.099609375,,,,,,,,,,,,""
3891253180,"Aug 10, 2020, 7:33:30 AM",Morning Run,Run,"",753,1.79,166.0,3,false,,Saucony kinvara 10 mengdesko,activities/4164603719.fit.gz,,,753.0,720.0,1792.199951171875,4.400000095367432,2.489166736602783,14.0,18.0,63.20000076293945,76.5999984741211,30.0,-0.10043521970510483,,,83.0,76.69308471679688,,149.65576171875,,,141.0,,23.0,3.0,,,,,,,,,,,0.0,,0.0,,1.0,1820.0999755859375,,,,,,,,,,,,,,,,4827757.0,,,,,,,,,,,,,,,,,,,,,,,,""
3891418009,"Aug 10, 2020, 7:47:52 AM",Første 10k på bane (44:43),Run,"",3121,11.04,200.0,96,false,,HOKA Hoka rakett,activities/4164783525.fit.gz,,,3121.0,3110.0,11041.2998046875,4.800000190734863,3.5502572059631348,30.0,36.0,56.0,73.0,25.299999237060547,-0.023547951132059097,,,92.0,84.96001434326172,,183.6075439453125,,,750.0,,22.0,96.0,,,,,,,,,,,0.0,,0.0,,1.0,11197.2998046875,,,,,,,,,,,,,,,,4806014.0,,,,,,,,,,,,,,,,,,,,,,,,""
3896219158,"Aug 11, 2020, 8:21:49 AM",Helt ordinær joggetur med hunden,Run,"",2842,6.58,153.0,9,false,,Saucony kinvara 10 mengdesko,activities/4170027304.fit.gz,,,2842.0,2720.0,6581.2998046875,3.5,2.41959547996521,85.0,112.0,99.80000305175781,191.1999969482422,50.0,-0.3950587213039398,,,81.0,77.06385040283203,,136.01414489746094,,,438.0,,28.0,9.0,,,,,,,,,,,,,0.0,,1.0,6783.2001953125,,,,,,,,,,,,,,,,4827757.0,,,,,,,,,,,,1340.300048828125,,,,,,,,,,,,""
3901383743,"Aug 12, 2020, 8:25:08 AM",Forberede pendlersesongen,Ride,"",4398,28.66,164.0,18,false,,Nye CXen,activities/4175624526.fit.gz,,12.0,4398.0,4366.0,28667.69921875,14.0,6.566124439239502,420.0,421.0,52.400001525878906,212.0,50.0,0.016743581742048264,,,,,,137.1003875732422,,183.1405029296875,649.0,,24.0,18.0,,,,,,,,,,,0.0,,0.0,,1.0,,,,,,,,,,,,,,,,3718715.0,,,,,,,,,,,,,1062.800048828125,,,,,,,,,,,,""
3908320835,"Aug 13, 2020, 5:28:55 PM",Lummer 2x2000m,Run,"",2861,8.30,188.0,31,false,,HOKA Hoka rakett,activities/4183133713.fit.gz,,,2861.0,2853.0,8307.0,5.300000190734863,2.9116718769073486,139.0,135.0,62.79999923706055,167.60000610351562,17.0,-0.012038039974868298,,,90.0,80.04206085205078,,159.76051330566406,,,557.0,,27.0,31.0,,,,,,,,,,,,,0.0,,1.0,8681.900390625,,,,,,,,,,,,,,,,4806014.0,,,,,,,,,,,,4160.0,,,,,,,,,,,,""
3921020507,"Aug 16, 2020, 10:17:12 AM",Lunch Run,Run,,5589,3.71,,,false,,Salomon S-Lab 2 terrengsko slab ,activities/3921020507.gpx,,,5589.0,4014.0,3713.800048828125,5.400000095367432,0.9252117872238159,200.89596557617188,226.1959686279297,190.8000030517578,339.6000061035156,49.599998474121094,-0.6812429428100586,,,,,,,,,427.18402099609375,,,,,,,,,,,,,,0.0,,0.0,,1.0,5038.7998046875,,,,,,,,,,,,,,,,4827744.0,,,,,,,,,,,,,,,,,,,,,,,,""
3924754482,"Aug 17, 2020, 6:21:04 AM",Lunch Ride,Ride,"",2174,14.69,171.0,12,false,,Focusen,activities/4201065458.fit.gz,,12.0,2174.0,2174.0,14689.7001953125,14.600000381469727,6.756991863250732,169.0,245.0,21.200000762939453,183.0,18.700000762939453,-0.5037543177604675,,,,,,144.49424743652344,,120.61711883544922,398.0,,21.0,12.0,,,,,,,,,,,0.0,,0.0,,1.0,,,,,,,,,,,,,,,,773902.0,,,,,,,,,,,,,0.0,,,,,,,,,,,,""
3925996982,"Aug 17, 2020, 12:45:17 PM",Afternoon Ride,Ride,"",2467,14.63,176.0,25,false,,Focusen,activities/4202437954.fit.gz,,12.0,2467.0,2467.0,14633.599609375,11.100000381469727,5.93173885345459,233.0,159.0,24.200000762939453,180.60000610351562,14.0,0.5070522427558899,,,,,,156.27029418945312,,126.717529296875,506.0,,30.0,25.0,,,,,,,,,,,0.0,,0.0,,1.0,,,,,,,,,,,,,,,,773902.0,,,,,,,,,,,,,120.69999694824219,,,,,,,,,,,,""
3929283426,"Aug 18, 2020, 6:11:40 AM",Morning Ride,Ride,,2207,14.73,162.0,8,false,,Nye CXen,activities/4206055052.fit.gz,,12.0,2207.0,2185.0,14737.0,13.800000190734863,6.744622230529785,166.0,238.0,23.0,182.1999969482422,18.5,-0.48313766717910767,,,,,,136.23387145996094,,174.38607788085938,361.0,,22.0,8.0,,,,,,,,,,,,,0.0,,1.0,,,,,,,,,,,,,,,,3718715.0,,,,,,,,,,,,,0.0,,,,,,,,,,,,""
3931118579,"Aug 18, 2020, 2:12:22 PM",Afternoon Ride,Ride,,2387,14.82,178.0,19,false,,Nye CXen,activities/4208056073.fit.gz,,12.0,2387.0,2387.0,14823.2998046875,13.800000190734863,6.210012435913086,226.0,155.0,60.400001525878906,213.8000030517578,15.0,0.4614357054233551,,,,,,151.40142822265625,,182.51156616210938,478.0,,28.0,19.0,,,,,,,,,,,,,0.0,,1.0,,,,,,,,,,,,,,,,3718715.0,,,,,,,,,,,,,128.60000610351562,,,,,,,,,,,,""
3934244542,"Aug 19, 2020, 5:26:19 AM",Morning Ride,Ride,,2111,14.79,165.0,10,false,,Nye CXen,activities/4211410403.fit.gz,,12.0,2111.0,2074.0,14798.7998046875,14.600000381469727,7.135390758514404,166.0,241.0,22.399999618530273,181.39999389648438,17.0,-0.5067978501319885,,,,,,143.13934326171875,,185.93153381347656,385.0,,21.0,10.0,,,,,,,,,,,,,0.0,,1.0,,,,,,,,,,,,,,,,3718715.0,,,,,,,,,,,,,0.0,,,,,,,,,,,,""
3936022428,"Aug 19, 2020, 1:53:21 PM",Afternoon Ride,Ride,,2420,14.67,180.0,27,false,,Nye CXen,activities/4213312813.fit.gz,,12.0,2420.0,2395.0,14669.2998046875,11.5,6.124968528747559,235.0,162.0,44.400001525878906,200.1999969482422,17.600000381469727,0.5030915141105652,,,,,,157.24252319335938,,185.3557891845703,500.0,,28.0,27.0,,,,,,,,,,,,,0.0,,1.0,,,,,,,,,,,,,,,,3718715.0,,,,,,,,,,,,,117.5999984741211,,,,,,,,,,,,""
3939070952,"Aug 20, 2020, 5:44:36 AM",Morning Ride,Ride,,2257,14.67,171.0,12,false,,Nye CXen,activities/4216577257.fit.gz,,12.0,2257.0,2231.0,14670.099609375,14.300000190734863,6.575571537017822,168.0,249.0,43.0,206.8000030517578,18.399999618530273,-0.5426002740859985,,,,,,144.80882263183594,,165.12686157226562,415.0,,21.0,12.0,,,,,,,,,,,,,0.0,,1.0,,,,,,,,,,,,,,,,3718715.0,,,,,,,,,,,,,14.100000381469727,,,,,,,,,,,,""
3940943740,"Aug 20, 2020, 2:14:12 PM",Afternoon Ride,Ride,,2729,14.65,176.0,18,false,,Nye CXen,activities/4218571152.fit.gz,,12.0,2729.0,2534.0,14654.7998046875,12.399999618530273,5.783267498016357,237.0,166.0,42.400001525878906,198.60000610351562,22.200000762939453,0.4913066029548645,,,,,,148.9468231201172,,169.16905212402344,506.0,,27.0,18.0,,,,,,,,,,,,,0.0,,1.0,,,,,,,,,,,,,,,,3718715.0,,,,,,,,,,,,,120.5,,,,,,,,,,,,""
3946483493,"Aug 21, 2020, 6:35:47 PM",Evening Run,Run,,2634,7.56,186.0,31,false,,Saucony kinvara 10 mengdesko,activities/4224513335.fit.gz,,,2634.0,2544.0,7561.2001953125,5.099999904632568,2.972169876098633,126.0,119.0,130.0,222.0,44.900001525878906,-0.05554673820734024,,,91.0,80.9210205078125,,161.35610961914062,,,521.0,,24.0,31.0,,,,,,,,,,,,,0.0,,1.0,7963.89990234375,,,,,,,,,,,,,,,,4827757.0,,,,,,,,,,,,1958.300048828125,,,,,,,,,,,,""
3986594709,"Aug 30, 2020, 12:27:40 PM",Afternoon Run,Run,,2641,6.38,163.0,8,false,,Saucony kinvara 10 mengdesko,activities/4267415587.fit.gz,,,2641.0,2454.0,6383.7998046875,3.799999952316284,2.6013855934143066,105.0,103.0,73.5999984741211,166.39999389648438,44.20000076293945,-0.040728092193603516,,,86.0,78.67534637451172,,138.64682006835938,,,416.0,,24.0,8.0,,,,,,,,,,,,,0.0,,1.0,6751.2001953125,,,,,,,,,,,,,,,,4827757.0,,,,,,,,,,,,2506.800048828125,,,,,,,,,,,,""
3997123130,"Sep 1, 2020, 5:16:21 PM",Intervaller med 🐕 ikke spesielt vellykket,Run,"",2608,6.85,187.0,20,false,,HOKA Hoka rakett,activities/4278680103.fit.gz,,,2608.0,2505.0,6850.5,5.099999904632568,2.7347304821014404,110.0,112.0,71.5999984741211,166.0,40.70000076293945,-0.058389898389577866,,,93.0,79.2075424194336,,153.1568145751953,,,478.0,,21.0,20.0,,,,,,,,,,,0.0,,0.0,,1.0,7204.7998046875,,,,,,,,,,,,,,,,4806014.0,,,,,,,,,,,,2634.60009765625,,,,,,,,,,,,""
3999381722,"Sep 2, 2020, 5:28:26 AM",Morning Ride,Ride,,2251,14.71,173.0,16,false,,Nye CXen,activities/4281079574.fit.gz,,12.0,2251.0,2207.0,14718.2998046875,14.100000381469727,6.668917179107666,162.0,239.0,22.0,183.0,14.800000190734863,-0.5027754306793213,,,,,,149.42092895507812,,166.6814727783203,444.0,,17.0,16.0,,,,,,,,,,,,,0.0,,1.0,,,,,,,,,,,,,,,,3718715.0,,,,,,,,,,,,,0.0,,,,,,,,,,,,""
4001193887,"Sep 2, 2020, 2:08:30 PM",Afternoon Ride,Ride,,2458,14.75,182.0,19,false,,Nye CXen,activities/4283008547.fit.gz,,12.0,2458.0,2440.0,14753.2998046875,13.600000381469727,6.04643440246582,238.0,164.0,43.79999923706055,200.60000610351562,13.600000381469727,0.4961601793766022,,,,,,151.63897705078125,,179.29071044921875,492.0,,23.0,19.0,,,,,,,,,,,,,0.0,,1.0,,,,,,,,,,,,,,,,3718715.0,,,,,,,,,,,,,118.5,,,,,,,,,,,,""
4049218465,"Sep 12, 2020, 3:15:19 PM",Afternoon Run,Run,,1343,3.00,163.0,4,false,,Saucony kinvara 10 mengdesko,activities/4333590881.fit.gz,,,1343.0,1251.0,3006.5,4.800000190734863,2.4032773971557617,60.0,55.0,176.39999389648438,210.39999389648438,30.600000381469727,0.0,,,88.0,76.09925842285156,,136.66287231445312,,,209.0,,22.0,4.0,,,,,,,,,,,,,0.0,,1.0,3195.800048828125,,,,,,,,,,,,,,,,4827757.0,,,,,,,,,,,,292.3999938964844,,,,,,,,,,,,""
4051864623,"Sep 13, 2020, 6:51:37 AM",Morning Run,Run,"",3176,8.22,188.0,29,false,,Saucony kinvara 10 mengdesko,activities/4336392525.fit.gz,,,3176.0,3069.0,8227.0,5.699999809265137,2.680677652359009,188.0,186.0,68.19999694824219,166.8000030517578,21.200000762939453,0.02917223796248436,,,97.0,79.23216247558594,,158.56561279296875,,,614.0,,17.0,29.0,,,,,,,,,,,0.0,,0.0,,1.0,8802.7998046875,,,,,,,,,,,,,,,,4827757.0,,,,,,,,,,,,3511.10009765625,,,,,,,,,,,,""
4057691137,"Sep 14, 2020, 9:16:31 AM",Nesten frisk ,Run,"",3806,9.17,178.0,33,false,,Salomon S-Lab 2 terrengsko slab ,activities/4342590793.fit.gz,,,3806.0,3714.0,9176.400390625,4.900000095367432,2.470759391784668,294.0,300.0,72.19999694824219,256.6000061035156,42.70000076293945,-0.021795039996504784,,,89.0,77.6369857788086,,156.87815856933594,,,711.0,,23.0,33.0,,,,,,,,,,,,,0.0,,1.0,10309.5,,,,,,,,,,,,,,,,4827744.0,,,,,,,,,,,,6178.60009765625,,,,,,,,,,,,""
4061879793,"Sep 15, 2020, 6:56:12 AM",Morning Ride,Ride,"",2125,14.78,136.0,5,false,,Nye CXen,activities/4347002640.fit.gz,,12.0,2125.0,2109.0,14780.2001953125,14.399999618530273,7.008155345916748,175.0,251.0,18.200000762939453,181.39999389648438,14.899999618530273,-0.5087887644767761,,,,,,118.79190826416016,,183.4247589111328,242.0,,19.0,5.0,,,,,,,,,,,0.0,,0.0,,1.0,,,,,,,,,,,,,,,,3718715.0,,,,,,,,,,,,,10.199999809265137,,,,,,,,,,,,""
4063437541,"Sep 15, 2020, 1:53:46 PM",Afternoon Ride,Ride,,2544,14.75,180.0,14,false,,Nye CXen,activities/4348644681.fit.gz,,12.0,2544.0,2523.0,14754.2001953125,11.800000190734863,5.847879409790039,243.0,171.0,40.79999923706055,200.60000610351562,20.0,0.49070772528648376,,,,,,139.32461547851562,,169.7201690673828,419.0,,20.0,14.0,,,,,,,,,,,,,0.0,,1.0,,,,,,,,,,,,,,,,3718715.0,,,,,,,,,,,,,124.0,,,,,,,,,,,,""
4066736503,"Sep 16, 2020, 5:27:02 AM",Morning Ride,Ride,,2025,14.75,174.0,15,false,,Nye CXen,activities/4352104068.fit.gz,,12.0,2025.0,2025.0,14755.2001953125,16.200000762939453,7.286518573760986,175.0,254.0,44.599998474121094,208.8000030517578,15.399999618530273,-0.524560809135437,,,,,,152.05091857910156,,198.76124572753906,413.0,,18.0,15.0,,,,,,,,,,,,,0.0,,1.0,,,,,,,,,,,,,,,,3718715.0,,,,,,,,,,,,,0.0,,,,,,,,,,,,""
4068520178,"Sep 16, 2020, 2:04:32 PM",Afternoon Ride,Ride,"",2505,14.72,174.0,17,false,,Nye CXen,activities/4353995443.fit.gz,,12.0,2505.0,2505.0,14727.099609375,11.5,5.879081726074219,238.0,169.0,39.0,194.8000030517578,25.600000381469727,0.4386471211910248,,,,,,138.1202850341797,,179.67922973632812,436.0,,22.0,17.0,,,,,,,,,,,0.0,,0.0,,1.0,,,,,,,,,,,,,,,,3718715.0,,,,,,,,,,,,,41.5,,,,,,,,,,,,""
4076141593,"Sep 18, 2020, 5:09:00 AM",Morning Ride,Ride,,2441,14.85,174.0,16,false,,Nye CXen,activities/4362016994.fit.gz,,12.0,2441.0,2118.0,14852.400390625,15.199999809265137,7.01246452331543,175.0,251.0,43.20000076293945,208.60000610351562,17.799999237060547,-0.514394998550415,,,,,,152.24952697753906,,184.2642822265625,426.0,,15.0,16.0,,,,,,,,,,,,,0.0,,1.0,,,,,,,,,,,,,,,,3718715.0,,,,,,,,,,,,,10.899999618530273,,,,,,,,,,,,""
4077770309,"Sep 18, 2020, 1:40:09 PM",Afternoon Ride,Ride,,3617,14.77,174.0,16,false,,Nye CXen,activities/4363751043.fit.gz,,12.0,3617.0,2654.0,14778.2001953125,11.300000190734863,5.56827449798584,240.0,166.0,44.79999923706055,201.0,35.70000076293945,0.4817907512187958,,,,,,143.3464813232422,,156.69711303710938,522.0,,27.0,16.0,,,,,,,,,,,,,0.0,,1.0,,,,,,,,,,,,,,,,3718715.0,,,,,,,,,,,,,130.3000030517578,,,,,,,,,,,,""
4081409247,"Sep 19, 2020, 10:17:17 AM",2x2000 med 🐶,Run,"",2809,8.16,192.0,44,false,,Saucony kinvara 10 mengdesko,activities/4367603472.fit.gz,,,2809.0,2741.0,8165.5,4.599999904632568,2.979022264480591,136.0,137.0,61.20000076293945,176.0,30.100000381469727,0.034290611743927,,,93.0,81.6623306274414,,168.20428466796875,,,593.0,,23.0,44.0,,,,,,8.0,,,,,0.0,118.0,0.0,,1.0,8591.900390625,,,,,,,,,,,,,,,,4827757.0,,,,,,,,,,,,3986.199951171875,,,,,,,,,,,,""
4100140170,"Sep 23, 2020, 5:37:46 AM",Morning Ride,Ride,,2103,14.46,161.0,5,false,,Nye CXen,activities/4387408343.fit.gz,,12.0,2103.0,2039.0,14463.2998046875,15.0,7.093329906463623,170.0,248.0,60.0,182.1999969482422,16.700000762939453,-0.528233528137207,,,,,,120.12842559814453,,187.78347778320312,255.0,,19.0,5.0,,,,,,,,,,,,,0.0,,1.0,,,,,,,,,,,,,,,,3718715.0,,,,,,,,,,,,,0.0,,,,,,,,,,,,""
4101674740,"Sep 23, 2020, 1:47:42 PM",Afternoon Ride,Ride,,2500,14.72,173.0,16,false,,Nye CXen,activities/4389034445.fit.gz,,12.0,2500.0,2500.0,14726.099609375,12.0,5.890439987182617,247.0,175.0,40.0,200.0,19.399999618530273,0.48892781138420105,,,,,,145.740234375,,174.26541137695312,460.0,,18.0,16.0,,,,,,,,,,,,,0.0,,1.0,,,,,,,,,,,,,,,,3718715.0,,,,,,,,,,,,,127.19999694824219,,,,,,,,,,,,""
4109509622,"Sep 25, 2020, 5:35:54 AM",Morning Ride,Ride,,2522,14.75,169.0,10,false,,Nye CXen,activities/4397319424.fit.gz,,12.0,2522.0,2183.0,14753.2998046875,15.100000381469727,6.758268356323242,172.0,251.0,19.200000762939453,183.0,16.5,-0.5314065217971802,,,,,,142.4612579345703,,174.96725463867188,394.0,,14.0,10.0,,,,,,,,,,,,,0.0,,1.0,,,,,,,,,,,,,,,,3718715.0,,,,,,,,,,,,,0.0,,,,,,,,,,,,""
4110283404,"Sep 25, 2020, 1:29:41 PM",Afternoon Ride,Ride,,2199,14.66,179.0,25,false,,Nye CXen,activities/4398148097.fit.gz,,12.0,2199.0,2199.0,14659.0,12.399999618530273,6.66621208190918,239.0,163.0,13.199999809265137,170.8000030517578,22.399999618530273,0.4802510440349579,,,,,,157.54591369628906,,208.53857421875,461.0,,19.0,25.0,,,,,,,,,,,,,0.0,,1.0,,,,,,,,,,,,,,,,3718715.0,,,,,,,,,,,,,31.799999237060547,,,,,,,,,,,,""
4114213970,"Sep 26, 2020, 12:03:09 PM",Afternoon Run,Run,,3366,7.04,175.0,21,false,,Saucony kinvara 10 mengdesko,activities/4402330718.fit.gz,,,3366.0,3333.0,7041.89990234375,4.300000190734863,2.112781286239624,249.0,244.0,181.1999969482422,296.0,25.600000381469727,-0.07668384909629822,,,87.0,75.24577331542969,,152.72552490234375,,,616.0,,16.0,21.0,,,,,,,,,,,,,0.0,,1.0,8249.0,,,,,,,,,,,,,,,,4827757.0,,,,,,,,,,,,4435.39990234375,,,,,,,,,,,,""
4117639669,"Sep 27, 2020, 7:53:02 AM",Morning Ride,Ride,"",885,2.84,136.0,2,false,,Nye CXen,activities/4405985693.fit.gz,,12.0,885.0,771.0,2840.300048828125,7.900000095367432,3.6839170455932617,52.0,57.0,98.0,183.60000610351562,21.200000762939453,-2.5631096363067627,,,,,,118.66850280761719,,104.88446044921875,91.0,,19.0,2.0,,,,,,,,,,,0.0,,0.0,,1.0,,,,,,,,,,,,,,,,3718715.0,,,,,,,,,,,,,943.0999755859375,,,,,,,,,,,,""
4120833847,"Sep 27, 2020, 4:52:58 PM",To bakkedrag - formen kanskje på vei tilbake 👍,Run,"",3395,9.13,185.0,23,false,,Saucony kinvara 10 mengdesko,activities/4409349781.fit.gz,,,3395.0,3365.0,9131.7998046875,4.5,2.713759183883667,269.0,282.0,96.5999984741211,297.20001220703125,46.400001525878906,-0.09855668991804123,,,89.0,80.18978881835938,,150.7035369873047,,,611.0,,20.0,23.0,,,,,,,,,,,0.0,,0.0,,1.0,10231.400390625,,,,,,,,,,,,,,,,4827757.0,,,,,,,,,,,,5019.39990234375,,,,,,,,,,,,""
4126537917,"Sep 29, 2020, 5:18:57 AM",Morning Ride,Ride,,2205,14.74,167.0,9,false,,Nye CXen,activities/4415438448.fit.gz,,12.0,2205.0,2188.0,14739.5,14.0,6.736517429351807,165.0,250.0,17.0,182.8000030517578,16.399999618530273,-0.5386885404586792,,,,,,136.4661865234375,,163.2600555419922,367.0,,17.0,9.0,,,,,,,,,,,,,0.0,,1.0,,,,,,,,,,,,,,,,3718715.0,,,,,,,,,,,,,0.0,,,,,,,,,,,,""
4128488127,"Sep 29, 2020, 1:48:22 PM","sitter contis prestaventiler løst med vilje, eller?",Ride,"1,5 timer forsinkelse på commuten hjem",6922,13.67,167.0,11,false,,Nye CXen,activities/4417527053.fit.gz,,12.0,6922.0,2440.0,13669.2998046875,11.300000190734863,5.602171897888184,244.0,161.0,42.79999923706055,201.8000030517578,16.0,0.5384328365325928,,,,,,137.45228576660156,,165.06320190429688,395.0,,20.0,11.0,,,,,,,,,,,,,0.0,,1.0,,,,,,,,,,,,,,,,3718715.0,,,,,,,,,,,,,115.4000015258789,,,,,,,,,,,,""
4135744971,"Oct 1, 2020, 5:17:32 AM",Morning Ride,Ride,,2325,14.59,179.0,17,false,,Nye CXen,activities/4425217043.fit.gz,,12.0,2325.0,2111.0,14590.900390625,14.300000190734863,6.9118428230285645,166.0,256.0,56.400001525878906,182.60000610351562,26.299999237060547,-0.5386919379234314,,,,,,148.4547119140625,,171.70175170898438,396.0,,18.0,17.0,,,,,,,,,,,,,0.0,,1.0,,,,,,,,,,,,,,,,3718715.0,,,,,,,,,,,,,0.0,,,,,,,,,,,,""
4137358019,"Oct 1, 2020, 2:10:48 PM",Afternoon Ride,Ride,,2247,14.71,177.0,20,false,,Nye CXen,activities/4426948758.fit.gz,,12.0,2247.0,2247.0,14714.5,11.800000190734863,6.548509120941162,239.0,162.0,42.599998474121094,202.1999969482422,13.600000381469727,0.4974684715270996,,,,,,154.0125274658203,,199.57469177246094,453.0,,19.0,20.0,,,,,,,,,,,,,0.0,,1.0,,,,,,,,,,,,,,,,3718715.0,,,,,,,,,,,,,108.80000305175781,,,,,,,,,,,,""
4140134034,"Oct 2, 2020, 5:22:25 AM",Morning Ride,Ride,,1969,14.38,180.0,16,false,,Nye CXen,activities/4429878361.fit.gz,,12.0,1969.0,1945.0,14380.2998046875,15.199999809265137,7.393470287322998,171.0,252.0,58.20000076293945,183.1999969482422,15.699999809265137,-0.5549258589744568,,,,,,151.50796508789062,,190.23651123046875,382.0,,18.0,16.0,,,,,,,,,,,,,0.0,,1.0,,,,,,,,,,,,,,,,3718715.0,,,,,,,,,,,,,0.0,,,,,,,,,,,,""
4141547567,"Oct 2, 2020, 1:09:17 PM",Afternoon Ride,Ride,,3049,20.09,181.0,25,false,,Nye CXen,activities/4431406730.fit.gz,,12.0,3049.0,2992.0,20090.900390625,12.0,6.71487283706665,286.0,208.0,40.0,186.39999389648438,20.100000381469727,0.35936668515205383,,,,,,152.79873657226562,,195.26512145996094,596.0,,17.0,25.0,,,,,,,,,,,,,0.0,,1.0,,,,,,,,,,,,,,,,3718715.0,,,,,,,,,,,,,888.7000122070312,,,,,,,,,,,,""
4145114708,"Oct 3, 2020, 10:50:51 AM",Lunch Run,Run,"",6604,16.03,183.0,52,false,,Salomon S-Lab 2 terrengsko slab ,activities/4435188161.fit.gz,,,6604.0,6593.0,16033.7001953125,4.400000095367432,2.4319279193878174,559.0,556.0,127.4000015258789,381.0,49.5,0.013721100054681301,,,89.0,76.90898132324219,,155.6162567138672,,,1075.0,,19.0,52.0,,,,,,,,,,,0.0,,0.0,,1.0,18519.900390625,,,,,,,,,,,,,,,,4827744.0,,,,,,,,,,,,13843.2001953125,,,,,,,,,,,,""
4149205832,"Oct 4, 2020, 8:35:10 AM",Morning Walk,Walk,"",6677,5.37,148.0,12,false,,Salomon S-Lab 2 terrengsko slab ,activities/4439535259.fit.gz,,,6677.0,5494.0,5370.89990234375,2.0,0.977593719959259,197.8000030517578,170.0,186.0,303.6000061035156,48.599998474121094,-0.305349200963974,,,79.0,53.65724563598633,,107.62419891357422,,,454.0,,20.0,12.0,,,,,,,,,,,0.0,,0.0,,1.0,6126.0,,,,,,,,,,,,,,,,4827744.0,,,,,,,,,,,,3820.89990234375,,,,,,,,,,,,""
4154525951,"Oct 5, 2020, 5:23:19 AM",Morning Ride,Ride,,2397,14.74,175.0,13,false,,Nye CXen,activities/4445185804.fit.gz,,12.0,2397.0,2123.0,14747.7998046875,14.100000381469727,6.94667911529541,166.0,242.0,14.0,180.8000030517578,13.600000381469727,-0.5600835084915161,,,,,,144.03367614746094,,177.56736755371094,381.0,,19.0,13.0,,,,,,,,,,,,,0.0,,1.0,,,,,,,,,,,,,,,,3718715.0,,,,,,,,,,,,,0.0,,,,,,,,,,,,""
4154526026,"Oct 5, 2020, 2:11:53 PM",Afternoon Ride,Ride,,2492,14.73,171.0,14,false,,Nye CXen,activities/4445186016.fit.gz,,12.0,2492.0,2467.0,14733.5,11.699999809265137,5.972233295440674,243.0,166.0,42.79999923706055,200.0,17.299999237060547,0.4846099019050598,,,,,,145.40048217773438,,174.80300903320312,451.0,,22.0,14.0,,,,,,,,,,,,,0.0,,1.0,,,,,,,,,,,,,,,,3718715.0,,,,,,,,,,,,,117.19999694824219,,,,,,,,,,,,""
4158047043,"Oct 6, 2020, 6:34:27 AM",Morning Ride,Ride,,2390,14.73,168.0,9,false,,Nye CXen,activities/4448904962.fit.gz,,12.0,2390.0,2390.0,14733.7001953125,14.199999809265137,6.164728164672852,185.0,250.0,53.0,210.60000610351562,14.899999618530273,-0.46559926867485046,,,,,,137.98153686523438,,152.32717895507812,394.0,,19.0,9.0,,,,,,,,,,,,,0.0,,1.0,,,,,,,,,,,,,,,,3718715.0,,,,,,,,,,,,,0.0,,,,,,,,,,,,""
4159043366,"Oct 6, 2020, 2:56:27 PM",Afternoon Ride,Ride,,2458,14.72,170.0,15,false,,Nye CXen,activities/4449958110.fit.gz,,12.0,2458.0,2419.0,14721.2001953125,11.199999809265137,6.085655212402344,240.0,163.0,43.599998474121094,203.1999969482422,15.699999809265137,0.5026764273643494,,,,,,146.4087371826172,,178.5018768310547,447.0,,21.0,15.0,,,,,,,,,,,,,0.0,,1.0,,,,,,,,,,,,,,,,3718715.0,,,,,,,,,,,,,31.799999237060547,,,,,,,,,,,,""
4161927319,"Oct 7, 2020, 5:39:14 AM",Morning Ride,Ride,,2692,14.53,175.0,12,false,,Nye CXen,activities/4452995134.fit.gz,,12.0,2692.0,2137.0,14535.5,14.5,6.801825046539307,175.0,257.0,57.400001525878906,183.8000030517578,14.399999618530273,-0.5600082278251648,,,,,,142.1770477294922,,173.65296936035156,362.0,,18.0,12.0,,,,,,,,,,,,,0.0,,1.0,,,,,,,,,,,,,,,,3718715.0,,,,,,,,,,,,,63.599998474121094,,,,,,,,,,,,""
4163483258,"Oct 7, 2020, 2:06:47 PM",Afternoon Ride,Ride,,2398,14.74,172.0,14,false,,Nye CXen,activities/4454644672.fit.gz,,12.0,2398.0,2348.0,14743.5,12.399999618530273,6.279173851013184,240.0,167.0,40.79999923706055,198.1999969482422,17.899999618530273,0.46528980135917664,,,,,,145.69961547851562,,186.37281799316406,436.0,,20.0,14.0,,,,,,,,,,,,,0.0,,1.0,,,,,,,,,,,,,,,,3718715.0,,,,,,,,,,,,,35.20000076293945,,,,,,,,,,,,""
4166673190,"Oct 8, 2020, 7:57:06 AM",Morning Run,Run,,3418,6.98,170.0,9,false,,Saucony kinvara 10 mengdesko,activities/4458036213.fit.gz,,,3418.0,3177.0,6983.2998046875,4.0,2.198080062866211,342.0,346.0,104.5999984741211,379.79998779296875,49.0,-0.04009565711021423,,,83.0,75.76778411865234,,118.31084442138672,,,436.0,,21.0,9.0,,,,,,,,,,,,,0.0,,1.0,8752.5,,,,,,,,,,,,,,,,4827757.0,,,,,,,,,,,,2395.39990234375,,,,,,,,,,,,""
4166673274,"Oct 8, 2020, 9:01:43 AM",Lunch Run,Run,"",1,0,61.0,0,false,,Saucony kinvara 10 mengdesko,activities/4458036328.fit.gz,,,1.0,1.0,0.0,0.0,0.0,0.0,0.0,181.39999389648438,181.8000030517578,0.0,0.0,,,,,,59.0,,,0.0,,25.0,0.0,,,,,,,,,,,0.0,,0.0,,1.0,,,,,,,,,,,,,,,,,4827757.0,,,,,,,,,,,,,,,,,,,,,,,,""
4174798190,"Oct 10, 2020, 7:36:06 AM",Morning Run,Run,,4678,8.72,193.0,41,false,,Saucony kinvara 10 mengdesko,activities/4466644464.fit.gz,,,4678.0,3445.0,8723.2998046875,4.300000190734863,2.532162666320801,327.0,327.0,69.5999984741211,256.6000061035156,27.700000762939453,-0.03668336570262909,,,87.0,79.11055755615234,,160.01576232910156,,,654.0,,17.0,41.0,,,,,,,,,,,,,0.0,,1.0,10065.900390625,,,,,,,,,,,,,,,,4827757.0,,,,,,,,,,,,7617.2001953125,,,,,,,,,,,,""
4184447751,"Oct 12, 2020, 7:18:00 AM","""Rolig"" langkjør med Ben Andre",Run,Gjennomkjøring traseen Lommedalen rundt,9276,20.07,184.0,106,false,,Salomon S-Lab 2 terrengsko slab ,activities/4476917109.fit.gz,,,9276.0,8614.0,20073.69921875,5.099999904632568,2.330357551574707,710.0,750.0,100.19999694824219,391.20001220703125,35.29999923706055,-0.011955942027270794,,,118.0,76.12076568603516,,161.5557861328125,,,1546.0,,19.0,106.0,,,,,,,,,,,0.0,,0.0,,1.0,23475.400390625,,,,,,,,,,,,,,,,4827744.0,,,,,,,,,,,,15942.5,,,,,,,,,,,,""
4198237273,"Oct 15, 2020, 5:56:17 AM",Morning Ride,Ride,,2999,14.46,182.0,17,false,,Nye CXen,activities/4491653915.fit.gz,,12.0,2999.0,2605.0,14463.5,13.0,5.5522074699401855,222.0,288.0,74.19999694824219,184.60000610351562,18.200000762939453,-0.5019531846046448,,,,,,144.70155334472656,,143.08132934570312,427.0,,12.0,17.0,,,,,,,,,,,,,0.0,,1.0,,,,,,,,,,,,,,,,3718715.0,,,,,,,,,,,,,4713.10009765625,,,,,,,,,,,,""
4198237453,"Oct 15, 2020, 11:54:15 AM",Afternoon Ride,Ride,,1,0,86.0,0,false,,Nye CXen,activities/4491654075.fit.gz,,12.0,1.0,1.0,0.0,0.0,0.0,0.0,0.0,97.80000305175781,97.80000305175781,0.0,0.0,,,,,,86.0,,0.0,,,30.0,0.0,,,,,,,,,,,,,0.0,,1.0,,,,,,,,,,,,,,,,3718715.0,,,,,,,,,,,,,,,,,,,,,,,,,""
4198408030,"Oct 15, 2020, 2:10:57 PM",Afternoon Ride,Ride,,2156,11.70,177.0,16,false,,Nye CXen,activities/4491836282.fit.gz,,12.0,2156.0,2156.0,11699.2001953125,13.300000190734863,5.426344871520996,224.0,210.0,101.0,237.60000610351562,14.699999809265137,0.05470459535717964,,,,,,150.50448608398438,,158.0646514892578,395.0,,20.0,16.0,,,,,,,,,,,,,0.0,,1.0,,,,,,,,,,,,,,,,3718715.0,,,,,,,,,,,,,,,,,,,,,,,,,""
4205478991,"Oct 17, 2020, 9:36:46 AM",Joggevogn og 🐕,Run,"",2596,6.20,170.0,11,false,,Saucony kinvara 10 mengdesko,activities/4499334844.fit.gz,,,2596.0,2517.0,6199.39990234375,3.799999952316284,2.4630115032196045,117.0,117.0,98.80000305175781,192.8000030517578,16.700000762939453,-0.09678355604410172,,,86.0,79.28511047363281,,145.38389587402344,,,447.0,,19.0,11.0,,,,,,,,,,,0.0,,0.0,,1.0,6567.2998046875,,,,,,,,,,,,,,,,4827757.0,,,,,,,,,,,,2365.10009765625,,,,,,,,,,,,""
4211058293,"Oct 18, 2020, 10:35:39 AM",Lunch Run,Run,,4878,11.15,177.0,28,false,,Saucony kinvara 10 mengdesko,activities/4505244742.fit.gz,,,4878.0,4848.0,11150.0,4.400000095367432,2.299917459487915,351.0,356.0,121.5999984741211,296.3999938964844,40.400001525878906,-0.0394618846476078,,,120.0,76.31613159179688,,151.49166870117188,,,800.0,,19.0,28.0,,,,,,,,,,,,,0.0,,1.0,12794.7001953125,,,,,,,,,,,,,,,,4827757.0,,,,,,,,,,,,8787.599609375,,,,,,,,,,,,""
4223136803,"Oct 21, 2020, 5:55:54 AM",Morning Ride,Ride,,3096,15.80,136.0,6,false,,Nye CXen,activities/4518072980.fit.gz,,12.0,3096.0,2418.0,15799.0,14.399999618530273,6.533912181854248,212.0,288.0,37.400001525878906,206.8000030517578,19.0,-0.517754316329956,,,,,,115.33556365966797,,175.9954071044922,238.0,,14.0,6.0,,,,,,,,,,,,,0.0,,1.0,,,,,,,,,,,,,,,,3718715.0,,,,,,,,,,,,,0.0,,,,,,,,,,,,""
4224492651,"Oct 21, 2020, 1:53:59 PM",Afternoon Ride,Ride,,2616,14.71,185.0,11,false,,Nye CXen,activities/4519529882.fit.gz,,12.0,2616.0,2590.0,14716.2001953125,10.800000190734863,5.6819305419921875,249.0,176.0,41.400001525878906,206.8000030517578,29.5,0.5259509682655334,,,,,,133.6275177001953,,167.2655029296875,389.0,,16.0,11.0,,,,,,,,,,,,,0.0,,1.0,,,,,,,,,,,,,,,,3718715.0,,,,,,,,,,,,,126.5,,,,,,,,,,,,""
4236234065,"Oct 24, 2020, 10:08:30 AM",Lunch Run,Run,,3668,10.32,189.0,21,false,,Saucony kinvara 10 mengdesko,activities/4531918174.fit.gz,,,3668.0,3650.0,10325.099609375,5.0,2.828794479370117,225.0,234.0,89.80000305175781,204.8000030517578,28.600000381469727,-0.09491433203220367,,,88.0,80.87877655029297,,150.85682678222656,,,665.0,,15.0,21.0,,,,,,,,,,,,,0.0,,1.0,10997.5,,,,,,,,,,,,,,,,4827757.0,,,,,,,,,,,,4409.39990234375,,,,,,,,,,,,""
4243129111,"Oct 25, 2020, 4:30:00 PM",Helt ordinær joggetur med Juno,Run,"",3323,8.65,162.0,12,false,,Saucony kinvara 10 mengdesko,activities/4539194553.fit.gz,,,3323.0,3276.0,8654.2998046875,4.199999809265137,2.6417276859283447,182.0,196.0,97.80000305175781,192.8000030517578,44.79999923706055,-0.1455923616886139,,,85.0,78.84947204589844,,141.09628295898438,,,531.0,,19.0,12.0,,,,,,,,,,,,,0.0,,1.0,9249.5,,,,,,,,,,,,,,,,4827757.0,,,,,,,,,,,,3642.699951171875,,,,,,,,,,,,""
4258955286,"Oct 29, 2020, 3:47:31 PM",Afternoon Run,Run,,2422,6.65,193.0,30,false,,Saucony kinvara 10 mengdesko,activities/4555973474.fit.gz,,,2422.0,2290.0,6654.60009765625,4.900000095367432,2.9059388637542725,83.0,96.0,173.60000610351562,208.60000610351562,41.70000076293945,-0.09917951375246048,,,94.0,81.07987213134766,,162.13490295410156,,,460.0,,14.0,30.0,,,,,,,,,,,,,0.0,,1.0,6873.5,,,,,,,,,,,,,,,,4827757.0,,,,,,,,,,,,282.0,,,,,,,,,,,,""
4265595797,"Oct 31, 2020, 10:57:13 AM",Lunch Run,Run,,336,0.73,162.0,1,false,,Saucony kinvara 10 mengdesko,activities/4563031171.fit.gz,,,336.0,305.0,734.0,3.299999952316284,2.406557321548462,11.0,8.0,184.60000610351562,192.0,29.200000762939453,0.19073569774627686,,,94.0,74.25752258300781,,150.08026123046875,,,58.0,,24.0,1.0,,,,,,,,,,,,,0.0,,1.0,769.2999877929688,,,,,,,,,,,,,,,,4827757.0,,,,,,,,,,,,0.0,,,,,,,,,,,,""
4266263913,"Oct 31, 2020, 11:03:26 AM",Lunch Run,Run,"",7166,18.52,212.0,101,false,,Saucony kinvara 10 mengdesko,activities/4563737572.fit.gz,,,7166.0,7152.0,18521.80078125,5.900000095367432,2.5897371768951416,705.0,709.0,101.19999694824219,393.79998779296875,49.599998474121094,0.0010798086877912283,,,98.0,77.86322784423828,,152.5417938232422,,,1141.0,,20.0,101.0,,,,,,10.0,,,,,0.0,437.0,0.0,,1.0,21786.900390625,,,,,,,,,,,,,,,,4827757.0,,,,,,,,,,,,15736.400390625,,,,,,,,,,,,""
4342291514,"Nov 15, 2020, 2:39:01 PM",Komme i gang etter 3x forkjølelse...,Run,"",1976,4.55,162.0,7,false,,HOKA Hoka rakett,activities/4641663662.fit.gz,,,1976.0,1890.0,4557.2998046875,3.5,2.4112699031829834,92.0,98.0,101.4000015258789,194.60000610351562,45.79999923706055,-0.03510850667953491,,,81.0,76.34656524658203,,141.6200714111328,,,312.0,,19.0,7.0,,,,,,,,,,,0.0,,0.0,,1.0,4865.2001953125,,,,,,,,,,,,,,,,4806014.0,,,,,,,,,,,,2099.0,,,,,,,,,,,,""
4368576092,"Nov 21, 2020, 11:27:37 AM",Lunch Run,Run,"",1843,4.55,174.0,14,false,,Saucony kinvara 10 mengdesko,activities/4669318279.fit.gz,,,1843.0,1761.0,4554.5,4.400000095367432,2.5863146781921387,93.0,89.0,154.8000030517578,211.60000610351562,17.200000762939453,-0.0614776611328125,,,84.0,79.350341796875,,157.3502655029297,,,352.0,,19.0,14.0,,,,,,,,,,,0.0,,0.0,,1.0,4772.89990234375,,,,,,,,,,,,,,,,4827757.0,,,,,,,,,,,,180.8000030517578,,,,,,,,,,,,""
4374306364,"Nov 22, 2020, 11:47:53 AM",Lunch Run,Run,,2093,5.60,194.0,11,false,,Saucony kinvara 10 mengdesko,activities/4675349832.fit.gz,,,2093.0,2032.0,5608.89990234375,5.300000190734863,2.7602853775024414,55.0,116.0,95.80000305175781,192.8000030517578,14.800000190734863,-1.1089518070220947,,,95.0,78.02862548828125,,143.10162353515625,,,337.0,,18.0,11.0,,,,,,,,,,,,,0.0,,1.0,5682.2998046875,,,,,,,,,,,,,,,,4827757.0,,,,,,,,,,,,1275.0,,,,,,,,,,,,""
4407050315,"Nov 29, 2020, 11:31:28 AM",Lunch Run,Run,,4236,8.23,193.0,48,false,,Saucony kinvara 10 mengdesko,activities/4710183406.fit.gz,,,4236.0,3985.0,8236.0,4.099999904632568,2.0667502880096436,391.0,385.0,133.0,339.20001220703125,49.599998474121094,0.04613890126347542,,,100.0,75.35555267333984,,162.5435028076172,,,739.0,,12.0,48.0,,,,,,,,,,,,,0.0,,1.0,10453.0,,,,,,,,,,,,,,,,4827757.0,,,,,,,,,,,,1599.9000244140625,,,,,,,,,,,,""
4423673582,"Dec 3, 2020, 8:38:07 AM",Morning Run,Run,"",2203,5.00,175.0,9,false,,Salomon S-Lab 2 terrengsko slab ,activities/4727725862.fit.gz,,,2203.0,2008.0,5007.10009765625,3.5999999046325684,2.4935758113861084,106.0,111.0,94.80000305175781,193.1999969482422,47.599998474121094,-0.04393760859966278,,,84.0,77.79261779785156,,147.76260375976562,,,356.0,,18.0,9.0,,,,,,,,,,,0.0,,0.0,,1.0,5366.0,,,,,,,,,,,,,,,,4827744.0,,,,,,,,,,,,2600.699951171875,,,,,,,,,,,,""
4437227317,"Dec 6, 2020, 11:44:05 AM",Lunch Run,Run,,3479,8.58,189.0,46,false,,Saucony kinvara 10 mengdesko,activities/4742061833.fit.gz,,,3479.0,3445.0,8580.900390625,5.5,2.4908273220062256,254.0,250.0,128.60000610351562,300.79998779296875,49.099998474121094,0.020976820960640907,,,93.0,78.2404556274414,,163.5388641357422,,,667.0,,22.0,46.0,,,,,,,,,,,,,0.0,,1.0,9584.7001953125,,,,,,,,,,,,,,,,4827757.0,,,,,,,,,,,,5796.39990234375,,,,,,,,,,,,""
4461050692,"Dec 12, 2020, 8:11:48 AM",Utfordrende føre😵,Run,"",4015,8.50,189.0,36,false,,Saucony kinvara 10 mengdesko,activities/4767136147.fit.gz,,,4015.0,3886.0,8504.900390625,4.900000095367432,2.1886000633239746,266.0,263.0,133.60000610351562,315.0,42.5,0.0470317117869854,,,121.0,74.9205093383789,,156.9241943359375,,,660.0,,13.0,36.0,,,,,,,,,,,0.0,,0.0,,1.0,9605.7998046875,,,,,,,,,,,,,,,,4827757.0,,,,,,,,,,,,7346.7001953125,,,,,,,,,,,,""
4490166165,"Dec 18, 2020, 7:41:27 PM",Evening Run,Run,"",1217,2.77,189.0,8,false,,Salming iSpike Pigg,activities/4797838058.fit.gz,,,1217.0,1136.0,2770.5,3.9000000953674316,2.4388203620910645,101.0,159.0,92.5999984741211,166.39999389648438,35.20000076293945,-1.9057931900024414,,,90.0,76.76573944091797,,148.82310485839844,,,200.0,,23.0,8.0,,,,,,,,,,,0.0,,0.0,,1.0,3184.10009765625,,,,,,,,,,,,,,,,7576922.0,,,,,,,,,,,,2199.5,,,,,,,,,,,,""
4490172981,"Dec 19, 2020, 10:00:49 AM",Lunch Run,Run,"",3442,9.42,196.0,43,false,,HOKA Hoka rakett,activities/4797845331.fit.gz,,,3442.0,3297.0,9427.0,5.800000190734863,2.8592660427093506,152.0,156.0,96.19999694824219,192.0,45.900001525878906,-0.038188181817531586,,,95.0,81.33219146728516,,162.1215057373047,,,615.0,,16.0,43.0,,,,,,,,,,,0.0,,0.0,,1.0,9922.5,,,,,,,,,,,,,,,,4806014.0,,,,,,,,,,,,4224.0,,,,,,,,,,,,""
4494169509,"Dec 20, 2020, 8:10:32 AM",Morning Run,Run,,3083,7.90,194.0,19,false,,Saucony kinvara 10 mengdesko,activities/4802086213.fit.gz,,,3083.0,3058.0,7906.89990234375,4.199999809265137,2.585644245147705,182.0,180.0,95.0,196.60000610351562,34.0,-0.07841252535581589,,,89.0,80.10256958007812,,149.689453125,,,523.0,,19.0,19.0,,,,,,,,,,,,,0.0,,1.0,8492.599609375,,,,,,,,,,,,,,,,4827757.0,,,,,,,,,,,,1777.800048828125,,,,,,,,,,,,""
4499033275,"Dec 21, 2020, 7:09:11 AM",Morning Ride,Ride,,906,6.58,137.0,2,false,,Nye CXen,activities/4807203768.fit.gz,,12.0,906.0,890.0,6579.0,14.5,7.392134666442871,65.0,188.0,46.20000076293945,203.0,20.0,-1.8422253131866455,,,,,,119.9548568725586,,152.1681671142578,114.0,,17.0,2.0,,,,,,,,,,,,,0.0,,1.0,,,,,,,,,,,,,,,,3718715.0,,,,,,,,,,,,,0.0,,,,,,,,,,,,""
4505823676,"Dec 22, 2020, 8:18:21 PM",Night Run,Run,,2891,7.42,156.0,10,false,,Saucony kinvara 10 mengdesko,activities/4814382037.fit.gz,,,2891.0,2852.0,7419.10009765625,4.199999809265137,2.601367473602295,163.0,168.0,84.0,211.0,28.100000381469727,-0.024261703714728355,,,84.0,78.28536224365234,,141.130859375,,,458.0,,13.0,10.0,,,,,,,,,,,,,0.0,,1.0,7799.7001953125,,,,,,,,,,,,,,,,4827757.0,,,,,,,,,,,,88.69999694824219,,,,,,,,,,,,""
4520002977,"Dec 26, 2020, 1:11:59 PM",På nysnø,Run,"",4535,10.75,185.0,36,false,,Saucony kinvara 10 mengdesko,activities/4829394808.fit.gz,,,4535.0,4428.0,10749.5,6.099999904632568,2.427619695663452,288.0,281.0,99.5999984741211,302.6000061035156,34.20000076293945,0.03907158598303795,,,101.0,77.75843811035156,,156.9766082763672,,,787.0,,15.0,36.0,,,,,,,,,,,0.0,,0.0,,1.0,11907.7001953125,,,,,,,,,,,,,,,,4827757.0,,,,,,,,,,,,6947.0,,,,,,,,,,,,""
4543944822,"Dec 31, 2020, 11:46:57 AM",Umulig føre,Run,"",4596,10.42,190.0,45,false,,Salomon S-Lab 2 terrengsko slab ,activities/4854773816.fit.gz,,,4596.0,4466.0,10420.2998046875,4.800000190734863,2.3332512378692627,264.0,262.0,104.4000015258789,293.20001220703125,26.200000762939453,-0.04030594229698181,,,112.0,77.74625396728516,,160.57318115234375,,,793.0,,7.0,45.0,,,,,,,,,,,0.0,,0.0,,1.0,11290.599609375,,,,,,,,,,,,,,,,4827744.0,,,,,,,,,,,,5622.7998046875,,,,,,,,,,,,""
4549061120,"Jan 1, 2021, 2:23:33 PM",Afternoon Run,Run,"",1997,5.00,172.0,9,false,,Salming iSpike Pigg,activities/4860228606.fit.gz,,,1997.0,1956.0,5008.10009765625,3.799999952316284,2.560378313064575,108.0,117.0,92.5999984741211,191.8000030517578,46.79999923706055,-0.13178651034832,,,86.0,78.98454284667969,,147.40533447265625,,,345.0,,15.0,9.0,,,,,,,,,,,,,0.0,,1.0,5338.10009765625,,,,,,,,,,,,,,,,7576922.0,,,,,,,,,,,,3019.199951171875,,,,,,,,,,,,""
4591566111,"Jan 9, 2021, 11:37:49 AM",Lunch Run,Run,"",4343,9.37,183.0,41,false,,Salming iSpike Pigg,activities/4904887208.fit.gz,,,4343.0,4155.0,9378.7001953125,4.300000190734863,2.2572081089019775,342.0,321.0,84.4000015258789,300.20001220703125,36.400001525878906,0.04264983534812927,,,101.0,77.81693267822266,,159.18502807617188,,,730.0,,11.0,41.0,,,,,,,,,,,0.0,,0.0,,1.0,11037.5,,,,,,,,,,,,,,,,7576922.0,,,,,,,,,,,,7098.60009765625,,,,,,,,,,,,media/137cfa77-12bd-483c-b5a7-2d6b10e04631.jpg
4634343395,"Jan 17, 2021, 9:53:39 AM",Morning Run,Run,,4295,1.22,,,false,,Salming iSpike Pigg,activities/4634343395.gpx,,,4295.0,1667.0,1226.4000244140625,4.199999809265137,0.7356928586959839,46.12184143066406,50.0218391418457,117.5,140.60000610351562,38.20000076293945,-0.31800392270088196,,,,,,,,,120.36911010742188,,,,,,,,,,,,,,0.0,,0.0,,1.0,1419.800048828125,,,,,,,,,,,,,,,,7576922.0,,,,,,,,,,,,,,,,,,,,,,,,""
4667408679,"Jan 23, 2021, 12:44:52 PM",Afternoon Run,Run,,2286,6.14,182.0,19,false,,Salming iSpike Pigg,activities/4984005667.fit.gz,,,2286.0,2242.0,6148.7001953125,4.099999904632568,2.742506742477417,109.0,115.0,70.19999694824219,166.39999389648438,50.0,-0.09758160263299942,,,84.0,78.36747741699219,,157.39820861816406,,,435.0,,15.0,19.0,,,,,,,,,,,,,0.0,,1.0,6496.0,,,,,,,,,,,,,,,,7576922.0,,,,,,,,,,,,1572.0,,,,,,,,,,,,""
4698716883,"Jan 29, 2021, 9:54:51 AM",Kort pause,Nordic Ski,"",953,3.26,183.0,7,false,,,activities/5016566855.fit.gz,,,953.0,908.0,3259.0,8.300000190734863,3.5892069339752197,64.19999694824219,42.0,121.19999694824219,141.8000030517578,18.299999237060547,0.2577477693557739,,,103.0,51.903133392333984,,137.74777221679688,,,139.0,,3.0,7.0,,,,,,7.0,,,,,0.0,28.0,0.0,,1.0,3404.89990234375,,,,,,,,,,,,,,,,7576922.0,,,,,,,,,,,,,,,,,,,,,,,,""
4711390208,"Jan 31, 2021, 1:01:43 PM",Afternoon Run,Nordic Ski,"",3060,10.49,186.0,66,false,,,activities/5029766265.fit.gz,,,3060.0,3060.0,10490.2001953125,8.0,3.4281699657440186,188.60000610351562,149.0,123.4000015258789,146.1999969482422,24.899999618530273,-0.03622428700327873,,,80.0,50.297889709472656,,173.20620727539062,,,655.0,,7.0,66.0,,,,,,,,,,,0.0,,0.0,,1.0,10829.099609375,,,,,,,,,,,,,,,,7576922.0,,,,,,,,,,,,,,,,,,,,,,,,""
4743247480,"Feb 6, 2021, 10:44:01 AM",Lunch Run,Run,,4105,10.35,183.0,37,false,,Salming iSpike Pigg,activities/5062835662.fit.gz,,,4105.0,4091.0,10356.099609375,4.900000095367432,2.5314347743988037,298.0,300.0,114.80000305175781,305.0,31.700000762939453,-0.04441826418042183,,,99.0,79.02438354492188,,157.3790283203125,,,725.0,,10.0,37.0,,,,,,,,,,,,,0.0,,1.0,11448.400390625,,,,,,,,,,,,,,,,7576922.0,,,,,,,,,,,,7763.7998046875,,,,,,,,,,,,""
4770600454,"Feb 11, 2021, 11:49:20 AM",Lunch Run,Run,"",3705,7.73,183.0,34,false,,Salomon S-Lab 2 terrengsko slab ,activities/5091220020.fit.gz,,,3705.0,3635.0,7731.2001953125,5.699999809265137,2.126877546310425,290.0,296.0,151.0,333.6000061035156,46.599998474121094,-0.06467301398515701,,,95.0,76.80195617675781,,158.69174194335938,,,641.0,,6.0,34.0,,,,,,,,,,,0.0,,0.0,,1.0,9119.0,,,,,,,,,,,,,,,,4827744.0,,,,,,,,,,,,5292.89990234375,,,,,,,,,,,,media/aff6f342-3897-4aaf-954d-fe1a63c02f0c.jpg
4786460456,"Feb 14, 2021, 1:47:21 PM",Afternoon Run,Run,"",2751,7.00,164.0,11,false,,Salomon S-Lab 2 terrengsko slab ,activities/5107682425.fit.gz,,,2751.0,2722.0,6999.2998046875,4.800000190734863,2.5713813304901123,152.0,160.0,94.0,201.60000610351562,18.0,-0.10572485625743866,,,86.0,78.63760375976562,,141.35903930664062,,,447.0,,11.0,11.0,,,,,,,,,,,0.0,,0.0,,1.0,7484.89990234375,,,,,,,,,,,,,,,,4827744.0,,,,,,,,,,,,2745.699951171875,,,,,,,,,,,,""
4812459566,"Feb 19, 2021, 3:21:06 PM",Afternoon Run,Run,,1692,4.00,165.0,5,false,,Salming iSpike Pigg,activities/5134593241.fit.gz,,,1692.0,1599.0,4005.199951171875,3.5999999046325684,2.5048155784606934,52.0,110.0,96.0,194.39999389648438,45.70000076293945,-1.1235394477844238,,,84.0,77.66267395019531,,137.25393676757812,,,255.0,,14.0,5.0,,,,,,,,,,,,,0.0,,1.0,4177.10009765625,,,,,,,,,,,,,,,,7576922.0,,,,,,,,,,,,2260.39990234375,,,,,,,,,,,,""
4823671292,"Feb 21, 2021, 11:10:09 AM",Lunch Run,Run,,3868,8.74,181.0,27,false,,Salming iSpike Pigg,activities/5146251372.fit.gz,,,3868.0,3714.0,8745.099609375,4.699999809265137,2.354631185531616,260.0,266.0,112.19999694824219,295.79998779296875,34.0,-0.1509416699409485,,,101.0,77.57194519042969,,154.1490020751953,,,642.0,,13.0,27.0,,,,,,,,,,,,,0.0,,1.0,9792.2001953125,,,,,,,,,,,,,,,,7576922.0,,,,,,,,,,,,6966.7001953125,,,,,,,,,,,,""
4823671933,"Feb 21, 2021, 12:40:59 PM",Afternoon Run,Run,,2,0,101.0,0,false,,Salming iSpike Pigg,activities/5146252082.fit.gz,,,2.0,2.0,0.0,0.0,0.0,0.0,0.0,178.1999969482422,178.39999389648438,0.0,0.0,,,,,,100.0,,,0.0,,24.0,0.0,,,,,,,,,,,,,0.0,,1.0,,,,,,,,,,,,,,,,,7576922.0,,,,,,,,,,,,,,,,,,,,,,,,""
4869384809,"Feb 28, 2021, 1:32:45 PM",Afternoon Run,Run,,2407,6.87,199.0,34,false,,Salming iSpike Pigg,activities/5194509058.fit.gz,,,2407.0,2378.0,6875.2998046875,4.699999809265137,2.8912110328674316,135.0,139.0,99.80000305175781,201.0,36.20000076293945,-0.0232717115432024,,,91.0,80.2445068359375,,162.90126037597656,,,459.0,,20.0,34.0,,,,,,,,,,,,,0.0,,1.0,7285.7998046875,,,,,,,,,,,,,,,,7576922.0,,,,,,,,,,,,2734.5,,,,,,,,,,,,""
4984218846,"Mar 21, 2021, 12:08:39 PM",Afternoon Run,Run,"",1861,4.46,164.0,7,false,,Salming iSpike Pigg,activities/5315511558.fit.gz,,,1861.0,1828.0,4460.2001953125,4.800000190734863,2.439934253692627,89.0,114.0,96.4000015258789,193.1999969482422,20.399999618530273,-0.408053457736969,,,85.0,76.17195129394531,,143.70907592773438,,,318.0,,15.0,7.0,,,,,,,,,,,0.0,,0.0,,1.0,4740.7001953125,,,,,,,,,,,,,,,,7576922.0,,,,,,,,,,,,2230.800048828125,,,,,,,,,,,,""
5019790021,"Mar 27, 2021, 2:26:04 PM",Afternoon Run,Run,,2951,7.90,194.0,35,false,,Salming iSpike Pigg,activities/5352817829.fit.gz,,,2951.0,2778.0,7904.2001953125,5.699999809265137,2.8452844619750977,120.0,127.0,66.80000305175781,167.0,28.799999237060547,-0.08096960932016373,,,91.0,79.9487533569336,,163.20755004882812,,,520.0,,17.0,35.0,,,,,,,,,,,,,0.0,,1.0,8241.5,,,,,,,,,,,,,,,,7576922.0,,,,,,,,,,,,2769.5,,,,,,,,,,,,""
5025112248,"Mar 28, 2021, 11:19:38 AM",Afternoon Run,Run,,2692,6.44,169.0,10,false,,Salming iSpike Pigg,activities/5358423763.fit.gz,,,2692.0,2557.0,6447.0,4.099999904632568,2.5213141441345215,124.0,122.0,98.5999984741211,194.60000610351562,46.599998474121094,-0.043431054800748825,,,90.0,77.96714782714844,,144.48765563964844,,,423.0,,15.0,10.0,,,,,,,,,,,,,0.0,,1.0,6887.2998046875,,,,,,,,,,,,,,,,7576922.0,,,,,,,,,,,,2788.300048828125,,,,,,,,,,,,""
5042226508,"Mar 31, 2021, 8:16:36 AM",Morning Run,Run,,3672,9.02,178.0,16,false,,Salming iSpike Pigg,activities/5376349096.fit.gz,,,3672.0,3577.0,9027.5,4.5,2.5237629413604736,184.0,198.0,63.20000076293945,166.8000030517578,45.70000076293945,-0.11298809200525284,,,89.0,78.43468475341797,,148.0146026611328,,,600.0,,14.0,16.0,,,,,,,,,,,,,0.0,,1.0,9546.099609375,,,,,,,,,,,,,,,,7576922.0,,,,,,,,,,,,3389.800048828125,,,,,,,,,,,,""
5060926170,"Apr 3, 2021, 11:36:10 AM",Afternoon Run,Run,,2900,7.59,194.0,31,false,,Salming iSpike Pigg,activities/5395974313.fit.gz,,,2900.0,2579.0,7590.7998046875,4.800000190734863,2.9433114528656006,116.0,120.0,175.1999969482422,212.1999969482422,15.600000381469727,-0.07377351820468903,,,97.0,81.61104583740234,,159.53675842285156,,,480.0,,16.0,31.0,,,,,,,,,,,,,0.0,,1.0,7894.7001953125,,,,,,,,,,,,,,,,7576922.0,,,,,,,,,,,,616.7000122070312,,,,,,,,,,,,""
5073000918,"Apr 5, 2021, 10:59:16 AM",Lunch Run,Run,"",2563,6.25,173.0,12,false,,HOKA Hoka rakett,activities/5408666514.fit.gz,,,2563.0,2488.0,6251.60009765625,4.300000190734863,2.5127010345458984,127.0,130.0,89.19999694824219,192.0,26.700000762939453,-0.0991746112704277,,,82.0,78.02378845214844,,147.22946166992188,,,421.0,,13.0,12.0,,,,,,,,,,,0.0,,0.0,,1.0,6729.89990234375,,,,,,,,,,,,,,,,4806014.0,,,,,,,,,,,,2348.10009765625,,,,,,,,,,,,""
5097228512,"Apr 9, 2021, 3:54:51 PM",Afternoon Run,Run,,3174,8.40,196.0,42,false,,Salming iSpike Pigg,activities/5433957829.fit.gz,,,3174.0,3021.0,8401.599609375,5.400000095367432,2.7810659408569336,122.0,138.0,86.80000305175781,192.39999389648438,31.100000381469727,-0.16901542246341705,,,93.0,79.2374038696289,,164.2781982421875,,,570.0,,14.0,42.0,,,,,,,,,,,,,0.0,,1.0,8759.400390625,,,,,,,,,,,,,,,,7576922.0,,,,,,,,,,,,3430.10009765625,,,,,,,,,,,,""
5119053131,"Apr 13, 2021, 11:58:18 AM",Afternoon Run,Run,"",2442,6.33,186.0,20,false,,,activities/5456846333.fit.gz,,,2442.0,2294.0,6335.39990234375,4.300000190734863,2.761726140975952,120.0,135.0,87.4000015258789,194.0,22.200000762939453,-0.18625500798225403,,,94.0,80.63787078857422,,156.12554931640625,,,423.0,,17.0,20.0,,,,,,,,,,,0.0,,0.0,,1.0,6735.7998046875,,,,,,,,,,,,,,,,,,,,,,,,,,,,2510.39990234375,,,,,,,,,,,,""
5124792631,"Apr 14, 2021, 11:07:41 AM",Afternoon Run,Run,"",2378,6.16,198.0,22,false,,,activities/5462832243.fit.gz,,,2378.0,2310.0,6164.2998046875,6.400000095367432,2.6685280799865723,56.0,61.0,155.39999389648438,181.39999389648438,26.700000762939453,-0.04217834770679474,,,101.0,78.48616027832031,,149.64718627929688,,,392.0,,20.0,22.0,,,,,,,,,,,0.0,,0.0,,1.0,6307.7998046875,,,,,,,,,,,,,,,,,,,,,,,,,,,,0.0,,,,,,,,,,,,""
5146831085,"Apr 18, 2021, 7:28:46 AM",Morning Run,Run,"",7155,3.53,142.0,5,false,,,activities/5485784784.fit.gz,,,7155.0,4265.0,3536.0,2.299999952316284,0.8290738463401794,125.0,107.0,110.0,256.3999938964844,48.400001525878906,0.011312217451632023,,,112.0,51.124717712402344,,106.98107147216797,,,318.0,,24.0,5.0,,,,,,,,,,,0.0,,0.0,,1.0,4286.89990234375,,,,,,,,,,,,,,,,,,,,,,,,,,,,,,,,,,,,,,,,""
5147896604,"Apr 18, 2021, 10:38:14 AM",Lunch Run,Run,"",2344,3.49,137.0,4,false,,,activities/5486891253.fit.gz,,,2344.0,1984.0,3493.89990234375,5.400000095367432,1.7610383033752441,72.0,56.0,105.4000015258789,140.39999389648438,46.5,0.42931967973709106,,,87.0,62.02228546142578,,111.86396789550781,,,231.0,,25.0,4.0,,,,,,,,,,,0.0,,0.0,,1.0,3751.199951171875,,,,,,,,,,,,,,,,,,,,,,,,,,,,634.9000244140625,,,,,,,,,,,,""
5153697990,"Apr 19, 2021, 10:07:45 AM",Lunch Run,Run,"",2504,6.59,198.0,32,false,,,activities/5492989776.fit.gz,,,2504.0,2385.0,6591.60009765625,4.900000095367432,2.7637736797332764,102.0,108.0,116.80000305175781,193.60000610351562,44.20000076293945,0.051580801606178284,,,91.0,79.75383758544922,,164.7469940185547,,,457.0,,22.0,32.0,,,,,,,,,,,0.0,,0.0,,1.0,6981.10009765625,,,,,,,,,,,,,,,,,,,,,,,,,,,,1881.5,,,,,,,,,,,,""
5189813552,"Apr 25, 2021, 11:03:21 AM",Afternoon Run,Run,,4936,11.27,177.0,26,false,,Salming iSpike Pigg,activities/5530464190.fit.gz,,,4936.0,4605.0,11276.900390625,4.199999809265137,2.448838233947754,260.0,257.0,104.80000305175781,201.39999389648438,30.799999237060547,0.024829518049955368,,,89.0,78.38426971435547,,146.60464477539062,,,742.0,,14.0,26.0,,,,,,,,,,,,,0.0,,1.0,12174.599609375,,,,,,,,,,,,,,,,7576922.0,,,,,,,,,,,,3844.300048828125,,,,,,,,,,,,""
5222967143,"May 1, 2021, 10:51:49 AM",Lunch Run,Run,,4163,7.49,195.0,54,false,,Salming iSpike Pigg,activities/5565457936.fit.gz,,,4163.0,3946.0,7496.2001953125,4.800000190734863,1.899695873260498,343.0,344.0,183.0,384.0,46.70000076293945,0.005336036905646324,,,101.0,73.71630859375,,163.947021484375,,,694.0,,21.0,54.0,,,,,,,,,,,,,0.0,,1.0,9435.2001953125,,,,,,,,,,,,,,,,7576922.0,,,,,,,,,,,,1467.5,,,,,,,,,,,,""
5246670124,"May 5, 2021, 3:38:03 PM",Afternoon Run,Run,,2430,5.97,179.0,12,false,,Salming iSpike Pigg,activities/5590104069.fit.gz,,,2430.0,2349.0,5970.10009765625,4.0,2.5415496826171875,108.0,112.0,87.80000305175781,191.0,42.5,-0.1641513556241989,,,86.0,78.8141860961914,,146.6162109375,,,405.0,,12.0,12.0,,,,,,,,,,,,,0.0,,1.0,6353.0,,,,,,,,,,,,,,,,7576922.0,,,,,,,,,,,,2289.300048828125,,,,,,,,,,,,""
5255200114,"May 7, 2021, 6:56:52 AM",Krokskogen 👌🐶,Run,"",3500,8.86,182.0,32,false,,Salomon S-Lab 2 terrengsko slab ,activities/5598994945.fit.gz,,,3500.0,3401.0,8867.900390625,4.5,2.6074390411376953,173.0,180.0,170.0,288.3999938964844,33.29999923706055,-0.09246834367513657,,,94.0,78.85749053955078,,158.56121826171875,,,608.0,,17.0,32.0,,,,,,,,,,,0.0,,0.0,,1.0,9424.599609375,,,,,,,,,,,,,,,,4827744.0,,,,,,,,,,,,,,,,,,,,,,,,""
5266884477,"May 9, 2021, 9:51:39 AM",Lunch Run,Run,,3368,8.10,190.0,37,false,,Salming iSpike Pigg,activities/5611272497.fit.gz,,,3368.0,3250.0,8099.60009765625,5.0,2.492184638977051,261.0,274.0,93.19999694824219,281.79998779296875,49.5,-0.10864733904600143,,,97.0,78.4742660522461,,159.08123779296875,,,568.0,,14.0,37.0,,,,,,,,,,,,,0.0,,1.0,9233.2998046875,,,,,,,,,,,,,,,,7576922.0,,,,,,,,,,,,5070.7001953125,,,,,,,,,,,,""
5277709536,"May 11, 2021, 10:17:28 AM",Lunch Run,Run,,2360,6.02,177.0,11,false,,Salming iSpike Pigg,activities/5622624494.fit.gz,,,2360.0,2320.0,6026.5,3.799999952316284,2.5976293087005615,111.0,110.0,-21.200000762939453,153.8000030517578,36.0,-1.4668546915054321,,,87.0,79.0715560913086,,145.78939819335938,,,397.0,,19.0,11.0,,,,,,,,,,,,,0.0,,1.0,6398.7998046875,,,,,,,,,,,,,,,,7576922.0,,,,,,,,,,,,2098.60009765625,,,,,,,,,,,,""
5289253767,"May 13, 2021, 10:19:52 AM",Lunch Run,Run,"",3914,10.87,194.0,45,false,,HOKA Hoka rakett,activities/5634709429.fit.gz,,,3914.0,3765.0,10875.7998046875,5.099999904632568,2.8886587619781494,143.0,140.0,13.800000190734863,56.0,27.600000381469727,0.038617849349975586,,,92.0,81.52059173583984,,162.1059112548828,,,699.0,,26.0,45.0,,,,,,,,,,,0.0,,0.0,,1.0,11220.2998046875,,,,,,,,,,,,,,,,4806014.0,,,,,,,,,,,,,,,,,,,,,,,,""
5294503107,"May 14, 2021, 9:47:40 AM",Lunch Run,Run,,2873,6.22,175.0,13,false,,Salming iSpike Pigg,activities/5640200067.fit.gz,,,2873.0,2744.0,6223.0,4.5,2.267857074737549,153.0,148.0,30.200000762939453,92.80000305175781,32.400001525878906,-0.044994376599788666,,,84.0,75.48673248291016,,145.30792236328125,,,418.0,,26.0,13.0,,,,,,,,,,,,,0.0,,1.0,6754.39990234375,,,,,,,,,,,,,,,,7576922.0,,,,,,,,,,,,,,,,,,,,,,,,""
5310757868,"May 16, 2021, 12:01:01 PM",Afternoon Run,Run,"",4243,11.71,163.0,16,false,,HOKA Hoka rakett,activities/5657196438.fit.gz,,,4243.0,4174.0,11714.5,12.0,2.8065404891967773,174.0,143.0,-2.5999999046325684,32.599998474121094,15.0,0.2526783049106598,,,87.0,79.97484588623047,,142.85133361816406,,,632.0,,21.0,16.0,,,,,,,,,,,0.0,,0.0,,1.0,12099.7998046875,,,,,,,,,,,,,,,,4806014.0,,,,,,,,,,,,,,,,,,,,,,,,""
5343554441,"May 23, 2021, 8:41:19 AM",Morning Run,Run,"",6016,11.22,191.0,31,false,,HOKA Hoka rakett,activities/5691303741.fit.gz,,,6016.0,4859.0,11226.0,5.400000095367432,2.310351848602295,337.0,344.0,104.80000305175781,220.0,30.299999237060547,-0.08907892554998398,,,92.0,77.61115264892578,,146.6189727783203,,,734.0,,21.0,31.0,,,,,,,,,,,0.0,,0.0,,1.0,12443.0,,,,,,,,,,,,,,,,4806014.0,,,,,,,,,,,,4004.300048828125,,,,,,,,,,,,""
5353839769,"May 25, 2021, 5:49:36 AM",Morning Run,Run,,2870,6.90,169.0,13,false,,Salming iSpike Pigg,activities/5702031627.fit.gz,,,2870.0,2787.0,6904.7998046875,4.099999904632568,2.4775025844573975,144.0,142.0,98.4000015258789,199.0,35.79999923706055,-0.06372378766536713,,,83.0,78.80607604980469,,144.65341186523438,,,452.0,,19.0,13.0,,,,,,,,,,,,,0.0,,1.0,7405.2001953125,,,,,,,,,,,,,,,,7576922.0,,,,,,,,,,,,2726.10009765625,,,,,,,,,,,,""
5371085672,"May 28, 2021, 9:42:55 AM",Lunch Run,Run,"",4953,13.21,189.0,90,false,,HOKA Hoka rakett,activities/5719959335.fit.gz,,,4953.0,4830.0,13210.7001953125,5.400000095367432,2.7351346015930176,294.0,285.0,28.600000381469727,226.0,49.5,0.07418229430913925,,,87.0,79.81595611572266,,169.6427764892578,,,978.0,,26.0,90.0,,,,,,,,,,,0.0,,0.0,,1.0,14112.900390625,,,,,,,,,,,,,,,,4806014.0,,,,,,,,,,,,1034.5,,,,,,,,,,,,""
5389319484,"May 31, 2021, 2:43:13 PM",Afternoon Run,Run,"",3563,9.38,184.0,36,false,,Salming iSpike Pigg,activities/5739009980.fit.gz,,,3563.0,3518.0,9388.7998046875,4.199999809265137,2.6687891483306885,178.0,172.0,182.8000030517578,296.3999938964844,28.0,0.0468643493950367,,,85.0,78.62178039550781,,161.9125518798828,,,665.0,,29.0,36.0,,,,,,,,,,,0.0,,0.0,,1.0,9882.2998046875,,,,,,,,,,,,,,,,7576922.0,,,,,,,,,,,,,,,,,,,,,,,,""
5450404467,"Jun 11, 2021, 6:33:05 AM",Morning Run,Run,,4959,12.78,167.0,20,false,,Salming iSpike Pigg,activities/5802769479.fit.gz,,,4959.0,4911.0,12787.2998046875,3.9000000953674316,2.6038076877593994,161.0,167.0,14.800000190734863,62.20000076293945,12.699999809265137,-0.03910129517316818,,,85.0,78.62262725830078,,146.93661499023438,,,791.0,,24.0,20.0,,,,,,,,,,,,,0.0,,1.0,13066.7998046875,,,,,,,,,,,,,,,,7576922.0,,,,,,,,,,,,,,,,,,,,,,,,""
5465217051,"Jun 13, 2021, 6:34:27 PM",Evening Run,Run,,2272,6.10,178.0,12,false,,Salming iSpike Pigg,activities/5818213092.fit.gz,,,2272.0,2271.0,6102.89990234375,3.9000000953674316,2.6873183250427246,106.0,106.0,65.19999694824219,238.8000030517578,41.900001525878906,-1.4550459384918213,,,84.0,78.60537719726562,,147.65696716308594,,,398.0,,25.0,12.0,,,,,,,,,,,,,0.0,,1.0,6454.7001953125,,,,,,,,,,,,,,,,7576922.0,,,,,,,,,,,,2290.10009765625,,,,,,,,,,,,""
5473425208,"Jun 15, 2021, 11:11:31 AM",Afternoon Run,Run,"",3557,8.62,184.0,37,false,,,activities/5826754213.fit.gz,,,3557.0,3449.0,8628.400390625,4.5,2.5017106533050537,223.0,223.0,87.19999694824219,201.39999389648438,32.400001525878906,-0.0046358536928892136,,,86.0,77.6596908569336,,162.26889038085938,,,651.0,,26.0,37.0,,,,,,,,,,,0.0,,0.0,,1.0,9396.2001953125,,,,,,,,,,,,,,,,,,,,,,,,,,,,4794.0,,,,,,,,,,,,""
5495147240,"Jun 19, 2021, 12:30:32 PM",Afternoon Run,Run,,2017,4.47,162.0,6,false,,Salming iSpike Pigg,activities/5849374057.fit.gz,,,2017.0,1958.0,4475.89990234375,3.200000047683716,2.2859549522399902,98.0,92.0,103.19999694824219,192.39999389648438,41.20000076293945,0.017873499542474747,,,80.0,73.6734619140625,,136.1419677734375,,,302.0,,26.0,6.0,,,,,,,,,,,,,0.0,,1.0,4831.2001953125,,,,,,,,,,,,,,,,7576922.0,,,,,,,,,,,,2147.89990234375,,,,,,,,,,,,""
5514822330,"Jun 23, 2021, 5:59:30 AM",Morning Ride,Ride,,2255,14.63,179.0,21,false,,Nye CXen,activities/5869885176.fit.gz,,12.0,2255.0,2255.0,14629.400390625,14.600000381469727,6.487538814544678,167.0,249.0,45.400001525878906,210.0,14.399999618530273,-0.524970293045044,,,,,,155.30886840820312,,165.25738525390625,430.0,,21.0,21.0,,,,,,,,,,,,,0.0,,1.0,,,,,,,,,,,,,,,,3718715.0,,,,,,,,,,,,,0.0,,,,,,,,,,,,""
5516645552,"Jun 23, 2021, 1:45:56 PM",Afternoon Ride,Ride,"",2483,14.67,187.0,38,false,,Nye CXen,activities/5871791375.fit.gz,,12.0,2483.0,2460.0,14676.0,11.899999618530273,5.965853691101074,234.0,160.0,43.20000076293945,200.1999969482422,19.200000762939453,0.5001362562179565,,,,,,164.53359985351562,,173.1197509765625,515.0,,28.0,38.0,,,,,,,,,,,0.0,,0.0,,1.0,,,,,,,,,,,,,,,,3718715.0,,,,,,,,,,,,,105.0999984741211,,,,,,,,,,,,""
5525417814,"Jun 25, 2021, 6:14:14 AM",Morning Ride,Ride,,2145,14.64,183.0,17,false,,Nye CXen,activities/5880910735.fit.gz,,12.0,2145.0,2145.0,14646.599609375,14.399999618530273,6.828251838684082,162.0,244.0,42.20000076293945,205.8000030517578,14.5,-0.5543949007987976,,,,,,152.11334228515625,,168.42210388183594,400.0,,20.0,17.0,,,,,,,,,,,,,0.0,,1.0,,,,,,,,,,,,,,,,3718715.0,,,,,,,,,,,,,0.0,,,,,,,,,,,,""
5527186901,"Jun 25, 2021, 2:14:54 PM",Afternoon Ride,Ride,,2549,14.70,171.0,20,false,,Nye CXen,activities/5882768152.fit.gz,,12.0,2549.0,2549.0,14702.0,11.699999809265137,5.767752170562744,240.0,162.0,42.20000076293945,202.1999969482422,16.0,0.49653109908103943,,,,,,152.53912353515625,,167.48683166503906,480.0,,26.0,20.0,,,,,,,,,,,,,0.0,,1.0,,,,,,,,,,,,,,,,3718715.0,,,,,,,,,,,,,118.69999694824219,,,,,,,,,,,,""
5535856042,"Jun 27, 2021, 7:17:35 AM",Morning Run,Run,"",4598,9.10,198.0,48,false,,Salming iSpike Pigg,activities/5891819951.fit.gz,,,4598.0,4260.0,9104.599609375,4.199999809265137,2.137230157852173,341.0,372.0,120.4000015258789,265.6000061035156,41.900001525878906,-0.33609384298324585,,,96.0,75.77991485595703,,163.40701293945312,,,739.0,,22.0,48.0,,,,,,,,,,,0.0,,0.0,,1.0,10953.7998046875,,,,,,,,,,,,,,,,7576922.0,,,,,,,,,,,,7686.7001953125,,,,,,,,,,,,""
5551662497,"Jun 30, 2021, 6:56:47 AM",Morning Ride,Ride,,2867,15.42,,,false,,Focusen,activities/5551662497.gpx,,7.900000095367432,2867.0,2645.0,15419.2998046875,14.0,5.82960319519043,183.76992797851562,183.76992797851562,49.20000076293945,208.39999389648438,20.799999237060547,-0.4435999095439911,,,,,,,,98.8556137084961,291.5424499511719,,,,,,,,,,,,,,0.0,,0.0,,1.0,,,,,,,,,,,,,,,,773902.0,,,,,,,,,,,,,0.0,,,,,,,,,,,,""
5553179759,"Jun 30, 2021, 1:43:49 PM",Afternoon Ride,Ride,,2514,14.87,,,false,,Focusen,activities/5553179759.gpx,,7.900000095367432,2514.0,2416.0,14873.099609375,13.0,6.1560845375061035,244.4161834716797,244.4161834716797,47.29999923706055,208.39999389648438,10.5,0.4585459530353546,,,,,,,,125.34552001953125,337.6620788574219,,,,,,,,,,,,,,0.0,,0.0,,1.0,,,,,,,,,,,,,,,,773902.0,,,,,,,,,,,,,35.099998474121094,,,,,,,,,,,,""
5562814675,"Jul 2, 2021, 11:26:47 AM",Afternoon Run,Run,"",3568,9.38,170.0,19,false,,HOKA Hoka rakett,activities/5919891667.fit.gz,,,3568.0,3337.0,9382.099609375,4.0,2.811537265777588,125.0,122.0,-37.0,7.800000190734863,9.600000381469727,0.021317189559340477,,,84.0,80.60860443115234,,153.09120178222656,,,597.0,,28.0,19.0,,,,,,,,,,,0.0,,0.0,,1.0,9592.7998046875,,,,,,,,,,,,,,,,4806014.0,,,,,,,,,,,,,,,,,,,,,,,,""
5568231152,"Jul 3, 2021, 12:53:45 PM",Afternoon Run,Run,"",2375,6.81,188.0,34,false,,HOKA Hoka rakett,activities/5925542072.fit.gz,,,2375.0,2343.0,6818.10009765625,4.900000095367432,2.909987211227417,84.0,92.0,-0.6000000238418579,41.79999923706055,25.700000762939453,-0.08506768941879272,,,88.0,79.4341812133789,,164.87232971191406,,,464.0,,31.0,34.0,,,,,,,,,,,0.0,,0.0,,1.0,6999.0,,,,,,,,,,,,,,,,4806014.0,,,,,,,,,,,,,,,,,,,,,,,,""
5588809325,"Jul 7, 2021, 10:34:15 AM",Lunch Run,Run,"",3334,9.95,191.0,50,false,,HOKA Hoka rakett,activities/5947047461.fit.gz,,,3334.0,3334.0,9958.5,4.599999904632568,2.986952543258667,150.0,160.0,96.4000015258789,197.1999969482422,21.799999237060547,-0.09840839356184006,,,91.0,81.2416000366211,,166.19406127929688,,,651.0,,24.0,50.0,,,,,,,,,,,0.0,,0.0,,1.0,10383.7001953125,,,,,,,,,,,,,,,,4806014.0,,,,,,,,,,,,2857.5,,,,,,,,,,,,""
5599655440,"Jul 9, 2021, 12:29:33 PM",Afternoon Run,Run,"",3955,9.05,185.0,62,false,,Salomon S-Lab 2 terrengsko slab ,activities/5958345607.fit.gz,,,3955.0,3913.0,9053.099609375,3.9000000953674316,2.313595771789551,246.0,271.0,124.4000015258789,290.6000061035156,49.5,-0.1855717897415161,,,88.0,75.46728515625,,167.1978302001953,,,785.0,,27.0,62.0,,,,,,,,,,,0.0,,0.0,,1.0,10089.900390625,,,,,,,,,,,,,,,,4827744.0,,,,,,,,,,,2.2890264987945557,7408.5,,,,,,,,,,,,""
5610430138,"Jul 11, 2021, 10:39:05 AM",Lunch Run,Run,"",6413,3.32,137.0,5,false,,Salomon S-Lab 2 terrengsko slab ,activities/5969601713.fit.gz,,,6413.0,3896.0,3321.5,2.4000000953674316,0.8525410890579224,122.0,144.0,166.0,893.4000244140625,49.599998474121094,16.83576774597168,,,79.0,53.50511169433594,,103.03457641601562,,,245.0,,27.0,5.0,,,,,,,,,,,0.0,,0.0,,1.0,4088.10009765625,,,,,,,,,,,,,,,,4827744.0,,,,,,,,,,,0.5179322957992554,,,,,,,,,,,,,""
5611234115,"Jul 11, 2021, 1:11:13 PM",Afternoon Run,Run,"",5268,3.76,140.0,6,false,,Salomon S-Lab 2 terrengsko slab ,activities/5970440601.fit.gz,,,5268.0,3926.0,3762.10009765625,1.899999976158142,0.9582526683807373,165.0,170.0,720.0,886.2000122070312,44.400001525878906,-0.15948539972305298,,,97.0,53.923858642578125,,104.37002563476562,,,270.0,,27.0,6.0,,,,,,,,,,,0.0,,0.0,,1.0,4717.39990234375,,,,,,,,,,,,,,,,4827744.0,,,,,,,,,,,0.7141419649124146,,,,,,,,,,,,,""
5614770901,"Jul 12, 2021, 8:57:47 AM",Morning Run,Run,"",5735,13.04,196.0,92,false,,Salomon S-Lab 2 terrengsko slab ,activities/5974157549.fit.gz,,,5735.0,5567.0,13044.7001953125,3.799999952316284,2.343219041824341,486.8174743652344,473.0,485.29998779296875,854.4000244140625,46.29999923706055,0.05749461427330971,,,124.0,76.83092498779297,,169.06394958496094,,,966.0,,20.0,92.0,,,,,,8.0,,,,,0.0,239.0,0.0,,1.0,15021.2001953125,,,,,,,,,,,,,,,,4827744.0,,,,,,,,,,,2.2668004035949707,,,,,,,,,,,,,""
5627472962,"Jul 14, 2021, 5:26:53 PM",Evening Run,Run,,1737,4.69,186.0,11,false,,Salming iSpike Pigg,activities/5987377179.fit.gz,,,1737.0,1737.0,4696.5,3.5999999046325684,2.7037997245788574,98.0,102.0,103.0,191.60000610351562,20.0,-0.059618864208459854,,,85.0,79.32815551757812,,151.45652770996094,,,313.0,,29.0,11.0,,,,,,,,,,,,,0.0,,1.0,4989.2001953125,,,,,,,,,,,,,,,,7576922.0,,,,,,,,,,,2.7037997245788574,2388.699951171875,,,,,,,,,,,,""
5642384951,"Jul 17, 2021, 2:43:34 PM",Afternoon Run,Run,"",2813,8.30,211.0,42,false,,HOKA Hoka rakett,activities/6002920758.fit.gz,,,2813.0,2760.0,8305.400390625,4.800000190734863,3.0092029571533203,86.0,143.0,97.0,193.60000610351562,19.5,-0.6333228945732117,,,90.0,80.60553741455078,,166.99452209472656,,,554.0,,30.0,42.0,,,,,,8.0,,,,,0.0,118.0,0.0,,1.0,8437.599609375,,,,,,,,,,,,,,,,4806014.0,,,,,,,,,,,2.9525063037872314,3793.10009765625,,,,,,,,,,,,""
5658218066,"Jul 20, 2021, 2:30:03 PM",Afternoon Run,Run,"",2437,7.48,203.0,48,false,,HOKA Hoka rakett,activities/6019451141.fit.gz,,,2437.0,2429.0,7479.39990234375,4.699999809265137,3.079209566116333,17.0,21.0,61.0,69.5999984741211,34.0,-0.03743615746498108,,,90.0,79.80683898925781,,173.5394744873047,,,519.0,,29.0,48.0,,,,,,7.0,,,,,0.0,77.0,0.0,,1.0,7537.2998046875,,,,,,,,,,,,,,,,4806014.0,,,,,,,,,,,3.069101333618164,,,,,,,,,,,,,""
5672439626,"Jul 23, 2021, 5:58:03 AM",Morning Ride,Ride,,2216,14.36,166.0,7,false,,Nye CXen,activities/6034260040.fit.gz,,12.0,2216.0,2216.0,14368.5,13.800000190734863,6.483980178833008,177.0,255.0,59.0,182.39999389648438,16.399999618530273,-0.5289348363876343,,,,,,128.16567993164062,,156.27825927734375,314.0,,22.0,7.0,,,,,,,,,,,,,0.0,,1.0,,,,,,,,,,,,,,,,3718715.0,,,,,,,,,,,,6.483980178833008,0.0,,,,,,,,,,,,""
5674260442,"Jul 23, 2021, 1:53:10 PM",Afternoon Ride,Ride,,2411,14.70,179.0,19,false,,Nye CXen,activities/6036162129.fit.gz,,12.0,2411.0,2411.0,14707.900390625,12.800000190734863,6.100331783294678,236.0,164.0,43.599998474121094,199.60000610351562,13.399999618530273,0.4881730079650879,,,,,,149.04107666015625,,173.9099578857422,456.0,,30.0,19.0,,,,,,,,,,,,,0.0,,1.0,,,,,,,,,,,,,,,,3718715.0,,,,,,,,,,,,6.100331783294678,112.69999694824219,,,,,,,,,,,,""
5686579619,"Jul 25, 2021, 5:48:03 PM",Evening Run,Run,"",2582,6.44,178.0,14,false,,HOKA Hoka rakett,activities/6049045903.fit.gz,,,2582.0,2433.0,6443.5,4.0,2.64837646484375,111.0,110.0,103.80000305175781,192.8000030517578,30.5,-0.09622099995613098,,,87.0,78.5511474609375,,150.33319091796875,,,438.0,,29.0,14.0,,,,,,,,,,,0.0,,0.0,,1.0,6784.2998046875,,,,,,,,,,,,,,,,4806014.0,,,,,,,,,,,2.4955461025238037,1789.0,,,,,,,,,,,,""
5688301172,"Jul 26, 2021, 5:51:42 AM",Morning Ride,Ride,,2373,14.68,150.0,7,false,,Nye CXen,activities/6050859012.fit.gz,,12.0,2373.0,2353.0,14682.7001953125,14.100000381469727,6.239991664886475,167.0,245.0,48.79999923706055,209.1999969482422,13.699999809265137,-0.5135295391082764,,,,,,132.43560791015625,,150.53335571289062,335.0,,23.0,7.0,,,,,,,,,,,,,0.0,,1.0,,,,,,,,,,,,,,,,3718715.0,,,,,,,,,,,,6.187399864196777,0.0,,,,,,,,,,,,""
5690109596,"Jul 26, 2021, 1:59:06 PM",Afternoon Ride,Ride,,2356,14.73,172.0,14,false,,Nye CXen,activities/6052749107.fit.gz,,12.0,2356.0,2356.0,14737.2998046875,11.800000190734863,6.255220890045166,243.0,168.0,44.20000076293945,201.0,21.100000381469727,0.49941304326057434,,,,,,145.49066162109375,,185.4320831298828,427.0,,29.0,14.0,,,,,,,,,,,,,0.0,,1.0,,,,,,,,,,,,,,,,3718715.0,,,,,,,,,,,,6.255220890045166,37.400001525878906,,,,,,,,,,,,""
5695277027,"Jul 27, 2021, 6:04:01 AM",Morning Ride,Ride,,27649,29.14,167.0,23,false,,Nye CXen,activities/6058128502.fit.gz,,12.0,27649.0,4546.0,29141.80078125,13.800000190734863,6.410426616668701,403.0,424.0,15.399999618530273,182.0,16.100000381469727,-0.0336286723613739,,,,,,136.12301635742188,,170.18064880371094,751.0,,22.0,23.0,,,,,,,,,,,,,0.0,,1.0,,,,,,,,,,,,,,,,3718715.0,,,,,,,,,,,,1.0539910793304443,190.8000030517578,,,,,,,,,,,,""
5706202437,"Jul 29, 2021, 6:17:10 AM",Morning Ride,Ride,,30591,28.98,167.0,11,false,,Nye CXen,activities/6069576693.fit.gz,,12.0,30591.0,4726.0,28986.900390625,13.300000190734863,6.133495330810547,415.0,430.0,31.0,189.1999969482422,30.399999618530273,0.028288640081882477,,,,,,110.95523834228516,,162.72613525390625,515.0,,19.0,11.0,,,,,,,,,,,,,0.0,,1.0,,,,,,,,,,,,,,,,3718715.0,,,,,,,,,,,,0.9475629925727844,124.0999984741211,,,,,,,,,,,,""
5710950252,"Jul 30, 2021, 5:59:39 AM",Morning Ride,Ride,,28257,29.00,173.0,25,false,,Nye CXen,activities/6074610391.fit.gz,,12.0,28257.0,4489.0,29008.30078125,15.399999618530273,6.462085247039795,397.0,412.0,16.399999618530273,182.1999969482422,17.899999618530273,-0.0337834358215332,,,,,,139.35549926757812,,175.12698364257812,732.0,,26.0,25.0,,,,,,,,,,,,,0.0,,1.0,,,,,,,,,,,,,,,,3718715.0,,,,,,,,,,,,1.0265880823135376,107.30000305175781,,,,,,,,,,,,""
5720826949,"Aug 1, 2021, 9:51:50 AM",Lunch Run,Run,"",6828,13.94,185.0,43,false,,Salomon S-Lab 2 terrengsko slab ,activities/6085101721.fit.gz,,,6828.0,6451.0,13947.599609375,3.9000000953674316,2.162083387374878,474.0,509.0,167.1999969482422,473.3999938964844,43.29999923706055,-0.31833434104919434,,,101.0,76.31259155273438,,147.5709991455078,,,983.0,,17.0,43.0,,,,,,7.0,,,,,0.0,206.0,0.0,,1.0,16181.7001953125,,,,,,,,,,,,,,,,4827744.0,,,,,,,,,,,2.0427064895629883,12861.599609375,,,,,,,,,,,,""
5743289630,"Aug 5, 2021, 6:01:16 AM",Morning Ride,Ride,,31237,29.45,187.0,37,false,,Nye CXen,activities/6108586657.fit.gz,,12.0,31237.0,4521.0,29458.5,14.0,6.515925884246826,402.0,412.0,14.800000190734863,181.1999969482422,18.0,-0.03326713666319847,,,,,,149.35641479492188,,177.46261596679688,852.0,,23.0,37.0,,,,,,,,,,,,,0.0,,1.0,,,,,,,,,,,,,,,,3718715.0,,,,,,,,,,,,0.9430643320083618,131.89999389648438,,,,,,,,,,,,""
5764093351,"Aug 9, 2021, 2:03:55 PM",Afternoon Run,Run,,2974,7.90,196.0,27,false,,Salming iSpike Pigg,activities/6130405028.fit.gz,,,2974.0,2865.0,7905.10009765625,5.300000190734863,2.759197235107422,157.0,155.0,92.0,181.0,22.200000762939453,0.0,,,94.0,80.33262634277344,,153.78529357910156,,,526.0,,25.0,27.0,,,,,,,,,,,,,0.0,,1.0,8433.599609375,,,,,,,,,,,,,,,,7576922.0,,,,,,,,,,,2.6580698490142822,790.0999755859375,,,,,,,,,,,,""
5768832548,"Aug 10, 2021, 11:21:31 AM",Afternoon Run,Run,,2446,4.39,160.0,6,false,,HOKA Hoka rakett,activities/6135356979.fit.gz,,,2446.0,2039.0,4396.10009765625,4.0,2.156007766723633,72.0,98.0,76.0,166.8000030517578,19.399999618530273,-0.5413889288902283,,,83.0,75.1609878540039,,127.08455657958984,,,277.0,,27.0,6.0,,,,,,,,,,,0.0,,0.0,,1.0,4624.7001953125,,,,,,,,,,,,,,,,4806014.0,,,,,,,,,,,1.7972608804702759,2164.39990234375,,,,,,,,,,,,""
5775477115,"Aug 11, 2021, 6:23:46 AM",Morning Ride,Ride,,29544,29.43,178.0,27,false,,Nye CXen,activities/6142282331.fit.gz,,12.0,29544.0,4583.0,29433.0,15.699999809265137,6.422212600708008,396.0,402.0,43.79999923706055,209.1999969482422,48.0,-0.01494920626282692,,,,,,137.01358032226562,,176.3673095703125,777.0,,22.0,27.0,,,,,,,,,,,,,0.0,,1.0,,,,,,,,,,,,,,,,3718715.0,,,,,,,,,,,,0.996242880821228,31.5,,,,,,,,,,,,""
5827771515,"Aug 21, 2021, 10:11:15 AM",8Lunch Ride,Ride,,1029,8.09,161.0,4,false,,Nye CXen,activities/6197027504.fit.gz,,12.0,1029.0,954.0,8092.7998046875,14.300000190734863,8.48301887512207,28.0,198.0,20.399999618530273,192.1999969482422,22.600000381469727,-2.0339066982269287,,,,,,139.34486389160156,,159.96331787109375,170.0,,24.0,4.0,,,,,,,,,,,0.0,,0.0,,1.0,,,,,,,,,,,,,,,,3718715.0,,,,,,,,,,,,7.864723205566406,0.0,,,,,,,,,,,,""
5827997202,"Aug 21, 2021, 10:33:54 AM",Lunch Run,Run,,1988,5.37,181.0,30,false,,HOKA Hoka rakett,activities/6197262524.fit.gz,,,1988.0,1963.0,5378.60009765625,4.099999904632568,2.739989757537842,128.0,29.0,33.400001525878906,134.39999389648438,15.399999618530273,1.8740936517715454,,,86.0,80.11915588378906,,166.7968292236328,,,415.0,,24.0,30.0,,,,,,,,,,,0.0,,0.0,,1.0,5772.89990234375,,,,,,,,,,,,,,,,4806014.0,,,,,,,,,,,2.705533266067505,,,,,,,,,,,,,""
5856641633,"Aug 26, 2021, 6:04:24 AM",Morning Ride,Ride,,30810,29.69,181.0,36,false,,Nye CXen,activities/6227213314.fit.gz,,12.0,30810.0,4705.0,29690.900390625,14.899999618530273,6.310499668121338,399.0,413.0,28.600000381469727,210.60000610351562,47.099998474121094,-0.07881202548742294,,,,,,150.4341583251953,,176.6248321533203,867.0,,20.0,36.0,,,,,,,,,,,,,0.0,,1.0,,,,,,,,,,,,,,,,3718715.0,,,,,,,,,,,,0.9636774063110352,281.79998779296875,,,,,,,,,,,,""
5861382044,"Aug 27, 2021, 6:02:39 AM",Morning Ride,Ride,,26797,29.59,178.0,34,false,,Nye CXen,activities/6232160564.fit.gz,,12.0,26797.0,4732.0,29594.0,15.600000381469727,6.2540154457092285,405.0,414.0,15.800000190734863,182.0,14.399999618530273,-0.03852132335305214,,,,,,147.62840270996094,,170.54258728027344,855.0,,21.0,34.0,,,,,,,,,,,,,0.0,,1.0,,,,,,,,,,,,,,,,3718715.0,,,,,,,,,,,,1.1043773889541626,48.900001525878906,,,,,,,,,,,,""
5870072436,"Aug 29, 2021, 7:04:24 AM",Morning Run,Run,,2231,6.08,183.0,12,false,,Salming iSpike Pigg,activities/6241320176.fit.gz,,,2231.0,2184.0,6083.7998046875,4.5,2.7856225967407227,111.0,107.0,100.5999984741211,192.8000030517578,15.899999618530273,-0.11834708601236343,,,86.0,80.16262817382812,,146.2060089111328,,,381.0,,23.0,12.0,,,,,,,,,,,,,0.0,,1.0,6426.89990234375,,,,,,,,,,,,,,,,7576922.0,,,,,,,,,,,2.726938486099243,1218.300048828125,,,,,,,,,,,,""
5882615566,"Aug 31, 2021, 6:22:47 AM",Morning Ride,Ride,,30933,29.52,185.0,50,false,,Focusen,activities/6254453699.fit.gz,,12.0,30933.0,4473.0,29526.400390625,14.699999809265137,6.6010284423828125,400.0,406.0,18.0,192.39999389648438,40.400001525878906,0.04673783481121063,,,,,,156.42352294921875,,133.1267852783203,876.0,,25.0,50.0,,,,,,,,,,,0.0,,0.0,,1.0,,,,,,,,,,,,,,,,773902.0,,,,,,,,,,,,0.9545275568962097,115.9000015258789,,,,,,,,,,,,""
5888148323,"Sep 1, 2021, 5:56:03 AM",Morning Ride,Ride,,32086,29.51,179.0,30,false,,Nye CXen,activities/6260209429.fit.gz,,12.0,32086.0,4634.0,29510.0,15.199999809265137,6.368148326873779,404.0,406.0,17.0,187.8000030517578,38.20000076293945,0.026431718841195107,,,,,,147.38479614257812,,176.80043029785156,821.0,,24.0,30.0,,,,,,,,,,,,,0.0,,1.0,,,,,,,,,,,,,,,,3718715.0,,,,,,,,,,,,0.9197157621383667,116.9000015258789,,,,,,,,,,,,""
5893541043,"Sep 2, 2021, 6:17:24 AM",Morning Ride,Ride,,30707,30.01,183.0,34,false,,Nye CXen,activities/6265831099.fit.gz,,12.0,30707.0,4749.0,30018.400390625,16.5,6.320993900299072,438.0,440.0,8.800000190734863,222.1999969482422,44.79999923706055,0.106601282954216,,,,,,149.8606414794922,,177.29371643066406,873.0,,24.0,34.0,,,,,,,,,,,,,0.0,,1.0,,,,,,,,,,,,,,,,3718715.0,,,,,,,,,,,,0.9775751233100891,120.5999984741211,,,,,,,,,,,,""
5903092378,"Sep 4, 2021, 9:59:37 AM",Lunch Run,Run,,3848,8.96,187.0,38,false,,Salming iSpike Pigg,activities/6275820339.fit.gz,,,3848.0,3746.0,8964.2001953125,4.400000095367432,2.393005847930908,306.0,310.0,116.80000305175781,295.0,35.5,-0.03569755330681801,,,90.0,77.03184509277344,,159.7776641845703,,,668.0,,21.0,38.0,,,,,,,,,,,,,0.0,,1.0,10243.599609375,,,,,,,,,,,,,,,,7576922.0,,,,,,,,,,0.0,2.3295738697052,6306.60009765625,,,,,,,,,,,,""
5915697602,"Sep 6, 2021, 5:58:21 AM",Morning Ride,Ride,,34639,29.60,171.0,22,false,,Nye CXen,activities/6289034422.fit.gz,,12.0,34639.0,4869.0,29602.900390625,13.899999618530273,6.0798726081848145,407.0,413.0,15.399999618530273,188.60000610351562,47.400001525878906,0.023646332323551178,,,,,,137.02142333984375,,162.46238708496094,769.0,,21.0,22.0,,,,,,,,,,,,,0.0,,1.0,,,,,,,,,,,,,,,,3718715.0,,,,,,,,,,,0.0,0.854611873626709,121.80000305175781,,,,,,,,,,,,""
5921225470,"Sep 7, 2021, 2:21:34 PM",Afternoon Ride,Ride,,2504,14.50,,,false,,Nye CXen,activities/5921225470.gpx,,12.0,2504.0,2421.0,14499.099609375,13.0,5.988888740539551,267.0849914550781,267.0849914550781,49.5,208.3000030517578,10.5,0.4896855652332306,,,,,,,,179.83522033691406,485.4493103027344,,,,,,,,,,,,,,0.0,,0.0,,1.0,,,,,,,,,,,,,,,,3718715.0,,,,,,,,,,,0.0,5.790375232696533,0.0,,,,,,,,,,,,""
5931913100,"Sep 7, 2021, 3:45:46 AM",Morning Ride,Ride,,206996,44.78,173.0,31,false,,Nye CXen,activities/6305951210.fit.gz,,12.0,206996.0,6927.0,44787.69921875,15.699999809265137,6.465670585632324,462.0,721.0,14.0,236.39999389648438,45.0,-0.2250617891550064,,,,,,136.84800720214844,,152.8954315185547,1043.0,,21.0,31.0,,,,,,,,,,,,,0.0,,1.0,,,,,,,,,,,,,,,,3718715.0,,,,,,,,,,,0.0,0.2163698822259903,0.0,,,,,,,,,,,,""
5937118554,"Sep 10, 2021, 1:09:15 PM",Afternoon Ride,Ride,,1997,6.51,,,false,,Nye CXen,activities/5937118554.gpx,,12.0,1997.0,1583.0,6509.7998046875,10.100000381469727,4.112318515777588,193.58409118652344,193.58409118652344,24.799999237060547,191.8000030517578,17.200000762939453,2.436326742172241,,,,,,,,191.95494079589844,338.8092041015625,,,,,,,,,,,,,,0.0,,0.0,,1.0,,,,,,,,,,,,,,,,3718715.0,,,,,,,,,,,0.0,3.2597897052764893,1230.0,,,,,,,,,,,,""
5946542095,"Sep 12, 2021, 7:38:04 AM",Morning Run,Run,,5042,14.00,116.0,8,false,,HOKA Hoka rakett,activities/6321293407.fit.gz,,,5042.0,4951.0,14008.2001953125,5.5,2.8293678760528564,180.0,282.0,41.79999923706055,209.8000030517578,15.399999618530273,-0.6853128671646118,,,87.0,80.61083221435547,,92.68788146972656,,,391.0,,25.0,8.0,,,,,,,,,,,0.0,,0.0,,1.0,14202.900390625,,,,,,,,,,,,,,,,4806014.0,,,,,,,,,,0.0,2.7783021926879883,286.0,,,,,,,,,,,,""
5962612220,"Sep 15, 2021, 5:31:55 AM",Morning Ride,Ride,,2234,14.84,,,false,,Focusen,activities/5962612220.gpx,,7.900000095367432,2234.0,2195.0,14839.7998046875,15.699999809265137,6.76072883605957,175.08807373046875,175.08807373046875,49.5,208.3000030517578,14.800000190734863,-0.4555317461490631,,,,,,,,117.93286895751953,288.6321716308594,,,,,,,,,,,,,,0.0,,0.0,,1.0,,,,,,,,,,,,,,,,773902.0,,,,,,,,,,,0.0,6.642703533172607,0.0,,,,,,,,,,,,""
5964929216,"Sep 15, 2021, 3:15:35 PM",Afternoon Ride,Ride,,2569,14.74,,,false,,Nye CXen,activities/5964929216.gpx,,12.0,2569.0,2521.0,14740.2998046875,12.600000381469727,5.847005367279053,244.4532012939453,244.4532012939453,49.5,208.3000030517578,10.0,0.45860669016838074,,,,,,,,168.42367553710938,473.425537109375,,,,,,,,,,,,,,0.0,,0.0,,1.0,,,,,,,,,,,,,,,,3718715.0,,,,,,,,,,,0.0,5.737757682800293,43.099998474121094,,,,,,,,,,,,""
5973741344,"Sep 17, 2021, 9:40:04 AM",Lunch Run,Run,,1767,4.60,179.0,13,false,,Salming iSpike Pigg,activities/6349754256.fit.gz,,,1767.0,1685.0,4603.7998046875,4.199999809265137,2.7322254180908203,106.0,98.0,71.0,166.8000030517578,48.29999923706055,-0.06516356021165848,,,86.0,80.36746215820312,,156.0382080078125,,,319.0,,19.0,13.0,,,,,,,,,,,,,0.0,,1.0,4975.7998046875,,,,,,,,,,,,,,,,7576922.0,,,,,,,,,,0.0,2.6054329872131348,2157.0,,,,,,,,,,,,""
5981261347,"Sep 18, 2021, 4:38:28 PM",Evening Run,Run,,2374,5.35,182.0,11,false,,Salomon S-Lab 2 terrengsko slab ,activities/6357638015.fit.gz,,,2374.0,2343.0,5349.7998046875,4.300000190734863,2.2833120822906494,158.0,168.0,149.0,268.6000061035156,47.900001525878906,-0.11589217931032181,,,85.0,75.2794418334961,,141.0092010498047,,,354.0,,20.0,11.0,,,,,,,,,,,0.0,,0.0,,1.0,6031.0,,,,,,,,,,,,,,,,4827744.0,,,,,,,,,,0.0,2.2534961700439453,3451.39990234375,,,,,,,,,,,,""
5989112830,"Sep 20, 2021, 5:33:00 AM",Morning Ride,Ride,,2242,14.76,169.0,10,false,,Nye CXen,activities/6365923266.fit.gz,,12.0,2242.0,2196.0,14764.099609375,15.399999618530273,6.723178386688232,169.0,247.0,13.399999618530273,182.1999969482422,16.100000381469727,-0.5350817441940308,,,,,,142.64559936523438,,174.6758270263672,369.0,,16.0,10.0,,,,,,,,,,,,,0.0,,1.0,,,,,,,,,,,,,,,,3718715.0,,,,,,,,,,,0.0,6.585236549377441,0.0,,,,,,,,,,,,""
5990919005,"Sep 20, 2021, 2:16:23 PM",Afternoon Ride,Ride,,2553,14.48,177.0,17,false,,Nye CXen,activities/6367829253.fit.gz,,12.0,2553.0,2456.0,14483.0,13.300000190734863,5.896986961364746,266.0,191.0,40.400001525878906,202.0,15.0,0.4985154867172241,,,,,,147.5045166015625,,183.70460510253906,437.0,,18.0,17.0,,,,,,,,,,,,,0.0,,1.0,,,,,,,,,,,,,,,,3718715.0,,,,,,,,,,,0.0,5.672933578491211,0.0,,,,,,,,,,,,""
5995911620,"Sep 21, 2021, 5:26:27 AM",Morning Ride,Ride,,31499,29.43,169.0,21,false,,Nye CXen,activities/6373042339.fit.gz,,12.0,31499.0,4914.0,29438.19921875,13.100000381469727,5.990679740905762,414.0,426.0,11.0,180.1999969482422,21.600000381469727,-0.029213743284344673,,,,,,132.45396423339844,,158.51039123535156,731.0,,19.0,21.0,,,,,,,,,,,,,0.0,,1.0,,,,,,,,,,,,,,,,3718715.0,,,,,,,,,,,0.0,0.9345756769180298,27.0,,,,,,,,,,,,""
6006809928,"Sep 23, 2021, 5:58:30 AM",Morning Ride,Ride,,32646,29.15,175.0,24,false,,Nye CXen,activities/6384449164.fit.gz,,12.0,32646.0,4839.0,29152.400390625,15.399999618530273,6.024467945098877,430.0,435.0,19.200000762939453,230.60000610351562,36.29999923706055,0.16808222234249115,,,,,,141.49554443359375,,166.1204071044922,779.0,,18.0,24.0,,,,,,,,,,,,,0.0,,1.0,,,,,,,,,,,,,,,,3718715.0,,,,,,,,,,,0.0,0.8929853439331055,0.0,,,,,,,,,,,,""
6011612041,"Sep 24, 2021, 6:27:18 AM",Morning Ride,Ride,,27933,29.43,187.0,32,false,,Nye CXen,activities/6389484900.fit.gz,,12.0,27933.0,4641.0,29429.599609375,14.800000190734863,6.341219425201416,417.0,415.0,-34.20000076293945,210.60000610351562,44.599998474121094,-0.1664990335702896,,,,,,145.39805603027344,,176.5876922607422,806.0,,18.0,32.0,,,,,,,,,,,,,0.0,,1.0,,,,,,,,,,,,,,,,3718715.0,,,,,,,,,,,0.0,1.05357825756073,37.599998474121094,,,,,,,,,,,,""
6022244642,"Sep 26, 2021, 11:34:43 AM",Afternoon Run,Run,,3904,10.21,185.0,19,false,,Salomon S-Lab 2 terrengsko slab ,activities/6400666643.fit.gz,,,3904.0,3897.0,10212.099609375,5.099999904632568,2.6205029487609863,260.0,302.0,-78.80000305175781,161.60000610351562,37.20000076293945,-1.9858795404434204,,,120.0,77.41156768798828,,119.54862976074219,,,450.0,,20.0,19.0,,,,,,,,,,,0.0,,0.0,,1.0,11132.2001953125,,,,,,,,,,,,,,,,4827744.0,,,,,,,,,,0.0,2.6158041954040527,9132.599609375,,,,,,,,,,,,""
6032661211,"Sep 28, 2021, 5:48:17 AM",Morning Ride,Ride,,29288,29.12,169.0,22,false,,Nye CXen,activities/6411606132.fit.gz,,12.0,29288.0,4959.0,29122.0,13.800000190734863,5.872554779052734,423.0,441.0,-3.0,182.0,25.399999618530273,-0.09477370977401733,,,,,,138.39144897460938,,155.8084259033203,743.0,,21.0,22.0,,,,,,,,,,,,,0.0,,1.0,,,,,,,,,,,,,,,,3718715.0,,,,,,,,,,,0.0,0.9943321347236633,4.900000095367432,,,,,,,,,,,,""
6038273794,"Sep 29, 2021, 6:01:11 AM",Morning Ride,Ride,,34617,29.17,169.0,12,false,,Nye CXen,activities/6417479143.fit.gz,,12.0,34617.0,4737.0,29178.69921875,16.100000381469727,6.15974235534668,413.0,417.0,75.80000305175781,235.0,33.900001525878906,0.09047695994377136,,,,,,103.55614471435547,,166.6058349609375,477.0,,18.0,12.0,,,,,,,,,,,,,0.0,,1.0,,,,,,,,,,,,,,,,3718715.0,,,,,,,,,,,0.0,0.8429008722305298,171.89999389648438,,,,,,,,,,,,""
6038962547,"Sep 29, 2021, 5:12:36 PM",Evening Run,Run,,1937,4.77,172.0,9,false,,HOKA Hoka rakett,activities/6418195168.fit.gz,,,1937.0,1872.0,4770.89990234375,3.799999952316284,2.548557758331299,95.0,103.0,98.4000015258789,194.39999389648438,45.099998474121094,-0.1886436492204666,,,85.0,77.97595977783203,,147.57815551757812,,,318.0,,22.0,9.0,,,,,,,,,,,,,0.0,,1.0,5100.2001953125,,,,,,,,,,,,,,,,4806014.0,,,,,,,,,,0.0,2.4630355834960938,2196.199951171875,,,,,,,,,,,,""
6042845003,"Sep 30, 2021, 6:13:59 AM",Morning Ride,Ride,,29237,29.41,165.0,18,false,,Nye CXen,activities/6422275290.fit.gz,,12.0,29237.0,4925.0,29418.30078125,13.600000381469727,5.973258972167969,413.0,417.0,43.20000076293945,220.1999969482422,20.700000762939453,0.038071539252996445,,,,,,132.5364227294922,,158.2246551513672,701.0,,19.0,18.0,,,,,,,,,,,,,0.0,,1.0,,,,,,,,,,,,,,,,3718715.0,,,,,,,,,,,0.0,1.0062010288238525,124.19999694824219,,,,,,,,,,,,""
6053273889,"Oct 2, 2021, 3:07:59 PM",Afternoon Run,Run,,3803,10.25,192.0,19,false,,HOKA Hoka rakett,activities/6433206205.fit.gz,,,3803.0,3611.0,10257.900390625,4.400000095367432,2.8407366275787354,199.0,210.0,95.0,193.60000610351562,47.20000076293945,-0.107234425842762,,,89.0,81.30070495605469,,143.9576873779297,,,551.0,,19.0,19.0,,,,,,,,,,,0.0,,0.0,,1.0,10794.599609375,,,,,,,,,,,,,,,,4806014.0,,,,,,,,,,0.0,2.6973178386688232,3941.39990234375,,,,,,,,,,,,""
6182963152,"Oct 29, 2021, 1:08:24 PM",Afternoon Run,Run,,1882,4.58,174.0,9,false,,HOKA Hoka rakett,activities/6570545704.fit.gz,,,1882.0,1882.0,4580.9697265625,2.997689962387085,2.434096574783325,96.0,101.0,100.80000305175781,192.8000030517578,29.79533576965332,-0.11787916719913483,,,83.0,74.78179168701172,,136.77735900878906,,,308.0,,18.0,9.0,,,,,,,,,,,,,0.0,,1.0,4879.7001953125,,,,,,,,,,,,,,,,4806014.0,,,,,,,,,,0.0,2.434096574783325,0.0,,,,,,,,,,,,""
6193117032,"Oct 31, 2021, 12:46:26 PM",Afternoon Run,Run,,2171,5.20,172.0,15,false,,HOKA Hoka rakett,activities/6581399114.fit.gz,,,2171.0,2171.0,5205.10009765625,2.820019483566284,2.3975586891174316,116.0,126.0,153.39999389648438,245.8000030517578,41.85692596435547,0.5533035397529602,,,84.0,79.1174545288086,,153.77752685546875,,,395.0,,20.0,15.0,,,,,,,,,,,0.0,,0.0,,1.0,5449.89990234375,,,,,,,,,,,,,,,,4806014.0,,,,,,,,,,0.0,2.3975586891174316,0.0,,,,,,,,,,,,""
6193117152,"Oct 31, 2021, 1:26:45 PM",Afternoon Run,Run,,0,0,70.0,0,false,,HOKA Hoka rakett,activities/6581399275.fit.gz,,,0.0,0.0,0.0,0.0,0.0,0.0,0.0,161.60000610351562,161.60000610351562,0.0,0.0,,,,,,0.0,,,0.0,,0.0,0.0,,,,,,,,,,,,,0.0,,1.0,,,,,,,,,,,,,,,,,4806014.0,,,,,,,,,,0.0,0.0,0.0,,,,,,,,,,,,""
6222995944,"Nov 7, 2021, 8:37:31 AM",Morning Run,Run,,2848,7.14,181.0,10,false,,HOKA Hoka rakett,activities/6613457961.fit.gz,,,2848.0,2793.0,7146.580078125,3.7649993896484375,2.558746814727783,163.0,167.0,69.80000305175781,168.60000610351562,38.71104431152344,-0.025186914950609207,,,87.0,79.1978988647461,,120.73436737060547,,,407.0,,14.0,10.0,,,,,,,,,,,0.0,,0.0,,1.0,7663.7998046875,,,,,,,,,,,,,,,,4806014.0,,,,,,,,,,0.0,2.5093328952789307,1662.0,,,,,,,,,,,,""
6257561280,"Nov 14, 2021, 2:44:51 PM",Afternoon Run,Run,,3657,8.77,184.0,30,false,,HOKA Hoka rakett,activities/6650339653.fit.gz,,,3657.0,3607.0,8771.669921875,5.76806640625,2.4318463802337646,319.0,325.0,92.80000305175781,290.0,33.40277862548828,-0.07296226918697357,,,95.0,78.1570816040039,,147.45790100097656,,,622.0,,10.0,30.0,,,,,,,,,,,0.0,,0.0,,1.0,10004.5,,,,,,,,,,,,,,,,4806014.0,,,,,,,,,,0.0,2.398597002029419,7622.10009765625,,,,,,,,,,,,""
6286592219,"Nov 21, 2021, 8:52:21 AM",Morning Run,Run,,2517,5.44,173.0,11,false,,HOKA Hoka rakett,activities/6681418353.fit.gz,,,2517.0,2443.0,5440.3896484375,4.181431293487549,2.2269299030303955,154.0,179.0,155.8000030517578,276.6000061035156,49.58675003051758,-0.06617183983325958,,,87.0,75.48529052734375,,143.6226806640625,,,400.0,,16.0,11.0,,,,,,,,,,,0.0,,0.0,,1.0,6129.60009765625,,,,,,,,,,,,,,,,4806014.0,,,,,,,,,,0.0,2.1614580154418945,4473.60009765625,,,,,,,,,,,,""
6306837580,"Nov 25, 2021, 6:16:50 PM",Evening Run,Run,,3627,7.15,187.0,36,false,,HOKA Hoka rakett,activities/6703143263.fit.gz,,,3627.0,3394.0,7158.15966796875,3.5787353515625,2.109062910079956,262.0,286.0,128.60000610351562,281.0,49.052494049072266,-0.022352198138833046,,,93.0,74.37123107910156,,154.13815307617188,,,604.0,,14.0,36.0,,,,,,,,,,,0.0,,0.0,,1.0,8606.7001953125,,,,,,,,,,,,,,,,4806014.0,,,,,,,,,,0.0,1.9735759496688843,4608.2998046875,,,,,,,,,,,,""
6411014319,"Dec 21, 2021, 2:45:10 PM",Afternoon Run,Run,,1974,4.60,183.0,14,false,,HOKA Hoka rakett,activities/6815545755.fit.gz,,,1974.0,1934.0,4602.2099609375,3.5359864234924316,2.3796329498291016,110.0,111.0,105.5999984741211,199.1999969482422,38.19432830810547,0.09995178133249283,,,87.0,76.9989242553711,,155.5691680908203,,,361.0,,9.0,14.0,,,,,,,,,,,0.0,,0.0,,1.0,5004.0,,,,,,,,,,,,,,,,4806014.0,,,,,,,,,,0.0,2.3314132690429688,2318.89990234375,,,,,,,,,,,,""
6426046144,"Dec 25, 2021, 2:48:48 PM",Afternoon Run,Run,,2294,6.17,180.0,21,false,,HOKA Hoka rakett,activities/6831693277.fit.gz,,,2294.0,2259.0,6172.509765625,4.501668453216553,2.732408046722412,118.0,119.0,193.60000610351562,328.3999938964844,43.972808837890625,2.115833044052124,,,89.0,80.10749053955078,,158.80267333984375,,,430.0,,10.0,21.0,,,,,,,,,,,0.0,,0.0,,1.0,6576.0,,,,,,,,,,,,,,,,4806014.0,,,,,,,,,,0.0,2.6907191276550293,2451.199951171875,,,,,,,,,,,,""
6439269588,"Dec 28, 2021, 6:22:26 PM",Evening Run,Run,,2748,6.92,181.0,31,false,,HOKA Hoka rakett,activities/6846058833.fit.gz,,,2748.0,2697.0,6921.58984375,11.494006156921387,2.566403388977051,140.0,143.0,69.19999694824219,175.1999969482422,20.689777374267578,-0.023116163909435272,,,85.0,79.1961898803711,,161.0653076171875,,,516.0,,7.0,31.0,,,,,,,,,,,,,0.0,,1.0,7382.5,,,,,,,,,,,,,,,,4806014.0,,,,,,,,,,0.0,2.5187735557556152,2879.199951171875,,,,,,,,,,,,""
6447650444,"Dec 30, 2021, 4:18:45 PM",Afternoon Run,Run,,2785,6.72,183.0,21,false,,HOKA Hoka rakett,activities/6855098895.fit.gz,,,2785.0,2654.0,6725.580078125,3.9480042457580566,2.5341296195983887,123.0,134.0,63.79999923706055,167.60000610351562,47.8165283203125,-0.10110656917095184,,,89.0,78.9625473022461,,156.01873779296875,,,500.0,,11.0,21.0,,,,,,,,,,,,,0.0,,1.0,7183.5,,,,,,,,,,,,,,,,4806014.0,,,,,,,,,,0.0,2.4149301052093506,3272.800048828125,,,,,,,,,,,,""
6459044097,"Jan 2, 2022, 7:19:14 AM",Morning Run,Run,,3027,6.96,176.0,16,false,,HOKA Hoka rakett,activities/6867436456.fit.gz,,,3027.0,2939.0,6967.52978515625,3.6249592304229736,2.3707144260406494,182.0,180.0,80.19999694824219,193.8000030517578,32.69684982299805,-0.0344456247985363,,,86.0,78.59317779541016,,149.1742706298828,,,500.0,,11.0,16.0,,,,,,,,,,,,,0.0,,1.0,7616.7001953125,,,,,,,,,,,,,,,,4806014.0,,,,,,,,,,0.0,2.3017938137054443,3715.60009765625,,,,,,,,,,,,""
6472586445,"Jan 4, 2022, 5:42:39 PM",Evening Run,Run,,2514,6.50,186.0,25,false,,HOKA Hoka rakett,activities/6881984581.fit.gz,,,2514.0,2493.0,6499.830078125,4.202002048492432,2.6072323322296143,116.0,116.0,93.0,193.60000610351562,45.97779083251953,-0.04000113904476166,,,86.0,78.4605712890625,,155.40524291992188,,,446.0,,4.0,25.0,,,,,,,,,,,0.0,,0.0,,1.0,6896.89990234375,,,,,,,,,,,,,,,,4806014.0,,,,,,,,,,0.0,2.585453510284424,2558.60009765625,,,,,,,,,,,,""
6491320460,"Jan 8, 2022, 1:18:53 PM",Afternoon Run,Run,,4880,12.99,186.0,62,false,,HOKA Hoka rakett,activities/6902027871.fit.gz,,,4880.0,4858.0,12989.3701171875,4.761999607086182,2.6738102436065674,283.0,303.0,35.400001525878906,272.0,15.011523246765137,-0.17398841679096222,,,88.0,80.00641632080078,,163.7284393310547,,,874.0,,13.0,62.0,,,,,,,,,,,0.0,,0.0,,1.0,13653.599609375,,,,,,,,,,,,,,,,4806014.0,,,,,,,,,,0.0,2.6617562770843506,2751.800048828125,,,,,,,,,,,,""
6599200103,"Jan 29, 2022, 12:48:00 PM",Afternoon Run,Run,,1872,4.36,177.0,14,false,,HOKA Hoka rakett,activities/7017443261.fit.gz,,,1872.0,1783.0,4362.47021484375,3.4699978828430176,2.446702241897583,72.0,87.0,82.0,168.0,29.41155433654785,-0.38051849603652954,,,81.0,76.55960845947266,,155.7668914794922,,,333.0,,13.0,14.0,,,,,,,,,,,0.0,,0.0,,1.0,4628.7001953125,,,,,,,,,,,,,,,,4806014.0,,,,,,,,,,0.0,2.3303792476654053,2745.5,,,,,,,,,,,,""
6635082140,"Feb 5, 2022, 12:42:32 PM",Afternoon Activity,Nordic Ski,,5592,15.45,156.0,15,false,,,activities/7055809088.fit.gz,,,5592.0,5323.0,15452.41015625,11.449999809265137,2.90295147895813,326.0,317.0,485.3999938964844,730.7999877929688,30.344154357910156,-0.058243341743946075,,,119.0,50.744327545166016,,122.80990600585938,,,611.0,,11.0,15.0,,,,,,,,,,,0.0,,0.0,,1.0,,,,,,,,,,,,,,,,,,,,,,,,,,,0.0,2.7633066177368164,2176.699951171875,,,,,,,,,,,,""
6669471188,"Feb 12, 2022, 7:36:55 AM",Morning Run,Run,,1909,4.60,183.0,12,false,,HOKA Hoka rakett,activities/7092691200.fit.gz,,,1909.0,1839.0,4607.72021484375,3.6520018577575684,2.5055575370788574,103.0,110.0,69.0,167.0,36.19050598144531,0.026043182238936424,,,87.0,78.8505630493164,,141.08692932128906,,,307.0,,13.0,12.0,,,,,,,,,,,0.0,,0.0,,1.0,4980.10009765625,,,,,,,,,,,,,,,,4806014.0,,,,,,,,,,0.0,2.413682699203491,2560.10009765625,,,,,,,,,,,,""
6707322159,"Feb 19, 2022, 4:22:42 PM",Afternoon Run,Run,,2172,5.64,183.0,28,false,,HOKA Hoka rakett,activities/7133466725.fit.gz,,,2172.0,2172.0,5642.75,3.7249908447265625,2.5979511737823486,112.0,114.0,367.0,420.6000061035156,16.72868537902832,-0.04253234714269638,,,84.0,78.69898223876953,,162.00830078125,,,398.0,,15.0,28.0,,,,,,,,,,,0.0,,0.0,,1.0,5929.60009765625,,,,,,,,,,,,,,,,4806014.0,,,,,,,,,,0.0,2.5979511737823486,2262.60009765625,,,,,,,,,,,,""
6715296309,"Feb 20, 2022, 1:44:21 PM",Afternoon Run,Run,,3805,9.60,174.0,22,false,,HOKA Hoka rakett,activities/7142102968.fit.gz,,,3805.0,3805.0,9606.0,3.8759765625,2.5245728492736816,221.0,218.0,300.79998779296875,424.79998779296875,22.004783630371094,0.018738478422164917,,,84.0,79.39605712890625,,152.83023071289062,,,644.0,,17.0,22.0,,,,,,,,,,,,,0.0,,1.0,10176.0,,,,,,,,,,,,,,,,4806014.0,,,,,,,,,,0.0,2.5245728492736816,5655.2998046875,,,,,,,,,,,,""
6720447635,"Feb 22, 2022, 10:08:22 AM",Lunch Run,Run,,3359,8.49,185.0,33,false,,HOKA Hoka rakett,activities/7147618781.fit.gz,,,3359.0,3332.0,8494.669921875,4.028027534484863,2.5494208335876465,203.0,209.0,347.6000061035156,433.3999938964844,19.873958587646484,-0.02589837834239006,,,86.0,79.33494567871094,,160.02105712890625,,,607.0,,19.0,33.0,,,,,,,,,,,0.0,,0.0,,1.0,9101.900390625,,,,,,,,,,,,,,,,4806014.0,,,,,,,,,,0.0,2.528928279876709,3955.699951171875,,,,,,,,,,,,""
6736045006,"Feb 25, 2022, 1:21:00 PM",Afternoon Run,Run,,4392,11.85,195.0,45,false,,HOKA Hoka rakett,activities/7164400368.fit.gz,,,4392.0,4340.0,11851.23046875,4.366617679595947,2.730698347091675,263.0,268.0,265.20001220703125,391.20001220703125,20.738794326782227,-0.26832646131515503,,,88.0,79.97899627685547,,160.95689392089844,,,785.0,,16.0,45.0,,,,,,,,,,,,,0.0,,1.0,12558.400390625,,,,,,,,,,,,,,,,4806014.0,,,,,,,,,,0.0,2.6983675956726074,6326.60009765625,,,,,,,,,,,,""
6751270012,"Feb 28, 2022, 1:20:16 PM",Afternoon Run,Run,,1819,4.57,178.0,21,false,,HOKA Hoka rakett,activities/7180920409.fit.gz,,,1819.0,1780.0,4574.35986328125,4.2014336585998535,2.5698649883270264,104.0,104.0,366.20001220703125,416.0,14.950181007385254,-0.06995474547147751,,,83.0,78.58357238769531,,162.12161254882812,,,359.0,,21.0,21.0,,,,,,,,,,,0.0,,0.0,,1.0,4859.5,,,,,,,,,,,,,,,,4806014.0,,,,,,,,,,0.0,2.514766216278076,1766.9000244140625,,,,,,,,,,,,""
6771173394,"Mar 4, 2022, 12:17:29 PM",Afternoon Run,Run,,2357,6.31,188.0,28,false,,HOKA Hoka rakett,activities/7202336255.fit.gz,,,2357.0,2357.0,6314.82958984375,3.85333251953125,2.6791810989379883,119.0,118.0,101.80000305175781,198.1999969482422,20.1440486907959,0.057008516043424606,,,99.0,79.73518371582031,,158.4906463623047,,,471.0,,15.0,28.0,,,,,,,,,,,0.0,,0.0,,1.0,6692.7001953125,,,,,,,,,,,,,,,,4806014.0,,,,,,,,,,0.0,2.6791810989379883,1831.9000244140625,,,,,,,,,,,,""
6780176816,"Mar 6, 2022, 8:12:46 AM",Morning Run,Run,,2028,4.80,178.0,11,false,,HOKA Hoka rakett,activities/7212075663.fit.gz,,,2028.0,1925.0,4803.31005859375,3.5171420574188232,2.4952261447906494,107.0,120.0,94.5999984741211,192.8000030517578,33.22248458862305,-0.09160368889570236,,,94.0,79.14460754394531,,142.76792907714844,,,347.0,,16.0,11.0,,,,,,,,,,,0.0,,0.0,,1.0,5180.39990234375,,,,,,,,,,,,,,,,4806014.0,,,,,,,,,,0.0,2.3684961795806885,2327.60009765625,,,,,,,,,,,,""
6812274757,"Mar 12, 2022, 1:09:23 PM",Afternoon Run,Run,,2668,6.75,189.0,29,false,,HOKA Hoka rakett,activities/7246682607.fit.gz,,,2668.0,2538.0,6756.0498046875,4.952050685882568,2.6619582176208496,120.0,134.0,93.5999984741211,191.1999969482422,20.58006477355957,-0.12433314323425293,,,89.0,80.36080932617188,,162.14576721191406,,,499.0,,19.0,29.0,,,,,,,,,,,0.0,,0.0,,1.0,7160.0,,,,,,,,,,,,,,,,4806014.0,,,,,,,,,,0.0,2.532252550125122,2632.800048828125,,,,,,,,,,,,""
6852355222,"Mar 20, 2022, 9:23:26 AM",Morning Run,Run,,3265,8.00,189.0,39,false,,HOKA Hoka rakett,activities/7289912938.fit.gz,,,3265.0,3186.0,8008.07958984375,4.391392230987549,2.513521671295166,183.0,183.0,-55.599998474121094,180.39999389648438,37.38078308105469,-1.850630760192871,,,85.0,79.11661529541016,,163.71324157714844,,,640.0,,18.0,39.0,,,,,,,,,,,0.0,,0.0,,1.0,8702.400390625,,,,,,,,,,,,,,,,4806014.0,,,,,,,,,,0.0,2.452704429626465,3470.60009765625,,,,,,,,,,,,""
6891601796,"Mar 27, 2022, 1:45:37 PM",Afternoon Run,Run,,2416,5.20,,,false,,HOKA Hoka rakett,activities/6891601796.gpx,,,2416.0,2270.0,5204.3701171875,5.0966668128967285,2.2926740646362305,157.28836059570312,157.28836059570312,183.5,297.3999938964844,49.41857147216797,-0.02690047025680542,,,,,,,,,508.69049072265625,,,,,,,,,,,,,,0.0,,0.0,,1.0,6000.2001953125,,,,,,,,,,,,,,,,4806014.0,,,,,,,,,,0.0,2.1541266441345215,3347.39990234375,,,,,,,,,,,,""
6953645451,"Apr 9, 2022, 10:51:47 AM",Lunch Activity,Nordic Ski,,2558,7.79,157.0,7,false,,,activities/7399684275.fit.gz,,,2558.0,2432.0,7797.56982421875,6.10791015625,3.206237554550171,49.0,60.0,156.39999389648438,884.7999877929688,37.53034210205078,9.102836608886719,,,79.0,46.24953842163086,,125.82147216796875,,,285.0,,20.0,7.0,,,,,,,,,,,0.0,,0.0,,1.0,,,,,,,,,,,,,,,,,,,,,,,,,,,0.0,3.048307180404663,0.0,,,,,,,,,,,,""
6965350345,"Apr 11, 2022, 3:17:50 PM",Afternoon Run,Run,,2471,5.96,191.0,26,false,,HOKA Hoka rakett,activities/7412428717.fit.gz,,,2471.0,2315.0,5964.080078125,3.883336305618286,2.5762765407562256,121.0,123.0,96.19999694824219,194.60000610351562,45.23472595214844,-0.07042179256677628,,,84.0,78.91517639160156,,161.9507293701172,,,471.0,,21.0,26.0,,,,,,,,,,,0.0,,0.0,,1.0,6388.7998046875,,,,,,,,,,,,,,,,4806014.0,,,,,,,,,,0.0,2.4136300086975098,2863.39990234375,,,,,,,,,,,,""
6985286686,"Apr 15, 2022, 11:33:21 AM",Afternoon Run,Run,,3500,6.06,166.0,11,false,,HOKA Hoka rakett,activities/7433978742.fit.gz,,,3500.0,3309.0,6066.17041015625,4.1212158203125,1.8332337141036987,102.0,98.0,11.399999618530273,61.79999923706055,22.55635643005371,0.026375822722911835,,,87.0,68.43017578125,,138.2640380859375,,,456.0,,20.0,11.0,,,,,,,,,,,0.0,,0.0,,1.0,6421.10009765625,,,,,,,,,,,,,,,,4806014.0,,,,,,,,,,0.0,1.7331914901733398,2865.89990234375,,,,,,,,,,,,""
6991527532,"Apr 16, 2022, 12:40:16 PM",Afternoon Run,Run,,3405,6.01,162.0,11,false,,HOKA Hoka rakett,activities/7440750571.fit.gz,,,3405.0,3316.0,6013.1298828125,4.241617679595947,1.8133684396743774,104.0,114.0,-9.399999618530273,59.599998474121094,25.193038940429688,-0.4124307930469513,,,85.0,65.26696014404297,,136.06756591796875,,,455.0,,20.0,11.0,,,,,,,,,,,0.0,,0.0,,1.0,6375.60009765625,,,,,,,,,,,,,,,,4806014.0,,,,,,,,,,0.0,1.7659705877304077,2814.199951171875,,,,,,,,,,,,""
7003078438,"Apr 18, 2022, 3:35:00 PM",Afternoon Run,Run,,5320,13.65,178.0,41,false,,HOKA Hoka rakett,activities/7453376626.fit.gz,,,5320.0,5159.0,13648.990234375,4.41796875,2.6456658840179443,154.0,242.0,44.0,207.60000610351562,17.489093780517578,-0.6491323113441467,,,82.0,79.11309814453125,,158.21119689941406,,,954.0,,19.0,41.0,,,,,,,,,,,0.0,,0.0,,1.0,13793.2998046875,,,,,,,,,,,,,,,,4806014.0,,,,,,,,,,0.0,2.5655996799468994,411.8999938964844,,,,,,,,,,,,""
7044385340,"Apr 26, 2022, 3:18:32 PM",Afternoon Run,Run,,2486,6.37,183.0,15,false,,HOKA Hoka rakett,activities/7498201644.fit.gz,,,2486.0,2454.0,6374.60986328125,3.863999843597412,2.5976405143737793,112.0,111.0,96.19999694824219,189.1999969482422,20.75577735900879,1.311452865600586,,,87.0,79.60389709472656,,150.98931884765625,,,460.0,,20.0,15.0,,,,,,,,,,,,,0.0,,1.0,6733.7998046875,,,,,,,,,,,,,,,,4806014.0,,,,,,,,,,0.0,2.5642035007476807,2294.10009765625,,,,,,,,,,,,""
7076122807,"May 2, 2022, 6:06:35 AM",Morning Ride,Ride,"",30654,29.42,177.0,25,false,,Nye CXen,activities/7532632338.fit.gz,,12.0,30654.0,5132.0,29427.869140625,13.997998237609863,5.734191417694092,427.0,428.0,43.79999923706055,232.39999389648438,24.422286987304688,0.07679791748523712,,,,,,130.92076110839844,,156.9511260986328,794.0,,19.0,25.0,,,,,,,,,,,0.0,,0.0,,1.0,,,,,,,,,,,,,,,,3718715.0,,,,,,,,,,,0.0,0.9600009322166443,45.400001525878906,,,,,,,,,,,,""
7134592500,"May 13, 2022, 9:26:57 AM",Lunch Run,Run,"",2357,5.99,181.0,23,false,,HOKA Hoka rakett,activities/7596156017.fit.gz,,,2357.0,2292.0,5995.740234375,4.3785576820373535,2.6159424781799316,108.0,107.0,78.5999984741211,169.0,43.0768928527832,-0.020014414563775063,,,86.0,79.21248626708984,,158.705078125,,,448.0,,22.0,23.0,,,,,,,,,,,0.0,,0.0,,1.0,6355.2998046875,,,,,,,,,,,,,,,,4806014.0,,,,,,,,,,0.0,2.5438015460968018,2202.800048828125,,,,,,,,,,,,""
7147683968,"May 15, 2022, 2:38:12 PM",Afternoon Run,Run,"",2591,5.27,178.0,18,false,,HOKA Hoka rakett,activities/7610435871.fit.gz,,,2591.0,2451.0,5276.76025390625,4.508579730987549,2.1529009342193604,157.0,159.0,181.39999389648438,291.79998779296875,34.70323944091797,-0.06443364918231964,,,91.0,75.21813201904297,,144.3383331298828,,,423.0,,23.0,18.0,,,,,,,,,,,0.0,,0.0,,1.0,6000.0,,,,,,,,,,,,,,,,4806014.0,,,,,,,,,,0.0,2.0365726947784424,4575.7998046875,,,,,,,,,,,,""
7195690449,"May 24, 2022, 3:34:00 PM",Afternoon Run,Run,,2621,5.31,,,false,,HOKA Hoka rakett,activities/7195690449.gpx,,,2621.0,2384.0,5313.43017578125,4.297997951507568,2.228787899017334,159.88290405273438,159.88290405273438,183.0,297.3999938964844,49.99995422363281,0.13926973938941956,,,,,,,,,505.49432373046875,,,,,,,,,,,,,,0.0,,0.0,,1.0,5962.5,,,,,,,,,,,,,,,,4806014.0,,,,,,,,,,0.0,2.0272529125213623,3420.199951171875,,,,,,,,,,,,""
7215001705,"May 28, 2022, 8:54:49 AM",Morning Run,Run,"",3910,7.80,189.0,44,false,,HOKA Hoka rakett,activities/7683695450.fit.gz,,,3910.0,3378.0,7800.89013671875,4.229992866516113,2.3093221187591553,252.0,257.0,123.5999984741211,306.6000061035156,45.801612854003906,-0.04871242865920067,,,103.0,76.29794311523438,,160.76858520507812,,,619.0,,23.0,44.0,,,,,,,,,,,0.0,,0.0,,1.0,8913.2998046875,,,,,,,,,,,,,,,,4806014.0,,,,,,,,,,0.0,1.9951125383377075,5785.0,,,,,,,,,,,,""
7222534982,"May 29, 2022, 2:17:23 PM",Afternoon Run,Run,"",4646,10.12,205.0,75,false,,HOKA Hoka rakett,activities/7691967033.fit.gz,,,4646.0,4585.0,10122.5595703125,4.01165771484375,2.2077555656433105,374.0,368.0,75.5999984741211,405.6000061035156,41.09591293334961,0.013830509036779404,,,89.0,75.44792175292969,,167.94566345214844,,,810.0,,19.0,75.0,,,,,,,,,,,0.0,,0.0,,1.0,11772.900390625,,,,,,,,,,,,,,,,4806014.0,,,,,,,,,,0.0,2.1787688732147217,8520.900390625,,,,,,,,,,,,""
7252138343,"Jun 4, 2022, 8:42:14 AM",Morning Run,Run,"",3294,5.30,153.0,9,false,,HOKA Hoka rakett,activities/7724255731.fit.gz,,,3294.0,3110.0,5307.10986328125,3.06201171875,1.7064661979675293,95.0,53.0,-141.39999389648438,77.80000305175781,21.376157760620117,-3.3163058757781982,,,81.0,61.84800720214844,,124.43821716308594,,,362.0,,26.0,9.0,,,,,,,,,,,0.0,,0.0,,1.0,5638.0,,,,,,,,,,,,,,,,4806014.0,,,,,,,,,,0.0,1.6111445426940918,2648.89990234375,,,,,,,,,,,,""
7257853836,"Jun 4, 2022, 4:04:16 PM",Evening Run,Run,,2336,6.23,179.0,17,false,,HOKA Hoka rakett,activities/7730506521.fit.gz,,,2336.0,2258.0,6231.0498046875,4.371407508850098,2.7595438957214355,85.0,81.0,-0.800000011920929,47.0,21.437772750854492,0.02888757549226284,,,89.0,80.29632568359375,,154.41061401367188,,,408.0,,24.0,17.0,,,,,,,,,,,,,0.0,,1.0,6426.7998046875,,,,,,,,,,,,,,,,4806014.0,,,,,,,,,,0.0,2.6674015522003174,3261.60009765625,,,,,,,,,,,,""
7297499106,"Jun 5, 2022, 9:51:03 AM",Lunch Run,Run,,0,0,,,false,,HOKA Hoka rakett,activities/7773735212.fit.gz,,,0.0,0.0,0.0,0.0,0.0,0.0,0.0,42.79999923706055,42.79999923706055,0.0,0.0,,,,,,,,,0.0,,0.0,,,,,,,,,,,,,,0.0,,1.0,,,,,,,,,,,,,,,,,4806014.0,,,,,,,,,,0.0,0.0,0.0,,,,,,,,,,,,""
7297499310,"Jun 12, 2022, 2:26:37 PM",Afternoon Run,Run,"",2842,5.97,164.0,9,false,,HOKA Hoka rakett,activities/7773735473.fit.gz,,,2842.0,2649.0,5969.81005859375,3.9166667461395264,2.2536089420318604,94.0,105.0,39.0,123.5999984741211,45.48249053955078,0.2814159095287323,,,84.0,74.69230651855469,,137.81597900390625,,,409.0,,27.0,9.0,,,,,,,,,,,0.0,,0.0,,1.0,6345.39990234375,,,,,,,,,,,,,,,,4806014.0,,,,,,,,,,0.0,2.1005666255950928,2304.800048828125,,,,,,,,,,,,""
7312227100,"Jun 15, 2022, 10:17:03 AM",Lunch Trail Run,Run,,3667,7.24,191.0,49,false,,HOKA Hoka rakett,activities/7789798451.fit.gz,,,3667.0,3356.0,7248.10986328125,3.8160157203674316,2.1597466468811035,231.0,249.0,132.60000610351562,298.0,47.966712951660156,0.035871293395757675,,,84.0,74.50391387939453,,165.66299438476562,,,647.0,,27.0,49.0,,,,,,,,,,,,,0.0,,1.0,8306.599609375,,,,,,,,,,,,,,,,4806014.0,,,,,,,,,,0.0,1.9765775203704834,5912.60009765625,,,,,,,,,,,,""
7318377935,"Jun 16, 2022, 12:40:38 PM",Afternoon Run,Run,"",2451,5.98,183.0,16,false,,,activities/7796482593.fit.gz,,,2451.0,2349.0,5986.39990234375,4.248331546783447,2.5484886169433594,100.0,106.0,114.19999694824219,200.39999389648438,41.38059997558594,0.11359085887670517,,,82.0,77.47752380371094,,155.33059692382812,,,429.0,,28.0,16.0,,,,,,,,,,,0.0,,0.0,,1.0,6330.89990234375,,,,,,,,,,,,,,,,,,,,,,,,,,0.0,2.442431688308716,2479.199951171875,,,,,,,,,,,,""
7328231854,"Jun 18, 2022, 10:21:37 AM",Lunch Trail Run,Run,"",4260,9.14,198.0,74,false,"",HOKA Hoka rakett,activities/7807288547.fit.gz,,,4260.0,4106.0,9140.3505859375,3.9271414279937744,2.2260961532592773,334.0,342.0,118.80000305175781,302.6000061035156,37.668601989746094,-0.028445297852158546,,,94.0,75.7452163696289,,169.75608825683594,,,845.0,,26.0,74.0,,,,,,,,,,,,,0.0,,1.0,10825.099609375,,,,,,,,,,,,,,,,4806014.0,,,,,,,,,,0.0,2.1456222534179688,5996.2001953125,,,,,,,,,,,,""
7407360532,"Jul 3, 2022, 9:30:21 AM",Lunch Trail Run,Run,"",2655,5.54,198.0,45,false,,HOKA Hoka rakett,activities/7894004874.fit.gz,,,2655.0,2559.0,5545.9697265625,4.001220703125,2.167241096496582,232.0,220.0,89.5999984741211,291.6000061035156,47.290557861328125,-0.1334301084280014,,,85.0,73.8153076171875,,169.01397705078125,,,533.0,,23.0,45.0,,,,,,,,,,,0.0,,0.0,,1.0,6761.60009765625,,,,,,,,,,,,,,,,4806014.0,,,,,,,,,,0.0,2.0888776779174805,2254.199951171875,,,,,,,,,,,,""
7413835647,"Jul 4, 2022, 6:35:15 AM",Morning Ride,Ride,,28723,29.53,179.0,31,false,,Nye CXen,activities/7901172334.fit.gz,,12.0,28723.0,4937.0,29533.529296875,13.660009384155273,5.982079982757568,428.0,411.0,84.0,244.60000610351562,43.702842712402344,0.12257254123687744,,,,,,141.94003295898438,,159.98806762695312,814.0,,23.0,31.0,,,,,,,,,,,,,0.0,,1.0,,,,,,,,,,,,,,,,3718715.0,,,,,,,,,,,0.0,1.0282188653945923,117.69999694824219,,,,,,,,,,,,""
7435865710,"Jul 8, 2022, 7:16:18 AM",Morning Ride,Ride,"",32246,31.41,187.0,46,false,,Nye CXen,activities/7925233322.fit.gz,,12.0,32246.0,5230.0,31418.310546875,14.924967765808105,6.007325172424316,442.0,430.0,71.80000305175781,226.39999389648438,23.31104278564453,0.05920111760497093,,,,,,150.0760955810547,,163.13735961914062,936.0,,26.0,46.0,,,,,,,,,,,0.0,,0.0,,1.0,,,,,,,,,,,,,,,,3718715.0,,,,,,,,,,,0.0,0.9743320345878601,122.4000015258789,,,,,,,,,,,,""
7455544370,"Jul 12, 2022, 8:45:42 AM",Morning Run,Run,,3859,6.05,151.0,9,false,,HOKA Hoka rakett,activities/7946888302.fit.gz,,,3859.0,3620.0,6056.83984375,3.655993700027466,1.673160195350647,106.0,79.0,-1.7999999523162842,50.79999923706055,28.102914810180664,0.11887387931346893,,,79.0,59.967071533203125,,119.43657684326172,,,406.0,,27.0,9.0,,,,,,,,,,,,,0.0,,1.0,6426.2998046875,,,,,,,,,,,,,,,,4806014.0,,,,,,,,,,0.0,1.5695360898971558,2963.699951171875,,,,,,,,,,,,""
7484975115,"Jul 17, 2022, 3:49:44 PM",Afternoon Run,Run,,2759,6.82,180.0,17,false,,HOKA Hoka rakett,activities/7979301396.fit.gz,,,2759.0,2699.0,6828.64013671875,4.239990234375,2.5300629138946533,130.0,137.0,-39.20000076293945,61.0,48.95103454589844,-0.03514605760574341,,,82.0,78.00907135009766,,152.7574005126953,,,491.0,,26.0,17.0,,,,,,,,,,,,,0.0,,1.0,7207.7001953125,,,,,,,,,,,,,,,,4806014.0,,,,,,,,,,0.0,2.475041627883911,2340.89990234375,,,,,,,,,,,,""
7494644025,"Jul 19, 2022, 1:43:16 PM",Afternoon Trail Run,Run,"",4431,11.36,192.0,69,false,,HOKA Hoka rakett,activities/7989981391.fit.gz,,,4431.0,4350.0,11360.849609375,3.9400391578674316,2.611689567565918,257.0,253.0,734.4000244140625,928.4000244140625,36.263832092285156,0.007041619624942541,,,85.0,78.25948333740234,,167.9382781982422,,,870.0,,28.0,69.0,,,,,,,,,,,0.0,,0.0,,1.0,12081.0,,,,,,,,,,,,,,,,4806014.0,,,,,,,,,,0.0,2.5639472007751465,8497.7998046875,,,,,,,,,,,,""
7494644143,"Jul 19, 2022, 3:48:49 PM",Afternoon Run,Run,,0,0,47.0,0,false,,HOKA Hoka rakett,activities/7989981574.fit.gz,,,0.0,0.0,0.0,0.0,0.0,0.0,0.0,735.0,735.0,0.0,0.0,,,,,,0.0,,,0.0,,0.0,0.0,,,,,,,,,,,,,0.0,,1.0,,,,,,,,,,,,,,,,,4806014.0,,,,,,,,,,0.0,0.0,0.0,,,,,,,,,,,,""
7510482192,"Jul 22, 2022, 2:02:25 PM",Afternoon Trail Run,Run,"",4851,12.11,188.0,91,false,,HOKA Hoka rakett,activities/8007397720.fit.gz,,,4851.0,4731.0,12113.08984375,4.3466796875,2.560365676879883,229.0,227.0,745.7999877929688,943.5999755859375,47.80876159667969,0.07099787890911102,,,91.0,78.4854965209961,,170.74334716796875,,,977.0,,27.0,91.0,,,,,,,,,,,0.0,,0.0,,1.0,12770.900390625,,,,,,,,,,,,,,,,4806014.0,,,,,,,,,,0.0,2.4970295429229736,8688.7998046875,,,,,,,,,,,,""
7549416304,"Jul 29, 2022, 4:51:40 PM",Evening Trail Run,Run,"",3506,7.52,194.0,57,false,"",HOKA Hoka rakett,activities/8050658975.fit.gz,,,3506.0,3375.0,7521.2705078125,4.806005954742432,2.2285244464874268,291.9273376464844,308.0,182.60000610351562,342.6000061035156,49.95353317260742,-0.21804827451705933,,,87.0,74.09837341308594,,168.27796936035156,,,692.0,,27.0,57.0,,,,,,,,,,,,,0.0,,1.0,9043.599609375,,,,,,,,,,,,,,,,4806014.0,,,,,,,,,,0.0,2.145256757736206,4111.2001953125,,,,,,,,,,,,""
7558467020,"Jul 31, 2022, 11:35:38 AM",Afternoon Trail Run,Run,,321,0.45,174.0,0,false,,HOKA Hoka rakett,activities/8060757564.fit.gz,,,321.0,218.0,449.1800231933594,2.748332977294922,2.0604588985443115,14.0,3.0,194.39999389648438,239.1999969482422,34.52864074707031,8.905116081237793,,,75.0,71.23696899414062,,136.30137634277344,,,33.0,,26.0,0.0,,,,,,,,,,,,,0.0,,1.0,526.2999877929688,,,,,,,,,,,,,,,,4806014.0,,,,,,,,,,0.0,1.3993146419525146,166.3000030517578,,,,,,,,,,,,""
7558811753,"Jul 31, 2022, 11:41:21 AM",Afternoon Trail Run,Run,,3581,8.18,200.0,59,false,,HOKA Hoka rakett,activities/8061145762.fit.gz,,,3581.0,3462.0,8179.10986328125,4.248569965362549,2.362539052963257,234.0,275.0,131.1999969482422,301.79998779296875,40.97572708129883,-0.5379558205604553,,,86.0,75.57862091064453,,168.9906768798828,,,679.0,,24.0,59.0,,,,,,,,,,,,,0.0,,1.0,9120.0,,,,,,,,,,,,,,,,4806014.0,,,,,,,,,,0.0,2.284029483795166,6580.60009765625,,,,,,,,,,,,""
7570110191,"Aug 2, 2022, 5:12:18 AM",Morning Ride,Ride,,32869,29.56,180.0,20,false,,Nye CXen,activities/8073710660.fit.gz,,12.0,32869.0,4856.0,29561.5703125,14.254003524780273,6.087637901306152,411.0,418.0,12.800000190734863,182.60000610351562,25.977584838867188,-0.02841530181467533,,,,,,130.1718292236328,,162.06454467773438,661.0,,19.0,20.0,,,,,,,,,,,,,0.0,,1.0,,,,,,,,,,,,,,,,3718715.0,,,,,,,,,,,0.0,0.8993753790855408,105.30000305175781,,,,,,,,,,,,""
7577123875,"Aug 3, 2022, 5:02:06 PM",Evening Run,Run,,2531,6.51,192.0,23,false,,HOKA Hoka rakett,activities/8081459931.fit.gz,,,2531.0,2463.0,6517.10986328125,4.34998893737793,2.6460049152374268,106.0,106.0,101.80000305175781,194.8000030517578,49.523780822753906,-0.021482056006789207,,,89.0,78.24822998046875,,156.27920532226562,,,459.0,,26.0,23.0,,,,,,,,,,,,,0.0,,1.0,6870.10009765625,,,,,,,,,,,,,,,,4806014.0,,,,,,,,,,0.0,2.5749149322509766,2327.10009765625,,,,,,,,,,,,""
7723781735,"Aug 30, 2022, 6:11:05 AM",Morning Ride,Ride,,4743,17.57,,,false,,Nye CXen,activities/7723781735.gpx,,12.0,4743.0,3882.0,17570.830078125,14.3740234375,4.526231288909912,194.4330596923828,194.4330596923828,49.900001525878906,208.6999969482422,17.67294692993164,-0.3847285509109497,,,,,,,,130.63058471679688,565.4271240234375,,,,,,,,,,,,,,0.0,,0.0,,1.0,,,,,,,,,,,,,,,,3718715.0,,,,,,,,,,,0.0,3.7045814990997314,0.0,,,,,,,,,,,,""
7725404868,"Aug 30, 2022, 1:03:11 PM",Afternoon Ride,Ride,,3169,14.89,,,false,,Nye CXen,activities/7725404868.gpx,,12.0,3169.0,2852.0,14891.580078125,14.279998779296875,5.221451759338379,244.32516479492188,244.32516479492188,49.900001525878906,208.6999969482422,12.631579399108887,0.4499186873435974,,,,,,,,152.6575927734375,485.44940185546875,,,,,,,,,,,,,,0.0,,0.0,,1.0,,,,,,,,,,,,,,,,3718715.0,,,,,,,,,,,0.0,4.699141502380371,122.0,,,,,,,,,,,,""
7953150953,"Oct 12, 2022, 5:12:27 PM",Evening Run,Run,,1135,2.55,,,false,,HOKA Hoka rakett,activities/7953150953.gpx,,,1135.0,987.0,2551.31005859375,6.228000640869141,2.584913969039917,78.45916748046875,78.45916748046875,124.19999694824219,200.60000610351562,25.15721321105957,0.3527599573135376,,,,,,,,,245.29933166503906,,,,,,,,,,,,,,0.0,,0.0,,1.0,2893.39990234375,,,,,,,,,,,,,,,,4806014.0,,,,,,,,,,0.0,2.247850179672241,837.5,,,,,,,,,,,,""
8037191182,"Oct 29, 2022, 1:36:04 PM",Afternoon Run,Run,"",2005,5.09,190.0,18,false,,HOKA Hoka rakett,activities/8600565546.fit.gz,,,2005.0,1977.0,5092.849609375,4.623342037200928,2.576049566268921,107.0,110.0,91.80000305175781,182.39999389648438,38.83384704589844,-0.16886402666568756,,,83.0,78.59989929199219,,157.854736328125,,,385.0,,21.0,18.0,,,,,,,,,,,0.0,,0.0,,1.0,5459.60009765625,,,,,,,,,,,,,,,,4806014.0,,,,,,,,,,0.0,2.540074586868286,2465.300048828125,,,,,,,,,,,,""
8077989230,"Nov 6, 2022, 2:32:06 PM",Afternoon Run,Run,"",2028,5.04,193.0,28,false,"",HOKA Hoka rakett,activities/8647019415.fit.gz,,,2028.0,2001.0,5048.89990234375,5.262011528015137,2.523188352584839,122.0,127.0,159.60000610351562,260.6000061035156,22.430463790893555,-0.03961258754134178,,,88.0,78.04762268066406,,163.10911560058594,,,394.0,,20.0,28.0,,,,,,,,,,,,,0.0,,1.0,5502.10009765625,,,,,,,,,,,,,,,,4806014.0,,,,,,,,,,0.0,2.489595651626587,3451.39990234375,,,,,,,,,,,,""
8175606379,"Nov 27, 2022, 12:07:48 PM",Afternoon Trail Run,Run,,2572,5.40,185.0,28,false,,HOKA Hoka rakett,activities/8757372576.fit.gz,,,2572.0,2405.0,5408.41015625,4.4183349609375,2.24881911277771,181.0,192.0,297.0,439.3999938964844,49.78981018066406,-0.08505226671695709,,,85.0,73.07157897949219,,157.31515502929688,,,464.0,,17.0,28.0,,,,,,,,,,,,,0.0,,1.0,6230.10009765625,,,,,,,,,,,,,,,,4806014.0,,,,,,,,,,0.0,2.1028032302856445,4724.7998046875,,,,,,,,,,,,""
8263416231,"Dec 18, 2022, 1:45:33 PM",Afternoon Trail Run,Run,"",2844,5.85,179.0,31,false,,HOKA Hoka rakett,activities/8856743400.fit.gz,,,2844.0,2683.0,5850.15966796875,4.477978706359863,2.180454730987549,170.0,187.0,313.79998779296875,437.79998779296875,49.792327880859375,-0.05469904839992523,,,91.0,75.90886688232422,,160.6084442138672,,,542.0,,13.0,31.0,,,,,,,,,,,0.0,,0.0,,1.0,6620.2001953125,,,,,,,,,,,,,,,,4806014.0,,,,,,,,,,0.0,2.057018280029297,4160.2998046875,,,,,,,,,,,,""
8289710960,"Dec 25, 2022, 1:06:16 PM",Steinshøgda 👌,Run,"",3037,6.64,,,false,,HOKA Hoka rakett,activities/8289710960.gpx,,,3037.0,2851.0,6639.7099609375,5.833984375,2.3289055824279785,226.56578063964844,226.56578063964844,119.80000305175781,297.3999938964844,45.857357025146484,-0.009036539122462273,,,,,,,,,643.141357421875,,,,,,,,,,,,,,0.0,,0.0,,1.0,7586.10009765625,,,,,,,,,,,,,,,,4806014.0,,,,,,,,,,0.0,2.186272621154785,5271.89990234375,,,,,,,,,,,,""
8301776878,"Dec 28, 2022, 11:03:57 AM",Skriverberget 👍,Run,"",3915,8.59,,,false,,HOKA Hoka rakett,activities/8301776878.gpx,,,3915.0,3775.0,8596.3095703125,5.345995903015137,2.277168035507202,261.31805419921875,261.31805419921875,130.3000030517578,298.0,44.41690444946289,0.0011632898822426796,,,,,,,,,816.895751953125,,,,,,,,,,,,,,0.0,,0.0,,1.0,9635.599609375,,,,,,,,,,,,,,,,4806014.0,,,,,,,,,,0.0,2.195736885070801,6709.0,,,,,,,,,,,,""
8609885623,"Feb 23, 2023, 3:25:50 PM",Afternoon Run,Run,,2327,6.03,,,false,,HOKA Hoka rakett,activities/8609885623.gpx,,,2327.0,2273.0,6032.02978515625,5.028002738952637,2.6537747383117676,151.21311950683594,158.71311950683594,371.29998779296875,431.6000061035156,18.151639938354492,-0.12433625757694244,,,,,,,,,546.6884155273438,,,,,,,,,,,,,,0.0,,0.0,,1.0,6448.39990234375,,,,,,,,,,,,,,,,4806014.0,,,,,,,,,,0.0,2.592191457748413,1682.5999755859375,,,,,,,,,,,,""
8985954703,"Apr 26, 2023, 2:12:56 AM",Morning Run,Run,,1328,3.34,171.0,7,false,,HOKA Hoka rakett,activities/9641113411.fit.gz,,,1328.0,1318.0,3340.340087890625,3.488560199737549,2.534400701522827,52.0,58.0,419.3999938964844,452.79998779296875,22.698654174804688,-0.10178586095571518,,,83.0,78.81782531738281,,151.53746032714844,,,247.0,,24.0,7.0,,,,,,,,,,,,,0.0,,1.0,3494.89990234375,,,,,,,,,,,,,,,,4806014.0,,,,,,,,,,0.0,2.5153162479400635,37.70000076293945,,,,3452.0,,,,,,,,""
9010881213,"May 4, 2023, 5:49:15 PM",Evening Run,Run,,1344,3.36,182.0,8,false,,HOKA Hoka rakett,activities/9667483666.fit.gz,,,1344.0,1336.0,3363.580078125,7.464013576507568,2.5176496505737305,64.0,55.0,314.79998779296875,349.6000061035156,38.27531814575195,0.041622135788202286,,,86.0,78.51990509033203,,153.68008422851562,,,249.0,,19.0,8.0,,,,,,,,,,,,,0.0,,1.0,3534.60009765625,,,,,,,,,,,,,,,,4806014.0,,,,,,,,,,0.0,2.5026638507843018,11.0,,,,3444.0,,,,,,,,""
9027636553,"May 7, 2023, 12:39:39 PM",Afternoon Run,Run,,2492,6.26,192.0,16,false,,HOKA Hoka rakett,activities/9685236836.fit.gz,,,2492.0,2422.0,6260.31982421875,4.30712890625,2.584772825241089,141.0,142.0,104.0,213.8000030517578,26.75543212890625,0.0830627977848053,,,87.0,77.08617401123047,,150.52069091796875,,,439.0,,23.0,16.0,,,,,,,,,,,,,0.0,,1.0,6644.10009765625,,,,,,,,,,,,,,,,4806014.0,,,,,,,,,,0.0,2.512166976928711,542.2000122070312,,,,6180.0,,,,,,,,""
9063213494,"May 13, 2023, 12:13:43 PM",Afternoon Run,Run,,1286,2.87,163.0,4,false,,HOKA Hoka rakett,activities/9722932324.fit.gz,,,1286.0,1168.0,2873.93994140625,4.191432476043701,2.4605650901794434,57.0,53.0,192.60000610351562,228.0,22.176000595092773,0.18093669414520264,,,80.0,76.3720932006836,,143.55361938476562,,,195.0,,27.0,4.0,,,,,,,,,,,,,0.0,,1.0,3066.10009765625,,,,,,,,,,,,,,,,4806014.0,,,,,,,,,,0.0,2.234790086746216,1601.5,,,,2970.0,,,,,,,,""
9067736280,"May 14, 2023, 7:03:43 AM",Morning Run,Run,,2609,5.80,184.0,29,false,,HOKA Hoka rakett,activities/9727778965.fit.gz,,,2609.0,2540.0,5807.64990234375,4.23333740234375,2.2864763736724854,197.0,190.0,132.0,273.79998779296875,45.71428680419922,0.09298070520162582,,,86.0,76.08087158203125,,159.192138671875,,,471.0,,23.0,29.0,,,,,,,,,,,,,0.0,,1.0,6680.7998046875,,,,,,,,,,,,,,,,4806014.0,,,,,,,,,,0.0,2.226006031036377,4371.7001953125,,,,6470.0,,,,,,,,""
9104156476,"May 20, 2023, 7:13:50 AM",Morning Ride,Ride,,2788,15.13,,,false,,,activities/9104156476.gpx,,,2788.0,2646.0,15129.2802734375,16.21834373474121,5.717792987823486,185.2387237548828,185.28453063964844,50.5,208.39999389648438,22.233848571777344,-0.44483280181884766,,,,,,,,107.15583801269531,316.1412658691406,,,,,,,,,,,,,,0.0,,0.0,,1.0,,,,,,,,,,,,,,,,,,,,,,,,,,,0.0,5.426570892333984,33.900001525878906,,,,,,,,,,,,""
9105816844,"May 20, 2023, 11:35:22 AM",Afternoon Ride,Ride,,2833,14.82,,,false,,,activities/9105816844.gpx,,,2833.0,2752.0,14826.4501953125,11.9599609375,5.387518405914307,247.70074462890625,247.70074462890625,48.0,208.39999389648438,12.687005996704102,0.4572908580303192,,,,,,,,108.65878295898438,333.41796875,,,,,,,,,,,,,,0.0,,0.0,,1.0,,,,,,,,,,,,,,,,,,,,,,,,,,,0.0,5.233480453491211,127.5999984741211,,,,,,,,,,,,""
9129887563,"May 24, 2023, 6:06:44 AM",Morning Ride,Ride,,2269,14.76,174.0,8,false,,Nye CXen,activities/9794495218.fit.gz,,12.0,2269.0,2269.0,14766.4306640625,14.5400390625,6.507902145385742,175.0,247.0,46.0,212.8000030517578,21.18438720703125,-0.5282251834869385,,,,,,122.25656127929688,,167.568603515625,277.0,,20.0,8.0,,,,,,,,,,,,,0.0,,1.0,,,,,,,,,,,,,,,,3718715.0,,,,,,,,,,,0.0,6.507902145385742,66.9000015258789,,,,,,,,,,,,""
9131985224,"May 24, 2023, 1:10:23 PM",Afternoon Ride,Ride,,2650,14.73,186.0,26,false,,Nye CXen,activities/9796813174.fit.gz,,12.0,2650.0,2550.0,14734.580078125,12.2099609375,5.778266906738281,240.0,164.0,41.400001525878906,202.39999389648438,16.279342651367188,0.48457443714141846,,,,,,151.95489501953125,,165.36990356445312,489.0,,25.0,26.0,,,,,,,,,,,,,0.0,,1.0,,,,,,,,,,,,,,,,3718715.0,,,,,,,,,,,0.0,5.560218811035156,132.5,,,,,,,,,,,,""
9199577385,"Jun 4, 2023, 8:54:21 AM",Morning Run,Run,,3869,8.41,193.0,74,false,,HOKA Hoka rakett,activities/9869993721.fit.gz,,,3869.0,3779.0,8410.259765625,4.243326663970947,2.225525140762329,254.0,241.0,54.599998474121094,218.60000610351562,47.14600372314453,0.11176817864179611,,,94.0,74.7236099243164,,171.40501403808594,,,776.0,,26.0,74.0,,,,,,,,,,,,,0.0,,1.0,9382.099609375,,,,,,,,,,,,,,,,4806014.0,,,,,,,,,,0.0,2.173755407333374,7240.89990234375,,,,9272.0,,,,,,,,""
9247040538,"Jun 11, 2023, 4:18:54 PM",Evening Run,Run,,2650,6.68,189.0,35,false,,HOKA Hoka rakett,activities/9920088988.fit.gz,,,2650.0,2553.0,6685.39013671875,4.804268836975098,2.618640899658203,114.0,101.0,-43.599998474121094,110.4000015258789,49.35891342163086,-0.9902189373970032,,,88.0,79.19831085205078,,163.159912109375,,,500.0,,28.0,35.0,,,,,,,,,,,,,0.0,,1.0,7009.89990234375,,,,,,,,,,,,,,,,4806014.0,,,,,,,,,,0.0,2.5227887630462646,2610.800048828125,,,,6732.0,,,,,,,,""
9275778064,"Jun 16, 2023, 10:46:44 AM",Lunch Trail Run,Run,,2501,4.92,184.0,30,false,,HOKA Hoka rakett,activities/9950406583.fit.gz,,,2501.0,2372.0,4922.9296875,4.071972846984863,2.0754342079162598,159.0,158.0,182.0,311.0,49.83391571044922,0.04468877241015434,,,83.0,73.14157104492188,,163.8026885986328,,,484.0,,31.0,30.0,,,,,,,,,,,,,0.0,,1.0,5632.39990234375,,,,,,,,,,,,,,,,4806014.0,,,,,,,,,,0.0,1.9683846235275269,3170.10009765625,,,,5772.0,,,,,,,,""
9318797803,"Jun 23, 2023, 10:16:18 AM",Lunch Trail Run,Run,,3100,6.81,184.0,38,false,,HOKA Hoka rakett,activities/9996138330.fit.gz,,,3100.0,3006.0,6817.02001953125,4.383984565734863,2.2678043842315674,194.0,236.0,161.60000610351562,271.3999938964844,47.90412902832031,-0.6102374196052551,,,117.0,75.21881103515625,,164.100341796875,,,595.0,,27.0,38.0,,,,,,,,,,,,,0.0,,1.0,7636.0,,,,,,,,,,,,,,,,4806014.0,,,,,,,,,,0.0,2.1990387439727783,5253.0,,,,7498.0,,,,,,,,""
9392699106,"Jul 5, 2023, 11:15:08 AM",Stokke beina ,Run,"",4167,7.51,192.0,54,false,,HOKA Hoka rakett,activities/10074696293.fit.gz,,,4167.0,3778.0,7517.3701171875,4.212011814117432,1.9897750616073608,313.0,310.0,137.1999969482422,380.20001220703125,44.83432388305664,-0.005321131553500891,,,84.0,73.97724914550781,,166.4592742919922,,,705.0,,26.0,54.0,,,,,,,,,,,0.0,,0.0,,1.0,9388.2001953125,,,,,,,,,,,,,,,,4806014.0,,,,,,,,,,0.0,1.8040244579315186,3104.10009765625,,,,9444.0,,,,,,,,media/83fdb621-ca37-475e-8130-2a36088e49ec.jpg
9460759572,"Jul 16, 2023, 8:52:53 AM",Morning Trail Run,Run,,4748,8.40,193.0,69,false,,HOKA Hoka rakett,activities/10146543220.fit.gz,,,4748.0,4532.0,8405.9501953125,6.463964939117432,1.8547991514205933,376.0,355.0,247.1999969482422,443.3999938964844,49.75100326538086,0.01665516011416912,,,83.0,71.56352996826172,,158.75137329101562,,,816.0,,24.0,69.0,,,,,,,,,,,,,0.0,,1.0,10391.7998046875,,,,,,,,,,,,,,,,4806014.0,,,,,,,,,,0.0,1.7704191207885742,2413.60009765625,,,,10896.0,,,,,,,,""
9481094154,"Jul 19, 2023, 11:11:57 AM",Afternoon Trail Run,Run,,5668,12.20,189.0,47,false,,HOKA Hoka rakett,activities/10167989736.fit.gz,,,5668.0,5113.0,12208.1201171875,5.25,2.387662887573242,382.0,384.0,78.5999984741211,341.3999938964844,42.958309173583984,0.03440330550074577,,,92.0,77.0583724975586,,156.52670288085938,,,826.0,,24.0,47.0,,,,,,,,,,,,,0.0,,1.0,13719.0,,,,,,,,,,,,,,,,4806014.0,,,,,,,,,,0.0,2.153867244720459,9799.7001953125,,,,13122.0,,,,,,,,""
9494865858,"Jul 21, 2023, 3:37:36 PM",Afternoon Run,Run,,3283,8.76,191.0,38,false,,HOKA Hoka rakett,activities/10182541054.fit.gz,,,3283.0,3226.0,8766.400390625,4.777134418487549,2.717421054840088,182.0,184.0,72.19999694824219,166.60000610351562,43.95701217651367,-0.04106595739722252,,,90.0,80.1021728515625,,159.5297088623047,,,609.0,,24.0,38.0,,,,,,,,,,,,,0.0,,1.0,9314.7998046875,,,,,,,,,,,,,,,,4806014.0,,,,,,,,,,0.0,2.670240640640259,4224.10009765625,,,,8638.0,,,,,,,,""
9504493878,"Jul 23, 2023, 8:30:58 AM",Morning Trail Run,Run,,1854,4.00,164.0,5,false,,HOKA Hoka rakett,activities/10192835893.fit.gz,,,1854.0,1780.0,4005.019775390625,3.6420013904571533,2.2500112056732178,165.0,166.0,76.19999694824219,230.60000610351562,36.79301452636719,0.0,,,83.0,75.5496826171875,,132.0039825439453,,,259.0,,23.0,5.0,,,,,,,,,,,,,0.0,,1.0,4696.2998046875,,,,,,,,,,,,,,,,4806014.0,,,,,,,,,,0.0,2.1602048873901367,1588.0,,,,4474.0,,,,,,,,""
10400380841,"Dec 18, 2023, 4:41:36 PM",fugl føniks,Run,"",1198,2.69,176.0,9,false,,HOKA Hoka rakett,activities/11132502556.fit.gz,,,1198.0,1173.0,2689.1201171875,3.1183269023895264,2.2925148010253906,56.0,56.0,134.1999969482422,169.1999969482422,15.78958511352539,0.044624149799346924,,,81.0,76.54144287109375,,155.413818359375,,,220.0,,16.0,9.0,,,,,,,,,,,0.0,,0.0,,1.0,2867.5,,,,,,,,,,,,,,,,4806014.0,,,,,,,,,,0.0,2.2446744441986084,1473.199951171875,,,,2956.0,,,,,,,,""
10429318857,"Dec 24, 2023, 10:59:44 AM",Lunch Run,Run,,1695,3.94,181.0,10,false,,HOKA Hoka rakett,activities/11162156747.fit.gz,,,1695.0,1683.0,3944.550048828125,3.3233234882354736,2.3437612056732178,114.0,107.0,252.1999969482422,327.20001220703125,45.27604293823242,0.1673196256160736,,,86.0,76.96944427490234,,151.2531280517578,,,301.0,,17.0,10.0,,,,,,,,,,,,,0.0,,1.0,4331.7998046875,,,,,,,,,,,,,,,,4806014.0,,,,,,,,,,0.0,2.3271682262420654,2399.300048828125,,,,4308.0,,,,,,,,""
10444824143,"Dec 27, 2023, 1:14:31 PM",Afternoon Run,Run,"",1877,4.76,184.0,18,false,,HOKA Hoka rakett,activities/11178329425.fit.gz,,,1877.0,1874.0,4762.33984375,4.145717144012451,2.5412700176239014,119.0,124.0,87.0,192.8000030517578,24.691158294677734,-0.1973821520805359,,,89.0,78.35768127441406,,160.5883331298828,,,357.0,,11.0,18.0,,,,,,,,,,,0.0,,0.0,,1.0,5162.89990234375,,,,,,,,,,,,,,,,4806014.0,,,,,,,,,,0.0,2.537208318710327,2046.4000244140625,,,,4876.0,,,,,,,,""
10874163809,"Mar 2, 2024, 1:54:21 PM",Afternoon Run,Run,,62,0.09,,,false,,HOKA Hoka rakett,activities/10874163809.gpx,,,62.0,43.0,90.58999633789062,3.1510002613067627,2.1067440509796143,0.0,0.0,151.39999389648438,153.1999969482422,17.738357543945312,0.4415498673915863,,,,,,,,,7.884439468383789,,,,,,,,,,,,,,0.0,,0.0,,1.0,93.0,,,,,,,,,,,,,,,,4806014.0,,,,,,,,,,0.0,1.4611289501190186,0.0,,,,,,,,,,,,""
10874558035,"Mar 2, 2024, 1:55:33 PM",Afternoon Run,Run,,3138,6.07,,,false,,HOKA Hoka rakett,activities/10874558035.gpx,,,3138.0,2979.0,6074.39013671875,4.691650390625,2.0390701293945312,223.84912109375,223.89144897460938,179.5,340.8999938964844,49.10714340209961,0.029632603749632835,,,,,,,,,619.8695678710938,,,,,,,,,,,,,,0.0,,0.0,,1.0,7311.60009765625,,,,,,,,,,,,,,,,4806014.0,,,,,,,,,,0.0,1.9357521533966064,2928.60009765625,,,,,,,,,,,,""
10902704927,"Mar 6, 2024, 1:23:03 PM",Afternoon Run,Run,"",1850,4.21,174.0,10,false,,HOKA Hoka rakett,activities/11658485756.fit.gz,,,1850.0,1833.0,4217.5302734375,3.60400390625,2.300889253616333,108.0,113.0,60.599998474121094,139.8000030517578,15.872976303100586,0.07587390393018723,,,85.0,76.05882263183594,,150.3478240966797,,,315.0,,23.0,10.0,,,,,,,,,,,0.0,,0.0,,1.0,4615.2998046875,,,,,,,,,,,,,,,,4806014.0,,,,,,,,,,0.0,2.2797460556030273,2289.10009765625,,,,4640.0,,,,,,,,""
10915743041,"Mar 8, 2024, 11:54:10 AM",Lunch Run,Run,"",1329,2.62,,,false,,HOKA Hoka rakett,activities/10915743041.gpx,,,1329.0,1196.0,2627.860107421875,3.5640015602111816,2.197207450866699,78.59761810302734,78.59761810302734,124.30000305175781,193.5,27.343994140625,-0.095134437084198,,,,,,,,,250.148681640625,,,,,,,,,,,,,,0.0,,0.0,,1.0,2950.60009765625,,,,,,,,,,,,,,,,4806014.0,,,,,,,,,,0.0,1.9773213863372803,907.7999877929688,,,,,,,,,,,,""
10957397087,"Mar 14, 2024, 12:13:39 PM",Afternoon Run,Run,"",1272,2.99,173.0,11,false,,HOKA Hoka rakett,activities/11715342592.fit.gz,,,1272.0,1242.0,2997.760009765625,3.1399943828582764,2.4136555194854736,41.0,51.0,334.79998779296875,370.79998779296875,35.820804595947266,-0.08673162758350372,,,82.0,77.3239974975586,,159.26400756835938,,,233.0,,20.0,11.0,,,,,,,,,,,0.0,,0.0,,1.0,3121.0,,,,,,,,,,,,,,,,4806014.0,,,,,,,,,,0.0,2.356729507446289,921.4000244140625,,,,2968.0,,,,,,,,""
11006407108,"Mar 21, 2024, 9:17:51 AM",Morning Run,Run,,2217,4.61,,,false,,HOKA Hoka rakett,activities/11006407108.gpx,,,2217.0,2047.0,4615.39013671875,3.6719970703125,2.254709482192993,100.95014190673828,100.95014190673828,102.4000015258789,193.60000610351562,48.73989486694336,-0.02816663309931755,,,,,,,,,421.2664489746094,,,,,,,,,,,,,,0.0,,0.0,,1.0,4969.0,,,,,,,,,,,,,,,,4806014.0,,,,,,,,,,0.0,2.081817865371704,2278.0,,,,,,,,,,,,""
11061507859,"Mar 29, 2024, 12:10:27 PM",Afternoon Run,Run,"",3052,7.42,187.0,29,false,,HOKA Hoka rakett,activities/11823763457.fit.gz,,,3052.0,3004.0,7426.83984375,3.8099887371063232,2.4723169803619385,163.0,182.0,85.80000305175781,194.39999389648438,48.3469352722168,-0.21543483436107635,,,87.0,78.31346893310547,,157.51039123535156,,,548.0,,19.0,29.0,,,,,,,,,,,0.0,,0.0,,1.0,7995.89990234375,,,,,,,,,,,,,,,,4806014.0,,,,,,,,,,0.0,2.433433771133423,3190.39990234375,,,,7818.0,,,,,,,,""
11208266951,"Apr 18, 2024, 8:10:27 AM",Morning Run,Run,,4155,9.75,,,false,,HOKA Hoka rakett,activities/11208266951.gpx,,,4155.0,3971.0,9754.2900390625,4.642057418823242,2.456381320953369,199.7704315185547,200.0013885498047,125.19999694824219,223.5,32.380470275878906,0.015377849340438843,,,,,,,,,884.981689453125,,,,,,,,,,,,,,0.0,,0.0,,1.0,10438.7001953125,,,,,,,,,,,,,,,,4806014.0,,,,,,,,,,0.0,2.3476028442382812,5180.7001953125,,,,,,,,,2.6287333965301514,,,""
11260387995,"Apr 25, 2024, 10:30:07 AM",Lunch Run,Run,,3645,7.71,185.0,35,false,,HOKA Hoka rakett,activities/12030012699.fit.gz,,,3645.0,3165.0,7714.0400390625,4.113362789154053,2.437295436859131,128.0,122.0,96.80000305175781,197.0,24.589767456054688,-0.015556011348962784,,,108.0,79.08021545410156,185.0,160.1482391357422,,,598.0,,20.0,35.0,,,,,,,,,,,,,0.0,,1.0,8113.39990234375,,,,,,,,,,,,,,,,4806014.0,,,,,,,,,,0.0,2.1163346767425537,3265.5,,,,7806.0,,,,,2.5634756088256836,,,""
11375720953,"May 10, 2024, 7:51:24 AM",Morning Run,Run,,6038,9.41,189.0,25,false,,HOKA Hoka rakett,activities/12148858696.fit.gz,,,6038.0,4129.0,9412.01953125,4.301676273345947,2.279491424560547,135.0,156.0,-6.0,46.400001525878906,41.378719329833984,-0.06587322056293488,,,124.0,76.21558380126953,189.0,145.25454711914062,,,654.0,,22.0,25.0,,,,,,,,,,,,,0.0,,1.0,9723.400390625,,,,,,,,,,,,,,,,4806014.0,,,,,,,,,,0.0,1.5587975978851318,2737.60009765625,,,,10512.0,,,,,2.3549044132232666,,,""
11401939279,"May 13, 2024, 4:31:20 PM",Evening Run,Run,"",2405,5.51,191.0,24,false,,HOKA Hoka rakett,activities/12175935580.fit.gz,,,2405.0,2396.0,5518.259765625,4.628336429595947,2.3031134605407715,151.0,148.0,65.0,175.60000610351562,30.944591522216797,0.0398675873875618,,,82.0,74.0241470336914,191.0,158.74444580078125,,,431.0,,25.0,24.0,,,,,,,,,,,0.0,,0.0,,1.0,6100.10009765625,,,,,,,,,,,,,,,,4806014.0,,,,,,,,,,0.0,2.29449462890625,4325.5,,,,5838.0,,,,,2.5459516048431396,,,""
11414199871,"May 15, 2024, 5:59:19 AM",Morning Run,Run,,2541,5.75,184.0,29,false,,HOKA Hoka rakett,activities/12188495148.fit.gz,,,2541.0,2330.0,5755.47021484375,4.055013179779053,2.470158815383911,81.0,90.0,-28.799999237060547,60.0,33.22338104248047,-0.04169948771595955,,,84.0,78.31218719482422,184.0,161.40650939941406,,,446.0,,22.0,29.0,,,,,,,,,,,,,0.0,,1.0,6011.7998046875,,,,,,,,,,,,,,,,4806014.0,,,,,,,,,,0.0,2.2650413513183594,2205.39990234375,,,,5784.0,,,,,2.580171585083008,,,""
11438732112,"May 18, 2024, 11:27:11 AM",Tur i skauen,Run,"",4361,8.87,195.0,71,false,,HOKA Hoka rakett,activities/12213734801.fit.gz,,,4361.0,4191.0,8876.25,4.066677570343018,2.117931365966797,323.0,336.0,-52.599998474121094,124.19999694824219,35.896087646484375,0.06534291058778763,,,103.0,73.1778335571289,195.0,168.7899932861328,,,816.0,,29.0,71.0,,,,,,,,,,,0.0,,0.0,,1.0,10568.5,,,,,,,,,,,,,,,,4806014.0,,,,,,,,,,0.0,2.035370349884033,6992.89990234375,,,,10382.0,,,,,2.5217132568359375,,,""
11487475676,"May 24, 2024, 3:37:42 PM",OK forsøk på rolig tur,Run,"",3848,9.14,174.0,20,false,,HOKA Hoka rakett,activities/12263954623.fit.gz,,,3848.0,3785.0,9143.8095703125,3.5600078105926514,2.415801763534546,189.0,187.0,-89.0,5.800000190734863,21.753971099853516,-0.04374544322490692,,,86.0,78.03376007080078,174.0,150.86431884765625,,,644.0,,29.0,20.0,,,,,,,,,,,0.0,,0.0,,1.0,9659.7001953125,,,,,,,,,,,,,,,,4806014.0,,,,,,,,,,0.0,2.3762497901916504,3615.5,,,,9830.0,,,,,2.552100419998169,,,""
11499382952,"May 26, 2024, 8:00:35 AM",Baby sovnet på første av 4x4,Run,"",2400,6.27,189.0,37,false,,HOKA Hoka rakett,activities/12276273067.fit.gz,,,2400.0,2310.0,6277.0498046875,5.200020790100098,2.7173376083374023,84.0,91.0,176.39999389648438,211.1999969482422,21.691970825195312,-0.0828414186835289,,,89.0,81.2682113647461,189.0,166.91790771484375,,,456.0,,29.0,37.0,,,,,,,,,,,0.0,,0.0,,1.0,6463.89990234375,,,,,,,,,,,,,,,,4806014.0,,,,,,,,,,0.0,2.6154375076293945,1167.800048828125,,,,6162.0,,,,,2.798225164413452,,,""
11516176031,"May 18, 2023, 4:46:16 PM",Evening Run,Run,,2785,5.38,213.0,43,false,,HOKA Hoka rakett,activities/12293593281.fit.gz,,,2785.0,2737.0,5386.82958984375,4.0816650390625,1.9681512117385864,289.0,140.0,31.399999618530273,271.20001220703125,46.22219467163086,2.7251651287078857,,,88.0,73.16521453857422,213.0,166.7698974609375,,,541.0,,23.0,43.0,,,,,,,,,,,,,0.0,,1.0,6860.2001953125,,,,,,,,,,,,,,,,4806014.0,,,,,,,,,,0.0,1.9342297315597534,1281.300048828125,,,,6598.0,,,,,2.506466865539551,,,""
11516237515,"May 28, 2024, 11:02:40 AM",Helsestasjon,Run,"",2212,4.87,182.0,16,false,,HOKA Hoka rakett,activities/12293656296.fit.gz,,,2212.0,2211.0,4869.16015625,3.2449951171875,2.2022433280944824,157.0,37.0,53.0,192.0,27.3979549407959,2.4973506927490234,,,108.0,78.186767578125,182.0,155.2637176513672,,,463.0,,28.0,16.0,,,,,,,,,,,0.0,,0.0,,1.0,5482.7998046875,,,,,,,,,,,,,,,,4806014.0,,,,,,,,,,0.0,2.2012476921081543,1959.9000244140625,,,,5202.0,,,,,2.479782819747925,,,""
11538756482,"May 31, 2024, 9:22:49 AM",Lunch Run,Run,,2763,7.47,184.0,31,false,,HOKA Hoka rakett,activities/12316850254.fit.gz,,,2763.0,2686.0,7473.52001953125,4.6875,2.782397508621216,75.0,218.0,56.0,220.39999389648438,18.16680145263672,-1.9160984754562378,,,87.0,80.32242584228516,184.0,162.1833038330078,,,559.0,,31.0,31.0,,,,,,,,,,,,,0.0,,1.0,7418.5,,,,,,,,,,,,,,,,4806014.0,,,,,,,,,,0.0,2.704857110977173,1410.4000244140625,,,,7100.0,,,,,2.761913537979126,,,""
11553242062,"Jun 2, 2024, 7:24:14 AM",Vidvangen,Run,Nesten helt gjengrodd sti nå så fant ikke toppen 🥲 men helt nydelig å løpe halvannen time uten å møte en eneste sjel,4807,12.01,195.0,75,false,,HOKA Hoka rakett,activities/12331791133.fit.gz,,,4807.0,4757.0,12018.7900390625,5.0439453125,2.526548147201538,386.0,382.0,180.8000030517578,529.0,33.79665756225586,0.026624951511621475,,,88.0,78.1130142211914,195.0,168.0623321533203,,,926.0,,26.0,75.0,,,,,,,,,,,0.0,,0.0,,1.0,13490.0,,,,,,,,,,,,,,,,4806014.0,,,,,,,,,,0.0,2.5002684593200684,6365.2001953125,,,,12248.0,,,,,2.8358209133148193,,,""
11568882593,"Jun 4, 2024, 5:59:44 AM",Morning Run,Run,,3365,7.04,172.0,13,false,,HOKA Hoka rakett,activities/12347898233.fit.gz,,,3365.0,2956.0,7045.3701171875,3.656005859375,2.383413553237915,131.0,133.0,108.0,205.60000610351562,16.370861053466797,-0.031226137652993202,,,84.0,79.37416076660156,172.0,146.12191772460938,,,495.0,,21.0,13.0,,,,,,,,,,,,,0.0,,1.0,7426.2998046875,,,,,,,,,,,,,,,,4806014.0,,,,,,,,,,0.0,2.0937206745147705,3379.0,,,,7224.0,,,,,2.512280225753784,,,""
11587049391,"Jun 6, 2024, 10:28:51 AM",Tur med vognen 🌞,Run,"",3712,9.45,176.0,33,false,,HOKA Hoka rakett,activities/12366554476.fit.gz,,,3712.0,3670.0,9453.4697265625,4.038330078125,2.5758774280548096,210.0,220.0,60.0,198.1999969482422,18.80137062072754,-0.09731889516115189,,,87.0,80.09073638916016,176.0,155.60191345214844,,,687.0,,24.0,33.0,,,,,,,,,,,0.0,,0.0,,1.0,9957.5,,,,,,,,,,,,,,,,4806014.0,,,,,,,,,,0.0,2.546732187271118,2034.300048828125,,,,9636.0,,,,,2.7132153511047363,,,""
11604492843,"Jun 8, 2024, 1:05:13 PM",Ingen skam å snu,Run,"Planen var å løpe forbi helvetesputten (myrområde nord for vidvangshøgda) hjem men den løypa egner seg bedre på vinteren - kanskje derav navnet. Tok heller lange veien hjem.

Det ligger deler av et militært flyvrak fra 50 tallet noen hundre meter opp mot vidvangshøgda nære dammyrdalsveien, men fant ingen god rute inn i skogen, ekstremt kupert ",7776,18.95,194.0,87,false,,HOKA Hoka rakett,activities/12384466411.fit.gz,,,7776.0,7773.0,18957.509765625,4.6767578125,2.438892364501953,529.0,531.0,178.39999389648438,472.79998779296875,33.36617660522461,-0.012659857980906963,,,86.0,78.66744232177734,194.0,162.0647735595703,,,1353.0,,15.0,87.0,,,,,,,,,,,0.0,,0.0,,1.0,20662.19921875,,,,,,,,,,,,,,,,4806014.0,,,,,,,,,,0.0,2.4379513263702393,16348.0,,,,19446.0,,,,,2.6582014560699463,,,media/9b06fc71-5b47-4052-b09e-aa2730d41737.jpg
11617689677,"Jun 10, 2024, 9:41:36 AM",Lunch Run,Run,"",1500,1.22,157.0,1,false,,HOKA Hoka rakett,activities/12398121081.fit.gz,,,1500.0,760.0,1220.75,2.200005531311035,1.6062500476837158,64.0,74.0,197.39999389648438,259.6000061035156,48.65348434448242,0.01638312079012394,,,79.0,57.85243225097656,157.0,109.6507339477539,,,129.0,,25.0,1.0,,,,,,,,,,,0.0,,0.0,,1.0,1759.199951171875,,,,,,,,,,,,,,,,4806014.0,,,,,,,,,,0.0,0.8138333559036255,564.7000122070312,,,,1650.0,,,,,2.314736843109131,,,""
11625836784,"Jun 11, 2024, 10:28:14 AM",Lunch Run,Run,,3039,6.88,180.0,17,false,,HOKA Hoka rakett,activities/12406483776.fit.gz,,,3039.0,3024.0,6881.10009765625,3.4200613498687744,2.275496006011963,133.0,140.0,106.0,207.8000030517578,45.44424819946289,-0.10463438928127289,,,87.0,78.09716033935547,180.0,145.87547302246094,,,505.0,,25.0,17.0,,,,,,,,,,,,,0.0,,1.0,7302.60009765625,,,,,,,,,,,,,,,,4806014.0,,,,,,,,,,0.0,2.2642645835876465,2905.39990234375,,,,7120.0,,,,,2.4148809909820557,,,""
11642457565,"Jun 13, 2024, 11:02:48 AM",Intervaller med vogn 🦵💪,Run,"",3793,9.43,195.0,53,false,,HOKA Hoka rakett,activities/12423545807.fit.gz,,,3793.0,3516.0,9434.4599609375,5.151953220367432,2.683293581008911,147.0,146.0,112.19999694824219,208.60000610351562,36.100830078125,0.0296784657984972,,,93.0,80.67919158935547,195.0,164.0361328125,,,727.0,,25.0,53.0,,,,,,,,,,,0.0,,0.0,,1.0,9875.400390625,,,,,,,,,,,,,,,,4806014.0,,,,,,,,,,0.0,2.4873344898223877,4260.60009765625,,,,9052.0,,,,,2.8087031841278076,,,""
11667067787,"Jun 16, 2024, 1:52:21 PM",stitur til Brunkollen,Run,"",6172,12.95,190.0,73,false,,HOKA Hoka rakett,activities/12448913306.fit.gz,,,6172.0,5863.0,12958.3701171875,4.11627197265625,2.2101943492889404,405.0,412.0,159.39999389648438,388.0,49.47675704956055,-0.04938888177275658,,,89.0,75.12206268310547,190.0,162.829345703125,,,1079.0,,24.0,73.0,,,,,,,,,,,0.0,,0.0,,1.0,14741.400390625,,,,,,,,,,,,,,,,4806014.0,,,,,,,,,,0.0,2.099541425704956,10808.599609375,,,,14678.0,,,,,2.514310121536255,,,""
11706698365,"Jun 21, 2024, 5:59:57 PM",Evening Run,Run,,3031,7.56,198.0,36,false,,HOKA Hoka rakett,activities/12489721829.fit.gz,,,3031.0,2978.0,7566.0,4.119970798492432,2.5406312942504883,247.0,250.0,112.5999984741211,222.39999389648438,29.81751823425293,-0.044937800616025925,,,87.0,77.81836700439453,198.0,160.99462890625,,,595.0,,25.0,36.0,,,,,,,,,,,,,0.0,,1.0,8493.5,,,,,,,,,,,,,,,,4806014.0,,,,,,,,,,0.0,2.4962058067321777,2946.699951171875,,,,7734.0,,,,,2.8520820140838623,,,""
11720297085,"Jun 23, 2024, 11:58:55 AM",Afternoon Run,Run,,6228,16.08,182.0,73,false,,HOKA Hoka rakett,activities/12503754261.fit.gz,,,6228.0,5831.0,16082.349609375,4.491241455078125,2.758077383041382,201.0,290.0,86.5999984741211,207.60000610351562,16.845308303833008,-0.5509145259857178,,,85.0,79.57295227050781,182.0,163.26370239257812,,,1135.0,,27.0,73.0,,,,,,,,,,,,,0.0,,1.0,16306.7001953125,,,,,,,,,,,,,,,,4806014.0,,,,,,,,,,0.0,2.582265615463257,1638.699951171875,,,,15102.0,,,,,2.796552896499634,,,""
11775495395,"Jun 30, 2024, 12:37:14 PM",Skui overraskende fint,Run,"",5700,11.06,195.0,62,false,,HOKA Hoka rakett,activities/12560550993.fit.gz,,,5700.0,5687.0,11062.0,4.1785712242126465,1.9451379776000977,460.0,432.0,105.19999694824219,452.0,49.902183532714844,-0.005424029193818569,,,88.0,73.17411041259766,195.0,161.85072326660156,,,929.0,,26.0,62.0,,,,,,,,,,,0.0,,0.0,,1.0,13329.0,,,,,,,,,,,,,,,,4806014.0,,,,,,,,,,0.0,1.9407017230987549,10976.599609375,,,,12534.0,,,,,2.343766450881958,,,media/efffbdfe-d0a0-4077-a019-7dfdea55095d.jpg|media/fcb9a32c-14ae-4b24-927b-ceac7d35a633.jpg|media/9616491a-098e-4e6a-8324-1af258e8f26e.jpg|media/d28bbe0a-70dd-4743-97d9-d44434761612.jpg|media/b5a8b542-5fab-4327-b975-2b46eb1aebc0.jpg
11788147086,"Jul 2, 2024, 7:42:19 AM",Måtte snu etter 6+ flått,Run,"",3245,5.59,172.0,10,false,,HOKA Hoka rakett,activities/12573608840.fit.gz,,,3245.0,2920.0,5592.60986328125,3.5242745876312256,1.915277361869812,145.0,148.0,322.20001220703125,419.6000061035156,43.64540100097656,-0.007152186241000891,,,84.0,70.40123748779297,172.0,137.25473022460938,,,453.0,,23.0,10.0,,,,,,,,,,,0.0,,0.0,,1.0,6151.10009765625,,,,,,,,,,,,,,,,4806014.0,,,,,,,,,,0.0,1.7234545946121216,453.1000061035156,,,,6820.0,,,,,2.106541156768799,,,""
11800418260,"Jul 3, 2024, 5:18:22 PM",Hefeweissen på tanken,Run,"",1850,4.86,174.0,13,false,,HOKA Hoka rakett,activities/12586242739.fit.gz,,,1850.0,1844.0,4862.330078125,5.620015621185303,2.636838436126709,107.0,116.0,392.79998779296875,448.6000061035156,13.53463363647461,-0.19332344830036163,,,81.0,78.39750671386719,174.0,154.74728393554688,,,345.0,,22.0,13.0,,,,,,,,,,,0.0,,0.0,,1.0,5116.2998046875,,,,,,,,,,,,,,,,4806014.0,,,,,,,,,,0.0,2.628286600112915,2156.89990234375,,,,4820.0,,,,,2.774566173553467,,,""
11806099606,"Jul 4, 2024, 11:44:35 AM",4x4 i begivenhetenes sentrum Grügelborn,Run,"",3926,10.57,200.0,50,false,,HOKA Hoka rakett,activities/12592106397.fit.gz,,,3926.0,3912.0,10577.08984375,4.816015720367432,2.7037551403045654,350.0,357.0,399.20001220703125,489.79998779296875,16.839632034301758,-0.005672695580869913,,,94.0,79.5452880859375,200.0,162.6745147705078,,,760.0,,23.0,50.0,,,,,,,,,,,0.0,,0.0,,1.0,11565.599609375,,,,,,,,,,,,,,,,4806014.0,,,,,,,,,,0.0,2.6941134929656982,7670.39990234375,,,,10336.0,,,,,2.956441640853882,,,""
11812740461,"Jul 5, 2024, 8:13:53 AM",Runde med Tanja 🥰🌞,Run,"",3492,6.29,155.0,10,false,,HOKA Hoka rakett,activities/12598962383.fit.gz,,,3492.0,3273.0,6291.8701171875,3.268934488296509,1.9223556518554688,143.0,139.0,401.0,460.79998779296875,20.172815322875977,0.04132277891039848,,,82.0,69.56195068359375,155.0,131.14915466308594,,,455.0,,26.0,10.0,,,,,,,,,,,0.0,,0.0,,1.0,6647.10009765625,,,,,,,,,,,,,,,,4806014.0,,,,,,,,,,0.0,1.8017956018447876,1924.300048828125,,,,7640.0,,,,,2.0308890342712402,,,""
11822729464,"Jul 6, 2024, 2:08:34 PM",Afternoon Run,Run,"",3142,8.51,179.0,33,false,,HOKA Hoka rakett,activities/12609297963.fit.gz,,,3142.0,3101.0,8517.2099609375,4.258341312408447,2.746601104736328,202.0,202.0,397.6000061035156,479.0,18.691354751586914,-0.030526500195264816,,,89.0,80.03182983398438,179.0,160.95547485351562,,,617.0,,25.0,33.0,,,,,,,,,,,0.0,,0.0,,1.0,9062.900390625,,,,,,,,,,,,,,,,4806014.0,,,,,,,,,,0.0,2.7107605934143066,2119.10009765625,,,,8222.0,,,,,2.9225733280181885,,,""
11835991080,"Jul 8, 2024, 8:41:03 AM",Morning Run,Run,,3711,6.85,162.0,12,false,,HOKA Hoka rakett,activities/12623057891.fit.gz,,,3711.0,3704.0,6852.35986328125,3.67376708984375,1.8499891757965088,131.0,133.0,399.79998779296875,450.20001220703125,12.5,-0.0029188806656748056,,,83.0,64.32978057861328,162.0,132.3629608154297,,,478.0,,29.0,12.0,,,,,,,,,,,,,0.0,,1.0,7186.89990234375,,,,,,,,,,,,,,,,4806014.0,,,,,,,,,,0.0,1.8464995622634888,2230.39990234375,,,,7794.0,,,,,1.9403077363967896,,,""
11852622448,"Jul 10, 2024, 8:18:03 AM",5x1000m på Bahnstrasse,Run,"",5143,14.47,194.0,94,false,,HOKA Hoka rakett,activities/12640193689.fit.gz,,,5143.0,5107.0,14471.9404296875,4.926676273345947,2.8337459564208984,215.0,219.0,394.20001220703125,505.79998779296875,14.425532341003418,-0.0331677570939064,,,89.0,79.84764099121094,194.0,170.42462158203125,,,1028.0,,27.0,94.0,,,,,,,,,,,0.0,,0.0,,1.0,14896.2001953125,,,,,,,,,,,,,,,,4806014.0,,,,,,,,,,0.0,2.8139102458953857,9178.0,,,,13516.0,,,,,2.9168200492858887,,,""
11864239066,"Jul 11, 2024, 4:32:13 PM",På landet 👨‍🌾,Run,"",4774,10.55,171.0,24,false,,HOKA Hoka rakett,activities/12652198479.fit.gz,,,4774.0,4733.0,10550.3896484375,4.277001857757568,2.2291126251220703,192.0,190.0,357.6000061035156,452.3999938964844,14.76355266571045,0.013269593939185143,,,82.0,71.88294982910156,171.0,145.37387084960938,,,751.0,,29.0,24.0,,,,,,,,,,,0.0,,0.0,,1.0,11048.0,,,,,,,,,,,,,,,,4806014.0,,,,,,,,,,0.0,2.2099685668945312,4017.5,,,,11362.0,,,,,2.3342487812042236,,,""
11868774802,"Jul 12, 2024, 9:49:08 AM",Lunch Weight Training,Weight Training,,1805,0,145.0,3,false,,,activities/12656912992.fit.gz,,,1805.0,1805.0,0.0,0.0,0.0,0.0,0.0,0.0,0.0,0.0,0.0,,,,,145.0,107.35124969482422,,,164.0,,29.0,3.0,,,,,,,,,,,,,0.0,,1.0,,,,,,,,,,,,,,,,,,,,,,,,,,,0.0,0.0,0.0,,,,,,,,,,,18.0,""
11885134879,"Jul 14, 2024, 10:28:59 AM",400m tempo 🥵,Run,"",3135,8.52,198.0,51,false,,HOKA Hoka rakett,activities/12673880034.fit.gz,,,3135.0,3135.0,8527.9599609375,5.166015625,2.720242500305176,191.0,186.0,339.0,449.20001220703125,22.29279327392578,0.044559165835380554,,,90.0,77.2698745727539,198.0,168.2146759033203,,,567.0,,29.0,51.0,,,,,,,,,,,0.0,,0.0,,1.0,9000.400390625,,,,,,,,,,,,,,,,4806014.0,,,,,,,,,,0.0,2.720242500305176,1418.199951171875,,,,8020.0,,,,,2.870940923690796,,,""
11902595951,"Jul 16, 2024, 2:07:18 PM",Afternoon Run,Run,,3323,8.78,191.0,32,false,,HOKA Hoka rakett,activities/12691975810.fit.gz,,,3323.0,3323.0,8787.2392578125,4.526611328125,2.64436936378479,197.0,193.0,386.0,460.20001220703125,46.62028503417969,0.03641623258590698,,,90.0,78.70237731933594,191.0,159.35299682617188,,,572.0,,28.0,32.0,,,,,,,,,,,,,0.0,,1.0,9285.400390625,,,,,,,,,,,,,,,,4806014.0,,,,,,,,,,0.0,2.64436936378479,2312.199951171875,,,,8694.0,,,,,2.7942821979522705,,,""
11909056831,"Jul 17, 2024, 9:18:47 AM",Lunch Run,Run,,3527,7.09,151.0,11,false,,HOKA Hoka rakett,activities/12698655505.fit.gz,,,3527.0,3521.0,7091.89990234375,3.8499755859375,2.014172077178955,126.0,129.0,354.6000061035156,450.6000061035156,17.068256378173828,-0.042301781475543976,,,94.0,71.5946044921875,151.0,131.85260009765625,,,448.0,,27.0,11.0,,,,,,,,,,,,,0.0,,1.0,7405.5,,,,,,,,,,,,,,,,4806014.0,,,,,,,,,,0.0,2.0107457637786865,1802.300048828125,,,,8400.0,,,,,2.1032376289367676,,,""
11911244425,"Jul 17, 2024, 10:30:28 AM",Lunch Weight Training,Weight Training,"",1919,0,136.0,4,false,,,activities/12700915487.fit.gz,,,1919.0,1919.0,0.0,0.0,0.0,0.0,0.0,0.0,0.0,0.0,0.0,,,,,136.0,107.44866943359375,,,186.0,,29.0,4.0,,,,,,,,,,,0.0,,0.0,,1.0,,,,,,,,,,,,,,,,,,,,,,,,,,,0.0,0.0,0.0,,,,,,,,,,,90.0,""
11944301418,"Jul 21, 2024, 12:55:32 PM",Tempo 🥵,Run,"",4128,11.80,193.0,80,false,,HOKA Hoka rakett,activities/12735250309.fit.gz,,,4128.0,4114.0,11806.8896484375,5.7099609375,2.869929313659668,163.0,161.0,402.0,501.3999938964844,15.222557067871094,0.005081572104245424,,,90.0,81.24373626708984,193.0,172.55979919433594,,,837.0,,29.0,80.0,,,,,,,,,,,0.0,,0.0,,1.0,12138.5,,,,,,,,,,,,,,,,4806014.0,,,,,,,,,,0.0,2.860196113586426,9126.7998046875,,,,11100.0,,,,,2.9505348205566406,,,""
11966565467,"Jul 24, 2024, 6:09:30 AM",Morning Run,Run,,2962,7.36,178.0,25,false,,HOKA Hoka rakett,activities/12758335380.fit.gz,,,2962.0,2940.0,7361.96044921875,5.06005859375,2.50406813621521,23.0,30.0,162.39999389648438,176.8000030517578,35.432586669921875,-0.08150003105401993,,,86.0,78.27645111083984,178.0,157.9716796875,,,542.0,,24.0,25.0,,,,,,,,,,,,,0.0,,1.0,7447.5,,,,,,,,,,,,,,,,4806014.0,,,,,,,,,,0.0,2.485469341278076,683.0999755859375,,,,7626.0,,,,,2.53316330909729,,,""
11987211831,"Jul 26, 2024, 3:43:33 PM",Afternoon Run,Run,,2841,5.86,157.0,9,false,,HOKA Hoka rakett,activities/12779750772.fit.gz,,,2841.0,2833.0,5865.740234375,4.095995903015137,2.070504903793335,120.0,126.0,451.3999938964844,507.3999938964844,41.77561569213867,-0.03409629315137863,,,82.0,74.28540802001953,157.0,133.8286590576172,,,403.0,,28.0,9.0,,,,,,,,,,,,,0.0,,1.0,6161.89990234375,,,,,,,,,,,,,,,,4806014.0,,,,,,,,,,0.0,2.0646743774414062,1407.5,,,,6974.0,,,,,2.175044059753418,,,""
11992484709,"Jul 27, 2024, 9:25:56 AM",Weisselberg 🥹,Run,"",4420,12.38,196.0,46,false,,HOKA Hoka rakett,activities/12785253739.fit.gz,,,4420.0,4410.0,12386.3798828125,6.995995998382568,2.8087029457092285,197.0,195.0,436.3999938964844,534.7999877929688,20.408857345581055,0.011302688159048557,,,89.0,80.99523162841797,196.0,158.48231506347656,,,792.0,,25.0,46.0,,,,,,,,,,,0.0,,0.0,,1.0,12831.599609375,,,,,,,,,,,,,,,,4806014.0,,,,,,,,,,0.0,2.8023483753204346,6301.39990234375,,,,11856.0,,,,,2.9096598625183105,,,""
12004416748,"Jul 28, 2024, 4:38:47 PM",En måned i Grügelborn,Run,"",2562,5.34,153.0,8,false,,HOKA Hoka rakett,activities/12797704066.fit.gz,,,2562.0,2539.0,5339.169921875,3.933349609375,2.102863311767578,116.0,118.0,400.0,455.3999938964844,18.86818504333496,-0.041205137968063354,,,94.0,73.26808166503906,153.0,133.8236541748047,,,365.0,,28.0,8.0,,,,,,,,,,,0.0,,0.0,,1.0,5617.10009765625,,,,,,,,,,,,,,,,4806014.0,,,,,,,,,,0.0,2.0839850902557373,1434.9000244140625,,,,6104.0,,,,,2.212327718734741,,,media/1b71dfab-3fd9-4934-8fa3-d3efcd71ebb1.jpg|media/ba265981-57a5-49df-9b09-c70d3c990c5f.jpg|media/cfc30af0-c02c-4da9-84b7-0d1358a55991.jpg
12035209523,"Jul 30, 2024, 9:49:33 AM",Rolig tur med vogn,Run,"",2973,7.31,176.0,17,false,,HOKA Hoka rakett,activities/12829710646.fit.gz,,,2973.0,2904.0,7317.68994140625,3.86669921875,2.5198657512664795,119.0,121.0,210.39999389648438,304.0,46.728973388671875,0.06559430062770844,,,83.0,78.07347106933594,176.0,151.61337280273438,,,515.0,,28.0,17.0,,,,,,,,,,,0.0,,0.0,,1.0,7717.39990234375,,,,,,,,,,,,,,,,4806014.0,,,,,,,,,,0.0,2.4613823890686035,4063.199951171875,,,,7438.0,,,,,2.6575069427490234,,,""
12035211846,"Aug 1, 2024, 11:38:42 AM",4x4 med vogn,Run,"",2711,7.32,188.0,30,false,,HOKA Hoka rakett,activities/12829713060.fit.gz,,,2711.0,2641.0,7326.0498046875,4.7237548828125,2.77396821975708,100.0,104.0,183.8000030517578,217.8000030517578,21.72633934020996,-0.04094976186752319,,,91.0,81.05101776123047,188.0,160.74005126953125,,,510.0,,27.0,30.0,,,,,,,,,,,0.0,,0.0,,1.0,7545.89990234375,,,,,,,,,,,,,,,,4806014.0,,,,,,,,,,0.0,2.7023422718048096,2409.699951171875,,,,7004.0,,,,,2.857213258743286,,,""
12046001876,"Aug 2, 2024, 6:03:52 PM",Evening Run,Run,"",2894,6.01,190.0,34,false,,HOKA Hoka rakett,activities/12840938152.fit.gz,,,2894.0,2789.0,6018.14990234375,4.591715335845947,2.1578164100646973,272.0,280.0,138.1999969482422,383.79998779296875,46.34604263305664,-0.12960799038410187,,,89.0,76.11032104492188,190.0,159.45774841308594,,,532.0,,25.0,34.0,,,,,,,,,,,0.0,,0.0,,1.0,7393.7001953125,,,,,,,,,,,,,,,,4806014.0,,,,,,,,,,0.0,2.079526662826538,4079.699951171875,,,,7066.0,,,,,2.651021957397461,,,""
12063254414,"Aug 4, 2024, 5:52:41 PM",Bakkeintervaller 🥰,Run,"",2972,7.52,191.0,25,false,,HOKA Hoka rakett,activities/12858955526.fit.gz,,,2972.0,2927.0,7523.91015625,3.669995069503784,2.57051944732666,239.0,243.0,114.4000015258789,207.1999969482422,16.27597427368164,0.01594911329448223,,,93.0,79.13167572021484,191.0,153.3760223388672,,,544.0,,26.0,25.0,,,,,,,,,,,0.0,,0.0,,1.0,8293.2998046875,,,,,,,,,,,,,,,,4806014.0,,,,,,,,,,0.0,2.5315983295440674,1148.5999755859375,,,,7702.0,,,,,2.833378791809082,,,""
12080005996,"Aug 6, 2024, 6:01:34 PM",5km tempo,Run,"",2447,7.44,196.0,50,false,,HOKA Hoka rakett,activities/12876517460.fit.gz,,,2447.0,2413.0,7441.85009765625,4.595703125,3.0840654373168945,118.0,123.0,71.4000015258789,165.60000610351562,41.84754180908203,-0.04031255468726158,,,90.0,81.38717651367188,196.0,171.82887268066406,,,520.0,,25.0,50.0,,,,,,,,,,,0.0,,0.0,,1.0,7828.5,,,,,,,,,,,,,,,,4806014.0,,,,,,,,,,0.0,3.0412137508392334,3866.0,,,,6462.0,,,,,3.2443017959594727,,,""
12083852594,"Aug 7, 2024, 6:50:31 AM",Morning Ride,Ride,,2414,14.93,164.0,12,false,,Nye CXen,activities/12880529049.fit.gz,,12.0,2414.0,2414.0,14935.2802734375,14.466015815734863,6.186943054199219,170.0,239.0,61.599998474121094,223.1999969482422,18.218870162963867,-0.45663687586784363,,,,,164.0,144.3047332763672,,151.7694091796875,442.0,,25.0,12.0,,,,,,,,,,,,,0.0,,1.0,,,,,,,,,,,,,,,,3718715.0,,,,,,,,,,,0.0,6.186943054199219,851.7000122070312,,,,,,,,,,,,""
12086782522,"Aug 7, 2024, 1:45:57 PM",Afternoon Ride,Ride,,2776,14.84,167.0,14,false,,Nye CXen,activities/12883599075.fit.gz,,12.0,2776.0,2720.0,14844.9404296875,11.7138671875,5.457698822021484,235.0,169.0,37.20000076293945,193.39999389648438,15.241238594055176,0.440554141998291,,,,,167.0,141.32644653320312,,152.0605926513672,476.0,,27.0,14.0,,,,,,,,,,,,,0.0,,1.0,,,,,,,,,,,,,,,,3718715.0,,,,,,,,,,,0.0,5.347600936889648,1036.699951171875,,,,,,,,,,,,""
12095640329,"Aug 8, 2024, 6:42:39 AM",Morning Ride,Ride,,2296,14.90,165.0,10,false,,Nye CXen,activities/12892862061.fit.gz,,12.0,2296.0,2296.0,14906.5703125,13.981982231140137,6.492408752441406,175.0,250.0,55.0,220.39999389648438,13.05630874633789,-0.4950837194919586,,,,,165.0,135.58624267578125,,159.1112823486328,375.0,,22.0,10.0,,,,,,,,,,,,,0.0,,1.0,,,,,,,,,,,,,,,,3718715.0,,,,,,,,,,,0.0,6.492408752441406,889.2000122070312,,,,,,,,,,,,""
12095646688,"Aug 8, 2024, 1:59:43 PM",Afternoon Ride,Ride,,3117,14.98,175.0,16,false,,Nye CXen,activities/12892868681.fit.gz,,12.0,3117.0,2696.0,14988.419921875,12.364062309265137,5.559502601623535,237.0,169.0,38.0,197.0,14.75194263458252,0.45101484656333923,,,,,175.0,143.09164428710938,,154.99423217773438,517.0,,27.0,16.0,,,,,,,,,,,,,0.0,,1.0,,,,,,,,,,,,,,,,3718715.0,,,,,,,,,,,0.0,4.8086042404174805,926.2000122070312,,,,,,,,,,,,""
12113695192,"Aug 10, 2024, 4:47:21 PM",Evening Run,Run,"",5038,13.26,182.0,43,false,,HOKA Hoka rakett,activities/12911801458.fit.gz,,,5038.0,4973.0,13265.900390625,4.241420269012451,2.6675848960876465,349.0,353.0,113.0,213.1999969482422,23.474124908447266,-0.028644893318414688,,,92.0,79.33763885498047,182.0,157.72787475585938,,,908.0,,24.0,43.0,,,,,,,,,,,0.0,,0.0,,1.0,14304.099609375,,,,,,,,,,,,,,,,4806014.0,,,,,,,,,,0.0,2.6331679821014404,5927.5,,,,13114.0,,,,,2.876352310180664,,,""
12143725625,"Aug 14, 2024, 8:29:42 AM",4x4 med vognen,Run,"",3302,8.87,191.0,40,false,,HOKA Hoka rakett,activities/12943330808.fit.gz,,,3302.0,3261.0,8869.9697265625,4.61328125,2.720015287399292,121.0,134.0,-19.0,75.4000015258789,13.698220252990723,-0.21420592069625854,,,92.0,81.80596160888672,191.0,161.25856018066406,,,643.0,,24.0,40.0,,,,,,,,,,,0.0,,0.0,,1.0,9185.400390625,,,,,,,,,,,,,,,,4806014.0,,,,,,,,,,0.0,2.686241626739502,5577.10009765625,,,,8286.0,,,,,2.8167433738708496,,,""
12153448969,"Aug 15, 2024, 11:40:30 AM",Tur med vognen,Run,"",2463,6.61,166.0,10,false,,HOKA Hoka rakett,activities/12953549666.fit.gz,,,2463.0,2450.0,6612.64990234375,4.135009765625,2.6990408897399902,57.0,202.0,54.599998474121094,220.39999389648438,16.271196365356445,-2.1594972610473633,,,84.0,79.21641540527344,166.0,144.4461212158203,,,431.0,,26.0,10.0,,,,,,,,,,,0.0,,0.0,,1.0,6521.7998046875,,,,,,,,,,,,,,,,4806014.0,,,,,,,,,,0.0,2.6847949028015137,1332.0999755859375,,,,6376.0,,,,,2.661959171295166,,,""
12202376652,"Aug 21, 2024, 6:38:23 AM",Hurtighetstrenimg før jobb,Run,"",2759,6.98,196.0,28,false,,HOKA Hoka rakett,activities/13009294329.fit.gz,,,2759.0,2697.0,6979.92041015625,6.35498046875,2.58803129196167,130.0,134.0,144.0,251.60000610351562,44.22537612915039,-0.10315299779176712,,,98.0,76.626953125,196.0,152.48046875,,,505.0,,23.0,28.0,,,,,,,,,,,0.0,,0.0,,1.0,7355.60009765625,,,,,,,,,,,,,,,,4806014.0,,,,,,,,,,0.0,2.5298731327056885,3655.89990234375,,,,6780.0,,,,,2.7273266315460205,,,""
12237871928,"Aug 25, 2024, 11:06:47 AM",Afternoon Run,Run,,2652,6.03,175.0,11,false,,HOKA Hoka rakett,activities/13046218838.fit.gz,,,2652.0,2611.0,6038.51025390625,5.111669063568115,2.3127193450927734,111.0,115.0,144.39999389648438,238.0,41.7049446105957,-0.06292948126792908,,,79.0,74.07198333740234,175.0,143.14439392089844,,,444.0,,25.0,11.0,,,,,,,,,,,,,0.0,,1.0,6396.0,,,,,,,,,,,,,,,,4806014.0,,,,,,,,,,0.0,2.2769646644592285,2552.300048828125,,,,6418.0,,,,,2.449636220932007,,,""
12257024873,"Aug 27, 2024, 11:14:06 AM",Afternoon Run,Run,,2688,6.71,167.0,11,false,,HOKA Hoka rakett,activities/13066162232.fit.gz,,,2688.0,2672.0,6714.5,3.824023485183716,2.512911796569824,115.0,119.0,110.4000015258789,206.1999969482422,21.443103790283203,-0.06850854307413101,,,82.0,77.98385620117188,167.0,143.83938598632812,,,452.0,,25.0,11.0,,,,,,,,,,,,,0.0,,1.0,7056.0,,,,,,,,,,,,,,,,4806014.0,,,,,,,,,,0.0,2.4979538917541504,3509.10009765625,,,,6934.0,,,,,2.640718460083008,,,""
12264219330,"Aug 28, 2024, 12:10:14 PM",Afternoon Run,Run,"",4649,12.04,174.0,38,false,,HOKA Hoka rakett,activities/13073616353.fit.gz,,,4649.0,4366.0,12042.8603515625,4.50830078125,2.7583279609680176,128.0,269.0,58.20000076293945,220.60000610351562,24.39027976989746,-1.1774611473083496,,,86.0,79.7841796875,174.0,158.6840057373047,,,841.0,,27.0,38.0,,,,,,,,,,,0.0,,0.0,,1.0,12110.0,,,,,,,,,,,,,,,,4806014.0,,,,,,,,,,0.0,2.5904195308685303,2791.10009765625,,,,11466.0,,,,,2.7737059593200684,,,""
12305146309,"Sep 2, 2024, 10:21:56 AM",Hjemmekontorlunsj på teknisk sti,Run,"",4126,9.35,196.0,60,false,,HOKA Hoka rakett,activities/13117586821.fit.gz,,,4126.0,4025.0,9358.740234375,5.10595703125,2.32515287399292,386.0,395.0,105.5999984741211,295.3999938964844,40.55348587036133,-0.08761859685182571,,,94.0,76.96753692626953,196.0,166.03411865234375,,,829.0,,23.0,60.0,,,,,,,,,,,0.0,,0.0,,1.0,11192.2998046875,,,,,,,,,,,,,,,,4806014.0,,,,,,,,,,0.0,2.268235683441162,8161.7998046875,,,,10410.0,,,,,2.780695676803589,,,media/64fea10b-d691-44ce-8a64-d5382e6da8ce.jpg|media/8ad293d8-1941-496d-abe3-35cf1e0a079d.jpg
12325241503,"Sep 4, 2024, 3:25:17 PM",Mens jentene er på ballett,Run,Ble overivrig og klemte til litt mye på første intervall men fikk kalibrert motoren etter det,2734,8.07,200.0,47,false,,HOKA Hoka rakett,activities/13140274863.fit.gz,,,2734.0,2734.0,8072.349609375,4.64599609375,2.952578544616699,37.0,45.0,33.0,67.80000305175781,19.590423583984375,-0.024775933474302292,,,90.0,79.80724334716797,200.0,170.945068359375,,,567.0,,25.0,47.0,,,,,,,,,,,0.0,,0.0,,1.0,8208.7001953125,,,,,,,,,,,,,,,,4806014.0,,,,,,,,,,0.0,2.952578544616699,6757.7001953125,,,,7174.0,,,,,3.002450704574585,,,""
12339572370,"Sep 6, 2024, 9:42:23 AM",Lunch Run,Run,"",2505,6.26,205.0,36,false,,HOKA Hoka rakett,activities/13155707886.fit.gz,,,2505.0,2320.0,6262.7900390625,4.178334712982178,2.6994783878326416,220.0,225.0,144.60000610351562,200.60000610351562,37.404483795166016,-0.11177127063274384,,,87.0,78.25410461425781,205.0,167.7760467529297,,,521.0,,29.0,36.0,,,,,,,,,,,0.0,,0.0,,1.0,6967.7001953125,,,,,,,,,,,,,,,,4806014.0,,,,,,,,,,0.0,2.5001158714294434,603.9000244140625,,,,6010.0,,,,,3.003319025039673,,,""
12358830415,"Sep 8, 2024, 12:29:05 PM",Langtur,Run,"",5854,16.12,188.0,69,false,,HOKA Hoka rakett,activities/13176427322.fit.gz,,,5854.0,5771.0,16125.98046875,4.489990234375,2.7943129539489746,289.0,285.0,58.400001525878906,220.39999389648438,16.82550048828125,0.027285125106573105,,,84.0,79.4629898071289,188.0,163.37095642089844,,,1140.0,,27.0,69.0,,,,,,,,,,,0.0,,0.0,,1.0,16736.900390625,,,,,,,,,,,,,,,,4806014.0,,,,,,,,,,0.0,2.7546942234039307,3449.199951171875,,,,15210.0,,,,,2.9001731872558594,,,""
12384734662,"Sep 11, 2024, 3:30:37 PM",5x1000m på halv bane,Run,"",3096,9.32,199.0,50,false,,HOKA Hoka rakett,activities/13204056945.fit.gz,,,3096.0,3072.0,9328.8798828125,4.586035251617432,3.0367448329925537,39.0,44.0,36.400001525878906,65.0,16.658864974975586,-0.0021438882686197758,,,92.0,80.20735168457031,199.0,167.82606506347656,,,638.0,,23.0,50.0,,,,,,,,,,,0.0,,0.0,,1.0,9457.2998046875,,,,,,,,,,,,,,,,4806014.0,,,,,,,,,,0.0,3.0132040977478027,8861.2001953125,,,,8170.0,,,,,3.0785481929779053,,,""
12389513006,"Sep 12, 2024, 5:41:52 AM",Morning Ride,Ride,,5434,18.38,161.0,13,false,,Nye CXen,activities/13209135563.fit.gz,,12.0,5434.0,4647.0,18380.330078125,11.720051765441895,3.9553110599517822,331.0,343.0,-26.0,150.1999969482422,25.030555725097656,-0.08378518372774124,,,,,161.0,121.11854553222656,,107.14326477050781,574.0,,15.0,13.0,,,,,,,,,,,,,0.0,,1.0,,,,,,,,,,,,,,,,3718715.0,,,,,,,,,,,0.0,3.382467746734619,3078.39990234375,,,,,,,,,,,,""
12398089605,"Sep 13, 2024, 8:52:45 AM",Frem med hofta,Run,"",1942,5.32,174.0,15,false,,HOKA Hoka rakett,activities/13218359731.fit.gz,,,1942.0,1928.0,5320.39013671875,4.0433349609375,2.759538412094116,113.0,116.0,-69.19999694824219,29.399999618530273,22.14053726196289,-0.12781016528606415,,,86.0,80.80280303955078,174.0,156.8849639892578,,,383.0,,21.0,15.0,,,,,,,,,,,0.0,,0.0,,1.0,5666.2001953125,,,,,,,,,,,,,,,,4806014.0,,,,,,,,,,0.0,2.739644765853882,2344.0,,,,5032.0,,,,,2.9389004707336426,,,""
12410372015,"Sep 14, 2024, 5:58:24 PM","Trene teknikk,",Run,"",2746,8.03,193.0,48,false,,HOKA Hoka rakett,activities/13231568062.fit.gz,,,2746.0,2724.0,8033.7900390625,5.513964653015137,2.9492621421813965,133.0,136.0,103.5999984741211,207.1999969482422,38.01780700683594,-0.12696370482444763,,,88.0,76.15444946289062,193.0,166.50241088867188,,,566.0,,17.0,48.0,,,,,,,,,,,0.0,,0.0,,1.0,8403.599609375,,,,,,,,,,,,,,,,4806014.0,,,,,,,,,,0.0,2.925633668899536,3257.699951171875,,,,6788.0,,,,,3.08502197265625,,,""
12423160391,"Sep 16, 2024, 9:57:23 AM",Gjørme og nye sko,Run,"",3351,7.52,195.0,58,false,,HOKA Hoka rakett,activities/13245293912.fit.gz,,,3351.0,3239.0,7520.81005859375,4.67333984375,2.3219542503356934,269.0,275.0,125.19999694824219,311.6000061035156,49.67604064941406,-0.08775658160448074,,,102.0,74.94209289550781,195.0,169.11038208007812,,,732.0,,25.0,58.0,,,,,,,,,,,0.0,,0.0,,1.0,8719.5,,,,,,,,,,,,,,,,4806014.0,,,,,,,,,,0.0,2.2443480491638184,6270.10009765625,,,,8046.0,,,,,2.6920344829559326,,,media/234b7853-c08e-40cb-bb0c-38154a1c652f.jpg|media/a1327b6f-13b2-465b-852e-76594d15da5a.jpg
12443059511,"Sep 18, 2024, 3:29:01 PM",5×1000m på bane,Run,"",3380,9.40,196.0,56,false,"",HOKA Hoka rakett,activities/13266515100.fit.gz,,,3380.0,3114.0,9406.3603515625,4.5,3.0206680297851562,25.0,25.0,39.79999923706055,67.5999984741211,14.732491493225098,0.038271959871053696,,,87.0,78.07149505615234,196.0,172.0767059326172,,,662.0,,26.0,56.0,,,,,,,,,,,0.0,,0.0,,1.0,9521.099609375,,,,,,,,,,,,,,,,4806014.0,,,,,,,,,,0.0,2.782946825027466,9086.5,,,,8020.0,,,,,3.0575144290924072,,,""
12449037122,"Sep 19, 2024, 9:57:20 AM",Lunch Run,Run,"",2419,4.72,168.0,9,false,,HOKA Hoka rakett,activities/13272881967.fit.gz,,,2419.0,2010.0,4728.9599609375,3.773998975753784,2.3527164459228516,102.0,99.0,103.4000015258789,194.39999389648438,40.31502914428711,0.054980505257844925,,,81.0,75.77830505371094,168.0,148.1632843017578,,,359.0,,24.0,9.0,,,,,,,,,,,0.0,,0.0,,1.0,5071.0,,,,,,,,,,,,,,,,4806014.0,,,,,,,,,,0.0,1.9549235105514526,2349.199951171875,,,,4890.0,,,,,2.52288556098938,,,""
12472965410,"Sep 22, 2024, 6:42:56 AM",Morning Trail Run,Run,"",6731,15.07,191.0,53,false,,HOKA Hoka rakett,activities/13298507414.fit.gz,,,6731.0,6671.0,15069.7099609375,4.398046970367432,2.25898814201355,472.0,480.0,131.39999389648438,404.20001220703125,48.34674072265625,-0.039814967662096024,,,94.0,75.4971923828125,191.0,141.22671508789062,,,919.0,,20.0,53.0,,,,,,,,,,,0.0,,0.0,,1.0,17046.599609375,,,,,,,,,,,,,,,,4806014.0,,,,,,,,,,0.0,2.238851547241211,11603.099609375,,,,16634.0,,,,,2.5553290843963623,,,""
12506213040,"Sep 26, 2024, 5:58:22 AM",Morning Run,Run,"",2158,6.48,181.0,11,false,,HOKA Hoka rakett,activities/13333913036.fit.gz,,,2158.0,2140.0,6479.81982421875,5.838338375091553,3.0279531478881836,64.0,103.0,121.80000305175781,206.1999969482422,13.686967849731445,-0.6358200907707214,,,88.0,81.04395294189453,181.0,146.64730834960938,,,365.0,,16.0,11.0,,,,,,,,,,,0.0,,0.0,,1.0,6603.7001953125,,,,,,,,,,,,,,,,4806014.0,,,,,,,,,,0.0,3.0026967525482178,2814.39990234375,,,,5724.0,,,,,3.085841178894043,,,""
12520786054,"Sep 28, 2024, 6:37:57 AM",Med Nele i vognen 🥰,Run,"",2982,7.28,176.0,17,false,,HOKA Hoka rakett,activities/13349492434.fit.gz,,,2982.0,2866.0,7280.7998046875,4.18603515625,2.5404045581817627,122.0,144.0,101.5999984741211,205.1999969482422,17.181928634643555,-0.26096034049987793,,,84.0,78.50283813476562,176.0,152.8275146484375,,,574.0,,19.0,17.0,,,,,,,,,,,0.0,,0.0,,1.0,7630.2001953125,,,,,,,,,,,,,,,,4806014.0,,,,,,,,,,0.0,2.441582679748535,3767.89990234375,,,,7284.0,,,,,2.6623167991638184,,,""
12529280599,"Sep 29, 2024, 6:51:09 AM",Intervaller på Kolsåsplatået,Run,"",4340,8.42,195.0,60,false,,HOKA Hoka rakett,activities/13358582378.fit.gz,,,4340.0,4329.0,8423.73046875,4.0,1.9458836317062378,392.0,402.0,183.60000610351562,358.0,47.9400749206543,-0.07360155880451202,,,85.0,74.53087615966797,195.0,165.53880310058594,,,867.0,,18.0,60.0,,,,,,,,,,,0.0,,0.0,,1.0,10586.400390625,,,,,,,,,,,,,,,,4806014.0,,,,,,,,,,0.0,1.9409517049789429,4275.0,,,,10098.0,,,,,2.445460796356201,,,""
12565947275,"Oct 3, 2024, 3:34:46 PM",Some 1/2 rolig med noen spurter på slutten,Run,"",3896,10.14,191.0,25,false,,HOKA Hoka rakett,activities/13397766644.fit.gz,,,3896.0,3895.0,10142.669921875,5.74609375,2.604022979736328,181.0,185.0,106.4000015258789,204.8000030517578,45.605018615722656,-0.05126852169632912,,,96.0,77.7701187133789,191.0,149.6657257080078,,,711.0,,20.0,25.0,,,,,,,,,,,0.0,,0.0,,1.0,10664.099609375,,,,,,,,,,,,,,,,4806014.0,,,,,,,,,,0.0,2.6033546924591064,6346.39990234375,,,,10002.0,,,,,2.7378947734832764,,,""
12579518237,"Oct 5, 2024, 9:39:17 AM",Langtur i sone 2 med Juno,Run,"",7562,20.24,181.0,58,false,,HOKA Hoka rakett,activities/13412320996.fit.gz,,,7562.0,7264.0,20246.96875,4.889974117279053,2.7873029708862305,367.0,344.0,55.400001525878906,222.1999969482422,29.116731643676758,-0.0039512235671281815,,,91.0,79.53336334228516,181.0,158.2411651611328,,,1340.0,,21.0,58.0,,,,,,,,,,,0.0,,0.0,,1.0,21068.400390625,,,,,,,,,,,,,,,,4806014.0,,,,,,,,,,0.0,2.677462339401245,3131.300048828125,,,,19178.0,,,,,2.9003853797912598,,,""
12592347704,"Oct 6, 2024, 4:56:16 PM",Tur med Juno 🐕,Run,"",2182,4.80,148.0,6,false,,HOKA Hoka rakett,activities/13425216058.fit.gz,,,2182.0,2172.0,4806.65966796875,3.141667604446411,2.2130110263824463,106.0,106.0,109.19999694824219,206.39999389648438,18.508777618408203,-0.09153953194618225,,,78.0,72.30317687988281,148.0,126.81693267822266,,,330.0,,20.0,6.0,,,,,,,,,,,0.0,,0.0,,1.0,5146.2001953125,,,,,,,,,,,,,,,,4806014.0,,,,,,,,,,0.0,2.202868938446045,2438.60009765625,,,,5102.0,,,,,2.3693370819091797,,,""
12606463283,"Oct 8, 2024, 3:14:44 PM",Tdsklemma,Run,"",2208,7.07,195.0,39,false,,HOKA Hoka rakett,activities/13440333662.fit.gz,,,2208.0,2183.0,7074.60009765625,5.169995307922363,3.240769624710083,3.0,26.0,111.5999984741211,136.0,17.857175827026367,-0.21485309302806854,,,86.0,80.38471984863281,195.0,169.91517639160156,,,480.0,,21.0,39.0,,,,,,,,,,,0.0,,0.0,,1.0,7117.2998046875,,,,,,,,,,,,,,,,4806014.0,,,,,,,,,,0.0,3.204076051712036,6607.7001953125,,,,5806.0,,,,,3.2603297233581543,,,""
12636178191,"Oct 12, 2024, 9:23:20 AM",Lunch Trail Run,Run,Ikke lett å ta en rolig gjennomkjøring av lommedalen rundt-løypa o_O,8442,18.85,185.0,32,false,"",HOKA Hoka rakett,activities/13472124040.fit.gz,,,8442.0,8314.0,18851.701171875,4.751953125,2.2674646377563477,740.0,739.0,90.5999984741211,387.0,49.96211242675781,0.004243664909154177,,,102.0,74.99269104003906,185.0,96.73401641845703,,,758.0,,17.0,32.0,,,,,,,,,,,,,0.0,,1.0,22179.19921875,,,,,,,,,,,,,,,,4806014.0,,,,,,,,,,0.0,2.2330846786499023,14446.2001953125,,,,20730.0,,,,,2.6676931381225586,,,""
12662119832,"Oct 15, 2024, 3:19:14 PM",Tidsklemma is real,Run,"",2237,6.45,200.0,34,false,,HOKA Hoka rakett,activities/13500122545.fit.gz,,,2237.0,2159.0,6452.39990234375,6.448333263397217,2.9886057376861572,28.0,37.0,-66.0,-41.400001525878906,12.465954780578613,-0.04649432748556137,,,92.0,76.9909439086914,200.0,169.40667724609375,,,473.0,,18.0,34.0,,,,,,,,,,,0.0,,0.0,,1.0,6556.10009765625,,,,,,,,,,,,,,,,4806014.0,,,,,,,,,,0.0,2.8843986988067627,5650.7998046875,,,,5564.0,,,,,3.036637306213379,,,""
12670595155,"Oct 16, 2024, 3:27:59 PM",Afternoon Run,Run,,2959,8.66,176.0,23,false,,HOKA Hoka rakett,activities/13509150086.fit.gz,,,2959.0,2908.0,8661.41015625,4.476644039154053,2.9784767627716064,131.0,143.0,21.799999237060547,144.0,11.062804222106934,-0.12469100207090378,,,86.0,80.93379211425781,176.0,158.80006408691406,,,593.0,,17.0,23.0,,,,,,,,,,,,,0.0,,1.0,8890.2998046875,,,,,,,,,,,,,,,,4806014.0,,,,,,,,,,0.0,2.927140951156616,2775.199951171875,,,,7906.0,,,,,3.057187080383301,,,""
12694162516,"Oct 19, 2024, 3:23:49 PM",Fem bratte bakkedrag 😵,Run,"",2791,5.52,189.0,18,false,,HOKA Hoka rakett,activities/13534383501.fit.gz,,,2791.0,2666.0,5526.97998046875,3.6669921875,2.0731358528137207,216.0,241.0,242.39999389648438,319.3999938964844,33.74459457397461,-0.14112623035907745,,,83.0,74.02892303466797,189.0,152.1967010498047,,,454.0,,21.0,18.0,,,,,,,,,,,0.0,,0.0,,1.0,6636.39990234375,,,,,,,,,,,,,,,,4806014.0,,,,,,,,,,0.0,1.9802865982055664,1736.5,,,,6250.0,,,,,2.489272356033325,,,""
12726705648,"Oct 23, 2024, 3:20:13 PM",Afternoon Run,Run,,3275,9.19,173.0,16,false,,HOKA Hoka rakett,activities/13569366344.fit.gz,,,3275.0,3184.0,9191.0703125,4.202002048492432,2.8866426944732666,88.0,93.0,33.400001525878906,101.4000015258789,17.977378845214844,-0.15667374432086945,,,87.0,79.8075180053711,173.0,150.4274444580078,,,578.0,,20.0,16.0,,,,,,,,,,,,,0.0,,1.0,9370.2998046875,,,,,,,,,,,,,,,,4806014.0,,,,,,,,,,0.0,2.80643367767334,2679.5,,,,8484.0,,,,,2.9429333209991455,,,""
12739066639,"Oct 25, 2024, 6:22:58 AM",Morning Run,Run,,1929,4.66,158.0,5,false,,HOKA Hoka rakett,activities/13582595585.fit.gz,,,1929.0,1913.0,4667.89990234375,3.299999952316284,2.440093994140625,90.0,105.0,143.39999389648438,220.39999389648438,46.715328216552734,0.2956361472606659,,,80.0,75.8149185180664,158.0,124.9068374633789,,,303.0,,13.0,5.0,,,,,,,,,,,,,0.0,,1.0,5003.7998046875,,,,,,,,,,,,,,,,4806014.0,,,,,,,,,,0.0,2.4198548793792725,1342.0,,,,4700.0,,,,,2.6156821250915527,,,""
12747924782,"Oct 26, 2024, 9:30:03 AM",Lommedalen rundt,Run,"8 kg mer å flytte på enn sist, sånn sett fornøyd med 2:00:14",7242,18.59,197.0,230,false,"",Saucony Peregrine 14 Terreng 2024,activities/13592241511.fit.gz,,,7242.0,7185.0,18597.099609375,5.416666507720947,2.588322877883911,721.0,719.0,99.80000305175781,395.20001220703125,49.122806549072266,0.024735039100050926,,,94.0,76.96312713623047,197.0,183.83555603027344,,,1710.0,,19.0,230.0,,,,,,,,,,,0.0,,0.0,,1.0,21919.80078125,,,,,,,,,,,,,,,,21033912.0,,,,,,,,,,0.0,2.56795072555542,14450.7001953125,,,,18220.0,,,,,3.0507724285125732,,,""
12776934887,"Oct 29, 2024, 7:29:13 PM",Evening Run,Run,,2745,7.00,168.0,10,false,,HOKA Hoka rakett,activities/13623566696.fit.gz,,,2745.0,2706.0,7004.169921875,4.899983882904053,2.5883851051330566,124.0,125.0,104.5999984741211,205.60000610351562,19.522871017456055,-0.07995246350765228,,,86.0,77.1234130859375,168.0,141.63909912109375,,,450.0,,22.0,10.0,,,,,,,,,,,,,0.0,,1.0,7389.60009765625,,,,,,,,,,,,,,,,4806014.0,,,,,,,,,,0.0,2.551610231399536,3517.300048828125,,,,6900.0,,,,,2.730820417404175,,,""
12783073957,"Oct 30, 2024, 4:25:50 PM",Afternoon Run,Run,,3216,8.73,165.0,14,false,,HOKA Hoka rakett,activities/13630149894.fit.gz,,,3216.0,3188.0,8738.5693359375,4.029994487762451,2.741082191467285,82.0,99.0,5.599999904632568,78.0,29.041406631469727,-0.1899624615907669,,,83.0,80.08209991455078,165.0,150.32559204101562,,,580.0,,21.0,14.0,,,,,,,,,,,,,0.0,,1.0,8868.2001953125,,,,,,,,,,,,,,,,4806014.0,,,,,,,,,,0.0,2.717216968536377,1262.699951171875,,,,8498.0,,,,,2.7817440032958984,,,""
12804234087,"Nov 2, 2024, 11:52:27 AM",Lunch Run,Run,,2981,8.20,189.0,37,false,,HOKA Hoka rakett,activities/13652943606.fit.gz,,,2981.0,2980.0,8208.5,4.7166666984558105,2.754530191421509,140.0,150.0,109.0,214.8000030517578,17.96407127380371,-0.11451543867588043,,,87.0,79.4355697631836,189.0,163.36685180664062,,,582.0,,17.0,37.0,,,,,,,,,,,,,0.0,,1.0,8627.599609375,,,,,,,,,,,,,,,,4806014.0,,,,,,,,,,0.0,2.753606081008911,3138.0,,,,7490.0,,,,,2.895167827606201,,,""
12838232872,"Nov 6, 2024, 4:26:18 PM",Afternoon Run,Run,"",2999,8.53,190.0,40,false,,HOKA Hoka rakett,activities/13689471515.fit.gz,,,2999.0,2959.0,8537.5,6.800000190734863,2.885265350341797,23.0,35.0,39.20000076293945,73.4000015258789,45.16128921508789,-0.09838946163654327,,,107.0,79.05067443847656,190.0,167.73291015625,,,585.0,,18.0,40.0,,,,,,,,,,,0.0,,0.0,,1.0,8641.0,,,,,,,,,,,,,,,,4806014.0,,,,,,,,,,0.0,2.8467822074890137,596.9000244140625,,,,7320.0,,,,,2.920243263244629,,,""
12853430022,"Nov 8, 2024, 4:35:35 PM",Afternoon Run,Run,"",2812,7.15,181.0,13,false,,HOKA Hoka rakett,activities/13705784810.fit.gz,,,2812.0,2786.0,7152.0,4.0,2.5671212673187256,162.0,168.0,100.0,205.1999969482422,43.56435775756836,-0.15659955143928528,,,82.0,77.9338607788086,181.0,150.46925354003906,,,508.0,,18.0,13.0,,,,,,,,,,,0.0,,0.0,,1.0,7655.10009765625,,,,,,,,,,,,,,,,4806014.0,,,,,,,,,,0.0,2.5433855056762695,2830.699951171875,,,,7194.0,,,,,2.7477028369903564,,,""
12868198309,"Nov 10, 2024, 1:07:08 PM",Bakkerintervaller x3,Run,"",3001,7.85,194.0,28,false,"",HOKA Hoka rakett,activities/13721680313.fit.gz,,,3001.0,2916.0,7850.60009765625,4.179999828338623,2.6922497749328613,249.0,253.0,131.39999389648438,210.60000610351562,21.383647918701172,-0.0509515181183815,,,87.0,79.86572265625,194.0,158.62811279296875,,,566.0,,16.0,28.0,,,,,,,,,,,,,0.0,,1.0,8715.400390625,,,,,,,,,,,,,,,,4806014.0,,,,,,,,,,0.0,2.615994691848755,1922.699951171875,,,,7600.0,,,,,2.9888203144073486,,,""
12892781300,"Nov 13, 2024, 4:19:47 PM",400 og 200 meter,Run,"",3129,7.47,194.0,29,false,,HOKA Hoka rakett,activities/13748089929.fit.gz,,,3129.0,2883.0,7474.2998046875,5.460000038146973,2.5925424098968506,30.0,32.0,35.79999923706055,64.0,33.33333206176758,-0.04548921063542366,,,92.0,76.79171752929688,194.0,161.47927856445312,,,553.0,,18.0,29.0,,,,,,,,,,,0.0,,0.0,,1.0,7594.39990234375,,,,,,,,,,,,,,,,4806014.0,,,,,,,,,,0.0,2.388718366622925,6329.89990234375,,,,6972.0,,,,,2.6342005729675293,,,""
12907797372,"Nov 15, 2024, 4:53:26 PM",Afternoon Run,Run,,2578,6.83,170.0,12,false,,HOKA Hoka rakett,activities/13764219453.fit.gz,,,2578.0,2562.0,6829.39990234375,4.21999979019165,2.665651798248291,130.0,130.0,197.8000030517578,296.20001220703125,22.5563907623291,0.0,,,82.0,78.17927551269531,170.0,148.7688446044922,,,469.0,,19.0,12.0,,,,,,,,,,,,,0.0,,1.0,7215.60009765625,,,,,,,,,,,,,,,,4806014.0,,,,,,,,,,0.0,2.6491079330444336,2887.0,,,,6670.0,,,,,2.8163933753967285,,,""
12956421345,"Nov 22, 2024, 7:32:27 AM",Morning Run,Run,,992,2.26,154.0,3,false,,HOKA Hoka rakett,activities/13816323798.fit.gz,,,992.0,899.0,2261.800048828125,3.740000009536743,2.515906572341919,72.0,63.0,390.20001220703125,441.20001220703125,21.052631378173828,0.41559818387031555,,,81.0,77.62850952148438,154.0,139.38323974609375,,,155.0,,11.0,3.0,,,,,,,,,,,,,0.0,,1.0,2546.800048828125,,,,,,,,,,,,,,,,4806014.0,,,,,,,,,,0.0,2.2800402641296387,766.2999877929688,,,,2306.0,,,,,2.83292555809021,,,""
12974451095,"Nov 24, 2024, 4:05:44 PM",Afternoon Run,Run,"",2398,5.58,178.0,14,false,,HOKA Hoka rakett,activities/13835536231.fit.gz,,,2398.0,2183.0,5587.10009765625,3.880000114440918,2.5593678951263428,125.0,120.0,115.4000015258789,212.8000030517578,19.696969985961914,0.10739023983478546,,,82.0,77.13434600830078,178.0,152.46617126464844,,,418.0,,23.0,14.0,,,,,,,,,,,0.0,,0.0,,1.0,5995.7001953125,,,,,,,,,,,,,,,,4806014.0,,,,,,,,,,0.0,2.329900026321411,2714.39990234375,,,,5586.0,,,,,2.7465415000915527,,,""
13013545007,"Nov 30, 2024, 8:07:22 AM",Morning Run,Run,,2723,6.78,167.0,11,false,,HOKA Hoka rakett,activities/13877356161.fit.gz,,,2723.0,2631.0,6781.5,4.179999828338623,2.5775370597839355,148.93531799316406,162.0,102.69999694824219,208.39999389648438,15.2380952835083,-0.10027280449867249,,,94.0,78.58262634277344,167.0,144.6791229248047,,,454.0,,21.0,11.0,,,,,,,,,,,,,0.0,,1.0,7115.7998046875,,,,,,,,,,,,,,,,4806014.0,,,,,,,,,,0.0,2.4904518127441406,2036.199951171875,,,,6840.0,,,,,2.704598903656006,,,""
13020985031,"Dec 1, 2024, 8:01:27 AM",Gøy helt til jeg tryna,Run,"",4558,10.22,200.0,41,false,,Saucony Peregrine 14 Terreng 2024,activities/13885379781.fit.gz,,,4558.0,4468.0,10225.900390625,3.75,2.2886974811553955,267.0,275.0,128.1999969482422,303.0,49.484535217285156,-0.056718725711107254,,,85.0,76.96047973632812,200.0,156.89854431152344,,,753.0,,19.0,41.0,,,,,,,,,,,0.0,,0.0,,1.0,11277.7998046875,,,,,,,,,,,,,,,,21033912.0,,,,,,,,,,0.0,2.2435059547424316,7420.7001953125,,,,11102.0,,,,,2.524127244949341,,,""
13160769816,"Dec 8, 2024, 12:01:16 PM",Afternoon Trail Run,Run,"",1867,4.53,178.0,10,false,,Saucony Peregrine 14 Terreng 2024,activities/14034941825.fit.gz,,,1867.0,1807.0,4532.5,3.5166666507720947,2.508301019668579,93.92151641845703,113.0,102.19999694824219,189.89999389648438,18.867923736572266,0.49641478061676025,,,84.0,78.23072814941406,178.0,147.5024871826172,,,338.0,,23.0,10.0,,,,,,,,,,,0.0,,0.0,,1.0,4868.10009765625,,,,,,,,,,,,,,,,21033912.0,,,,,,,,,,0.0,2.4276914596557617,2608.39990234375,,,,4706.0,,,,,2.6940231323242188,,,""
13160772919,"Dec 21, 2024, 11:27:02 AM",Lunch Trail Run,Run,"",1609,3.97,173.0,14,false,,Saucony Peregrine 14 Terreng 2024,activities/14034945263.fit.gz,,,1609.0,1535.0,3969.0,4.366666793823242,2.585667848587036,52.0,95.0,198.1999969482422,276.79998779296875,16.32653045654297,-1.043083906173706,,,80.0,76.97770690917969,173.0,159.75473022460938,,,334.0,,24.0,14.0,,,,,,,,,,,0.0,,0.0,,1.0,4071.39990234375,,,,,,,,,,,,,,,,21033912.0,,,,,,,,,,0.0,2.466749429702759,1742.0999755859375,,,,3926.0,,,,,2.6523778438568115,,,""
13187049321,"Dec 25, 2024, 11:33:49 AM",Lunch Run,Run,"",2968,7.96,189.0,38,false,,Saucony Peregrine 14 Terreng 2024,activities/14063217408.fit.gz,,,2968.0,2934.0,7965.7998046875,4.159999847412109,2.714996576309204,140.0,153.0,-86.5999984741211,37.79999923706055,21.62162208557129,-0.2033694088459015,,,86.0,77.74905395507812,189.0,162.9195098876953,,,603.0,,18.0,38.0,,,,,,,,,,,0.0,,0.0,,1.0,8373.2998046875,,,,,,,,,,,,,,,,21033912.0,,,,,,,,,,0.0,2.6838948726654053,4453.7001953125,,,,7594.0,,,,,2.8538854122161865,,,""
13199727698,"Dec 27, 2024, 11:12:18 AM",Lunch Run,Run,"",1981,4.91,171.0,12,false,,Saucony Peregrine 14 Terreng 2024,activities/14076880991.fit.gz,,,1981.0,1948.0,4909.5,3.362499952316284,2.520277261734009,113.0,120.0,104.0,207.60000610351562,19.108280181884766,-0.14665444195270538,,,86.0,77.32503509521484,171.0,152.3864288330078,,,365.0,,16.0,12.0,,,,,,,,,,,0.0,,0.0,,1.0,5256.2001953125,,,,,,,,,,,,,,,,21033912.0,,,,,,,,,,0.0,2.4782938957214355,2372.300048828125,,,,5048.0,,,,,2.6982545852661133,,,""
13224058547,"Dec 30, 2024, 2:47:53 PM",Afternoon Run,Run,"",2532,6.35,175.0,16,false,,Saucony Peregrine 14 Terreng 2024,activities/14103169359.fit.gz,,,2532.0,2510.0,6356.89990234375,3.5,2.5326294898986816,122.0,139.0,275.6000061035156,388.20001220703125,21.359222412109375,-0.27686449885368347,,,86.0,78.06661224365234,175.0,155.0171356201172,,,485.0,,17.0,16.0,,,,,,,,,,,0.0,,0.0,,1.0,6698.39990234375,,,,,,,,,,,,,,,,21033912.0,,,,,,,,,,0.0,2.5106239318847656,2505.5,,,,6502.0,,,,,2.6686851978302,,,""
13231512611,"Dec 31, 2024, 1:06:41 PM",Afternoon Run,Run,"",3256,7.93,188.0,25,false,,Saucony Peregrine 14 Terreng 2024,activities/14111194195.fit.gz,,,3256.0,2999.0,7929.5,4.099999904632568,2.644047975540161,216.0,195.0,97.0,278.79998779296875,28.0,-0.08071126788854599,,,87.0,78.02278900146484,188.0,155.98597717285156,,,649.0,,15.0,25.0,,,,,,,,,,,0.0,,0.0,,1.0,8601.099609375,,,,,,,,,,,,,,,,21033912.0,,,,,,,,,,0.0,2.435350179672241,1302.300048828125,,,,7828.0,,,,,2.8679893016815186,,,""
13238349983,"Jan 1, 2025, 12:51:23 PM",Afternoon Run,Run,"",3075,7.49,174.0,17,false,,Saucony Peregrine 14 Terreng 2024,activities/14118687441.fit.gz,,,3075.0,3044.0,7494.5,3.5799999237060547,2.4620563983917236,183.0,196.0,103.0,205.0,20.19230842590332,-0.17079190909862518,,,89.0,77.20899200439453,174.0,149.9178466796875,,,517.0,,17.0,17.0,,,,,,,,,,,0.0,,0.0,,1.0,8095.39990234375,,,,,,,,,,,,,,,,21033912.0,,,,,,,,,,0.0,2.4372358322143555,3504.300048828125,,,,7854.0,,,,,2.659461259841919,,,""
13262570120,"Jan 4, 2025, 10:34:10 AM",Lunch Run,Run,,3224,7.70,187.0,42,false,,Saucony Peregrine 14 Terreng 2024,activities/14144739790.fit.gz,,,3224.0,3201.0,7705.39990234375,6.28000020980835,2.4071853160858154,249.0,265.0,5.400000095367432,168.39999389648438,43.6363639831543,-0.14275702834129333,,,85.0,75.85191345214844,187.0,163.7196502685547,,,625.0,,17.0,42.0,,,,,,,,,,,,,0.0,,1.0,8858.7001953125,,,,,,,,,,,,,,,,21033912.0,,,,,,,,,,0.0,2.390012502670288,4618.7998046875,,,,8086.0,,,,,2.7674789428710938,,,""
13281322610,"Jan 6, 2025, 10:02:53 AM",Gamping i snøen,Run,"",2073,4.82,180.0,18,false,,HOKA Hoka rakett,activities/14165020770.fit.gz,,,2073.0,2025.0,4822.2001953125,3.5166666507720947,2.381333351135254,118.0,119.0,105.0,207.60000610351562,29.565217971801758,0.0,,,89.0,76.56580352783203,180.0,159.29891967773438,,,416.0,,16.0,18.0,,,,,,,,,,,0.0,,0.0,,1.0,5251.7001953125,,,,,,,,,,,,,,,,4806014.0,,,,,,,,,,0.0,2.3261938095092773,2298.300048828125,,,,5174.0,,,,,2.5934321880340576,,,""
13317920447,"Jan 10, 2025, 4:51:34 PM",Afternoon Run,Run,,2471,6.71,188.0,32,false,,Saucony Peregrine 14 Terreng 2024,activities/14204221738.fit.gz,,,2471.0,2430.0,6713.0,4.328571319580078,2.7625515460968018,138.0,141.0,-95.19999694824219,2.4000000953674316,20.0,-0.035751525312662125,,,86.0,78.17160034179688,188.0,162.3677978515625,,,492.0,,10.0,32.0,,,,,,,,,,,,,0.0,,1.0,7143.7998046875,,,,,,,,,,,,,,,,21033912.0,,,,,,,,,,0.0,2.7167139053344727,3316.300048828125,,,,6300.0,,,,,2.9398353099823,,,""
13323741582,"Jan 11, 2025, 10:53:22 AM",Lunch Run med vognen,Run,"",2565,5.39,181.0,25,false,,Saucony Peregrine 14 Terreng 2024,activities/14210446233.fit.gz,,,2565.0,2245.0,5396.60009765625,4.059999942779541,2.4038307666778564,128.0,123.0,178.0,223.0,26.229507446289062,-0.025942260399460793,,,106.0,76.94926452636719,181.0,161.44293212890625,,,439.0,,12.0,25.0,,,,,,,,,,,0.0,,0.0,,1.0,5831.0,,,,,,,,,,,,,,,,21033912.0,,,,,,,,,,0.0,2.1039376258850098,1849.5,,,,5530.0,,,,,2.597327470779419,,,""
13344357025,"Jan 13, 2025, 3:35:14 PM",Afternoon Trail Run,Run,"",4181,8.84,182.0,34,false,,HOKA Hoka rakett,activities/14232683109.fit.gz,,,4181.0,3992.0,8844.400390625,3.940000057220459,2.21553111076355,274.0,282.0,133.39999389648438,315.3999938964844,33.33333206176758,-0.09045271575450897,,,89.0,75.2667007446289,182.0,156.59056091308594,,,721.0,,16.0,34.0,,,,,,,,,,,0.0,,0.0,,1.0,9963.5,,,,,,,,,,,,,,,,4806014.0,,,,,,,,,,0.0,2.1153790950775146,6436.60009765625,,,,10084.0,,,,,2.4958667755126953,,,media/793b3120-3c11-44df-bdf7-705e847526db.jpg
13389392846,"Jan 18, 2025, 3:49:50 PM",Afternoon Run,Run,,2932,7.22,185.0,31,false,,Saucony Peregrine 14 Terreng 2024,activities/14281045788.fit.gz,,,2932.0,2923.0,7227.2998046875,4.440000057220459,2.472562551498413,216.0,229.0,183.0,337.3999938964844,25.316455841064453,-0.1798735409975052,,,86.0,76.32792663574219,185.0,160.45822143554688,,,546.0,,20.0,31.0,,,,,,,,,,,,,0.0,,1.0,8027.2998046875,,,,,,,,,,,,,,,,21033912.0,,,,,,,,,,0.0,2.464972734451294,7229.39990234375,,,,7348.0,,,,,2.7462539672851562,,,""
13457321425,"Jan 26, 2025, 11:59:14 AM",Lunch Run,Run,Klink is,4099,10.47,183.0,50,false,,Saucony Peregrine 14 Terreng 2024,activities/14354647942.fit.gz,,,4099.0,4042.0,10473.2001953125,4.480000019073486,2.5910935401916504,216.0,229.0,229.60000610351562,368.0,18.18181800842285,-0.13558416068553925,,,93.0,78.2164306640625,183.0,163.65826416015625,,,787.0,,15.0,50.0,,,,,,,,,,,0.0,,0.0,,1.0,11062.2001953125,,,,,,,,,,,,,,,,21033912.0,,,,,,,,,,0.0,2.5550622940063477,2894.699951171875,,,,10466.0,,,,,2.736813545227051,,,""
13509345462,"Feb 1, 2025, 11:44:41 AM",Lunch Trail Run,Run,,3657,8.68,185.0,39,false,,HOKA Hoka rakett,activities/14411303448.fit.gz,,,3657.0,3646.0,8685.7001953125,4.0333333015441895,2.3822546005249023,260.0,276.0,40.599998474121094,229.60000610351562,48.0,-0.16578975319862366,,,92.0,77.25900268554688,185.0,162.1374969482422,,,694.0,,12.0,39.0,,,,,,,,,,,,,0.0,,1.0,9761.599609375,,,,,,,,,,,,,,,,4806014.0,,,,,,,,,,0.0,2.375088930130005,5968.60009765625,,,,9160.0,,,,,2.677345037460327,,,""
13520450969,"Feb 2, 2025, 2:47:54 PM",På gymmen,Run,3x4 min på rundt 4:30min/km,1316,4.15,197.0,17,false,"",Saucony Peregrine 14 Terreng 2024,activities/14423477805.fit.gz,,,1316.0,1316.0,4150.0,3.6416666507720947,3.1534955501556396,0.0,0.0,0.0,0.0,0.0,0.0,,,88.0,80.90052032470703,197.0,165.80242919921875,,,270.0,,27.0,17.0,,,,,,,,,,,0.0,,0.0,,1.0,3252.5,,,,,,,,,,,,,,,,21033912.0,,,,,,,,,,0.0,3.1534955501556396,0.0,,,,3164.0,,,,,,,,""
13548157594,"Feb 5, 2025, 4:19:50 PM",Glaserte veier,Run,"",2599,6.67,186.0,34,false,,Saucony Peregrine 14 Terreng 2024,activities/14453833797.fit.gz,,,2599.0,2585.0,6669.5,3.433333396911621,2.5800774097442627,120.0,137.0,41.79999923706055,153.60000610351562,10.389610290527344,-0.218906968832016,,,84.0,78.24410247802734,186.0,165.22940063476562,,,526.0,,14.0,34.0,,,,,,,,,,,0.0,,0.0,,1.0,6868.60009765625,,,,,,,,,,,,,,,,21033912.0,,,,,,,,,,0.0,2.5661792755126953,905.5,,,,6754.0,,,,,2.6570985317230225,,,""
13584753511,"Feb 9, 2025, 4:52:35 PM",Afternoon Run,Run,,3058,7.39,172.0,15,false,,Saucony Peregrine 14 Terreng 2024,activities/14493871958.fit.gz,,,3058.0,3033.0,7390.5,3.7166666984558105,2.4366962909698486,208.0,215.0,102.5999984741211,222.1999969482422,32.0,-0.06765442341566086,,,83.0,77.08419799804688,172.0,150.74041748046875,,,513.0,,10.0,15.0,,,,,,,,,,,,,0.0,,1.0,8209.2998046875,,,,,,,,,,,,,,,,21033912.0,,,,,,,,,,0.0,2.416775703430176,2980.10009765625,,,,7812.0,,,,,2.706660032272339,,,""
13608028031,"Feb 12, 2025, 12:22:41 PM",Afternoon Trail Run,Run,,2884,5.49,167.0,11,false,,HOKA Hoka rakett,activities/14519397031.fit.gz,,,2884.0,2721.0,5491.2001953125,4.0,2.0180816650390625,111.0,128.0,107.80000305175781,207.1999969482422,21.374046325683594,-0.2768065333366394,,,83.0,73.14427947998047,167.0,145.0983123779297,,,446.0,,15.0,11.0,,,,,,,,,,,,,0.0,,1.0,5820.60009765625,,,,,,,,,,,,,,,,4806014.0,,,,,,,,,,0.0,1.904022216796875,2590.60009765625,,,,4382.0,,,,,2.1391401290893555,,,""
13632762625,"Feb 15, 2025, 11:17:05 AM",Lunch Trail Run,Run,,4455,10.47,184.0,54,false,,HOKA Hoka rakett,activities/14546452773.fit.gz,,,4455.0,4386.0,10469.5,4.940000057220459,2.387026786804199,359.0,349.0,145.8000030517578,307.6000061035156,34.88372039794922,-0.11079803109169006,,,94.0,78.17192077636719,184.0,162.65492248535156,,,827.0,,15.0,54.0,,,,,,,,,,,,,0.0,,1.0,12136.400390625,,,,,,,,,,,,,,,,4806014.0,,,,,,,,,,0.0,2.3500561714172363,7288.10009765625,,,,11366.0,,,,,2.7670769691467285,,,""
13642160078,"Feb 16, 2025, 11:48:49 AM",Lunch Trail Run,Run,,2629,5.90,176.0,18,false,,HOKA Hoka rakett,activities/14556759872.fit.gz,,,2629.0,2455.0,5904.7998046875,4.059999942779541,2.4052138328552246,136.0,132.0,134.60000610351562,207.8000030517578,43.29896926879883,0.054193198680877686,,,82.0,76.34799194335938,176.0,156.2196502685547,,,471.0,,13.0,18.0,,,,,,,,,,,,,0.0,,1.0,6356.89990234375,,,,,,,,,,,,,,,,4806014.0,,,,,,,,,,0.0,2.2460250854492188,1201.0,,,,6052.0,,,,,2.5893685817718506,,,""
13681405137,"Feb 20, 2025, 7:12:25 PM",Noen intervaller på mølla,Run,"",3436,4.90,189.0,25,false,,Saucony Peregrine 14 Terreng 2024,activities/14599698308.fit.gz,,,3436.0,3436.0,4899.990234375,4.179999828338623,1.4260740280151367,0.0,0.0,0.0,0.0,0.0,0.0,,,87.0,75.9482650756836,189.0,138.11233520507812,,,421.0,,28.0,25.0,,,,,,,,,,,0.0,,0.0,,1.0,4900.0,,,,,,,,,,,,,,,,21033912.0,,,,,,,,,,0.0,1.4260740280151367,0.0,,,,4528.0,,,,,,,,""
13687784889,"Feb 21, 2025, 3:38:57 PM",Afternoon Run,Run,"",1211,2.80,188.0,10,false,,Saucony Peregrine 14 Terreng 2024,activities/14606707450.fit.gz,,,1211.0,1211.0,2805.760009765625,3.299999952316284,2.3168952465057373,0.0,0.0,0.0,0.0,0.0,0.0,,,87.0,77.67467498779297,188.0,154.46572875976562,,,221.0,,27.0,10.0,,,,,,,,,,,0.0,,0.0,,1.0,2803.10009765625,,,,,,,,,,,,,,,,21033912.0,,,,,,,,,,0.0,2.3168952465057373,0.0,,,,2668.0,,,,,,,,""
13744446804,"Feb 27, 2025, 7:16:47 PM",Evening Run,Run,,1394,3.33,162.0,6,false,,Saucony Peregrine 14 Terreng 2024,activities/14668337982.fit.gz,,,1394.0,1394.0,3331.0,3.75,2.389526605606079,67.0,77.0,242.60000610351562,285.6000061035156,16.18497085571289,-0.2882017493247986,,,80.0,76.8500747680664,162.0,148.1685791015625,,,248.0,,19.0,6.0,,,,,,,,,,,,,0.0,,1.0,3511.39990234375,,,,,,,,,,,,,,,,21033912.0,,,,,,,,,,0.0,2.389526605606079,590.7000122070312,,,,3550.0,,,,,2.5189383029937744,,,""
13748530235,"Feb 28, 2025, 9:34:57 AM",Morning Run,Run,,957,2.86,167.0,4,false,,Saucony Peregrine 14 Terreng 2024,activities/14672751365.fit.gz,,,957.0,957.0,2865.300048828125,3.700000047683716,2.9940438270568848,0.0,0.0,0.0,0.0,0.0,0.0,,,86.0,79.23456573486328,167.0,150.0365753173828,,,176.0,,25.0,4.0,,,,,,,,,,,,,0.0,,1.0,2865.300048828125,,,,,,,,,,,,,,,,21033912.0,,,,,,,,,,0.0,2.9940438270568848,0.0,,,,2386.0,,,,,,,,""
13770343016,"Mar 2, 2025, 3:04:57 PM",Afternoon Run,Run,,1926,6.28,191.0,27,false,,Saucony Peregrine 14 Terreng 2024,activities/14696500850.fit.gz,,,1926.0,1864.0,6281.0400390625,4.239999771118164,3.369656562805176,0.0,0.0,0.0,0.0,0.0,0.0,,,91.0,81.79777526855469,191.0,164.14219665527344,,,379.0,,27.0,27.0,,,,,,,,,,,,,0.0,,1.0,6277.7998046875,,,,,,,,,,,,,,,,21033912.0,,,,,,,,,,0.0,3.261183738708496,0.0,,,,4810.0,,,,,,,,""
13770344540,"Mar 2, 2025, 3:41:15 PM",Afternoon Run,Run,,1045,2.80,176.0,12,false,,Saucony Peregrine 14 Terreng 2024,activities/14696502516.fit.gz,,,1045.0,1040.0,2801.0,3.575000047683716,2.6932692527770996,24.0,27.0,98.0,114.0,11.453744888305664,-0.1285255253314972,,,91.0,78.2326889038086,176.0,164.06442260742188,,,217.0,,25.0,12.0,,,,,,,,,,,,,0.0,,1.0,2853.39990234375,,,,,,,,,,,,,,,,21033912.0,,,,,,,,,,0.0,2.68038272857666,18.100000381469727,,,,2706.0,,,,,2.7436537742614746,,,""
13878911203,"Mar 14, 2025, 10:13:35 AM",Lunch Run,Run,"",2108,5.09,174.0,15,false,,Saucony Peregrine 14 Terreng 2024,activities/14813434944.fit.gz,,,2108.0,2103.0,5092.89990234375,6.800000190734863,2.4217307567596436,117.0,127.0,260.6000061035156,360.3999938964844,49.27536392211914,0.02356221340596676,,,96.0,75.89479064941406,174.0,154.540771484375,,,385.0,,18.0,15.0,,,,,,,,,,,0.0,,0.0,,1.0,5493.89990234375,,,,,,,,,,,,,,,,21033912.0,,,,,,,,,,0.0,2.4159867763519287,3203.800048828125,,,,5302.0,,,,,2.6124107837677,,,""
13944131718,"Mar 21, 2025, 10:42:01 AM",Lunch Run,Run,"",3613,9.72,189.0,61,false,,Saucony Peregrine 14 Terreng 2024,activities/14884191266.fit.gz,,,3613.0,3578.0,9723.5,4.066666603088379,2.7175796031951904,216.0,218.0,102.0,207.60000610351562,20.40816307067871,-0.10490050166845322,,,87.0,78.67101287841797,189.0,167.7820281982422,,,722.0,,21.0,61.0,,,,,,,,,,,0.0,,0.0,,1.0,10337.400390625,,,,,,,,,,,,,,,,21033912.0,,,,,,,,,,0.0,2.691253900527954,4235.2001953125,,,,9286.0,,,,,2.889155864715576,,,""
13955726311,"Mar 22, 2025, 2:58:48 PM",Afternoon Run,Run,,3152,6.02,169.0,11,false,,Saucony Peregrine 14 Terreng 2024,activities/14896657252.fit.gz,,,3152.0,2870.0,6020.2001953125,2.9111111164093018,2.097630739212036,72.0,119.0,123.0,213.1999969482422,12.935323715209961,-0.7740606665611267,,,80.0,74.9473648071289,169.0,143.42733764648438,,,444.0,,19.0,11.0,,,,,,,,,,,,,0.0,,1.0,6118.10009765625,,,,,,,,,,,,,,,,21033912.0,,,,,,,,,,0.0,1.9099619388580322,2736.5,,,,6678.0,,,,,2.131742238998413,,,""
13960515319,"Mar 23, 2025, 7:31:56 AM",Morning Run,Run,"",2268,5.53,,,false,,Saucony Peregrine 14 Terreng 2024,activities/13960515319.gpx,,,2268.0,2129.0,5531.2001953125,5.440000057220459,2.598027229309082,126.84899139404297,170.901611328125,100.30000305175781,210.0,21.538461685180664,-0.7647526860237122,,,,,,,,,499.1189270019531,,,,,,,,,,,,,,0.0,,0.0,,1.0,5887.2998046875,,,,,,,,,,,,,,,,21033912.0,,,,,,,,,,0.0,2.438800811767578,5179.7998046875,,,,,,,,,2.765288829803467,,,media/33aea36b-65c4-40e4-85d4-2ca7fb52749f.jpg|media/52cde035-77e5-455d-8a84-07fc1a8d83f4.jpg|media/17db8b77-c762-467e-b8bf-7bf294c1c51a.jpg|media/8433af5e-6601-445c-9f2e-208d0f2ec012.jpg|media/9f938509-2ac6-48e2-8dae-92dd7a739f29.jpg|media/2d0a8790-291b-427f-a9c5-0e2e531c31e8.jpg|media/67e27d61-3638-4b13-a3d2-b29236c72b87.jpg|media/64daac4f-63c7-4e43-ad7a-99441a227341.jpg|media/7defb4c5-f9c7-404b-be19-f4b480340bdf.jpg|media/2acfe3b4-fcd7-48bf-9fad-dc1ee98c70e5.jpg|media/bb35eabf-ed11-43c6-b207-477b0b258d76.jpg|media/1360fdd0-4fc9-4c90-8c1c-62d64d54fc9d.jpg|media/edb20329-10c4-4553-ba33-df031cf3a66e.jpg|media/ba252c5e-dacc-4181-b0c9-d1dcdbdf6c8c.jpg|media/bd928ca1-ed4e-4892-9a22-d2e40af4979a.jpg|media/79ea8434-640d-432c-89e4-bbb386628603.jpg|media/2dacc4c7-8162-405e-9c5f-331953e9dd56.jpg|media/6f22e754-d2f0-4c03-819c-58c97c94e2a3.jpg|media/f624c608-7637-48f4-9d80-019767b9a225.jpg|media/080748d1-7183-49b2-99bc-9d492733d727.jpg|media/5f210be3-74bc-4156-a57d-c82be0964908.jpg
13960625269,"Mar 23, 2025, 7:15:56 AM",Morning Trail Run,Run,,4429,11.02,189.0,51,false,,HOKA Hoka rakett,activities/14901999655.fit.gz,,,4429.0,4273.0,11026.5,5.320000171661377,2.580505609512329,275.0,280.0,102.80000305175781,220.60000610351562,33.68421173095703,-0.04171767830848694,,,86.0,78.24565124511719,189.0,162.4532012939453,,,840.0,,19.0,51.0,,,,,,,,,,,,,0.0,,1.0,11843.099609375,,,,,,,,,,,,,,,,4806014.0,,,,,,,,,,0.0,2.4896140098571777,5767.60009765625,,,,11134.0,,,,,2.7716124057769775,,,""
13976077597,"Mar 24, 2025, 7:07:15 PM",Evening Run,Run,,2377,6.69,178.0,17,false,,Saucony Peregrine 14 Terreng 2024,activities/14918579406.fit.gz,,,2377.0,2372.0,6691.7998046875,4.785714149475098,2.8211636543273926,121.0,129.0,99.80000305175781,204.8000030517578,17.674419403076172,-0.137481689453125,,,86.0,80.91624450683594,178.0,156.02322387695312,,,447.0,,17.0,17.0,,,,,,,,,,,,,0.0,,1.0,7071.5,,,,,,,,,,,,,,,,21033912.0,,,,,,,,,,0.0,2.8152291774749756,3134.0,,,,6396.0,,,,,2.9812395572662354,,,""
14002348275,"Mar 27, 2025, 1:54:30 PM",Afternoon Run,Run,"",1810,4.89,173.0,12,false,,Saucony Peregrine 14 Terreng 2024,activities/14946655155.fit.gz,,,1810.0,1764.0,4889.89990234375,3.9166667461395264,2.772052049636841,69.0,70.0,187.0,220.39999389648438,14.285714149475098,0.01636025309562683,,,87.0,80.02119445800781,173.0,155.47760009765625,,,347.0,,21.0,12.0,,,,,,,,,,,0.0,,0.0,,1.0,5063.10009765625,,,,,,,,,,,,,,,,21033912.0,,,,,,,,,,0.0,2.7016022205352783,1268.4000244140625,,,,4708.0,,,,,2.8702380657196045,,,""
14016889130,"Mar 29, 2025, 7:17:43 AM",Morning Trail Run,Run,"",2983,5.58,201.0,40,false,,HOKA Hoka rakett,activities/14962331672.fit.gz,,,2983.0,2956.0,5584.89990234375,4.119999885559082,1.8893437385559082,227.0,242.0,185.1999969482422,361.79998779296875,45.71428680419922,-0.21844616532325745,,,92.0,74.55117797851562,201.0,166.35250854492188,,,592.0,,18.0,40.0,,,,,,,,,,,0.0,,0.0,,1.0,6719.7001953125,,,,,,,,,,,,,,,,4806014.0,,,,,,,,,,0.0,1.8722426891326904,2090.800048828125,,,,6640.0,,,,,2.273240804672241,,,""
14037323877,"Mar 30, 2025, 2:29:34 PM",Afternoon Run,Run,"",1355,4.01,178.0,6,false,,Saucony Peregrine 14 Terreng 2024,activities/14984372133.fit.gz,,,1355.0,1355.0,4010.739990234375,4.688889026641846,2.9599556922912598,0.0,0.0,0.0,0.0,0.0,0.0,,,94.0,81.56653594970703,178.0,144.0804443359375,,,218.0,,27.0,6.0,,,,,,,,,,,0.0,,0.0,,1.0,4009.89990234375,,,,,,,,,,,,,,,,21033912.0,,,,,,,,,,0.0,2.9599556922912598,0.0,,,,2700.0,,,,,,,,""
14037328381,"Mar 31, 2025, 10:33:08 AM",Lunch Run,Run,,1740,4.59,181.0,13,false,,Saucony Peregrine 14 Terreng 2024,activities/14984376846.fit.gz,,,1740.0,1711.0,4598.7001953125,3.799999952316284,2.6877264976501465,104.0,105.0,106.4000015258789,206.39999389648438,41.66666793823242,-0.07393393665552139,,,84.0,78.81963348388672,181.0,155.77471923828125,,,329.0,,21.0,13.0,,,,,,,,,,,,,0.0,,1.0,4960.10009765625,,,,,,,,,,,,,,,,21033912.0,,,,,,,,,,0.0,2.6429309844970703,2216.800048828125,,,,4466.0,,,,,2.8989479541778564,,,""
14066786722,"Apr 3, 2025, 9:47:11 AM",Lunch Run,Run,,3478,9.08,179.0,39,false,,Saucony Peregrine 14 Terreng 2024,activities/15015647723.fit.gz,,,3478.0,3429.0,9081.900390625,3.866666555404663,2.6485564708709717,206.0,206.0,77.0,205.1999969482422,26.277372360229492,-0.03523491695523262,,,83.0,79.2225570678711,179.0,160.44674682617188,,,668.0,,24.0,39.0,,,,,,,,,,,,,0.0,,1.0,9657.900390625,,,,,,,,,,,,,,,,21033912.0,,,,,,,,,,0.0,2.6112420558929443,3186.199951171875,,,,8896.0,,,,,2.816535472869873,,,""
