name;station;date;rain_mm
Oslo - Blindern;SN18700;01.01.1960;9,1
Oslo - Blindern;SN18700;02.01.1960;11,4
Oslo - Blindern;SN18700;03.01.1960;0
Oslo - Blindern;SN18700;04.01.1960;0,8
Oslo - Blindern;SN18700;05.01.1960;3,5
Oslo - Blindern;SN18700;06.01.1960;2,6
Oslo - Blindern;SN18700;07.01.1960;0
Oslo - Blindern;SN18700;08.01.1960;0
Oslo - Blindern;SN18700;09.01.1960;0
Oslo - Blindern;SN18700;10.01.1960;0
Oslo - Blindern;SN18700;11.01.1960;0
Oslo - Blindern;SN18700;12.01.1960;0
Oslo - Blindern;SN18700;13.01.1960;0
Oslo - Blindern;SN18700;14.01.1960;0
Oslo - Blindern;SN18700;15.01.1960;0
Oslo - Blindern;SN18700;16.01.1960;0
Oslo - Blindern;SN18700;17.01.1960;0
Oslo - Blindern;SN18700;18.01.1960;0,9
Oslo - Blindern;SN18700;19.01.1960;0
Oslo - Blindern;SN18700;20.01.1960;0
Oslo - Blindern;SN18700;21.01.1960;0
Oslo - Blindern;SN18700;22.01.1960;0
Oslo - Blindern;SN18700;23.01.1960;12,3
Oslo - Blindern;SN18700;24.01.1960;11,1
Oslo - Blindern;SN18700;25.01.1960;14,7
Oslo - Blindern;SN18700;26.01.1960;3,2
Oslo - Blindern;SN18700;27.01.1960;0,6
Oslo - Blindern;SN18700;28.01.1960;0,8
Oslo - Blindern;SN18700;29.01.1960;0
Oslo - Blindern;SN18700;30.01.1960;0,7
Oslo - Blindern;SN18700;31.01.1960;0
Oslo - Blindern;SN18700;01.02.1960;0
Oslo - Blindern;SN18700;02.02.1960;0
Oslo - Blindern;SN18700;03.02.1960;0
Oslo - Blindern;SN18700;04.02.1960;0,4
Oslo - Blindern;SN18700;05.02.1960;3,5
Oslo - Blindern;SN18700;06.02.1960;3,3
Oslo - Blindern;SN18700;07.02.1960;0
Oslo - Blindern;SN18700;08.02.1960;0
Oslo - Blindern;SN18700;09.02.1960;0
Oslo - Blindern;SN18700;10.02.1960;0,1
Oslo - Blindern;SN18700;11.02.1960;0,1
Oslo - Blindern;SN18700;12.02.1960;0,3
Oslo - Blindern;SN18700;13.02.1960;0
Oslo - Blindern;SN18700;14.02.1960;0
Oslo - Blindern;SN18700;15.02.1960;0,7
Oslo - Blindern;SN18700;16.02.1960;1,7
Oslo - Blindern;SN18700;17.02.1960;0,4
Oslo - Blindern;SN18700;18.02.1960;0,2
Oslo - Blindern;SN18700;19.02.1960;0
Oslo - Blindern;SN18700;20.02.1960;2,3
Oslo - Blindern;SN18700;21.02.1960;4,4
Oslo - Blindern;SN18700;22.02.1960;0,7
Oslo - Blindern;SN18700;23.02.1960;0
Oslo - Blindern;SN18700;24.02.1960;0
Oslo - Blindern;SN18700;25.02.1960;0
Oslo - Blindern;SN18700;26.02.1960;0
Oslo - Blindern;SN18700;27.02.1960;0,1
Oslo - Blindern;SN18700;28.02.1960;4,9
Oslo - Blindern;SN18700;29.02.1960;4,5
Oslo - Blindern;SN18700;01.03.1960;11,8
Oslo - Blindern;SN18700;02.03.1960;4,6
Oslo - Blindern;SN18700;03.03.1960;2,1
Oslo - Blindern;SN18700;04.03.1960;8,8
Oslo - Blindern;SN18700;05.03.1960;0,7
Oslo - Blindern;SN18700;06.03.1960;0
Oslo - Blindern;SN18700;07.03.1960;0
Oslo - Blindern;SN18700;08.03.1960;0
Oslo - Blindern;SN18700;09.03.1960;0
Oslo - Blindern;SN18700;10.03.1960;0
Oslo - Blindern;SN18700;11.03.1960;0
Oslo - Blindern;SN18700;12.03.1960;0
Oslo - Blindern;SN18700;13.03.1960;1,6
Oslo - Blindern;SN18700;14.03.1960;0
Oslo - Blindern;SN18700;15.03.1960;0
Oslo - Blindern;SN18700;16.03.1960;0
Oslo - Blindern;SN18700;17.03.1960;0
Oslo - Blindern;SN18700;18.03.1960;0
Oslo - Blindern;SN18700;19.03.1960;0
Oslo - Blindern;SN18700;20.03.1960;0
Oslo - Blindern;SN18700;21.03.1960;0
Oslo - Blindern;SN18700;22.03.1960;0
Oslo - Blindern;SN18700;23.03.1960;0
Oslo - Blindern;SN18700;24.03.1960;0
Oslo - Blindern;SN18700;25.03.1960;0
Oslo - Blindern;SN18700;26.03.1960;0
Oslo - Blindern;SN18700;27.03.1960;0
Oslo - Blindern;SN18700;28.03.1960;0
Oslo - Blindern;SN18700;29.03.1960;0
Oslo - Blindern;SN18700;30.03.1960;0,1
Oslo - Blindern;SN18700;31.03.1960;0
Oslo - Blindern;SN18700;01.04.1960;0
Oslo - Blindern;SN18700;02.04.1960;0
Oslo - Blindern;SN18700;03.04.1960;0
Oslo - Blindern;SN18700;04.04.1960;0
Oslo - Blindern;SN18700;05.04.1960;0
Oslo - Blindern;SN18700;06.04.1960;0
Oslo - Blindern;SN18700;07.04.1960;0
Oslo - Blindern;SN18700;08.04.1960;0
Oslo - Blindern;SN18700;09.04.1960;0
Oslo - Blindern;SN18700;10.04.1960;0
Oslo - Blindern;SN18700;11.04.1960;0
Oslo - Blindern;SN18700;12.04.1960;0
Oslo - Blindern;SN18700;13.04.1960;4,3
Oslo - Blindern;SN18700;14.04.1960;17,3
Oslo - Blindern;SN18700;15.04.1960;0,1
Oslo - Blindern;SN18700;16.04.1960;0
Oslo - Blindern;SN18700;17.04.1960;0
Oslo - Blindern;SN18700;18.04.1960;0
Oslo - Blindern;SN18700;19.04.1960;0
Oslo - Blindern;SN18700;20.04.1960;0
Oslo - Blindern;SN18700;21.04.1960;0
Oslo - Blindern;SN18700;22.04.1960;0
Oslo - Blindern;SN18700;23.04.1960;0
Oslo - Blindern;SN18700;24.04.1960;0
Oslo - Blindern;SN18700;25.04.1960;0
Oslo - Blindern;SN18700;26.04.1960;0
Oslo - Blindern;SN18700;27.04.1960;0
Oslo - Blindern;SN18700;28.04.1960;0
Oslo - Blindern;SN18700;29.04.1960;0
Oslo - Blindern;SN18700;30.04.1960;0
Oslo - Blindern;SN18700;01.05.1960;0,7
Oslo - Blindern;SN18700;02.05.1960;0
Oslo - Blindern;SN18700;03.05.1960;0
Oslo - Blindern;SN18700;04.05.1960;0
Oslo - Blindern;SN18700;05.05.1960;0
Oslo - Blindern;SN18700;06.05.1960;2,5
Oslo - Blindern;SN18700;07.05.1960;0
Oslo - Blindern;SN18700;08.05.1960;0
Oslo - Blindern;SN18700;09.05.1960;0
Oslo - Blindern;SN18700;10.05.1960;0,8
Oslo - Blindern;SN18700;11.05.1960;0
Oslo - Blindern;SN18700;12.05.1960;0
Oslo - Blindern;SN18700;13.05.1960;0
Oslo - Blindern;SN18700;14.05.1960;0
Oslo - Blindern;SN18700;15.05.1960;0
Oslo - Blindern;SN18700;16.05.1960;0
Oslo - Blindern;SN18700;17.05.1960;0
Oslo - Blindern;SN18700;18.05.1960;0
Oslo - Blindern;SN18700;19.05.1960;0
Oslo - Blindern;SN18700;20.05.1960;0
Oslo - Blindern;SN18700;21.05.1960;1,1
Oslo - Blindern;SN18700;22.05.1960;0
Oslo - Blindern;SN18700;23.05.1960;0
Oslo - Blindern;SN18700;24.05.1960;0,1
Oslo - Blindern;SN18700;25.05.1960;9,8
Oslo - Blindern;SN18700;26.05.1960;0,8
Oslo - Blindern;SN18700;27.05.1960;0
Oslo - Blindern;SN18700;28.05.1960;2,8
Oslo - Blindern;SN18700;29.05.1960;0
Oslo - Blindern;SN18700;30.05.1960;0
Oslo - Blindern;SN18700;31.05.1960;0
Oslo - Blindern;SN18700;01.06.1960;16,9
Oslo - Blindern;SN18700;02.06.1960;0,2
Oslo - Blindern;SN18700;03.06.1960;0
Oslo - Blindern;SN18700;04.06.1960;0
Oslo - Blindern;SN18700;05.06.1960;0
Oslo - Blindern;SN18700;06.06.1960;0
Oslo - Blindern;SN18700;07.06.1960;0
Oslo - Blindern;SN18700;08.06.1960;3,7
Oslo - Blindern;SN18700;09.06.1960;4,7
Oslo - Blindern;SN18700;10.06.1960;10,3
Oslo - Blindern;SN18700;11.06.1960;0
Oslo - Blindern;SN18700;12.06.1960;2
Oslo - Blindern;SN18700;13.06.1960;6,7
Oslo - Blindern;SN18700;14.06.1960;0,1
Oslo - Blindern;SN18700;15.06.1960;2,2
Oslo - Blindern;SN18700;16.06.1960;3,6
Oslo - Blindern;SN18700;17.06.1960;0
Oslo - Blindern;SN18700;18.06.1960;0
Oslo - Blindern;SN18700;19.06.1960;0
Oslo - Blindern;SN18700;20.06.1960;0
Oslo - Blindern;SN18700;21.06.1960;0
Oslo - Blindern;SN18700;22.06.1960;0
Oslo - Blindern;SN18700;23.06.1960;0
Oslo - Blindern;SN18700;24.06.1960;0
Oslo - Blindern;SN18700;25.06.1960;0
Oslo - Blindern;SN18700;26.06.1960;0,1
Oslo - Blindern;SN18700;27.06.1960;0,9
Oslo - Blindern;SN18700;28.06.1960;17,9
Oslo - Blindern;SN18700;29.06.1960;29,8
Oslo - Blindern;SN18700;30.06.1960;7,6
Oslo - Blindern;SN18700;01.07.1960;1,3
Oslo - Blindern;SN18700;02.07.1960;0,6
Oslo - Blindern;SN18700;03.07.1960;0
Oslo - Blindern;SN18700;04.07.1960;0
Oslo - Blindern;SN18700;05.07.1960;7
Oslo - Blindern;SN18700;06.07.1960;0,3
Oslo - Blindern;SN18700;07.07.1960;3,2
Oslo - Blindern;SN18700;08.07.1960;13,2
Oslo - Blindern;SN18700;09.07.1960;5,3
Oslo - Blindern;SN18700;10.07.1960;14
Oslo - Blindern;SN18700;11.07.1960;1,2
Oslo - Blindern;SN18700;12.07.1960;14,2
Oslo - Blindern;SN18700;13.07.1960;5,1
Oslo - Blindern;SN18700;14.07.1960;0
Oslo - Blindern;SN18700;15.07.1960;6,5
Oslo - Blindern;SN18700;16.07.1960;0,3
Oslo - Blindern;SN18700;17.07.1960;45,6
Oslo - Blindern;SN18700;18.07.1960;3,4
Oslo - Blindern;SN18700;19.07.1960;28,6
Oslo - Blindern;SN18700;20.07.1960;3,9
Oslo - Blindern;SN18700;21.07.1960;0,8
Oslo - Blindern;SN18700;22.07.1960;2,6
Oslo - Blindern;SN18700;23.07.1960;14,5
Oslo - Blindern;SN18700;24.07.1960;0
Oslo - Blindern;SN18700;25.07.1960;0,4
Oslo - Blindern;SN18700;26.07.1960;0
Oslo - Blindern;SN18700;27.07.1960;4,1
Oslo - Blindern;SN18700;28.07.1960;0
Oslo - Blindern;SN18700;29.07.1960;3,9
Oslo - Blindern;SN18700;30.07.1960;0,2
Oslo - Blindern;SN18700;31.07.1960;0,9
Oslo - Blindern;SN18700;01.08.1960;28,5
Oslo - Blindern;SN18700;02.08.1960;0
Oslo - Blindern;SN18700;03.08.1960;14,2
Oslo - Blindern;SN18700;04.08.1960;0
Oslo - Blindern;SN18700;05.08.1960;0
Oslo - Blindern;SN18700;06.08.1960;0
Oslo - Blindern;SN18700;07.08.1960;0
Oslo - Blindern;SN18700;08.08.1960;0
Oslo - Blindern;SN18700;09.08.1960;0,5
Oslo - Blindern;SN18700;10.08.1960;7,3
Oslo - Blindern;SN18700;11.08.1960;4,2
Oslo - Blindern;SN18700;12.08.1960;2,4
Oslo - Blindern;SN18700;13.08.1960;3,4
Oslo - Blindern;SN18700;14.08.1960;9,7
Oslo - Blindern;SN18700;15.08.1960;0
Oslo - Blindern;SN18700;16.08.1960;0,1
Oslo - Blindern;SN18700;17.08.1960;0
Oslo - Blindern;SN18700;18.08.1960;0,5
Oslo - Blindern;SN18700;19.08.1960;0
Oslo - Blindern;SN18700;20.08.1960;0
Oslo - Blindern;SN18700;21.08.1960;0
Oslo - Blindern;SN18700;22.08.1960;5,2
Oslo - Blindern;SN18700;23.08.1960;23,6
Oslo - Blindern;SN18700;24.08.1960;0,9
Oslo - Blindern;SN18700;25.08.1960;9,6
Oslo - Blindern;SN18700;26.08.1960;8,5
Oslo - Blindern;SN18700;27.08.1960;0,8
Oslo - Blindern;SN18700;28.08.1960;0,6
Oslo - Blindern;SN18700;29.08.1960;0
Oslo - Blindern;SN18700;30.08.1960;21,2
Oslo - Blindern;SN18700;31.08.1960;2,4
Oslo - Blindern;SN18700;01.09.1960;0,4
Oslo - Blindern;SN18700;02.09.1960;1,5
Oslo - Blindern;SN18700;03.09.1960;0,1
Oslo - Blindern;SN18700;04.09.1960;0,1
Oslo - Blindern;SN18700;05.09.1960;2
Oslo - Blindern;SN18700;06.09.1960;2,3
Oslo - Blindern;SN18700;07.09.1960;0,8
Oslo - Blindern;SN18700;08.09.1960;0
Oslo - Blindern;SN18700;09.09.1960;0
Oslo - Blindern;SN18700;10.09.1960;0,9
Oslo - Blindern;SN18700;11.09.1960;0,1
Oslo - Blindern;SN18700;12.09.1960;0
Oslo - Blindern;SN18700;13.09.1960;0
Oslo - Blindern;SN18700;14.09.1960;0,1
Oslo - Blindern;SN18700;15.09.1960;0
Oslo - Blindern;SN18700;16.09.1960;0
Oslo - Blindern;SN18700;17.09.1960;0
Oslo - Blindern;SN18700;18.09.1960;0
Oslo - Blindern;SN18700;19.09.1960;0,6
Oslo - Blindern;SN18700;20.09.1960;8,3
Oslo - Blindern;SN18700;21.09.1960;1,3
Oslo - Blindern;SN18700;22.09.1960;2,5
Oslo - Blindern;SN18700;23.09.1960;20,8
Oslo - Blindern;SN18700;24.09.1960;2,5
Oslo - Blindern;SN18700;25.09.1960;0,1
Oslo - Blindern;SN18700;26.09.1960;0
Oslo - Blindern;SN18700;27.09.1960;0
Oslo - Blindern;SN18700;28.09.1960;0
Oslo - Blindern;SN18700;29.09.1960;0
Oslo - Blindern;SN18700;30.09.1960;0
Oslo - Blindern;SN18700;01.10.1960;0
Oslo - Blindern;SN18700;02.10.1960;0
Oslo - Blindern;SN18700;03.10.1960;0
Oslo - Blindern;SN18700;04.10.1960;0,7
Oslo - Blindern;SN18700;05.10.1960;8,5
Oslo - Blindern;SN18700;06.10.1960;14,5
Oslo - Blindern;SN18700;07.10.1960;0
Oslo - Blindern;SN18700;08.10.1960;0
Oslo - Blindern;SN18700;09.10.1960;3,8
Oslo - Blindern;SN18700;10.10.1960;19,5
Oslo - Blindern;SN18700;11.10.1960;24,8
Oslo - Blindern;SN18700;12.10.1960;2,1
Oslo - Blindern;SN18700;13.10.1960;3
Oslo - Blindern;SN18700;14.10.1960;0,2
Oslo - Blindern;SN18700;15.10.1960;0
Oslo - Blindern;SN18700;16.10.1960;0
Oslo - Blindern;SN18700;17.10.1960;0
Oslo - Blindern;SN18700;18.10.1960;0
Oslo - Blindern;SN18700;19.10.1960;0
Oslo - Blindern;SN18700;20.10.1960;0,3
Oslo - Blindern;SN18700;21.10.1960;0
Oslo - Blindern;SN18700;22.10.1960;0
Oslo - Blindern;SN18700;23.10.1960;0,4
Oslo - Blindern;SN18700;24.10.1960;0
Oslo - Blindern;SN18700;25.10.1960;0
Oslo - Blindern;SN18700;26.10.1960;0,1
Oslo - Blindern;SN18700;27.10.1960;0
Oslo - Blindern;SN18700;28.10.1960;0
Oslo - Blindern;SN18700;29.10.1960;0,1
Oslo - Blindern;SN18700;30.10.1960;0
Oslo - Blindern;SN18700;31.10.1960;0
Oslo - Blindern;SN18700;01.11.1960;0
Oslo - Blindern;SN18700;02.11.1960;4,8
Oslo - Blindern;SN18700;03.11.1960;16,4
Oslo - Blindern;SN18700;04.11.1960;16
Oslo - Blindern;SN18700;05.11.1960;8,6
Oslo - Blindern;SN18700;06.11.1960;11,6
Oslo - Blindern;SN18700;07.11.1960;0
Oslo - Blindern;SN18700;08.11.1960;0
Oslo - Blindern;SN18700;09.11.1960;0,9
Oslo - Blindern;SN18700;10.11.1960;2,7
Oslo - Blindern;SN18700;11.11.1960;0
Oslo - Blindern;SN18700;12.11.1960;2,3
Oslo - Blindern;SN18700;13.11.1960;1
Oslo - Blindern;SN18700;14.11.1960;3,2
Oslo - Blindern;SN18700;15.11.1960;0,4
Oslo - Blindern;SN18700;16.11.1960;3,2
Oslo - Blindern;SN18700;17.11.1960;5,4
Oslo - Blindern;SN18700;18.11.1960;3,7
Oslo - Blindern;SN18700;19.11.1960;0,1
Oslo - Blindern;SN18700;20.11.1960;1,7
Oslo - Blindern;SN18700;21.11.1960;0,1
Oslo - Blindern;SN18700;22.11.1960;0,2
Oslo - Blindern;SN18700;23.11.1960;6,8
Oslo - Blindern;SN18700;24.11.1960;7
Oslo - Blindern;SN18700;25.11.1960;11,8
Oslo - Blindern;SN18700;26.11.1960;22,3
Oslo - Blindern;SN18700;27.11.1960;1,1
Oslo - Blindern;SN18700;28.11.1960;0
Oslo - Blindern;SN18700;29.11.1960;0
Oslo - Blindern;SN18700;30.11.1960;0
Oslo - Blindern;SN18700;01.12.1960;2
Oslo - Blindern;SN18700;02.12.1960;0,1
Oslo - Blindern;SN18700;03.12.1960;3,8
Oslo - Blindern;SN18700;04.12.1960;13,8
Oslo - Blindern;SN18700;05.12.1960;0,6
Oslo - Blindern;SN18700;06.12.1960;0
Oslo - Blindern;SN18700;07.12.1960;0
Oslo - Blindern;SN18700;08.12.1960;0
Oslo - Blindern;SN18700;09.12.1960;0
Oslo - Blindern;SN18700;10.12.1960;0
Oslo - Blindern;SN18700;11.12.1960;0,2
Oslo - Blindern;SN18700;12.12.1960;2,3
Oslo - Blindern;SN18700;13.12.1960;0
Oslo - Blindern;SN18700;14.12.1960;0
Oslo - Blindern;SN18700;15.12.1960;0
Oslo - Blindern;SN18700;16.12.1960;0
Oslo - Blindern;SN18700;17.12.1960;1,9
Oslo - Blindern;SN18700;18.12.1960;0
Oslo - Blindern;SN18700;19.12.1960;4,1
Oslo - Blindern;SN18700;20.12.1960;1,1
Oslo - Blindern;SN18700;21.12.1960;0,5
Oslo - Blindern;SN18700;22.12.1960;0,5
Oslo - Blindern;SN18700;23.12.1960;0
Oslo - Blindern;SN18700;24.12.1960;3,9
Oslo - Blindern;SN18700;25.12.1960;0,3
Oslo - Blindern;SN18700;26.12.1960;3,6
Oslo - Blindern;SN18700;27.12.1960;16,4
Oslo - Blindern;SN18700;28.12.1960;5,6
Oslo - Blindern;SN18700;29.12.1960;3,8
Oslo - Blindern;SN18700;30.12.1960;0,2
Oslo - Blindern;SN18700;31.12.1960;0,1
Oslo - Blindern;SN18700;01.01.1961;0,9
Oslo - Blindern;SN18700;02.01.1961;0,3
Oslo - Blindern;SN18700;03.01.1961;0,6
Oslo - Blindern;SN18700;04.01.1961;9,2
Oslo - Blindern;SN18700;05.01.1961;7,9
Oslo - Blindern;SN18700;06.01.1961;3,8
Oslo - Blindern;SN18700;07.01.1961;0
Oslo - Blindern;SN18700;08.01.1961;0
Oslo - Blindern;SN18700;09.01.1961;1,5
Oslo - Blindern;SN18700;10.01.1961;2,3
Oslo - Blindern;SN18700;11.01.1961;0
Oslo - Blindern;SN18700;12.01.1961;0
Oslo - Blindern;SN18700;13.01.1961;8,9
Oslo - Blindern;SN18700;14.01.1961;0
Oslo - Blindern;SN18700;15.01.1961;0
Oslo - Blindern;SN18700;16.01.1961;0
Oslo - Blindern;SN18700;17.01.1961;0
Oslo - Blindern;SN18700;18.01.1961;0,1
Oslo - Blindern;SN18700;19.01.1961;0
Oslo - Blindern;SN18700;20.01.1961;0,1
Oslo - Blindern;SN18700;21.01.1961;0
Oslo - Blindern;SN18700;22.01.1961;0
Oslo - Blindern;SN18700;23.01.1961;0,2
Oslo - Blindern;SN18700;24.01.1961;0,1
Oslo - Blindern;SN18700;25.01.1961;0,1
Oslo - Blindern;SN18700;26.01.1961;0
Oslo - Blindern;SN18700;27.01.1961;0
Oslo - Blindern;SN18700;28.01.1961;2,7
Oslo - Blindern;SN18700;29.01.1961;4,7
Oslo - Blindern;SN18700;30.01.1961;7,2
Oslo - Blindern;SN18700;31.01.1961;0
Oslo - Blindern;SN18700;01.02.1961;0
Oslo - Blindern;SN18700;02.02.1961;0
Oslo - Blindern;SN18700;03.02.1961;0
Oslo - Blindern;SN18700;04.02.1961;0,1
Oslo - Blindern;SN18700;05.02.1961;0
Oslo - Blindern;SN18700;06.02.1961;4
Oslo - Blindern;SN18700;07.02.1961;18,3
Oslo - Blindern;SN18700;08.02.1961;0
Oslo - Blindern;SN18700;09.02.1961;1,8
Oslo - Blindern;SN18700;10.02.1961;0,5
Oslo - Blindern;SN18700;11.02.1961;2
Oslo - Blindern;SN18700;12.02.1961;0
Oslo - Blindern;SN18700;13.02.1961;0
Oslo - Blindern;SN18700;14.02.1961;2,6
Oslo - Blindern;SN18700;15.02.1961;0
Oslo - Blindern;SN18700;16.02.1961;0
Oslo - Blindern;SN18700;17.02.1961;0,1
Oslo - Blindern;SN18700;18.02.1961;0,3
Oslo - Blindern;SN18700;19.02.1961;0,2
Oslo - Blindern;SN18700;20.02.1961;0
Oslo - Blindern;SN18700;21.02.1961;0
Oslo - Blindern;SN18700;22.02.1961;0
Oslo - Blindern;SN18700;23.02.1961;0,2
Oslo - Blindern;SN18700;24.02.1961;0
Oslo - Blindern;SN18700;25.02.1961;2
Oslo - Blindern;SN18700;26.02.1961;6,6
Oslo - Blindern;SN18700;27.02.1961;2,3
Oslo - Blindern;SN18700;28.02.1961;0
Oslo - Blindern;SN18700;01.03.1961;0
Oslo - Blindern;SN18700;02.03.1961;0
Oslo - Blindern;SN18700;03.03.1961;3
Oslo - Blindern;SN18700;04.03.1961;0
Oslo - Blindern;SN18700;05.03.1961;0
Oslo - Blindern;SN18700;06.03.1961;0
Oslo - Blindern;SN18700;07.03.1961;0
Oslo - Blindern;SN18700;08.03.1961;0
Oslo - Blindern;SN18700;09.03.1961;0
Oslo - Blindern;SN18700;10.03.1961;0
Oslo - Blindern;SN18700;11.03.1961;0,3
Oslo - Blindern;SN18700;12.03.1961;0
Oslo - Blindern;SN18700;13.03.1961;0
Oslo - Blindern;SN18700;14.03.1961;0
Oslo - Blindern;SN18700;15.03.1961;0
Oslo - Blindern;SN18700;16.03.1961;0
Oslo - Blindern;SN18700;17.03.1961;0
Oslo - Blindern;SN18700;18.03.1961;6,5
Oslo - Blindern;SN18700;19.03.1961;0
Oslo - Blindern;SN18700;20.03.1961;0
Oslo - Blindern;SN18700;21.03.1961;9,8
Oslo - Blindern;SN18700;22.03.1961;1,9
Oslo - Blindern;SN18700;23.03.1961;0
Oslo - Blindern;SN18700;24.03.1961;0
Oslo - Blindern;SN18700;25.03.1961;0
Oslo - Blindern;SN18700;26.03.1961;0
Oslo - Blindern;SN18700;27.03.1961;0
Oslo - Blindern;SN18700;28.03.1961;0
Oslo - Blindern;SN18700;29.03.1961;0
Oslo - Blindern;SN18700;30.03.1961;12,5
Oslo - Blindern;SN18700;31.03.1961;0
Oslo - Blindern;SN18700;01.04.1961;0
Oslo - Blindern;SN18700;02.04.1961;0
Oslo - Blindern;SN18700;03.04.1961;1,6
Oslo - Blindern;SN18700;04.04.1961;0
Oslo - Blindern;SN18700;05.04.1961;0
Oslo - Blindern;SN18700;06.04.1961;1,4
Oslo - Blindern;SN18700;07.04.1961;4,7
Oslo - Blindern;SN18700;08.04.1961;0
Oslo - Blindern;SN18700;09.04.1961;0
Oslo - Blindern;SN18700;10.04.1961;0
Oslo - Blindern;SN18700;11.04.1961;0
Oslo - Blindern;SN18700;12.04.1961;0,1
Oslo - Blindern;SN18700;13.04.1961;7,3
Oslo - Blindern;SN18700;14.04.1961;1,7
Oslo - Blindern;SN18700;15.04.1961;1
Oslo - Blindern;SN18700;16.04.1961;0
Oslo - Blindern;SN18700;17.04.1961;0
Oslo - Blindern;SN18700;18.04.1961;0
Oslo - Blindern;SN18700;19.04.1961;0
Oslo - Blindern;SN18700;20.04.1961;0
Oslo - Blindern;SN18700;21.04.1961;0
Oslo - Blindern;SN18700;22.04.1961;0
Oslo - Blindern;SN18700;23.04.1961;0
Oslo - Blindern;SN18700;24.04.1961;0
Oslo - Blindern;SN18700;25.04.1961;0
Oslo - Blindern;SN18700;26.04.1961;0
Oslo - Blindern;SN18700;27.04.1961;0
Oslo - Blindern;SN18700;28.04.1961;0
Oslo - Blindern;SN18700;29.04.1961;0
Oslo - Blindern;SN18700;30.04.1961;0
Oslo - Blindern;SN18700;01.05.1961;0
Oslo - Blindern;SN18700;02.05.1961;0,3
Oslo - Blindern;SN18700;03.05.1961;0
Oslo - Blindern;SN18700;04.05.1961;6,5
Oslo - Blindern;SN18700;05.05.1961;0,1
Oslo - Blindern;SN18700;06.05.1961;16,5
Oslo - Blindern;SN18700;07.05.1961;0,1
Oslo - Blindern;SN18700;08.05.1961;2,1
Oslo - Blindern;SN18700;09.05.1961;2,4
Oslo - Blindern;SN18700;10.05.1961;0
Oslo - Blindern;SN18700;11.05.1961;0
Oslo - Blindern;SN18700;12.05.1961;0
Oslo - Blindern;SN18700;13.05.1961;0
Oslo - Blindern;SN18700;14.05.1961;0,9
Oslo - Blindern;SN18700;15.05.1961;0
Oslo - Blindern;SN18700;16.05.1961;0
Oslo - Blindern;SN18700;17.05.1961;0
Oslo - Blindern;SN18700;18.05.1961;0
Oslo - Blindern;SN18700;19.05.1961;3,8
Oslo - Blindern;SN18700;20.05.1961;3
Oslo - Blindern;SN18700;21.05.1961;0
Oslo - Blindern;SN18700;22.05.1961;0
Oslo - Blindern;SN18700;23.05.1961;0
Oslo - Blindern;SN18700;24.05.1961;0
Oslo - Blindern;SN18700;25.05.1961;0
Oslo - Blindern;SN18700;26.05.1961;0
Oslo - Blindern;SN18700;27.05.1961;0
Oslo - Blindern;SN18700;28.05.1961;1,1
Oslo - Blindern;SN18700;29.05.1961;1,2
Oslo - Blindern;SN18700;30.05.1961;1,6
Oslo - Blindern;SN18700;31.05.1961;0,2
Oslo - Blindern;SN18700;01.06.1961;2,1
Oslo - Blindern;SN18700;02.06.1961;11,3
Oslo - Blindern;SN18700;03.06.1961;0
Oslo - Blindern;SN18700;04.06.1961;0
Oslo - Blindern;SN18700;05.06.1961;0
Oslo - Blindern;SN18700;06.06.1961;0
Oslo - Blindern;SN18700;07.06.1961;0
Oslo - Blindern;SN18700;08.06.1961;0,1
Oslo - Blindern;SN18700;09.06.1961;26,3
Oslo - Blindern;SN18700;10.06.1961;0
Oslo - Blindern;SN18700;11.06.1961;0
Oslo - Blindern;SN18700;12.06.1961;0
Oslo - Blindern;SN18700;13.06.1961;0
Oslo - Blindern;SN18700;14.06.1961;9,3
Oslo - Blindern;SN18700;15.06.1961;0,1
Oslo - Blindern;SN18700;16.06.1961;0
Oslo - Blindern;SN18700;17.06.1961;0
Oslo - Blindern;SN18700;18.06.1961;7,1
Oslo - Blindern;SN18700;19.06.1961;0
Oslo - Blindern;SN18700;20.06.1961;0
Oslo - Blindern;SN18700;21.06.1961;0
Oslo - Blindern;SN18700;22.06.1961;0,2
Oslo - Blindern;SN18700;23.06.1961;7,7
Oslo - Blindern;SN18700;24.06.1961;1,1
Oslo - Blindern;SN18700;25.06.1961;0
Oslo - Blindern;SN18700;26.06.1961;0
Oslo - Blindern;SN18700;27.06.1961;0
Oslo - Blindern;SN18700;28.06.1961;0,5
Oslo - Blindern;SN18700;29.06.1961;0
Oslo - Blindern;SN18700;30.06.1961;0
Oslo - Blindern;SN18700;01.07.1961;0
Oslo - Blindern;SN18700;02.07.1961;0
Oslo - Blindern;SN18700;03.07.1961;0,6
Oslo - Blindern;SN18700;04.07.1961;0,3
Oslo - Blindern;SN18700;05.07.1961;2,1
Oslo - Blindern;SN18700;06.07.1961;0
Oslo - Blindern;SN18700;07.07.1961;0
Oslo - Blindern;SN18700;08.07.1961;0
Oslo - Blindern;SN18700;09.07.1961;0,7
Oslo - Blindern;SN18700;10.07.1961;5,3
Oslo - Blindern;SN18700;11.07.1961;2,6
Oslo - Blindern;SN18700;12.07.1961;0,1
Oslo - Blindern;SN18700;13.07.1961;0
Oslo - Blindern;SN18700;14.07.1961;0
Oslo - Blindern;SN18700;15.07.1961;6,3
Oslo - Blindern;SN18700;16.07.1961;0
Oslo - Blindern;SN18700;17.07.1961;0
Oslo - Blindern;SN18700;18.07.1961;10,9
Oslo - Blindern;SN18700;19.07.1961;6,5
Oslo - Blindern;SN18700;20.07.1961;2,1
Oslo - Blindern;SN18700;21.07.1961;0
Oslo - Blindern;SN18700;22.07.1961;1,3
Oslo - Blindern;SN18700;23.07.1961;0
Oslo - Blindern;SN18700;24.07.1961;0,8
Oslo - Blindern;SN18700;25.07.1961;0
Oslo - Blindern;SN18700;26.07.1961;0,1
Oslo - Blindern;SN18700;27.07.1961;9
Oslo - Blindern;SN18700;28.07.1961;1,7
Oslo - Blindern;SN18700;29.07.1961;13
Oslo - Blindern;SN18700;30.07.1961;0
Oslo - Blindern;SN18700;31.07.1961;0
Oslo - Blindern;SN18700;01.08.1961;0
Oslo - Blindern;SN18700;02.08.1961;0,6
Oslo - Blindern;SN18700;03.08.1961;1,1
Oslo - Blindern;SN18700;04.08.1961;6,2
Oslo - Blindern;SN18700;05.08.1961;6,8
Oslo - Blindern;SN18700;06.08.1961;0,9
Oslo - Blindern;SN18700;07.08.1961;0
Oslo - Blindern;SN18700;08.08.1961;0
Oslo - Blindern;SN18700;09.08.1961;1,3
Oslo - Blindern;SN18700;10.08.1961;3,8
Oslo - Blindern;SN18700;11.08.1961;0,3
Oslo - Blindern;SN18700;12.08.1961;0
Oslo - Blindern;SN18700;13.08.1961;0,9
Oslo - Blindern;SN18700;14.08.1961;0
Oslo - Blindern;SN18700;15.08.1961;14,8
Oslo - Blindern;SN18700;16.08.1961;16,5
Oslo - Blindern;SN18700;17.08.1961;4,3
Oslo - Blindern;SN18700;18.08.1961;0,2
Oslo - Blindern;SN18700;19.08.1961;0,7
Oslo - Blindern;SN18700;20.08.1961;0
Oslo - Blindern;SN18700;21.08.1961;0
Oslo - Blindern;SN18700;22.08.1961;3
Oslo - Blindern;SN18700;23.08.1961;0
Oslo - Blindern;SN18700;24.08.1961;0
Oslo - Blindern;SN18700;25.08.1961;0
Oslo - Blindern;SN18700;26.08.1961;0
Oslo - Blindern;SN18700;27.08.1961;5
Oslo - Blindern;SN18700;28.08.1961;0,6
Oslo - Blindern;SN18700;29.08.1961;0
Oslo - Blindern;SN18700;30.08.1961;0
Oslo - Blindern;SN18700;31.08.1961;0
Oslo - Blindern;SN18700;01.09.1961;1
Oslo - Blindern;SN18700;02.09.1961;0
Oslo - Blindern;SN18700;03.09.1961;0,5
Oslo - Blindern;SN18700;04.09.1961;0
Oslo - Blindern;SN18700;05.09.1961;0
Oslo - Blindern;SN18700;06.09.1961;24
Oslo - Blindern;SN18700;07.09.1961;5,1
Oslo - Blindern;SN18700;08.09.1961;0
Oslo - Blindern;SN18700;09.09.1961;0
Oslo - Blindern;SN18700;10.09.1961;0
Oslo - Blindern;SN18700;11.09.1961;2
Oslo - Blindern;SN18700;12.09.1961;2
Oslo - Blindern;SN18700;13.09.1961;4
Oslo - Blindern;SN18700;14.09.1961;17,2
Oslo - Blindern;SN18700;15.09.1961;1,4
Oslo - Blindern;SN18700;16.09.1961;2,3
Oslo - Blindern;SN18700;17.09.1961;0,2
Oslo - Blindern;SN18700;18.09.1961;0
Oslo - Blindern;SN18700;19.09.1961;0
Oslo - Blindern;SN18700;20.09.1961;0
Oslo - Blindern;SN18700;21.09.1961;0
Oslo - Blindern;SN18700;22.09.1961;0
Oslo - Blindern;SN18700;23.09.1961;0
Oslo - Blindern;SN18700;24.09.1961;0,4
Oslo - Blindern;SN18700;25.09.1961;12,7
Oslo - Blindern;SN18700;26.09.1961;0,2
Oslo - Blindern;SN18700;27.09.1961;0,2
Oslo - Blindern;SN18700;28.09.1961;7
Oslo - Blindern;SN18700;29.09.1961;14,9
Oslo - Blindern;SN18700;30.09.1961;19,6
Oslo - Blindern;SN18700;01.10.1961;0
Oslo - Blindern;SN18700;02.10.1961;0
Oslo - Blindern;SN18700;03.10.1961;0
Oslo - Blindern;SN18700;04.10.1961;0
Oslo - Blindern;SN18700;05.10.1961;0
Oslo - Blindern;SN18700;06.10.1961;0
Oslo - Blindern;SN18700;07.10.1961;0
Oslo - Blindern;SN18700;08.10.1961;0
Oslo - Blindern;SN18700;09.10.1961;10,3
Oslo - Blindern;SN18700;10.10.1961;12,9
Oslo - Blindern;SN18700;11.10.1961;12,7
Oslo - Blindern;SN18700;12.10.1961;5,7
Oslo - Blindern;SN18700;13.10.1961;0
Oslo - Blindern;SN18700;14.10.1961;0
Oslo - Blindern;SN18700;15.10.1961;0
Oslo - Blindern;SN18700;16.10.1961;0
Oslo - Blindern;SN18700;17.10.1961;6,7
Oslo - Blindern;SN18700;18.10.1961;3,6
Oslo - Blindern;SN18700;19.10.1961;6,3
Oslo - Blindern;SN18700;20.10.1961;18,8
Oslo - Blindern;SN18700;21.10.1961;0,4
Oslo - Blindern;SN18700;22.10.1961;3,7
Oslo - Blindern;SN18700;23.10.1961;3,7
Oslo - Blindern;SN18700;24.10.1961;8,4
Oslo - Blindern;SN18700;25.10.1961;7,9
Oslo - Blindern;SN18700;26.10.1961;7,2
Oslo - Blindern;SN18700;27.10.1961;11,1
Oslo - Blindern;SN18700;28.10.1961;8,1
Oslo - Blindern;SN18700;29.10.1961;29,3
Oslo - Blindern;SN18700;30.10.1961;0,2
Oslo - Blindern;SN18700;31.10.1961;6
Oslo - Blindern;SN18700;01.11.1961;0
Oslo - Blindern;SN18700;02.11.1961;6,5
Oslo - Blindern;SN18700;03.11.1961;7,9
Oslo - Blindern;SN18700;04.11.1961;0,1
Oslo - Blindern;SN18700;05.11.1961;0
Oslo - Blindern;SN18700;06.11.1961;0
Oslo - Blindern;SN18700;07.11.1961;0
Oslo - Blindern;SN18700;08.11.1961;5,4
Oslo - Blindern;SN18700;09.11.1961;5,2
Oslo - Blindern;SN18700;10.11.1961;10
Oslo - Blindern;SN18700;11.11.1961;20,4
Oslo - Blindern;SN18700;12.11.1961;13,4
Oslo - Blindern;SN18700;13.11.1961;2,3
Oslo - Blindern;SN18700;14.11.1961;0
Oslo - Blindern;SN18700;15.11.1961;0
Oslo - Blindern;SN18700;16.11.1961;0
Oslo - Blindern;SN18700;17.11.1961;0
Oslo - Blindern;SN18700;18.11.1961;0
Oslo - Blindern;SN18700;19.11.1961;0
Oslo - Blindern;SN18700;20.11.1961;0
Oslo - Blindern;SN18700;21.11.1961;0
Oslo - Blindern;SN18700;22.11.1961;0
Oslo - Blindern;SN18700;23.11.1961;0,2
Oslo - Blindern;SN18700;24.11.1961;2,8
Oslo - Blindern;SN18700;25.11.1961;0
Oslo - Blindern;SN18700;26.11.1961;0,7
Oslo - Blindern;SN18700;27.11.1961;0
Oslo - Blindern;SN18700;28.11.1961;0
Oslo - Blindern;SN18700;29.11.1961;0,6
Oslo - Blindern;SN18700;30.11.1961;14,8
Oslo - Blindern;SN18700;01.12.1961;0
Oslo - Blindern;SN18700;02.12.1961;0
Oslo - Blindern;SN18700;03.12.1961;0,1
Oslo - Blindern;SN18700;04.12.1961;3,1
Oslo - Blindern;SN18700;05.12.1961;0
Oslo - Blindern;SN18700;06.12.1961;9,9
Oslo - Blindern;SN18700;07.12.1961;0,5
Oslo - Blindern;SN18700;08.12.1961;0
Oslo - Blindern;SN18700;09.12.1961;0
Oslo - Blindern;SN18700;10.12.1961;0
Oslo - Blindern;SN18700;11.12.1961;0
Oslo - Blindern;SN18700;12.12.1961;0
Oslo - Blindern;SN18700;13.12.1961;0
Oslo - Blindern;SN18700;14.12.1961;0,3
Oslo - Blindern;SN18700;15.12.1961;0,4
Oslo - Blindern;SN18700;16.12.1961;0,1
Oslo - Blindern;SN18700;17.12.1961;0
Oslo - Blindern;SN18700;18.12.1961;0
Oslo - Blindern;SN18700;19.12.1961;0
Oslo - Blindern;SN18700;20.12.1961;0
Oslo - Blindern;SN18700;21.12.1961;0
Oslo - Blindern;SN18700;22.12.1961;0
Oslo - Blindern;SN18700;23.12.1961;0
Oslo - Blindern;SN18700;24.12.1961;0
Oslo - Blindern;SN18700;25.12.1961;0
Oslo - Blindern;SN18700;26.12.1961;0
Oslo - Blindern;SN18700;27.12.1961;0
Oslo - Blindern;SN18700;28.12.1961;0
Oslo - Blindern;SN18700;29.12.1961;5,1
Oslo - Blindern;SN18700;30.12.1961;6,7
Oslo - Blindern;SN18700;31.12.1961;10,3
Oslo - Blindern;SN18700;01.01.1962;2,8
Oslo - Blindern;SN18700;02.01.1962;0
Oslo - Blindern;SN18700;03.01.1962;0
Oslo - Blindern;SN18700;04.01.1962;0
Oslo - Blindern;SN18700;05.01.1962;0
Oslo - Blindern;SN18700;06.01.1962;0
Oslo - Blindern;SN18700;07.01.1962;0
Oslo - Blindern;SN18700;08.01.1962;4
Oslo - Blindern;SN18700;09.01.1962;2,8
Oslo - Blindern;SN18700;10.01.1962;6,7
Oslo - Blindern;SN18700;11.01.1962;9,2
Oslo - Blindern;SN18700;12.01.1962;10,2
Oslo - Blindern;SN18700;13.01.1962;0,1
Oslo - Blindern;SN18700;14.01.1962;0
Oslo - Blindern;SN18700;15.01.1962;0
Oslo - Blindern;SN18700;16.01.1962;1,9
Oslo - Blindern;SN18700;17.01.1962;9,8
Oslo - Blindern;SN18700;18.01.1962;0,3
Oslo - Blindern;SN18700;19.01.1962;0
Oslo - Blindern;SN18700;20.01.1962;1,1
Oslo - Blindern;SN18700;21.01.1962;1,7
Oslo - Blindern;SN18700;22.01.1962;5,5
Oslo - Blindern;SN18700;23.01.1962;0,8
Oslo - Blindern;SN18700;24.01.1962;0
Oslo - Blindern;SN18700;25.01.1962;0
Oslo - Blindern;SN18700;26.01.1962;0
Oslo - Blindern;SN18700;27.01.1962;3,2
Oslo - Blindern;SN18700;28.01.1962;0
Oslo - Blindern;SN18700;29.01.1962;0
Oslo - Blindern;SN18700;30.01.1962;0
Oslo - Blindern;SN18700;31.01.1962;0
Oslo - Blindern;SN18700;01.02.1962;13
Oslo - Blindern;SN18700;02.02.1962;2,5
Oslo - Blindern;SN18700;03.02.1962;0,1
Oslo - Blindern;SN18700;04.02.1962;6
Oslo - Blindern;SN18700;05.02.1962;0,3
Oslo - Blindern;SN18700;06.02.1962;3,7
Oslo - Blindern;SN18700;07.02.1962;3,8
Oslo - Blindern;SN18700;08.02.1962;10,2
Oslo - Blindern;SN18700;09.02.1962;0
Oslo - Blindern;SN18700;10.02.1962;0,2
Oslo - Blindern;SN18700;11.02.1962;0
Oslo - Blindern;SN18700;12.02.1962;2,3
Oslo - Blindern;SN18700;13.02.1962;0,2
Oslo - Blindern;SN18700;14.02.1962;0
Oslo - Blindern;SN18700;15.02.1962;0
Oslo - Blindern;SN18700;16.02.1962;5
Oslo - Blindern;SN18700;17.02.1962;0,1
Oslo - Blindern;SN18700;18.02.1962;0
Oslo - Blindern;SN18700;19.02.1962;1,3
Oslo - Blindern;SN18700;20.02.1962;0
Oslo - Blindern;SN18700;21.02.1962;0
Oslo - Blindern;SN18700;22.02.1962;0
Oslo - Blindern;SN18700;23.02.1962;0
Oslo - Blindern;SN18700;24.02.1962;0
Oslo - Blindern;SN18700;25.02.1962;0
Oslo - Blindern;SN18700;26.02.1962;0
Oslo - Blindern;SN18700;27.02.1962;0
Oslo - Blindern;SN18700;28.02.1962;0
Oslo - Blindern;SN18700;01.03.1962;0
Oslo - Blindern;SN18700;02.03.1962;1,4
Oslo - Blindern;SN18700;03.03.1962;5,8
Oslo - Blindern;SN18700;04.03.1962;1,9
Oslo - Blindern;SN18700;05.03.1962;0
Oslo - Blindern;SN18700;06.03.1962;0
Oslo - Blindern;SN18700;07.03.1962;0
Oslo - Blindern;SN18700;08.03.1962;1,2
Oslo - Blindern;SN18700;09.03.1962;0
Oslo - Blindern;SN18700;10.03.1962;6,3
Oslo - Blindern;SN18700;11.03.1962;4,3
Oslo - Blindern;SN18700;12.03.1962;0
Oslo - Blindern;SN18700;13.03.1962;0
Oslo - Blindern;SN18700;14.03.1962;0
Oslo - Blindern;SN18700;15.03.1962;0
Oslo - Blindern;SN18700;16.03.1962;0
Oslo - Blindern;SN18700;17.03.1962;0
Oslo - Blindern;SN18700;18.03.1962;0
Oslo - Blindern;SN18700;19.03.1962;0
Oslo - Blindern;SN18700;20.03.1962;0
Oslo - Blindern;SN18700;21.03.1962;0
Oslo - Blindern;SN18700;22.03.1962;0
Oslo - Blindern;SN18700;23.03.1962;0
Oslo - Blindern;SN18700;24.03.1962;0
Oslo - Blindern;SN18700;25.03.1962;0
Oslo - Blindern;SN18700;26.03.1962;0
Oslo - Blindern;SN18700;27.03.1962;2
Oslo - Blindern;SN18700;28.03.1962;0
Oslo - Blindern;SN18700;29.03.1962;0
Oslo - Blindern;SN18700;30.03.1962;0
Oslo - Blindern;SN18700;31.03.1962;9,7
Oslo - Blindern;SN18700;01.04.1962;16
Oslo - Blindern;SN18700;02.04.1962;5
Oslo - Blindern;SN18700;03.04.1962;2,2
Oslo - Blindern;SN18700;04.04.1962;15,6
Oslo - Blindern;SN18700;05.04.1962;0
Oslo - Blindern;SN18700;06.04.1962;0
Oslo - Blindern;SN18700;07.04.1962;0
Oslo - Blindern;SN18700;08.04.1962;0,2
Oslo - Blindern;SN18700;09.04.1962;0,8
Oslo - Blindern;SN18700;10.04.1962;0
Oslo - Blindern;SN18700;11.04.1962;1,4
Oslo - Blindern;SN18700;12.04.1962;7,3
Oslo - Blindern;SN18700;13.04.1962;0,3
Oslo - Blindern;SN18700;14.04.1962;0
Oslo - Blindern;SN18700;15.04.1962;0
Oslo - Blindern;SN18700;16.04.1962;0
Oslo - Blindern;SN18700;17.04.1962;0
Oslo - Blindern;SN18700;18.04.1962;0,5
Oslo - Blindern;SN18700;19.04.1962;0
Oslo - Blindern;SN18700;20.04.1962;0
Oslo - Blindern;SN18700;21.04.1962;0,2
Oslo - Blindern;SN18700;22.04.1962;3,4
Oslo - Blindern;SN18700;23.04.1962;5,9
Oslo - Blindern;SN18700;24.04.1962;0
Oslo - Blindern;SN18700;25.04.1962;0
Oslo - Blindern;SN18700;26.04.1962;0,1
Oslo - Blindern;SN18700;27.04.1962;0,3
Oslo - Blindern;SN18700;28.04.1962;0
Oslo - Blindern;SN18700;29.04.1962;0
Oslo - Blindern;SN18700;30.04.1962;0
Oslo - Blindern;SN18700;01.05.1962;0
Oslo - Blindern;SN18700;02.05.1962;0
Oslo - Blindern;SN18700;03.05.1962;0
Oslo - Blindern;SN18700;04.05.1962;0
Oslo - Blindern;SN18700;05.05.1962;0
Oslo - Blindern;SN18700;06.05.1962;0,1
Oslo - Blindern;SN18700;07.05.1962;27,9
Oslo - Blindern;SN18700;08.05.1962;0,1
Oslo - Blindern;SN18700;09.05.1962;0
Oslo - Blindern;SN18700;10.05.1962;0
Oslo - Blindern;SN18700;11.05.1962;0,9
Oslo - Blindern;SN18700;12.05.1962;0,3
Oslo - Blindern;SN18700;13.05.1962;2,2
Oslo - Blindern;SN18700;14.05.1962;0,7
Oslo - Blindern;SN18700;15.05.1962;0
Oslo - Blindern;SN18700;16.05.1962;0
Oslo - Blindern;SN18700;17.05.1962;1,3
Oslo - Blindern;SN18700;18.05.1962;5,8
Oslo - Blindern;SN18700;19.05.1962;0
Oslo - Blindern;SN18700;20.05.1962;6,9
Oslo - Blindern;SN18700;21.05.1962;4,3
Oslo - Blindern;SN18700;22.05.1962;0,8
Oslo - Blindern;SN18700;23.05.1962;15,7
Oslo - Blindern;SN18700;24.05.1962;7,3
Oslo - Blindern;SN18700;25.05.1962;9,1
Oslo - Blindern;SN18700;26.05.1962;0
Oslo - Blindern;SN18700;27.05.1962;0
Oslo - Blindern;SN18700;28.05.1962;0
Oslo - Blindern;SN18700;29.05.1962;0
Oslo - Blindern;SN18700;30.05.1962;4,2
Oslo - Blindern;SN18700;31.05.1962;0,4
Oslo - Blindern;SN18700;01.06.1962;0
Oslo - Blindern;SN18700;02.06.1962;0,1
Oslo - Blindern;SN18700;03.06.1962;0
Oslo - Blindern;SN18700;04.06.1962;0
Oslo - Blindern;SN18700;05.06.1962;0
Oslo - Blindern;SN18700;06.06.1962;0
Oslo - Blindern;SN18700;07.06.1962;0
Oslo - Blindern;SN18700;08.06.1962;0
Oslo - Blindern;SN18700;09.06.1962;0
Oslo - Blindern;SN18700;10.06.1962;0
Oslo - Blindern;SN18700;11.06.1962;0
Oslo - Blindern;SN18700;12.06.1962;0
Oslo - Blindern;SN18700;13.06.1962;0
Oslo - Blindern;SN18700;14.06.1962;9,3
Oslo - Blindern;SN18700;15.06.1962;0
Oslo - Blindern;SN18700;16.06.1962;0
Oslo - Blindern;SN18700;17.06.1962;0,4
Oslo - Blindern;SN18700;18.06.1962;0
Oslo - Blindern;SN18700;19.06.1962;0
Oslo - Blindern;SN18700;20.06.1962;7,6
Oslo - Blindern;SN18700;21.06.1962;0,6
Oslo - Blindern;SN18700;22.06.1962;4,7
Oslo - Blindern;SN18700;23.06.1962;2,4
Oslo - Blindern;SN18700;24.06.1962;0,4
Oslo - Blindern;SN18700;25.06.1962;10,2
Oslo - Blindern;SN18700;26.06.1962;0,6
Oslo - Blindern;SN18700;27.06.1962;5,2
Oslo - Blindern;SN18700;28.06.1962;1,6
Oslo - Blindern;SN18700;29.06.1962;0
Oslo - Blindern;SN18700;30.06.1962;0
Oslo - Blindern;SN18700;01.07.1962;0
Oslo - Blindern;SN18700;02.07.1962;0
Oslo - Blindern;SN18700;03.07.1962;4,2
Oslo - Blindern;SN18700;04.07.1962;7
Oslo - Blindern;SN18700;05.07.1962;0,9
Oslo - Blindern;SN18700;06.07.1962;8,5
Oslo - Blindern;SN18700;07.07.1962;0,1
Oslo - Blindern;SN18700;08.07.1962;5,2
Oslo - Blindern;SN18700;09.07.1962;0
Oslo - Blindern;SN18700;10.07.1962;0
Oslo - Blindern;SN18700;11.07.1962;0,1
Oslo - Blindern;SN18700;12.07.1962;2,2
Oslo - Blindern;SN18700;13.07.1962;6,7
Oslo - Blindern;SN18700;14.07.1962;1,5
Oslo - Blindern;SN18700;15.07.1962;1,3
Oslo - Blindern;SN18700;16.07.1962;2
Oslo - Blindern;SN18700;17.07.1962;3,8
Oslo - Blindern;SN18700;18.07.1962;1,3
Oslo - Blindern;SN18700;19.07.1962;1,3
Oslo - Blindern;SN18700;20.07.1962;2,8
Oslo - Blindern;SN18700;21.07.1962;0,9
Oslo - Blindern;SN18700;22.07.1962;35,5
Oslo - Blindern;SN18700;23.07.1962;6,2
Oslo - Blindern;SN18700;24.07.1962;2,6
Oslo - Blindern;SN18700;25.07.1962;0
Oslo - Blindern;SN18700;26.07.1962;0
Oslo - Blindern;SN18700;27.07.1962;0
Oslo - Blindern;SN18700;28.07.1962;0
Oslo - Blindern;SN18700;29.07.1962;0
Oslo - Blindern;SN18700;30.07.1962;0
Oslo - Blindern;SN18700;31.07.1962;0
Oslo - Blindern;SN18700;01.08.1962;21,5
Oslo - Blindern;SN18700;02.08.1962;2,4
Oslo - Blindern;SN18700;03.08.1962;0,9
Oslo - Blindern;SN18700;04.08.1962;0,2
Oslo - Blindern;SN18700;05.08.1962;7,5
Oslo - Blindern;SN18700;06.08.1962;0
Oslo - Blindern;SN18700;07.08.1962;2,5
Oslo - Blindern;SN18700;08.08.1962;7,9
Oslo - Blindern;SN18700;09.08.1962;1,7
Oslo - Blindern;SN18700;10.08.1962;1,8
Oslo - Blindern;SN18700;11.08.1962;10,7
Oslo - Blindern;SN18700;12.08.1962;5,1
Oslo - Blindern;SN18700;13.08.1962;0
Oslo - Blindern;SN18700;14.08.1962;0
Oslo - Blindern;SN18700;15.08.1962;0
Oslo - Blindern;SN18700;16.08.1962;0,5
Oslo - Blindern;SN18700;17.08.1962;6,4
Oslo - Blindern;SN18700;18.08.1962;9,2
Oslo - Blindern;SN18700;19.08.1962;10,5
Oslo - Blindern;SN18700;20.08.1962;0
Oslo - Blindern;SN18700;21.08.1962;0
Oslo - Blindern;SN18700;22.08.1962;11
Oslo - Blindern;SN18700;23.08.1962;6,3
Oslo - Blindern;SN18700;24.08.1962;12,6
Oslo - Blindern;SN18700;25.08.1962;11,5
Oslo - Blindern;SN18700;26.08.1962;0,1
Oslo - Blindern;SN18700;27.08.1962;7,8
Oslo - Blindern;SN18700;28.08.1962;5
Oslo - Blindern;SN18700;29.08.1962;0
Oslo - Blindern;SN18700;30.08.1962;0,1
Oslo - Blindern;SN18700;31.08.1962;5,3
Oslo - Blindern;SN18700;01.09.1962;0
Oslo - Blindern;SN18700;02.09.1962;3,2
Oslo - Blindern;SN18700;03.09.1962;7
Oslo - Blindern;SN18700;04.09.1962;14,9
Oslo - Blindern;SN18700;05.09.1962;18,1
Oslo - Blindern;SN18700;06.09.1962;4,7
Oslo - Blindern;SN18700;07.09.1962;0
Oslo - Blindern;SN18700;08.09.1962;4,4
Oslo - Blindern;SN18700;09.09.1962;0
Oslo - Blindern;SN18700;10.09.1962;4
Oslo - Blindern;SN18700;11.09.1962;0,1
Oslo - Blindern;SN18700;12.09.1962;0,1
Oslo - Blindern;SN18700;13.09.1962;0
Oslo - Blindern;SN18700;14.09.1962;0
Oslo - Blindern;SN18700;15.09.1962;0
Oslo - Blindern;SN18700;16.09.1962;1,6
Oslo - Blindern;SN18700;17.09.1962;12,2
Oslo - Blindern;SN18700;18.09.1962;0
Oslo - Blindern;SN18700;19.09.1962;1,2
Oslo - Blindern;SN18700;20.09.1962;0,2
Oslo - Blindern;SN18700;21.09.1962;0
Oslo - Blindern;SN18700;22.09.1962;0
Oslo - Blindern;SN18700;23.09.1962;0,1
Oslo - Blindern;SN18700;24.09.1962;0
Oslo - Blindern;SN18700;25.09.1962;0
Oslo - Blindern;SN18700;26.09.1962;0,4
Oslo - Blindern;SN18700;27.09.1962;0
Oslo - Blindern;SN18700;28.09.1962;0
Oslo - Blindern;SN18700;29.09.1962;0
Oslo - Blindern;SN18700;30.09.1962;1,8
Oslo - Blindern;SN18700;01.10.1962;3,5
Oslo - Blindern;SN18700;02.10.1962;1
Oslo - Blindern;SN18700;03.10.1962;2,2
Oslo - Blindern;SN18700;04.10.1962;0,2
Oslo - Blindern;SN18700;05.10.1962;0
Oslo - Blindern;SN18700;06.10.1962;0
Oslo - Blindern;SN18700;07.10.1962;0,1
Oslo - Blindern;SN18700;08.10.1962;0
Oslo - Blindern;SN18700;09.10.1962;0
Oslo - Blindern;SN18700;10.10.1962;0
Oslo - Blindern;SN18700;11.10.1962;0
Oslo - Blindern;SN18700;12.10.1962;0
Oslo - Blindern;SN18700;13.10.1962;0
Oslo - Blindern;SN18700;14.10.1962;0
Oslo - Blindern;SN18700;15.10.1962;0
Oslo - Blindern;SN18700;16.10.1962;2,4
Oslo - Blindern;SN18700;17.10.1962;0,3
Oslo - Blindern;SN18700;18.10.1962;0,4
Oslo - Blindern;SN18700;19.10.1962;0
Oslo - Blindern;SN18700;20.10.1962;0
Oslo - Blindern;SN18700;21.10.1962;0
Oslo - Blindern;SN18700;22.10.1962;0,1
Oslo - Blindern;SN18700;23.10.1962;0,4
Oslo - Blindern;SN18700;24.10.1962;0,1
Oslo - Blindern;SN18700;25.10.1962;0,1
Oslo - Blindern;SN18700;26.10.1962;0,1
Oslo - Blindern;SN18700;27.10.1962;0
Oslo - Blindern;SN18700;28.10.1962;9,8
Oslo - Blindern;SN18700;29.10.1962;8,9
Oslo - Blindern;SN18700;30.10.1962;3
Oslo - Blindern;SN18700;31.10.1962;8,6
Oslo - Blindern;SN18700;01.11.1962;9
Oslo - Blindern;SN18700;02.11.1962;0
Oslo - Blindern;SN18700;03.11.1962;0,2
Oslo - Blindern;SN18700;04.11.1962;3,9
Oslo - Blindern;SN18700;05.11.1962;24
Oslo - Blindern;SN18700;06.11.1962;0,8
Oslo - Blindern;SN18700;07.11.1962;0
Oslo - Blindern;SN18700;08.11.1962;0,1
Oslo - Blindern;SN18700;09.11.1962;0
Oslo - Blindern;SN18700;10.11.1962;0
Oslo - Blindern;SN18700;11.11.1962;0
Oslo - Blindern;SN18700;12.11.1962;0
Oslo - Blindern;SN18700;13.11.1962;0,8
Oslo - Blindern;SN18700;14.11.1962;0,1
Oslo - Blindern;SN18700;15.11.1962;9,9
Oslo - Blindern;SN18700;16.11.1962;0,7
Oslo - Blindern;SN18700;17.11.1962;0
Oslo - Blindern;SN18700;18.11.1962;0,3
Oslo - Blindern;SN18700;19.11.1962;0,5
Oslo - Blindern;SN18700;20.11.1962;0,1
Oslo - Blindern;SN18700;21.11.1962;2
Oslo - Blindern;SN18700;22.11.1962;0,8
Oslo - Blindern;SN18700;23.11.1962;0
Oslo - Blindern;SN18700;24.11.1962;0
Oslo - Blindern;SN18700;25.11.1962;7,9
Oslo - Blindern;SN18700;26.11.1962;0
Oslo - Blindern;SN18700;27.11.1962;0
Oslo - Blindern;SN18700;28.11.1962;0
Oslo - Blindern;SN18700;29.11.1962;0
Oslo - Blindern;SN18700;30.11.1962;2,6
Oslo - Blindern;SN18700;01.12.1962;0
Oslo - Blindern;SN18700;02.12.1962;0
Oslo - Blindern;SN18700;03.12.1962;0
Oslo - Blindern;SN18700;04.12.1962;0
Oslo - Blindern;SN18700;05.12.1962;0
Oslo - Blindern;SN18700;06.12.1962;0,1
Oslo - Blindern;SN18700;07.12.1962;0,1
Oslo - Blindern;SN18700;08.12.1962;0
Oslo - Blindern;SN18700;09.12.1962;1,6
Oslo - Blindern;SN18700;10.12.1962;0
Oslo - Blindern;SN18700;11.12.1962;0
Oslo - Blindern;SN18700;12.12.1962;15
Oslo - Blindern;SN18700;13.12.1962;11
Oslo - Blindern;SN18700;14.12.1962;0
Oslo - Blindern;SN18700;15.12.1962;9,6
Oslo - Blindern;SN18700;16.12.1962;5,7
Oslo - Blindern;SN18700;17.12.1962;4
Oslo - Blindern;SN18700;18.12.1962;0
Oslo - Blindern;SN18700;19.12.1962;1,3
Oslo - Blindern;SN18700;20.12.1962;1
Oslo - Blindern;SN18700;21.12.1962;1,9
Oslo - Blindern;SN18700;22.12.1962;2,3
Oslo - Blindern;SN18700;23.12.1962;0
Oslo - Blindern;SN18700;24.12.1962;0
Oslo - Blindern;SN18700;25.12.1962;0
Oslo - Blindern;SN18700;26.12.1962;1,2
Oslo - Blindern;SN18700;27.12.1962;0
Oslo - Blindern;SN18700;28.12.1962;0
Oslo - Blindern;SN18700;29.12.1962;0
Oslo - Blindern;SN18700;30.12.1962;1,9
Oslo - Blindern;SN18700;31.12.1962;0
Oslo - Blindern;SN18700;01.01.1963;0
Oslo - Blindern;SN18700;02.01.1963;0
Oslo - Blindern;SN18700;03.01.1963;0
Oslo - Blindern;SN18700;04.01.1963;0,1
Oslo - Blindern;SN18700;05.01.1963;0,2
Oslo - Blindern;SN18700;06.01.1963;0,2
Oslo - Blindern;SN18700;07.01.1963;0
Oslo - Blindern;SN18700;08.01.1963;0,1
Oslo - Blindern;SN18700;09.01.1963;0
Oslo - Blindern;SN18700;10.01.1963;0
Oslo - Blindern;SN18700;11.01.1963;0
Oslo - Blindern;SN18700;12.01.1963;0
Oslo - Blindern;SN18700;13.01.1963;0
Oslo - Blindern;SN18700;14.01.1963;0
Oslo - Blindern;SN18700;15.01.1963;0
Oslo - Blindern;SN18700;16.01.1963;0
Oslo - Blindern;SN18700;17.01.1963;0
Oslo - Blindern;SN18700;18.01.1963;0,3
Oslo - Blindern;SN18700;19.01.1963;1,1
Oslo - Blindern;SN18700;20.01.1963;0
Oslo - Blindern;SN18700;21.01.1963;0
Oslo - Blindern;SN18700;22.01.1963;0
Oslo - Blindern;SN18700;23.01.1963;0
Oslo - Blindern;SN18700;24.01.1963;0
Oslo - Blindern;SN18700;25.01.1963;0
Oslo - Blindern;SN18700;26.01.1963;2
Oslo - Blindern;SN18700;27.01.1963;0
Oslo - Blindern;SN18700;28.01.1963;0
Oslo - Blindern;SN18700;29.01.1963;0
Oslo - Blindern;SN18700;30.01.1963;0
Oslo - Blindern;SN18700;31.01.1963;0
Oslo - Blindern;SN18700;01.02.1963;0
Oslo - Blindern;SN18700;02.02.1963;0
Oslo - Blindern;SN18700;03.02.1963;0
Oslo - Blindern;SN18700;04.02.1963;0,2
Oslo - Blindern;SN18700;05.02.1963;0
Oslo - Blindern;SN18700;06.02.1963;0
Oslo - Blindern;SN18700;07.02.1963;0
Oslo - Blindern;SN18700;08.02.1963;0
Oslo - Blindern;SN18700;09.02.1963;0
Oslo - Blindern;SN18700;10.02.1963;0,1
Oslo - Blindern;SN18700;11.02.1963;0,1
Oslo - Blindern;SN18700;12.02.1963;1,5
Oslo - Blindern;SN18700;13.02.1963;1,1
Oslo - Blindern;SN18700;14.02.1963;1,5
Oslo - Blindern;SN18700;15.02.1963;0
Oslo - Blindern;SN18700;16.02.1963;0
Oslo - Blindern;SN18700;17.02.1963;0
Oslo - Blindern;SN18700;18.02.1963;0,5
Oslo - Blindern;SN18700;19.02.1963;0
Oslo - Blindern;SN18700;20.02.1963;0
Oslo - Blindern;SN18700;21.02.1963;0
Oslo - Blindern;SN18700;22.02.1963;0,1
Oslo - Blindern;SN18700;23.02.1963;0
Oslo - Blindern;SN18700;24.02.1963;0
Oslo - Blindern;SN18700;25.02.1963;0
Oslo - Blindern;SN18700;26.02.1963;0
Oslo - Blindern;SN18700;27.02.1963;0
Oslo - Blindern;SN18700;28.02.1963;0
Oslo - Blindern;SN18700;01.03.1963;0
Oslo - Blindern;SN18700;02.03.1963;0
Oslo - Blindern;SN18700;03.03.1963;0
Oslo - Blindern;SN18700;04.03.1963;0
Oslo - Blindern;SN18700;05.03.1963;0
Oslo - Blindern;SN18700;06.03.1963;1,9
Oslo - Blindern;SN18700;07.03.1963;0
Oslo - Blindern;SN18700;08.03.1963;0,1
Oslo - Blindern;SN18700;09.03.1963;0
Oslo - Blindern;SN18700;10.03.1963;0
Oslo - Blindern;SN18700;11.03.1963;0
Oslo - Blindern;SN18700;12.03.1963;0,1
Oslo - Blindern;SN18700;13.03.1963;0,1
Oslo - Blindern;SN18700;14.03.1963;0
Oslo - Blindern;SN18700;15.03.1963;0
Oslo - Blindern;SN18700;16.03.1963;0
Oslo - Blindern;SN18700;17.03.1963;0
Oslo - Blindern;SN18700;18.03.1963;2
Oslo - Blindern;SN18700;19.03.1963;0
Oslo - Blindern;SN18700;20.03.1963;0
Oslo - Blindern;SN18700;21.03.1963;0
Oslo - Blindern;SN18700;22.03.1963;0
Oslo - Blindern;SN18700;23.03.1963;0
Oslo - Blindern;SN18700;24.03.1963;0
Oslo - Blindern;SN18700;25.03.1963;2,6
Oslo - Blindern;SN18700;26.03.1963;0
Oslo - Blindern;SN18700;27.03.1963;0
Oslo - Blindern;SN18700;28.03.1963;1,1
Oslo - Blindern;SN18700;29.03.1963;9,2
Oslo - Blindern;SN18700;30.03.1963;4
Oslo - Blindern;SN18700;31.03.1963;0
Oslo - Blindern;SN18700;01.04.1963;0
Oslo - Blindern;SN18700;02.04.1963;0
Oslo - Blindern;SN18700;03.04.1963;3,3
Oslo - Blindern;SN18700;04.04.1963;0,2
Oslo - Blindern;SN18700;05.04.1963;1,9
Oslo - Blindern;SN18700;06.04.1963;0
Oslo - Blindern;SN18700;07.04.1963;0
Oslo - Blindern;SN18700;08.04.1963;0
Oslo - Blindern;SN18700;09.04.1963;0
Oslo - Blindern;SN18700;10.04.1963;0
Oslo - Blindern;SN18700;11.04.1963;2,5
Oslo - Blindern;SN18700;12.04.1963;11,8
Oslo - Blindern;SN18700;13.04.1963;1,1
Oslo - Blindern;SN18700;14.04.1963;0
Oslo - Blindern;SN18700;15.04.1963;24,4
Oslo - Blindern;SN18700;16.04.1963;16,6
Oslo - Blindern;SN18700;17.04.1963;0
Oslo - Blindern;SN18700;18.04.1963;0
Oslo - Blindern;SN18700;19.04.1963;3
Oslo - Blindern;SN18700;20.04.1963;3,6
Oslo - Blindern;SN18700;21.04.1963;0,1
Oslo - Blindern;SN18700;22.04.1963;0,1
Oslo - Blindern;SN18700;23.04.1963;1,6
Oslo - Blindern;SN18700;24.04.1963;0
Oslo - Blindern;SN18700;25.04.1963;0
Oslo - Blindern;SN18700;26.04.1963;0
Oslo - Blindern;SN18700;27.04.1963;0
Oslo - Blindern;SN18700;28.04.1963;0,1
Oslo - Blindern;SN18700;29.04.1963;3,9
Oslo - Blindern;SN18700;30.04.1963;1,3
Oslo - Blindern;SN18700;01.05.1963;0,2
Oslo - Blindern;SN18700;02.05.1963;0,2
Oslo - Blindern;SN18700;03.05.1963;10,1
Oslo - Blindern;SN18700;04.05.1963;0,6
Oslo - Blindern;SN18700;05.05.1963;0,1
Oslo - Blindern;SN18700;06.05.1963;5,7
Oslo - Blindern;SN18700;07.05.1963;0,3
Oslo - Blindern;SN18700;08.05.1963;0
Oslo - Blindern;SN18700;09.05.1963;0
Oslo - Blindern;SN18700;10.05.1963;0
Oslo - Blindern;SN18700;11.05.1963;18,6
Oslo - Blindern;SN18700;12.05.1963;1,4
Oslo - Blindern;SN18700;13.05.1963;2,7
Oslo - Blindern;SN18700;14.05.1963;3,2
Oslo - Blindern;SN18700;15.05.1963;4,4
Oslo - Blindern;SN18700;16.05.1963;0
Oslo - Blindern;SN18700;17.05.1963;0,2
Oslo - Blindern;SN18700;18.05.1963;12,7
Oslo - Blindern;SN18700;19.05.1963;2,5
Oslo - Blindern;SN18700;20.05.1963;2,1
Oslo - Blindern;SN18700;21.05.1963;0
Oslo - Blindern;SN18700;22.05.1963;29,9
Oslo - Blindern;SN18700;23.05.1963;5
Oslo - Blindern;SN18700;24.05.1963;0
Oslo - Blindern;SN18700;25.05.1963;10,7
Oslo - Blindern;SN18700;26.05.1963;0
Oslo - Blindern;SN18700;27.05.1963;0,1
Oslo - Blindern;SN18700;28.05.1963;4,3
Oslo - Blindern;SN18700;29.05.1963;0
Oslo - Blindern;SN18700;30.05.1963;0,6
Oslo - Blindern;SN18700;31.05.1963;0
Oslo - Blindern;SN18700;01.06.1963;0
Oslo - Blindern;SN18700;02.06.1963;0
Oslo - Blindern;SN18700;03.06.1963;0
Oslo - Blindern;SN18700;04.06.1963;0
Oslo - Blindern;SN18700;05.06.1963;0
Oslo - Blindern;SN18700;06.06.1963;0
Oslo - Blindern;SN18700;07.06.1963;0
Oslo - Blindern;SN18700;08.06.1963;0
Oslo - Blindern;SN18700;09.06.1963;0,1
Oslo - Blindern;SN18700;10.06.1963;5,1
Oslo - Blindern;SN18700;11.06.1963;0
Oslo - Blindern;SN18700;12.06.1963;0
Oslo - Blindern;SN18700;13.06.1963;0
Oslo - Blindern;SN18700;14.06.1963;0
Oslo - Blindern;SN18700;15.06.1963;0
Oslo - Blindern;SN18700;16.06.1963;0
Oslo - Blindern;SN18700;17.06.1963;0,1
Oslo - Blindern;SN18700;18.06.1963;1
Oslo - Blindern;SN18700;19.06.1963;13,6
Oslo - Blindern;SN18700;20.06.1963;3,8
Oslo - Blindern;SN18700;21.06.1963;0
Oslo - Blindern;SN18700;22.06.1963;0
Oslo - Blindern;SN18700;23.06.1963;3,3
Oslo - Blindern;SN18700;24.06.1963;7,5
Oslo - Blindern;SN18700;25.06.1963;0
Oslo - Blindern;SN18700;26.06.1963;4,3
Oslo - Blindern;SN18700;27.06.1963;7,5
Oslo - Blindern;SN18700;28.06.1963;1,8
Oslo - Blindern;SN18700;29.06.1963;0
Oslo - Blindern;SN18700;30.06.1963;0
Oslo - Blindern;SN18700;01.07.1963;0
Oslo - Blindern;SN18700;02.07.1963;0
Oslo - Blindern;SN18700;03.07.1963;0
Oslo - Blindern;SN18700;04.07.1963;0
Oslo - Blindern;SN18700;05.07.1963;0
Oslo - Blindern;SN18700;06.07.1963;0
Oslo - Blindern;SN18700;07.07.1963;0,1
Oslo - Blindern;SN18700;08.07.1963;0,4
Oslo - Blindern;SN18700;09.07.1963;0,1
Oslo - Blindern;SN18700;10.07.1963;0,2
Oslo - Blindern;SN18700;11.07.1963;8,8
Oslo - Blindern;SN18700;12.07.1963;14,3
Oslo - Blindern;SN18700;13.07.1963;0,4
Oslo - Blindern;SN18700;14.07.1963;0
Oslo - Blindern;SN18700;15.07.1963;0,1
Oslo - Blindern;SN18700;16.07.1963;1,7
Oslo - Blindern;SN18700;17.07.1963;8
Oslo - Blindern;SN18700;18.07.1963;4,2
Oslo - Blindern;SN18700;19.07.1963;2
Oslo - Blindern;SN18700;20.07.1963;6,3
Oslo - Blindern;SN18700;21.07.1963;0,2
Oslo - Blindern;SN18700;22.07.1963;0
Oslo - Blindern;SN18700;23.07.1963;0
Oslo - Blindern;SN18700;24.07.1963;0
Oslo - Blindern;SN18700;25.07.1963;7,3
Oslo - Blindern;SN18700;26.07.1963;0
Oslo - Blindern;SN18700;27.07.1963;0
Oslo - Blindern;SN18700;28.07.1963;0
Oslo - Blindern;SN18700;29.07.1963;0
Oslo - Blindern;SN18700;30.07.1963;0
Oslo - Blindern;SN18700;31.07.1963;0
Oslo - Blindern;SN18700;01.08.1963;8,4
Oslo - Blindern;SN18700;02.08.1963;3,3
Oslo - Blindern;SN18700;03.08.1963;0,3
Oslo - Blindern;SN18700;04.08.1963;1,5
Oslo - Blindern;SN18700;05.08.1963;0
Oslo - Blindern;SN18700;06.08.1963;4,3
Oslo - Blindern;SN18700;07.08.1963;0,1
Oslo - Blindern;SN18700;08.08.1963;0
Oslo - Blindern;SN18700;09.08.1963;29
Oslo - Blindern;SN18700;10.08.1963;6,9
Oslo - Blindern;SN18700;11.08.1963;5,6
Oslo - Blindern;SN18700;12.08.1963;0,1
Oslo - Blindern;SN18700;13.08.1963;8,8
Oslo - Blindern;SN18700;14.08.1963;9,2
Oslo - Blindern;SN18700;15.08.1963;0,6
Oslo - Blindern;SN18700;16.08.1963;1,5
Oslo - Blindern;SN18700;17.08.1963;9,4
Oslo - Blindern;SN18700;18.08.1963;6,2
Oslo - Blindern;SN18700;19.08.1963;0
Oslo - Blindern;SN18700;20.08.1963;17,3
Oslo - Blindern;SN18700;21.08.1963;5,5
Oslo - Blindern;SN18700;22.08.1963;0,1
Oslo - Blindern;SN18700;23.08.1963;0
Oslo - Blindern;SN18700;24.08.1963;0
Oslo - Blindern;SN18700;25.08.1963;6,8
Oslo - Blindern;SN18700;26.08.1963;1,4
Oslo - Blindern;SN18700;27.08.1963;7
Oslo - Blindern;SN18700;28.08.1963;4,8
Oslo - Blindern;SN18700;29.08.1963;3,5
Oslo - Blindern;SN18700;30.08.1963;0,1
Oslo - Blindern;SN18700;31.08.1963;0,2
Oslo - Blindern;SN18700;01.09.1963;4,9
Oslo - Blindern;SN18700;02.09.1963;5,4
Oslo - Blindern;SN18700;03.09.1963;0
Oslo - Blindern;SN18700;04.09.1963;10,7
Oslo - Blindern;SN18700;05.09.1963;20,3
Oslo - Blindern;SN18700;06.09.1963;2,1
Oslo - Blindern;SN18700;07.09.1963;0
Oslo - Blindern;SN18700;08.09.1963;0
Oslo - Blindern;SN18700;09.09.1963;7,4
Oslo - Blindern;SN18700;10.09.1963;15,4
Oslo - Blindern;SN18700;11.09.1963;3,3
Oslo - Blindern;SN18700;12.09.1963;0
Oslo - Blindern;SN18700;13.09.1963;0
Oslo - Blindern;SN18700;14.09.1963;0
Oslo - Blindern;SN18700;15.09.1963;0,1
Oslo - Blindern;SN18700;16.09.1963;0
Oslo - Blindern;SN18700;17.09.1963;0
Oslo - Blindern;SN18700;18.09.1963;0
Oslo - Blindern;SN18700;19.09.1963;0
Oslo - Blindern;SN18700;20.09.1963;0
Oslo - Blindern;SN18700;21.09.1963;0
Oslo - Blindern;SN18700;22.09.1963;0
Oslo - Blindern;SN18700;23.09.1963;0,1
Oslo - Blindern;SN18700;24.09.1963;0,3
Oslo - Blindern;SN18700;25.09.1963;12,8
Oslo - Blindern;SN18700;26.09.1963;4,9
Oslo - Blindern;SN18700;27.09.1963;13,5
Oslo - Blindern;SN18700;28.09.1963;0,1
Oslo - Blindern;SN18700;29.09.1963;0
Oslo - Blindern;SN18700;30.09.1963;0
Oslo - Blindern;SN18700;01.10.1963;0
Oslo - Blindern;SN18700;02.10.1963;0
Oslo - Blindern;SN18700;03.10.1963;18,2
Oslo - Blindern;SN18700;04.10.1963;1,7
Oslo - Blindern;SN18700;05.10.1963;3,5
Oslo - Blindern;SN18700;06.10.1963;0,1
Oslo - Blindern;SN18700;07.10.1963;0
Oslo - Blindern;SN18700;08.10.1963;0
Oslo - Blindern;SN18700;09.10.1963;10,3
Oslo - Blindern;SN18700;10.10.1963;0,1
Oslo - Blindern;SN18700;11.10.1963;0
Oslo - Blindern;SN18700;12.10.1963;0,4
Oslo - Blindern;SN18700;13.10.1963;5
Oslo - Blindern;SN18700;14.10.1963;13,7
Oslo - Blindern;SN18700;15.10.1963;0
Oslo - Blindern;SN18700;16.10.1963;0,3
Oslo - Blindern;SN18700;17.10.1963;10,5
Oslo - Blindern;SN18700;18.10.1963;0,1
Oslo - Blindern;SN18700;19.10.1963;0
Oslo - Blindern;SN18700;20.10.1963;0
Oslo - Blindern;SN18700;21.10.1963;6,3
Oslo - Blindern;SN18700;22.10.1963;0,5
Oslo - Blindern;SN18700;23.10.1963;0,8
Oslo - Blindern;SN18700;24.10.1963;0
Oslo - Blindern;SN18700;25.10.1963;0
Oslo - Blindern;SN18700;26.10.1963;0
Oslo - Blindern;SN18700;27.10.1963;0,1
Oslo - Blindern;SN18700;28.10.1963;0,1
Oslo - Blindern;SN18700;29.10.1963;0
Oslo - Blindern;SN18700;30.10.1963;0,1
Oslo - Blindern;SN18700;31.10.1963;0,4
Oslo - Blindern;SN18700;01.11.1963;0
Oslo - Blindern;SN18700;02.11.1963;0
Oslo - Blindern;SN18700;03.11.1963;2,3
Oslo - Blindern;SN18700;04.11.1963;0,2
Oslo - Blindern;SN18700;05.11.1963;1,6
Oslo - Blindern;SN18700;06.11.1963;2
Oslo - Blindern;SN18700;07.11.1963;0,3
Oslo - Blindern;SN18700;08.11.1963;6,5
Oslo - Blindern;SN18700;09.11.1963;18,7
Oslo - Blindern;SN18700;10.11.1963;2,5
Oslo - Blindern;SN18700;11.11.1963;0
Oslo - Blindern;SN18700;12.11.1963;4,7
Oslo - Blindern;SN18700;13.11.1963;18,5
Oslo - Blindern;SN18700;14.11.1963;7,4
Oslo - Blindern;SN18700;15.11.1963;0,1
Oslo - Blindern;SN18700;16.11.1963;1,9
Oslo - Blindern;SN18700;17.11.1963;0,2
Oslo - Blindern;SN18700;18.11.1963;0
Oslo - Blindern;SN18700;19.11.1963;7,3
Oslo - Blindern;SN18700;20.11.1963;0
Oslo - Blindern;SN18700;21.11.1963;0
Oslo - Blindern;SN18700;22.11.1963;3
Oslo - Blindern;SN18700;23.11.1963;2
Oslo - Blindern;SN18700;24.11.1963;0
Oslo - Blindern;SN18700;25.11.1963;5,5
Oslo - Blindern;SN18700;26.11.1963;8,6
Oslo - Blindern;SN18700;27.11.1963;4
Oslo - Blindern;SN18700;28.11.1963;0
Oslo - Blindern;SN18700;29.11.1963;1,9
Oslo - Blindern;SN18700;30.11.1963;0,5
Oslo - Blindern;SN18700;01.12.1963;0,1
Oslo - Blindern;SN18700;02.12.1963;0
Oslo - Blindern;SN18700;03.12.1963;0
Oslo - Blindern;SN18700;04.12.1963;0
Oslo - Blindern;SN18700;05.12.1963;0
Oslo - Blindern;SN18700;06.12.1963;0
Oslo - Blindern;SN18700;07.12.1963;0,1
Oslo - Blindern;SN18700;08.12.1963;0
Oslo - Blindern;SN18700;09.12.1963;0,1
Oslo - Blindern;SN18700;10.12.1963;0
Oslo - Blindern;SN18700;11.12.1963;0
Oslo - Blindern;SN18700;12.12.1963;0
Oslo - Blindern;SN18700;13.12.1963;0
Oslo - Blindern;SN18700;14.12.1963;0
Oslo - Blindern;SN18700;15.12.1963;0
Oslo - Blindern;SN18700;16.12.1963;0
Oslo - Blindern;SN18700;17.12.1963;0
Oslo - Blindern;SN18700;18.12.1963;0
Oslo - Blindern;SN18700;19.12.1963;0
Oslo - Blindern;SN18700;20.12.1963;0
Oslo - Blindern;SN18700;21.12.1963;0
Oslo - Blindern;SN18700;22.12.1963;0
Oslo - Blindern;SN18700;23.12.1963;0
Oslo - Blindern;SN18700;24.12.1963;0
Oslo - Blindern;SN18700;25.12.1963;0
Oslo - Blindern;SN18700;26.12.1963;0,3
Oslo - Blindern;SN18700;27.12.1963;0,1
Oslo - Blindern;SN18700;28.12.1963;0,2
Oslo - Blindern;SN18700;29.12.1963;0,2
Oslo - Blindern;SN18700;30.12.1963;2,1
Oslo - Blindern;SN18700;31.12.1963;3,5
Oslo - Blindern;SN18700;01.01.1964;0
Oslo - Blindern;SN18700;02.01.1964;0
Oslo - Blindern;SN18700;03.01.1964;0,2
Oslo - Blindern;SN18700;04.01.1964;0
Oslo - Blindern;SN18700;05.01.1964;0
Oslo - Blindern;SN18700;06.01.1964;0
Oslo - Blindern;SN18700;07.01.1964;0
Oslo - Blindern;SN18700;08.01.1964;0,1
Oslo - Blindern;SN18700;09.01.1964;0,1
Oslo - Blindern;SN18700;10.01.1964;0
Oslo - Blindern;SN18700;11.01.1964;0
Oslo - Blindern;SN18700;12.01.1964;0,2
Oslo - Blindern;SN18700;13.01.1964;0
Oslo - Blindern;SN18700;14.01.1964;0
Oslo - Blindern;SN18700;15.01.1964;0
Oslo - Blindern;SN18700;16.01.1964;0
Oslo - Blindern;SN18700;17.01.1964;0
Oslo - Blindern;SN18700;18.01.1964;0
Oslo - Blindern;SN18700;19.01.1964;0
Oslo - Blindern;SN18700;20.01.1964;0
Oslo - Blindern;SN18700;21.01.1964;0
Oslo - Blindern;SN18700;22.01.1964;0
Oslo - Blindern;SN18700;23.01.1964;0
Oslo - Blindern;SN18700;24.01.1964;0
Oslo - Blindern;SN18700;25.01.1964;0
Oslo - Blindern;SN18700;26.01.1964;0
Oslo - Blindern;SN18700;27.01.1964;2,5
Oslo - Blindern;SN18700;28.01.1964;0,9
Oslo - Blindern;SN18700;29.01.1964;0,3
Oslo - Blindern;SN18700;30.01.1964;0,2
Oslo - Blindern;SN18700;31.01.1964;10
Oslo - Blindern;SN18700;01.02.1964;1,2
Oslo - Blindern;SN18700;02.02.1964;3,5
Oslo - Blindern;SN18700;03.02.1964;0,1
Oslo - Blindern;SN18700;04.02.1964;0,1
Oslo - Blindern;SN18700;05.02.1964;0
Oslo - Blindern;SN18700;06.02.1964;0
Oslo - Blindern;SN18700;07.02.1964;0
Oslo - Blindern;SN18700;08.02.1964;0
Oslo - Blindern;SN18700;09.02.1964;0
Oslo - Blindern;SN18700;10.02.1964;0
Oslo - Blindern;SN18700;11.02.1964;0
Oslo - Blindern;SN18700;12.02.1964;0,2
Oslo - Blindern;SN18700;13.02.1964;0
Oslo - Blindern;SN18700;14.02.1964;0
Oslo - Blindern;SN18700;15.02.1964;0
Oslo - Blindern;SN18700;16.02.1964;3
Oslo - Blindern;SN18700;17.02.1964;0,8
Oslo - Blindern;SN18700;18.02.1964;0
Oslo - Blindern;SN18700;19.02.1964;0
Oslo - Blindern;SN18700;20.02.1964;0
Oslo - Blindern;SN18700;21.02.1964;0
Oslo - Blindern;SN18700;22.02.1964;0,2
Oslo - Blindern;SN18700;23.02.1964;0,5
Oslo - Blindern;SN18700;24.02.1964;0,4
Oslo - Blindern;SN18700;25.02.1964;1,2
Oslo - Blindern;SN18700;26.02.1964;0,2
Oslo - Blindern;SN18700;27.02.1964;4,1
Oslo - Blindern;SN18700;28.02.1964;4,5
Oslo - Blindern;SN18700;29.02.1964;0,1
Oslo - Blindern;SN18700;01.03.1964;0
Oslo - Blindern;SN18700;02.03.1964;0
Oslo - Blindern;SN18700;03.03.1964;0
Oslo - Blindern;SN18700;04.03.1964;0
Oslo - Blindern;SN18700;05.03.1964;0
Oslo - Blindern;SN18700;06.03.1964;0
Oslo - Blindern;SN18700;07.03.1964;0
Oslo - Blindern;SN18700;08.03.1964;0
Oslo - Blindern;SN18700;09.03.1964;0
Oslo - Blindern;SN18700;10.03.1964;0
Oslo - Blindern;SN18700;11.03.1964;0
Oslo - Blindern;SN18700;12.03.1964;0
Oslo - Blindern;SN18700;13.03.1964;0
Oslo - Blindern;SN18700;14.03.1964;0
Oslo - Blindern;SN18700;15.03.1964;0
Oslo - Blindern;SN18700;16.03.1964;0
Oslo - Blindern;SN18700;17.03.1964;0
Oslo - Blindern;SN18700;18.03.1964;0
Oslo - Blindern;SN18700;19.03.1964;0
Oslo - Blindern;SN18700;20.03.1964;0
Oslo - Blindern;SN18700;21.03.1964;0
Oslo - Blindern;SN18700;22.03.1964;0,4
Oslo - Blindern;SN18700;23.03.1964;0
Oslo - Blindern;SN18700;24.03.1964;0
Oslo - Blindern;SN18700;25.03.1964;0
Oslo - Blindern;SN18700;26.03.1964;0
Oslo - Blindern;SN18700;27.03.1964;0
Oslo - Blindern;SN18700;28.03.1964;0
Oslo - Blindern;SN18700;29.03.1964;0
Oslo - Blindern;SN18700;30.03.1964;0
Oslo - Blindern;SN18700;31.03.1964;0
Oslo - Blindern;SN18700;01.04.1964;0
Oslo - Blindern;SN18700;02.04.1964;0
Oslo - Blindern;SN18700;03.04.1964;0
Oslo - Blindern;SN18700;04.04.1964;0
Oslo - Blindern;SN18700;05.04.1964;0
Oslo - Blindern;SN18700;06.04.1964;0
Oslo - Blindern;SN18700;07.04.1964;2,1
Oslo - Blindern;SN18700;08.04.1964;0,1
Oslo - Blindern;SN18700;09.04.1964;0
Oslo - Blindern;SN18700;10.04.1964;0,2
Oslo - Blindern;SN18700;11.04.1964;2,5
Oslo - Blindern;SN18700;12.04.1964;0,3
Oslo - Blindern;SN18700;13.04.1964;0,5
Oslo - Blindern;SN18700;14.04.1964;0
Oslo - Blindern;SN18700;15.04.1964;0,1
Oslo - Blindern;SN18700;16.04.1964;0
Oslo - Blindern;SN18700;17.04.1964;5,6
Oslo - Blindern;SN18700;18.04.1964;0
Oslo - Blindern;SN18700;19.04.1964;0
Oslo - Blindern;SN18700;20.04.1964;0
Oslo - Blindern;SN18700;21.04.1964;0
Oslo - Blindern;SN18700;22.04.1964;0
Oslo - Blindern;SN18700;23.04.1964;0
Oslo - Blindern;SN18700;24.04.1964;0
Oslo - Blindern;SN18700;25.04.1964;0
Oslo - Blindern;SN18700;26.04.1964;0
Oslo - Blindern;SN18700;27.04.1964;0,3
Oslo - Blindern;SN18700;28.04.1964;0,5
Oslo - Blindern;SN18700;29.04.1964;5,8
Oslo - Blindern;SN18700;30.04.1964;16,1
Oslo - Blindern;SN18700;01.05.1964;0,9
Oslo - Blindern;SN18700;02.05.1964;0
Oslo - Blindern;SN18700;03.05.1964;0
Oslo - Blindern;SN18700;04.05.1964;0,6
Oslo - Blindern;SN18700;05.05.1964;11,5
Oslo - Blindern;SN18700;06.05.1964;0,7
Oslo - Blindern;SN18700;07.05.1964;0,1
Oslo - Blindern;SN18700;08.05.1964;1,5
Oslo - Blindern;SN18700;09.05.1964;8
Oslo - Blindern;SN18700;10.05.1964;0
Oslo - Blindern;SN18700;11.05.1964;0,4
Oslo - Blindern;SN18700;12.05.1964;4,4
Oslo - Blindern;SN18700;13.05.1964;3,7
Oslo - Blindern;SN18700;14.05.1964;0,5
Oslo - Blindern;SN18700;15.05.1964;0
Oslo - Blindern;SN18700;16.05.1964;0
Oslo - Blindern;SN18700;17.05.1964;0
Oslo - Blindern;SN18700;18.05.1964;0
Oslo - Blindern;SN18700;19.05.1964;0
Oslo - Blindern;SN18700;20.05.1964;0
Oslo - Blindern;SN18700;21.05.1964;0
Oslo - Blindern;SN18700;22.05.1964;0
Oslo - Blindern;SN18700;23.05.1964;0
Oslo - Blindern;SN18700;24.05.1964;0
Oslo - Blindern;SN18700;25.05.1964;0
Oslo - Blindern;SN18700;26.05.1964;0
Oslo - Blindern;SN18700;27.05.1964;0
Oslo - Blindern;SN18700;28.05.1964;0
Oslo - Blindern;SN18700;29.05.1964;0
Oslo - Blindern;SN18700;30.05.1964;0
Oslo - Blindern;SN18700;31.05.1964;0
Oslo - Blindern;SN18700;01.06.1964;0
Oslo - Blindern;SN18700;02.06.1964;0
Oslo - Blindern;SN18700;03.06.1964;4
Oslo - Blindern;SN18700;04.06.1964;13
Oslo - Blindern;SN18700;05.06.1964;0,9
Oslo - Blindern;SN18700;06.06.1964;4,6
Oslo - Blindern;SN18700;07.06.1964;0
Oslo - Blindern;SN18700;08.06.1964;15,5
Oslo - Blindern;SN18700;09.06.1964;0,5
Oslo - Blindern;SN18700;10.06.1964;0
Oslo - Blindern;SN18700;11.06.1964;11,8
Oslo - Blindern;SN18700;12.06.1964;0
Oslo - Blindern;SN18700;13.06.1964;0
Oslo - Blindern;SN18700;14.06.1964;0
Oslo - Blindern;SN18700;15.06.1964;0
Oslo - Blindern;SN18700;16.06.1964;0,9
Oslo - Blindern;SN18700;17.06.1964;0,3
Oslo - Blindern;SN18700;18.06.1964;0
Oslo - Blindern;SN18700;19.06.1964;0,8
Oslo - Blindern;SN18700;20.06.1964;27,5
Oslo - Blindern;SN18700;21.06.1964;0
Oslo - Blindern;SN18700;22.06.1964;7,5
Oslo - Blindern;SN18700;23.06.1964;2,7
Oslo - Blindern;SN18700;24.06.1964;16
Oslo - Blindern;SN18700;25.06.1964;0,3
Oslo - Blindern;SN18700;26.06.1964;0
Oslo - Blindern;SN18700;27.06.1964;0
Oslo - Blindern;SN18700;28.06.1964;3
Oslo - Blindern;SN18700;29.06.1964;0
Oslo - Blindern;SN18700;30.06.1964;0
Oslo - Blindern;SN18700;01.07.1964;1,5
Oslo - Blindern;SN18700;02.07.1964;0,1
Oslo - Blindern;SN18700;03.07.1964;4,6
Oslo - Blindern;SN18700;04.07.1964;0
Oslo - Blindern;SN18700;05.07.1964;0,8
Oslo - Blindern;SN18700;06.07.1964;0
Oslo - Blindern;SN18700;07.07.1964;0
Oslo - Blindern;SN18700;08.07.1964;14
Oslo - Blindern;SN18700;09.07.1964;9,9
Oslo - Blindern;SN18700;10.07.1964;0,6
Oslo - Blindern;SN18700;11.07.1964;1,2
Oslo - Blindern;SN18700;12.07.1964;2,7
Oslo - Blindern;SN18700;13.07.1964;1,9
Oslo - Blindern;SN18700;14.07.1964;0
Oslo - Blindern;SN18700;15.07.1964;0
Oslo - Blindern;SN18700;16.07.1964;6,7
Oslo - Blindern;SN18700;17.07.1964;0,1
Oslo - Blindern;SN18700;18.07.1964;0
Oslo - Blindern;SN18700;19.07.1964;0
Oslo - Blindern;SN18700;20.07.1964;3,8
Oslo - Blindern;SN18700;21.07.1964;2,5
Oslo - Blindern;SN18700;22.07.1964;0,2
Oslo - Blindern;SN18700;23.07.1964;0,6
Oslo - Blindern;SN18700;24.07.1964;20,6
Oslo - Blindern;SN18700;25.07.1964;0,2
Oslo - Blindern;SN18700;26.07.1964;3
Oslo - Blindern;SN18700;27.07.1964;0,1
Oslo - Blindern;SN18700;28.07.1964;0
Oslo - Blindern;SN18700;29.07.1964;1
Oslo - Blindern;SN18700;30.07.1964;0
Oslo - Blindern;SN18700;31.07.1964;0,1
Oslo - Blindern;SN18700;01.08.1964;3,9
Oslo - Blindern;SN18700;02.08.1964;4,8
Oslo - Blindern;SN18700;03.08.1964;0
Oslo - Blindern;SN18700;04.08.1964;0
Oslo - Blindern;SN18700;05.08.1964;0
Oslo - Blindern;SN18700;06.08.1964;0
Oslo - Blindern;SN18700;07.08.1964;0
Oslo - Blindern;SN18700;08.08.1964;0
Oslo - Blindern;SN18700;09.08.1964;0
Oslo - Blindern;SN18700;10.08.1964;6,3
Oslo - Blindern;SN18700;11.08.1964;1,2
Oslo - Blindern;SN18700;12.08.1964;1,3
Oslo - Blindern;SN18700;13.08.1964;0,1
Oslo - Blindern;SN18700;14.08.1964;0
Oslo - Blindern;SN18700;15.08.1964;0
Oslo - Blindern;SN18700;16.08.1964;0
Oslo - Blindern;SN18700;17.08.1964;0
Oslo - Blindern;SN18700;18.08.1964;3,5
Oslo - Blindern;SN18700;19.08.1964;8,4
Oslo - Blindern;SN18700;20.08.1964;5,6
Oslo - Blindern;SN18700;21.08.1964;5,2
Oslo - Blindern;SN18700;22.08.1964;0
Oslo - Blindern;SN18700;23.08.1964;0,1
Oslo - Blindern;SN18700;24.08.1964;4
Oslo - Blindern;SN18700;25.08.1964;9,6
Oslo - Blindern;SN18700;26.08.1964;0,1
Oslo - Blindern;SN18700;27.08.1964;0,2
Oslo - Blindern;SN18700;28.08.1964;0,1
Oslo - Blindern;SN18700;29.08.1964;0
Oslo - Blindern;SN18700;30.08.1964;22,6
Oslo - Blindern;SN18700;31.08.1964;0,1
Oslo - Blindern;SN18700;01.09.1964;0
Oslo - Blindern;SN18700;02.09.1964;0
Oslo - Blindern;SN18700;03.09.1964;0
Oslo - Blindern;SN18700;04.09.1964;0
Oslo - Blindern;SN18700;05.09.1964;0
Oslo - Blindern;SN18700;06.09.1964;0
Oslo - Blindern;SN18700;07.09.1964;14,8
Oslo - Blindern;SN18700;08.09.1964;4,1
Oslo - Blindern;SN18700;09.09.1964;1,1
Oslo - Blindern;SN18700;10.09.1964;0
Oslo - Blindern;SN18700;11.09.1964;0
Oslo - Blindern;SN18700;12.09.1964;5,1
Oslo - Blindern;SN18700;13.09.1964;0,1
Oslo - Blindern;SN18700;14.09.1964;10,7
Oslo - Blindern;SN18700;15.09.1964;19,4
Oslo - Blindern;SN18700;16.09.1964;3,9
Oslo - Blindern;SN18700;17.09.1964;1,3
Oslo - Blindern;SN18700;18.09.1964;9
Oslo - Blindern;SN18700;19.09.1964;0,2
Oslo - Blindern;SN18700;20.09.1964;9,5
Oslo - Blindern;SN18700;21.09.1964;7,5
Oslo - Blindern;SN18700;22.09.1964;0,3
Oslo - Blindern;SN18700;23.09.1964;5
Oslo - Blindern;SN18700;24.09.1964;0,1
Oslo - Blindern;SN18700;25.09.1964;0,1
Oslo - Blindern;SN18700;26.09.1964;0
Oslo - Blindern;SN18700;27.09.1964;0
Oslo - Blindern;SN18700;28.09.1964;4,6
Oslo - Blindern;SN18700;29.09.1964;0,1
Oslo - Blindern;SN18700;30.09.1964;0
Oslo - Blindern;SN18700;01.10.1964;0
Oslo - Blindern;SN18700;02.10.1964;0
Oslo - Blindern;SN18700;03.10.1964;0
Oslo - Blindern;SN18700;04.10.1964;0
Oslo - Blindern;SN18700;05.10.1964;0
Oslo - Blindern;SN18700;06.10.1964;0
Oslo - Blindern;SN18700;07.10.1964;1,7
Oslo - Blindern;SN18700;08.10.1964;22
Oslo - Blindern;SN18700;09.10.1964;3,7
Oslo - Blindern;SN18700;10.10.1964;18
Oslo - Blindern;SN18700;11.10.1964;15,2
Oslo - Blindern;SN18700;12.10.1964;1,6
Oslo - Blindern;SN18700;13.10.1964;7,9
Oslo - Blindern;SN18700;14.10.1964;41
Oslo - Blindern;SN18700;15.10.1964;25,5
Oslo - Blindern;SN18700;16.10.1964;1,8
Oslo - Blindern;SN18700;17.10.1964;0,2
Oslo - Blindern;SN18700;18.10.1964;0,6
Oslo - Blindern;SN18700;19.10.1964;0
Oslo - Blindern;SN18700;20.10.1964;1,5
Oslo - Blindern;SN18700;21.10.1964;0
Oslo - Blindern;SN18700;22.10.1964;0,1
Oslo - Blindern;SN18700;23.10.1964;0,8
Oslo - Blindern;SN18700;24.10.1964;15,2
Oslo - Blindern;SN18700;25.10.1964;1,2
Oslo - Blindern;SN18700;26.10.1964;0
Oslo - Blindern;SN18700;27.10.1964;0
Oslo - Blindern;SN18700;28.10.1964;0
Oslo - Blindern;SN18700;29.10.1964;0
Oslo - Blindern;SN18700;30.10.1964;0
Oslo - Blindern;SN18700;31.10.1964;0,1
Oslo - Blindern;SN18700;01.11.1964;0,1
Oslo - Blindern;SN18700;02.11.1964;0,4
Oslo - Blindern;SN18700;03.11.1964;0
Oslo - Blindern;SN18700;04.11.1964;0
Oslo - Blindern;SN18700;05.11.1964;0,1
Oslo - Blindern;SN18700;06.11.1964;0,5
Oslo - Blindern;SN18700;07.11.1964;0
Oslo - Blindern;SN18700;08.11.1964;0
Oslo - Blindern;SN18700;09.11.1964;0
Oslo - Blindern;SN18700;10.11.1964;0
Oslo - Blindern;SN18700;11.11.1964;0
Oslo - Blindern;SN18700;12.11.1964;0,2
Oslo - Blindern;SN18700;13.11.1964;7,6
Oslo - Blindern;SN18700;14.11.1964;10,9
Oslo - Blindern;SN18700;15.11.1964;4,2
Oslo - Blindern;SN18700;16.11.1964;0
Oslo - Blindern;SN18700;17.11.1964;0
Oslo - Blindern;SN18700;18.11.1964;0
Oslo - Blindern;SN18700;19.11.1964;0
Oslo - Blindern;SN18700;20.11.1964;10
Oslo - Blindern;SN18700;21.11.1964;0,6
Oslo - Blindern;SN18700;22.11.1964;0
Oslo - Blindern;SN18700;23.11.1964;0,9
Oslo - Blindern;SN18700;24.11.1964;0
Oslo - Blindern;SN18700;25.11.1964;0
Oslo - Blindern;SN18700;26.11.1964;0
Oslo - Blindern;SN18700;27.11.1964;4
Oslo - Blindern;SN18700;28.11.1964;0
Oslo - Blindern;SN18700;29.11.1964;0,8
Oslo - Blindern;SN18700;30.11.1964;0,6
Oslo - Blindern;SN18700;01.12.1964;5
Oslo - Blindern;SN18700;02.12.1964;0
Oslo - Blindern;SN18700;03.12.1964;9,4
Oslo - Blindern;SN18700;04.12.1964;9
Oslo - Blindern;SN18700;05.12.1964;1,7
Oslo - Blindern;SN18700;06.12.1964;0
Oslo - Blindern;SN18700;07.12.1964;5,6
Oslo - Blindern;SN18700;08.12.1964;3
Oslo - Blindern;SN18700;09.12.1964;4,5
Oslo - Blindern;SN18700;10.12.1964;0,2
Oslo - Blindern;SN18700;11.12.1964;0
Oslo - Blindern;SN18700;12.12.1964;0,1
Oslo - Blindern;SN18700;13.12.1964;1,6
Oslo - Blindern;SN18700;14.12.1964;6,1
Oslo - Blindern;SN18700;15.12.1964;0
Oslo - Blindern;SN18700;16.12.1964;0
Oslo - Blindern;SN18700;17.12.1964;0
Oslo - Blindern;SN18700;18.12.1964;0,1
Oslo - Blindern;SN18700;19.12.1964;0
Oslo - Blindern;SN18700;20.12.1964;1
Oslo - Blindern;SN18700;21.12.1964;0,1
Oslo - Blindern;SN18700;22.12.1964;0
Oslo - Blindern;SN18700;23.12.1964;0
Oslo - Blindern;SN18700;24.12.1964;0,1
Oslo - Blindern;SN18700;25.12.1964;0
Oslo - Blindern;SN18700;26.12.1964;0
Oslo - Blindern;SN18700;27.12.1964;0
Oslo - Blindern;SN18700;28.12.1964;0
Oslo - Blindern;SN18700;29.12.1964;0,4
Oslo - Blindern;SN18700;30.12.1964;2,8
Oslo - Blindern;SN18700;31.12.1964;17
Oslo - Blindern;SN18700;01.01.1965;0
Oslo - Blindern;SN18700;02.01.1965;0
Oslo - Blindern;SN18700;03.01.1965;0
Oslo - Blindern;SN18700;04.01.1965;0
Oslo - Blindern;SN18700;05.01.1965;0
Oslo - Blindern;SN18700;06.01.1965;0
Oslo - Blindern;SN18700;07.01.1965;0,5
Oslo - Blindern;SN18700;08.01.1965;2,1
Oslo - Blindern;SN18700;09.01.1965;0,3
Oslo - Blindern;SN18700;10.01.1965;0
Oslo - Blindern;SN18700;11.01.1965;4,8
Oslo - Blindern;SN18700;12.01.1965;13
Oslo - Blindern;SN18700;13.01.1965;5,2
Oslo - Blindern;SN18700;14.01.1965;2,5
Oslo - Blindern;SN18700;15.01.1965;5,9
Oslo - Blindern;SN18700;16.01.1965;5,5
Oslo - Blindern;SN18700;17.01.1965;5,5
Oslo - Blindern;SN18700;18.01.1965;1,5
Oslo - Blindern;SN18700;19.01.1965;0
Oslo - Blindern;SN18700;20.01.1965;0,1
Oslo - Blindern;SN18700;21.01.1965;4,5
Oslo - Blindern;SN18700;22.01.1965;0,7
Oslo - Blindern;SN18700;23.01.1965;0,1
Oslo - Blindern;SN18700;24.01.1965;1,1
Oslo - Blindern;SN18700;25.01.1965;0
Oslo - Blindern;SN18700;26.01.1965;0,5
Oslo - Blindern;SN18700;27.01.1965;0
Oslo - Blindern;SN18700;28.01.1965;0,6
Oslo - Blindern;SN18700;29.01.1965;1,7
Oslo - Blindern;SN18700;30.01.1965;0,2
Oslo - Blindern;SN18700;31.01.1965;0
Oslo - Blindern;SN18700;01.02.1965;0
Oslo - Blindern;SN18700;02.02.1965;0
Oslo - Blindern;SN18700;03.02.1965;0
Oslo - Blindern;SN18700;04.02.1965;0
Oslo - Blindern;SN18700;05.02.1965;0,2
Oslo - Blindern;SN18700;06.02.1965;0
Oslo - Blindern;SN18700;07.02.1965;0
Oslo - Blindern;SN18700;08.02.1965;0
Oslo - Blindern;SN18700;09.02.1965;0
Oslo - Blindern;SN18700;10.02.1965;0
Oslo - Blindern;SN18700;11.02.1965;0
Oslo - Blindern;SN18700;12.02.1965;0
Oslo - Blindern;SN18700;13.02.1965;0,1
Oslo - Blindern;SN18700;14.02.1965;0
Oslo - Blindern;SN18700;15.02.1965;0,1
Oslo - Blindern;SN18700;16.02.1965;0
Oslo - Blindern;SN18700;17.02.1965;0
Oslo - Blindern;SN18700;18.02.1965;3,6
Oslo - Blindern;SN18700;19.02.1965;0
Oslo - Blindern;SN18700;20.02.1965;0
Oslo - Blindern;SN18700;21.02.1965;0
Oslo - Blindern;SN18700;22.02.1965;0
Oslo - Blindern;SN18700;23.02.1965;0
Oslo - Blindern;SN18700;24.02.1965;0
Oslo - Blindern;SN18700;25.02.1965;0,2
Oslo - Blindern;SN18700;26.02.1965;0
Oslo - Blindern;SN18700;27.02.1965;0,9
Oslo - Blindern;SN18700;28.02.1965;3,7
Oslo - Blindern;SN18700;01.03.1965;0
Oslo - Blindern;SN18700;02.03.1965;0
Oslo - Blindern;SN18700;03.03.1965;0
Oslo - Blindern;SN18700;04.03.1965;0
Oslo - Blindern;SN18700;05.03.1965;0
Oslo - Blindern;SN18700;06.03.1965;0
Oslo - Blindern;SN18700;07.03.1965;0
Oslo - Blindern;SN18700;08.03.1965;0
Oslo - Blindern;SN18700;09.03.1965;0
Oslo - Blindern;SN18700;10.03.1965;0
Oslo - Blindern;SN18700;11.03.1965;0
Oslo - Blindern;SN18700;12.03.1965;0
Oslo - Blindern;SN18700;13.03.1965;0
Oslo - Blindern;SN18700;14.03.1965;0
Oslo - Blindern;SN18700;15.03.1965;0
Oslo - Blindern;SN18700;16.03.1965;2,3
Oslo - Blindern;SN18700;17.03.1965;3,7
Oslo - Blindern;SN18700;18.03.1965;1,9
Oslo - Blindern;SN18700;19.03.1965;7,4
Oslo - Blindern;SN18700;20.03.1965;2,4
Oslo - Blindern;SN18700;21.03.1965;0
Oslo - Blindern;SN18700;22.03.1965;0
Oslo - Blindern;SN18700;23.03.1965;0
Oslo - Blindern;SN18700;24.03.1965;2,3
Oslo - Blindern;SN18700;25.03.1965;0
Oslo - Blindern;SN18700;26.03.1965;0
Oslo - Blindern;SN18700;27.03.1965;0
Oslo - Blindern;SN18700;28.03.1965;0,1
Oslo - Blindern;SN18700;29.03.1965;0,6
Oslo - Blindern;SN18700;30.03.1965;0
Oslo - Blindern;SN18700;31.03.1965;0
Oslo - Blindern;SN18700;01.04.1965;0
Oslo - Blindern;SN18700;02.04.1965;0
Oslo - Blindern;SN18700;03.04.1965;0
Oslo - Blindern;SN18700;04.04.1965;0
Oslo - Blindern;SN18700;05.04.1965;0
Oslo - Blindern;SN18700;06.04.1965;0,4
Oslo - Blindern;SN18700;07.04.1965;0,1
Oslo - Blindern;SN18700;08.04.1965;0
Oslo - Blindern;SN18700;09.04.1965;0
Oslo - Blindern;SN18700;10.04.1965;0,7
Oslo - Blindern;SN18700;11.04.1965;9,7
Oslo - Blindern;SN18700;12.04.1965;5,7
Oslo - Blindern;SN18700;13.04.1965;0,5
Oslo - Blindern;SN18700;14.04.1965;12
Oslo - Blindern;SN18700;15.04.1965;0,2
Oslo - Blindern;SN18700;16.04.1965;1,6
Oslo - Blindern;SN18700;17.04.1965;11
Oslo - Blindern;SN18700;18.04.1965;4,9
Oslo - Blindern;SN18700;19.04.1965;4
Oslo - Blindern;SN18700;20.04.1965;1,8
Oslo - Blindern;SN18700;21.04.1965;0
Oslo - Blindern;SN18700;22.04.1965;0
Oslo - Blindern;SN18700;23.04.1965;0,8
Oslo - Blindern;SN18700;24.04.1965;0,2
Oslo - Blindern;SN18700;25.04.1965;0
Oslo - Blindern;SN18700;26.04.1965;0,4
Oslo - Blindern;SN18700;27.04.1965;0,4
Oslo - Blindern;SN18700;28.04.1965;0,1
Oslo - Blindern;SN18700;29.04.1965;0
Oslo - Blindern;SN18700;30.04.1965;0
Oslo - Blindern;SN18700;01.05.1965;0
Oslo - Blindern;SN18700;02.05.1965;0
Oslo - Blindern;SN18700;03.05.1965;0
Oslo - Blindern;SN18700;04.05.1965;0
Oslo - Blindern;SN18700;05.05.1965;6,4
Oslo - Blindern;SN18700;06.05.1965;8,5
Oslo - Blindern;SN18700;07.05.1965;0,2
Oslo - Blindern;SN18700;08.05.1965;0
Oslo - Blindern;SN18700;09.05.1965;7,2
Oslo - Blindern;SN18700;10.05.1965;7,8
Oslo - Blindern;SN18700;11.05.1965;0,1
Oslo - Blindern;SN18700;12.05.1965;0
Oslo - Blindern;SN18700;13.05.1965;0
Oslo - Blindern;SN18700;14.05.1965;0
Oslo - Blindern;SN18700;15.05.1965;0
Oslo - Blindern;SN18700;16.05.1965;1,2
Oslo - Blindern;SN18700;17.05.1965;15,4
Oslo - Blindern;SN18700;18.05.1965;0,2
Oslo - Blindern;SN18700;19.05.1965;8
Oslo - Blindern;SN18700;20.05.1965;0
Oslo - Blindern;SN18700;21.05.1965;0
Oslo - Blindern;SN18700;22.05.1965;0
Oslo - Blindern;SN18700;23.05.1965;0
Oslo - Blindern;SN18700;24.05.1965;0
Oslo - Blindern;SN18700;25.05.1965;0
Oslo - Blindern;SN18700;26.05.1965;0
Oslo - Blindern;SN18700;27.05.1965;0
Oslo - Blindern;SN18700;28.05.1965;17
Oslo - Blindern;SN18700;29.05.1965;0
Oslo - Blindern;SN18700;30.05.1965;0
Oslo - Blindern;SN18700;31.05.1965;10,1
Oslo - Blindern;SN18700;01.06.1965;0
Oslo - Blindern;SN18700;02.06.1965;0
Oslo - Blindern;SN18700;03.06.1965;0
Oslo - Blindern;SN18700;04.06.1965;0
Oslo - Blindern;SN18700;05.06.1965;0
Oslo - Blindern;SN18700;06.06.1965;0
Oslo - Blindern;SN18700;07.06.1965;0
Oslo - Blindern;SN18700;08.06.1965;1,7
Oslo - Blindern;SN18700;09.06.1965;11,7
Oslo - Blindern;SN18700;10.06.1965;5,2
Oslo - Blindern;SN18700;11.06.1965;17,4
Oslo - Blindern;SN18700;12.06.1965;0,5
Oslo - Blindern;SN18700;13.06.1965;0
Oslo - Blindern;SN18700;14.06.1965;0
Oslo - Blindern;SN18700;15.06.1965;0
Oslo - Blindern;SN18700;16.06.1965;4,8
Oslo - Blindern;SN18700;17.06.1965;2,8
Oslo - Blindern;SN18700;18.06.1965;6,9
Oslo - Blindern;SN18700;19.06.1965;0,5
Oslo - Blindern;SN18700;20.06.1965;0
Oslo - Blindern;SN18700;21.06.1965;0,1
Oslo - Blindern;SN18700;22.06.1965;14,7
Oslo - Blindern;SN18700;23.06.1965;18,2
Oslo - Blindern;SN18700;24.06.1965;0,1
Oslo - Blindern;SN18700;25.06.1965;7,8
Oslo - Blindern;SN18700;26.06.1965;8,7
Oslo - Blindern;SN18700;27.06.1965;8,5
Oslo - Blindern;SN18700;28.06.1965;0
Oslo - Blindern;SN18700;29.06.1965;0,5
Oslo - Blindern;SN18700;30.06.1965;0
Oslo - Blindern;SN18700;01.07.1965;6,5
Oslo - Blindern;SN18700;02.07.1965;0,1
Oslo - Blindern;SN18700;03.07.1965;0,6
Oslo - Blindern;SN18700;04.07.1965;0
Oslo - Blindern;SN18700;05.07.1965;0
Oslo - Blindern;SN18700;06.07.1965;10,2
Oslo - Blindern;SN18700;07.07.1965;18
Oslo - Blindern;SN18700;08.07.1965;12,4
Oslo - Blindern;SN18700;09.07.1965;0,1
Oslo - Blindern;SN18700;10.07.1965;3,4
Oslo - Blindern;SN18700;11.07.1965;0
Oslo - Blindern;SN18700;12.07.1965;4
Oslo - Blindern;SN18700;13.07.1965;6
Oslo - Blindern;SN18700;14.07.1965;0
Oslo - Blindern;SN18700;15.07.1965;0
Oslo - Blindern;SN18700;16.07.1965;2,2
Oslo - Blindern;SN18700;17.07.1965;0
Oslo - Blindern;SN18700;18.07.1965;0
Oslo - Blindern;SN18700;19.07.1965;0
Oslo - Blindern;SN18700;20.07.1965;0
Oslo - Blindern;SN18700;21.07.1965;0
Oslo - Blindern;SN18700;22.07.1965;0
Oslo - Blindern;SN18700;23.07.1965;0,4
Oslo - Blindern;SN18700;24.07.1965;5,3
Oslo - Blindern;SN18700;25.07.1965;21,9
Oslo - Blindern;SN18700;26.07.1965;9,8
Oslo - Blindern;SN18700;27.07.1965;5,7
Oslo - Blindern;SN18700;28.07.1965;0,4
Oslo - Blindern;SN18700;29.07.1965;0,4
Oslo - Blindern;SN18700;30.07.1965;2,5
Oslo - Blindern;SN18700;31.07.1965;4,8
Oslo - Blindern;SN18700;01.08.1965;28,3
Oslo - Blindern;SN18700;02.08.1965;3,1
Oslo - Blindern;SN18700;03.08.1965;1,6
Oslo - Blindern;SN18700;04.08.1965;9,8
Oslo - Blindern;SN18700;05.08.1965;0,4
Oslo - Blindern;SN18700;06.08.1965;3,6
Oslo - Blindern;SN18700;07.08.1965;1,9
Oslo - Blindern;SN18700;08.08.1965;2,1
Oslo - Blindern;SN18700;09.08.1965;0,8
Oslo - Blindern;SN18700;10.08.1965;0,1
Oslo - Blindern;SN18700;11.08.1965;0
Oslo - Blindern;SN18700;12.08.1965;0
Oslo - Blindern;SN18700;13.08.1965;0
Oslo - Blindern;SN18700;14.08.1965;0
Oslo - Blindern;SN18700;15.08.1965;0
Oslo - Blindern;SN18700;16.08.1965;0
Oslo - Blindern;SN18700;17.08.1965;0
Oslo - Blindern;SN18700;18.08.1965;0
Oslo - Blindern;SN18700;19.08.1965;0
Oslo - Blindern;SN18700;20.08.1965;0,8
Oslo - Blindern;SN18700;21.08.1965;0
Oslo - Blindern;SN18700;22.08.1965;4,5
Oslo - Blindern;SN18700;23.08.1965;1,6
Oslo - Blindern;SN18700;24.08.1965;17,5
Oslo - Blindern;SN18700;25.08.1965;16,7
Oslo - Blindern;SN18700;26.08.1965;3,6
Oslo - Blindern;SN18700;27.08.1965;1,8
Oslo - Blindern;SN18700;28.08.1965;0
Oslo - Blindern;SN18700;29.08.1965;8,2
Oslo - Blindern;SN18700;30.08.1965;8,6
Oslo - Blindern;SN18700;31.08.1965;0,1
Oslo - Blindern;SN18700;01.09.1965;8,9
Oslo - Blindern;SN18700;02.09.1965;0,4
Oslo - Blindern;SN18700;03.09.1965;0
Oslo - Blindern;SN18700;04.09.1965;28,5
Oslo - Blindern;SN18700;05.09.1965;26
Oslo - Blindern;SN18700;06.09.1965;7,6
Oslo - Blindern;SN18700;07.09.1965;10,4
Oslo - Blindern;SN18700;08.09.1965;12,3
Oslo - Blindern;SN18700;09.09.1965;58,7
Oslo - Blindern;SN18700;10.09.1965;6,6
Oslo - Blindern;SN18700;11.09.1965;4
Oslo - Blindern;SN18700;12.09.1965;0,3
Oslo - Blindern;SN18700;13.09.1965;0,1
Oslo - Blindern;SN18700;14.09.1965;0,1
Oslo - Blindern;SN18700;15.09.1965;0
Oslo - Blindern;SN18700;16.09.1965;1,7
Oslo - Blindern;SN18700;17.09.1965;8,9
Oslo - Blindern;SN18700;18.09.1965;5,5
Oslo - Blindern;SN18700;19.09.1965;32,7
Oslo - Blindern;SN18700;20.09.1965;0
Oslo - Blindern;SN18700;21.09.1965;0
Oslo - Blindern;SN18700;22.09.1965;0
Oslo - Blindern;SN18700;23.09.1965;0
Oslo - Blindern;SN18700;24.09.1965;0,7
Oslo - Blindern;SN18700;25.09.1965;0,1
Oslo - Blindern;SN18700;26.09.1965;0
Oslo - Blindern;SN18700;27.09.1965;0,1
Oslo - Blindern;SN18700;28.09.1965;1,5
Oslo - Blindern;SN18700;29.09.1965;2,5
Oslo - Blindern;SN18700;30.09.1965;10,9
Oslo - Blindern;SN18700;01.10.1965;0,6
Oslo - Blindern;SN18700;02.10.1965;0
Oslo - Blindern;SN18700;03.10.1965;0
Oslo - Blindern;SN18700;04.10.1965;3,2
Oslo - Blindern;SN18700;05.10.1965;0,1
Oslo - Blindern;SN18700;06.10.1965;8,7
Oslo - Blindern;SN18700;07.10.1965;0
Oslo - Blindern;SN18700;08.10.1965;0
Oslo - Blindern;SN18700;09.10.1965;0
Oslo - Blindern;SN18700;10.10.1965;0
Oslo - Blindern;SN18700;11.10.1965;0
Oslo - Blindern;SN18700;12.10.1965;0
Oslo - Blindern;SN18700;13.10.1965;0
Oslo - Blindern;SN18700;14.10.1965;0
Oslo - Blindern;SN18700;15.10.1965;0
Oslo - Blindern;SN18700;16.10.1965;5
Oslo - Blindern;SN18700;17.10.1965;0
Oslo - Blindern;SN18700;18.10.1965;0,8
Oslo - Blindern;SN18700;19.10.1965;0
Oslo - Blindern;SN18700;20.10.1965;0
Oslo - Blindern;SN18700;21.10.1965;0
Oslo - Blindern;SN18700;22.10.1965;0
Oslo - Blindern;SN18700;23.10.1965;0
Oslo - Blindern;SN18700;24.10.1965;0
Oslo - Blindern;SN18700;25.10.1965;0,2
Oslo - Blindern;SN18700;26.10.1965;0,2
Oslo - Blindern;SN18700;27.10.1965;0,1
Oslo - Blindern;SN18700;28.10.1965;0,1
Oslo - Blindern;SN18700;29.10.1965;0,6
Oslo - Blindern;SN18700;30.10.1965;0
Oslo - Blindern;SN18700;31.10.1965;1,5
Oslo - Blindern;SN18700;01.11.1965;0
Oslo - Blindern;SN18700;02.11.1965;8,4
Oslo - Blindern;SN18700;03.11.1965;0,1
Oslo - Blindern;SN18700;04.11.1965;0
Oslo - Blindern;SN18700;05.11.1965;0
Oslo - Blindern;SN18700;06.11.1965;0
Oslo - Blindern;SN18700;07.11.1965;0
Oslo - Blindern;SN18700;08.11.1965;0
Oslo - Blindern;SN18700;09.11.1965;0
Oslo - Blindern;SN18700;10.11.1965;0,1
Oslo - Blindern;SN18700;11.11.1965;0,7
Oslo - Blindern;SN18700;12.11.1965;0
Oslo - Blindern;SN18700;13.11.1965;0
Oslo - Blindern;SN18700;14.11.1965;0
Oslo - Blindern;SN18700;15.11.1965;0
Oslo - Blindern;SN18700;16.11.1965;0
Oslo - Blindern;SN18700;17.11.1965;0
Oslo - Blindern;SN18700;18.11.1965;0
Oslo - Blindern;SN18700;19.11.1965;0
Oslo - Blindern;SN18700;20.11.1965;0
Oslo - Blindern;SN18700;21.11.1965;0
Oslo - Blindern;SN18700;22.11.1965;0
Oslo - Blindern;SN18700;23.11.1965;0
Oslo - Blindern;SN18700;24.11.1965;0
Oslo - Blindern;SN18700;25.11.1965;0
Oslo - Blindern;SN18700;26.11.1965;5,9
Oslo - Blindern;SN18700;27.11.1965;13,3
Oslo - Blindern;SN18700;28.11.1965;4,9
Oslo - Blindern;SN18700;29.11.1965;0,2
Oslo - Blindern;SN18700;30.11.1965;0
Oslo - Blindern;SN18700;01.12.1965;7,7
Oslo - Blindern;SN18700;02.12.1965;0,1
Oslo - Blindern;SN18700;03.12.1965;0
Oslo - Blindern;SN18700;04.12.1965;0,2
Oslo - Blindern;SN18700;05.12.1965;1,9
Oslo - Blindern;SN18700;06.12.1965;1,5
Oslo - Blindern;SN18700;07.12.1965;0
Oslo - Blindern;SN18700;08.12.1965;0
Oslo - Blindern;SN18700;09.12.1965;0,1
Oslo - Blindern;SN18700;10.12.1965;5
Oslo - Blindern;SN18700;11.12.1965;8,4
Oslo - Blindern;SN18700;12.12.1965;0
Oslo - Blindern;SN18700;13.12.1965;0
Oslo - Blindern;SN18700;14.12.1965;0,1
Oslo - Blindern;SN18700;15.12.1965;1,8
Oslo - Blindern;SN18700;16.12.1965;0,1
Oslo - Blindern;SN18700;17.12.1965;0,9
Oslo - Blindern;SN18700;18.12.1965;8,7
Oslo - Blindern;SN18700;19.12.1965;6,1
Oslo - Blindern;SN18700;20.12.1965;0
Oslo - Blindern;SN18700;21.12.1965;0
Oslo - Blindern;SN18700;22.12.1965;0
Oslo - Blindern;SN18700;23.12.1965;0
Oslo - Blindern;SN18700;24.12.1965;11
Oslo - Blindern;SN18700;25.12.1965;8,5
Oslo - Blindern;SN18700;26.12.1965;7
Oslo - Blindern;SN18700;27.12.1965;0,9
Oslo - Blindern;SN18700;28.12.1965;0
Oslo - Blindern;SN18700;29.12.1965;0
Oslo - Blindern;SN18700;30.12.1965;0
Oslo - Blindern;SN18700;31.12.1965;0
Oslo - Blindern;SN18700;01.01.1966;0
Oslo - Blindern;SN18700;02.01.1966;4,2
Oslo - Blindern;SN18700;03.01.1966;1
Oslo - Blindern;SN18700;04.01.1966;0
Oslo - Blindern;SN18700;05.01.1966;0
Oslo - Blindern;SN18700;06.01.1966;0,4
Oslo - Blindern;SN18700;07.01.1966;0,4
Oslo - Blindern;SN18700;08.01.1966;0,8
Oslo - Blindern;SN18700;09.01.1966;1
Oslo - Blindern;SN18700;10.01.1966;0
Oslo - Blindern;SN18700;11.01.1966;0,1
Oslo - Blindern;SN18700;12.01.1966;0
Oslo - Blindern;SN18700;13.01.1966;0
Oslo - Blindern;SN18700;14.01.1966;0
Oslo - Blindern;SN18700;15.01.1966;0,7
Oslo - Blindern;SN18700;16.01.1966;0
Oslo - Blindern;SN18700;17.01.1966;0
Oslo - Blindern;SN18700;18.01.1966;0
Oslo - Blindern;SN18700;19.01.1966;0
Oslo - Blindern;SN18700;20.01.1966;0
Oslo - Blindern;SN18700;21.01.1966;0,4
Oslo - Blindern;SN18700;22.01.1966;0,1
Oslo - Blindern;SN18700;23.01.1966;1,7
Oslo - Blindern;SN18700;24.01.1966;0,9
Oslo - Blindern;SN18700;25.01.1966;0
Oslo - Blindern;SN18700;26.01.1966;0
Oslo - Blindern;SN18700;27.01.1966;0,3
Oslo - Blindern;SN18700;28.01.1966;1
Oslo - Blindern;SN18700;29.01.1966;4,1
Oslo - Blindern;SN18700;30.01.1966;14,9
Oslo - Blindern;SN18700;31.01.1966;1,8
Oslo - Blindern;SN18700;01.02.1966;0
Oslo - Blindern;SN18700;02.02.1966;0
Oslo - Blindern;SN18700;03.02.1966;1
Oslo - Blindern;SN18700;04.02.1966;3,3
Oslo - Blindern;SN18700;05.02.1966;11,4
Oslo - Blindern;SN18700;06.02.1966;7,8
Oslo - Blindern;SN18700;07.02.1966;3,5
Oslo - Blindern;SN18700;08.02.1966;0
Oslo - Blindern;SN18700;09.02.1966;0
Oslo - Blindern;SN18700;10.02.1966;0
Oslo - Blindern;SN18700;11.02.1966;0
Oslo - Blindern;SN18700;12.02.1966;0
Oslo - Blindern;SN18700;13.02.1966;0
Oslo - Blindern;SN18700;14.02.1966;2,1
Oslo - Blindern;SN18700;15.02.1966;14,1
Oslo - Blindern;SN18700;16.02.1966;1
Oslo - Blindern;SN18700;17.02.1966;0
Oslo - Blindern;SN18700;18.02.1966;0,1
Oslo - Blindern;SN18700;19.02.1966;0
Oslo - Blindern;SN18700;20.02.1966;2,2
Oslo - Blindern;SN18700;21.02.1966;6,3
Oslo - Blindern;SN18700;22.02.1966;7,3
Oslo - Blindern;SN18700;23.02.1966;5,1
Oslo - Blindern;SN18700;24.02.1966;6
Oslo - Blindern;SN18700;25.02.1966;0,2
Oslo - Blindern;SN18700;26.02.1966;8,3
Oslo - Blindern;SN18700;27.02.1966;4,9
Oslo - Blindern;SN18700;28.02.1966;2
Oslo - Blindern;SN18700;01.03.1966;1,7
Oslo - Blindern;SN18700;02.03.1966;0
Oslo - Blindern;SN18700;03.03.1966;3,1
Oslo - Blindern;SN18700;04.03.1966;3,6
Oslo - Blindern;SN18700;05.03.1966;0,2
Oslo - Blindern;SN18700;06.03.1966;3,2
Oslo - Blindern;SN18700;07.03.1966;1,5
Oslo - Blindern;SN18700;08.03.1966;0
Oslo - Blindern;SN18700;09.03.1966;0
Oslo - Blindern;SN18700;10.03.1966;0
Oslo - Blindern;SN18700;11.03.1966;11
Oslo - Blindern;SN18700;12.03.1966;0,1
Oslo - Blindern;SN18700;13.03.1966;0,1
Oslo - Blindern;SN18700;14.03.1966;0
Oslo - Blindern;SN18700;15.03.1966;0
Oslo - Blindern;SN18700;16.03.1966;0
Oslo - Blindern;SN18700;17.03.1966;0
Oslo - Blindern;SN18700;18.03.1966;0
Oslo - Blindern;SN18700;19.03.1966;0
Oslo - Blindern;SN18700;20.03.1966;0
Oslo - Blindern;SN18700;21.03.1966;0
Oslo - Blindern;SN18700;22.03.1966;0
Oslo - Blindern;SN18700;23.03.1966;0
Oslo - Blindern;SN18700;24.03.1966;4,2
Oslo - Blindern;SN18700;25.03.1966;0,1
Oslo - Blindern;SN18700;26.03.1966;0
Oslo - Blindern;SN18700;27.03.1966;2
Oslo - Blindern;SN18700;28.03.1966;7,5
Oslo - Blindern;SN18700;29.03.1966;1,4
Oslo - Blindern;SN18700;30.03.1966;0,5
Oslo - Blindern;SN18700;31.03.1966;0
Oslo - Blindern;SN18700;01.04.1966;3,5
Oslo - Blindern;SN18700;02.04.1966;4
Oslo - Blindern;SN18700;03.04.1966;3,5
Oslo - Blindern;SN18700;04.04.1966;10,4
Oslo - Blindern;SN18700;05.04.1966;0,6
Oslo - Blindern;SN18700;06.04.1966;0
Oslo - Blindern;SN18700;07.04.1966;0
Oslo - Blindern;SN18700;08.04.1966;0
Oslo - Blindern;SN18700;09.04.1966;0
Oslo - Blindern;SN18700;10.04.1966;0,2
Oslo - Blindern;SN18700;11.04.1966;0
Oslo - Blindern;SN18700;12.04.1966;0
Oslo - Blindern;SN18700;13.04.1966;0
Oslo - Blindern;SN18700;14.04.1966;0
Oslo - Blindern;SN18700;15.04.1966;0
Oslo - Blindern;SN18700;16.04.1966;0
Oslo - Blindern;SN18700;17.04.1966;0
Oslo - Blindern;SN18700;18.04.1966;0
Oslo - Blindern;SN18700;19.04.1966;0
Oslo - Blindern;SN18700;20.04.1966;0
Oslo - Blindern;SN18700;21.04.1966;0
Oslo - Blindern;SN18700;22.04.1966;0
Oslo - Blindern;SN18700;23.04.1966;0,3
Oslo - Blindern;SN18700;24.04.1966;4,4
Oslo - Blindern;SN18700;25.04.1966;0,5
Oslo - Blindern;SN18700;26.04.1966;0,2
Oslo - Blindern;SN18700;27.04.1966;0,1
Oslo - Blindern;SN18700;28.04.1966;0
Oslo - Blindern;SN18700;29.04.1966;0,3
Oslo - Blindern;SN18700;30.04.1966;0
Oslo - Blindern;SN18700;01.05.1966;0
Oslo - Blindern;SN18700;02.05.1966;0
Oslo - Blindern;SN18700;03.05.1966;0
Oslo - Blindern;SN18700;04.05.1966;0,1
Oslo - Blindern;SN18700;05.05.1966;0,8
Oslo - Blindern;SN18700;06.05.1966;3,8
Oslo - Blindern;SN18700;07.05.1966;0,6
Oslo - Blindern;SN18700;08.05.1966;3,9
Oslo - Blindern;SN18700;09.05.1966;0
Oslo - Blindern;SN18700;10.05.1966;0
Oslo - Blindern;SN18700;11.05.1966;0
Oslo - Blindern;SN18700;12.05.1966;0,1
Oslo - Blindern;SN18700;13.05.1966;8,6
Oslo - Blindern;SN18700;14.05.1966;0
Oslo - Blindern;SN18700;15.05.1966;0,1
Oslo - Blindern;SN18700;16.05.1966;0
Oslo - Blindern;SN18700;17.05.1966;0
Oslo - Blindern;SN18700;18.05.1966;0
Oslo - Blindern;SN18700;19.05.1966;1,1
Oslo - Blindern;SN18700;20.05.1966;1
Oslo - Blindern;SN18700;21.05.1966;14,6
Oslo - Blindern;SN18700;22.05.1966;0
Oslo - Blindern;SN18700;23.05.1966;21,7
Oslo - Blindern;SN18700;24.05.1966;7,8
Oslo - Blindern;SN18700;25.05.1966;2,5
Oslo - Blindern;SN18700;26.05.1966;0
Oslo - Blindern;SN18700;27.05.1966;0
Oslo - Blindern;SN18700;28.05.1966;0
Oslo - Blindern;SN18700;29.05.1966;0
Oslo - Blindern;SN18700;30.05.1966;0
Oslo - Blindern;SN18700;31.05.1966;0
Oslo - Blindern;SN18700;01.06.1966;0
Oslo - Blindern;SN18700;02.06.1966;0
Oslo - Blindern;SN18700;03.06.1966;0
Oslo - Blindern;SN18700;04.06.1966;0
Oslo - Blindern;SN18700;05.06.1966;8
Oslo - Blindern;SN18700;06.06.1966;8,5
Oslo - Blindern;SN18700;07.06.1966;0
Oslo - Blindern;SN18700;08.06.1966;0,1
Oslo - Blindern;SN18700;09.06.1966;0
Oslo - Blindern;SN18700;10.06.1966;0
Oslo - Blindern;SN18700;11.06.1966;0
Oslo - Blindern;SN18700;12.06.1966;0
Oslo - Blindern;SN18700;13.06.1966;0
Oslo - Blindern;SN18700;14.06.1966;0
Oslo - Blindern;SN18700;15.06.1966;0
Oslo - Blindern;SN18700;16.06.1966;0
Oslo - Blindern;SN18700;17.06.1966;0
Oslo - Blindern;SN18700;18.06.1966;0
Oslo - Blindern;SN18700;19.06.1966;0
Oslo - Blindern;SN18700;20.06.1966;0
Oslo - Blindern;SN18700;21.06.1966;0,1
Oslo - Blindern;SN18700;22.06.1966;2,4
Oslo - Blindern;SN18700;23.06.1966;0
Oslo - Blindern;SN18700;24.06.1966;0,7
Oslo - Blindern;SN18700;25.06.1966;0,5
Oslo - Blindern;SN18700;26.06.1966;0
Oslo - Blindern;SN18700;27.06.1966;0,7
Oslo - Blindern;SN18700;28.06.1966;11,5
Oslo - Blindern;SN18700;29.06.1966;7
Oslo - Blindern;SN18700;30.06.1966;0
Oslo - Blindern;SN18700;01.07.1966;0,5
Oslo - Blindern;SN18700;02.07.1966;0
Oslo - Blindern;SN18700;03.07.1966;0
Oslo - Blindern;SN18700;04.07.1966;0
Oslo - Blindern;SN18700;05.07.1966;0
Oslo - Blindern;SN18700;06.07.1966;0
Oslo - Blindern;SN18700;07.07.1966;1,5
Oslo - Blindern;SN18700;08.07.1966;0
Oslo - Blindern;SN18700;09.07.1966;0
Oslo - Blindern;SN18700;10.07.1966;4,8
Oslo - Blindern;SN18700;11.07.1966;0,4
Oslo - Blindern;SN18700;12.07.1966;11,3
Oslo - Blindern;SN18700;13.07.1966;0
Oslo - Blindern;SN18700;14.07.1966;1,2
Oslo - Blindern;SN18700;15.07.1966;0,1
Oslo - Blindern;SN18700;16.07.1966;4,3
Oslo - Blindern;SN18700;17.07.1966;6,6
Oslo - Blindern;SN18700;18.07.1966;0
Oslo - Blindern;SN18700;19.07.1966;0
Oslo - Blindern;SN18700;20.07.1966;0
Oslo - Blindern;SN18700;21.07.1966;0
Oslo - Blindern;SN18700;22.07.1966;0
Oslo - Blindern;SN18700;23.07.1966;0
Oslo - Blindern;SN18700;24.07.1966;0
Oslo - Blindern;SN18700;25.07.1966;7,9
Oslo - Blindern;SN18700;26.07.1966;2,9
Oslo - Blindern;SN18700;27.07.1966;2
Oslo - Blindern;SN18700;28.07.1966;0
Oslo - Blindern;SN18700;29.07.1966;0
Oslo - Blindern;SN18700;30.07.1966;0
Oslo - Blindern;SN18700;31.07.1966;10,9
Oslo - Blindern;SN18700;01.08.1966;0,2
Oslo - Blindern;SN18700;02.08.1966;10,2
Oslo - Blindern;SN18700;03.08.1966;23,8
Oslo - Blindern;SN18700;04.08.1966;5
Oslo - Blindern;SN18700;05.08.1966;0,3
Oslo - Blindern;SN18700;06.08.1966;8,1
Oslo - Blindern;SN18700;07.08.1966;2,2
Oslo - Blindern;SN18700;08.08.1966;0
Oslo - Blindern;SN18700;09.08.1966;0
Oslo - Blindern;SN18700;10.08.1966;0,5
Oslo - Blindern;SN18700;11.08.1966;24,1
Oslo - Blindern;SN18700;12.08.1966;0,1
Oslo - Blindern;SN18700;13.08.1966;0
Oslo - Blindern;SN18700;14.08.1966;0
Oslo - Blindern;SN18700;15.08.1966;23,1
Oslo - Blindern;SN18700;16.08.1966;0
Oslo - Blindern;SN18700;17.08.1966;0,1
Oslo - Blindern;SN18700;18.08.1966;1,3
Oslo - Blindern;SN18700;19.08.1966;0
Oslo - Blindern;SN18700;20.08.1966;0,2
Oslo - Blindern;SN18700;21.08.1966;0,1
Oslo - Blindern;SN18700;22.08.1966;0
Oslo - Blindern;SN18700;23.08.1966;13,6
Oslo - Blindern;SN18700;24.08.1966;0
Oslo - Blindern;SN18700;25.08.1966;0
Oslo - Blindern;SN18700;26.08.1966;0
Oslo - Blindern;SN18700;27.08.1966;0
Oslo - Blindern;SN18700;28.08.1966;0
Oslo - Blindern;SN18700;29.08.1966;0
Oslo - Blindern;SN18700;30.08.1966;0
Oslo - Blindern;SN18700;31.08.1966;0
Oslo - Blindern;SN18700;01.09.1966;10,2
Oslo - Blindern;SN18700;02.09.1966;0
Oslo - Blindern;SN18700;03.09.1966;9,6
Oslo - Blindern;SN18700;04.09.1966;5,5
Oslo - Blindern;SN18700;05.09.1966;6,5
Oslo - Blindern;SN18700;06.09.1966;0
Oslo - Blindern;SN18700;07.09.1966;5
Oslo - Blindern;SN18700;08.09.1966;0
Oslo - Blindern;SN18700;09.09.1966;0
Oslo - Blindern;SN18700;10.09.1966;0
Oslo - Blindern;SN18700;11.09.1966;0,8
Oslo - Blindern;SN18700;12.09.1966;2,1
Oslo - Blindern;SN18700;13.09.1966;19,2
Oslo - Blindern;SN18700;14.09.1966;0,2
Oslo - Blindern;SN18700;15.09.1966;6,9
Oslo - Blindern;SN18700;16.09.1966;0
Oslo - Blindern;SN18700;17.09.1966;0
Oslo - Blindern;SN18700;18.09.1966;0
Oslo - Blindern;SN18700;19.09.1966;0
Oslo - Blindern;SN18700;20.09.1966;0,1
Oslo - Blindern;SN18700;21.09.1966;0
Oslo - Blindern;SN18700;22.09.1966;0
Oslo - Blindern;SN18700;23.09.1966;0
Oslo - Blindern;SN18700;24.09.1966;0
Oslo - Blindern;SN18700;25.09.1966;0
Oslo - Blindern;SN18700;26.09.1966;0
Oslo - Blindern;SN18700;27.09.1966;0
Oslo - Blindern;SN18700;28.09.1966;0
Oslo - Blindern;SN18700;29.09.1966;0
Oslo - Blindern;SN18700;30.09.1966;0,6
Oslo - Blindern;SN18700;01.10.1966;0
Oslo - Blindern;SN18700;02.10.1966;26,9
Oslo - Blindern;SN18700;03.10.1966;9,6
Oslo - Blindern;SN18700;04.10.1966;0,1
Oslo - Blindern;SN18700;05.10.1966;0,6
Oslo - Blindern;SN18700;06.10.1966;0
Oslo - Blindern;SN18700;07.10.1966;0
Oslo - Blindern;SN18700;08.10.1966;10,7
Oslo - Blindern;SN18700;09.10.1966;1,8
Oslo - Blindern;SN18700;10.10.1966;0
Oslo - Blindern;SN18700;11.10.1966;0
Oslo - Blindern;SN18700;12.10.1966;2,2
Oslo - Blindern;SN18700;13.10.1966;0
Oslo - Blindern;SN18700;14.10.1966;0,3
Oslo - Blindern;SN18700;15.10.1966;0,4
Oslo - Blindern;SN18700;16.10.1966;3,2
Oslo - Blindern;SN18700;17.10.1966;13,7
Oslo - Blindern;SN18700;18.10.1966;7,4
Oslo - Blindern;SN18700;19.10.1966;12,1
Oslo - Blindern;SN18700;20.10.1966;2,3
Oslo - Blindern;SN18700;21.10.1966;12
Oslo - Blindern;SN18700;22.10.1966;5,3
Oslo - Blindern;SN18700;23.10.1966;5,5
Oslo - Blindern;SN18700;24.10.1966;5,1
Oslo - Blindern;SN18700;25.10.1966;0
Oslo - Blindern;SN18700;26.10.1966;0
Oslo - Blindern;SN18700;27.10.1966;0,4
Oslo - Blindern;SN18700;28.10.1966;0
Oslo - Blindern;SN18700;29.10.1966;0
Oslo - Blindern;SN18700;30.10.1966;0
Oslo - Blindern;SN18700;31.10.1966;0
Oslo - Blindern;SN18700;01.11.1966;9,8
Oslo - Blindern;SN18700;02.11.1966;15,9
Oslo - Blindern;SN18700;03.11.1966;0
Oslo - Blindern;SN18700;04.11.1966;1
Oslo - Blindern;SN18700;05.11.1966;3,4
Oslo - Blindern;SN18700;06.11.1966;19,3
Oslo - Blindern;SN18700;07.11.1966;1,9
Oslo - Blindern;SN18700;08.11.1966;0,8
Oslo - Blindern;SN18700;09.11.1966;23,6
Oslo - Blindern;SN18700;10.11.1966;0
Oslo - Blindern;SN18700;11.11.1966;0
Oslo - Blindern;SN18700;12.11.1966;0
Oslo - Blindern;SN18700;13.11.1966;1,3
Oslo - Blindern;SN18700;14.11.1966;3,6
Oslo - Blindern;SN18700;15.11.1966;8,3
Oslo - Blindern;SN18700;16.11.1966;0,2
Oslo - Blindern;SN18700;17.11.1966;0
Oslo - Blindern;SN18700;18.11.1966;0
Oslo - Blindern;SN18700;19.11.1966;0
Oslo - Blindern;SN18700;20.11.1966;0
Oslo - Blindern;SN18700;21.11.1966;3
Oslo - Blindern;SN18700;22.11.1966;0
Oslo - Blindern;SN18700;23.11.1966;0
Oslo - Blindern;SN18700;24.11.1966;1,7
Oslo - Blindern;SN18700;25.11.1966;0,9
Oslo - Blindern;SN18700;26.11.1966;2,2
Oslo - Blindern;SN18700;27.11.1966;5,4
Oslo - Blindern;SN18700;28.11.1966;4,3
Oslo - Blindern;SN18700;29.11.1966;0
Oslo - Blindern;SN18700;30.11.1966;0,3
Oslo - Blindern;SN18700;01.12.1966;15,4
Oslo - Blindern;SN18700;02.12.1966;1,6
Oslo - Blindern;SN18700;03.12.1966;28,5
Oslo - Blindern;SN18700;04.12.1966;3,9
Oslo - Blindern;SN18700;05.12.1966;0
Oslo - Blindern;SN18700;06.12.1966;0,4
Oslo - Blindern;SN18700;07.12.1966;12,6
Oslo - Blindern;SN18700;08.12.1966;2,2
Oslo - Blindern;SN18700;09.12.1966;10,9
Oslo - Blindern;SN18700;10.12.1966;12,2
Oslo - Blindern;SN18700;11.12.1966;1
Oslo - Blindern;SN18700;12.12.1966;0
Oslo - Blindern;SN18700;13.12.1966;3,5
Oslo - Blindern;SN18700;14.12.1966;0,6
Oslo - Blindern;SN18700;15.12.1966;1,2
Oslo - Blindern;SN18700;16.12.1966;0,1
Oslo - Blindern;SN18700;17.12.1966;8,1
Oslo - Blindern;SN18700;18.12.1966;3,7
Oslo - Blindern;SN18700;19.12.1966;0
Oslo - Blindern;SN18700;20.12.1966;0
Oslo - Blindern;SN18700;21.12.1966;0
Oslo - Blindern;SN18700;22.12.1966;0
Oslo - Blindern;SN18700;23.12.1966;0,1
Oslo - Blindern;SN18700;24.12.1966;14,1
Oslo - Blindern;SN18700;25.12.1966;1,1
Oslo - Blindern;SN18700;26.12.1966;0
Oslo - Blindern;SN18700;27.12.1966;0
Oslo - Blindern;SN18700;28.12.1966;0
Oslo - Blindern;SN18700;29.12.1966;2,5
Oslo - Blindern;SN18700;30.12.1966;12,8
Oslo - Blindern;SN18700;31.12.1966;0
Oslo - Blindern;SN18700;01.01.1967;11
Oslo - Blindern;SN18700;02.01.1967;0
Oslo - Blindern;SN18700;03.01.1967;0
Oslo - Blindern;SN18700;04.01.1967;0
Oslo - Blindern;SN18700;05.01.1967;0,9
Oslo - Blindern;SN18700;06.01.1967;0
Oslo - Blindern;SN18700;07.01.1967;0
Oslo - Blindern;SN18700;08.01.1967;0
Oslo - Blindern;SN18700;09.01.1967;0
Oslo - Blindern;SN18700;10.01.1967;4,5
Oslo - Blindern;SN18700;11.01.1967;0
Oslo - Blindern;SN18700;12.01.1967;0
Oslo - Blindern;SN18700;13.01.1967;3,1
Oslo - Blindern;SN18700;14.01.1967;0
Oslo - Blindern;SN18700;15.01.1967;0
Oslo - Blindern;SN18700;16.01.1967;0,4
Oslo - Blindern;SN18700;17.01.1967;0,2
Oslo - Blindern;SN18700;18.01.1967;0,2
Oslo - Blindern;SN18700;19.01.1967;6,5
Oslo - Blindern;SN18700;20.01.1967;0
Oslo - Blindern;SN18700;21.01.1967;0
Oslo - Blindern;SN18700;22.01.1967;0,3
Oslo - Blindern;SN18700;23.01.1967;1,9
Oslo - Blindern;SN18700;24.01.1967;0,3
Oslo - Blindern;SN18700;25.01.1967;0,1
Oslo - Blindern;SN18700;26.01.1967;0
Oslo - Blindern;SN18700;27.01.1967;0
Oslo - Blindern;SN18700;28.01.1967;0,5
Oslo - Blindern;SN18700;29.01.1967;13,2
Oslo - Blindern;SN18700;30.01.1967;3,5
Oslo - Blindern;SN18700;31.01.1967;11,4
Oslo - Blindern;SN18700;01.02.1967;4,3
Oslo - Blindern;SN18700;02.02.1967;1,8
Oslo - Blindern;SN18700;03.02.1967;4,9
Oslo - Blindern;SN18700;04.02.1967;4
Oslo - Blindern;SN18700;05.02.1967;0
Oslo - Blindern;SN18700;06.02.1967;0
Oslo - Blindern;SN18700;07.02.1967;0
Oslo - Blindern;SN18700;08.02.1967;0
Oslo - Blindern;SN18700;09.02.1967;0
Oslo - Blindern;SN18700;10.02.1967;0
Oslo - Blindern;SN18700;11.02.1967;0
Oslo - Blindern;SN18700;12.02.1967;0
Oslo - Blindern;SN18700;13.02.1967;0,1
Oslo - Blindern;SN18700;14.02.1967;0
Oslo - Blindern;SN18700;15.02.1967;0,1
Oslo - Blindern;SN18700;16.02.1967;0,2
Oslo - Blindern;SN18700;17.02.1967;0,2
Oslo - Blindern;SN18700;18.02.1967;1,1
Oslo - Blindern;SN18700;19.02.1967;2,5
Oslo - Blindern;SN18700;20.02.1967;6,4
Oslo - Blindern;SN18700;21.02.1967;2,4
Oslo - Blindern;SN18700;22.02.1967;0,3
Oslo - Blindern;SN18700;23.02.1967;0
Oslo - Blindern;SN18700;24.02.1967;17,6
Oslo - Blindern;SN18700;25.02.1967;0
Oslo - Blindern;SN18700;26.02.1967;0
Oslo - Blindern;SN18700;27.02.1967;5,2
Oslo - Blindern;SN18700;28.02.1967;7,7
Oslo - Blindern;SN18700;01.03.1967;4,4
Oslo - Blindern;SN18700;02.03.1967;0
Oslo - Blindern;SN18700;03.03.1967;0
Oslo - Blindern;SN18700;04.03.1967;0,7
Oslo - Blindern;SN18700;05.03.1967;0
Oslo - Blindern;SN18700;06.03.1967;0,1
Oslo - Blindern;SN18700;07.03.1967;0
Oslo - Blindern;SN18700;08.03.1967;0,1
Oslo - Blindern;SN18700;09.03.1967;3,1
Oslo - Blindern;SN18700;10.03.1967;11
Oslo - Blindern;SN18700;11.03.1967;1
Oslo - Blindern;SN18700;12.03.1967;0,9
Oslo - Blindern;SN18700;13.03.1967;0
Oslo - Blindern;SN18700;14.03.1967;0
Oslo - Blindern;SN18700;15.03.1967;0
Oslo - Blindern;SN18700;16.03.1967;0
Oslo - Blindern;SN18700;17.03.1967;0
Oslo - Blindern;SN18700;18.03.1967;4,2
Oslo - Blindern;SN18700;19.03.1967;0
Oslo - Blindern;SN18700;20.03.1967;3,1
Oslo - Blindern;SN18700;21.03.1967;0
Oslo - Blindern;SN18700;22.03.1967;0
Oslo - Blindern;SN18700;23.03.1967;0
Oslo - Blindern;SN18700;24.03.1967;0
Oslo - Blindern;SN18700;25.03.1967;0
Oslo - Blindern;SN18700;26.03.1967;2,7
Oslo - Blindern;SN18700;27.03.1967;8,1
Oslo - Blindern;SN18700;28.03.1967;10,3
Oslo - Blindern;SN18700;29.03.1967;3,2
Oslo - Blindern;SN18700;30.03.1967;0,1
Oslo - Blindern;SN18700;31.03.1967;0,6
Oslo - Blindern;SN18700;01.04.1967;0
Oslo - Blindern;SN18700;02.04.1967;0
Oslo - Blindern;SN18700;03.04.1967;6
Oslo - Blindern;SN18700;04.04.1967;2
Oslo - Blindern;SN18700;05.04.1967;3,5
Oslo - Blindern;SN18700;06.04.1967;13,3
Oslo - Blindern;SN18700;07.04.1967;0
Oslo - Blindern;SN18700;08.04.1967;1,8
Oslo - Blindern;SN18700;09.04.1967;0
Oslo - Blindern;SN18700;10.04.1967;0
Oslo - Blindern;SN18700;11.04.1967;0
Oslo - Blindern;SN18700;12.04.1967;1,1
Oslo - Blindern;SN18700;13.04.1967;0,4
Oslo - Blindern;SN18700;14.04.1967;0
Oslo - Blindern;SN18700;15.04.1967;0
Oslo - Blindern;SN18700;16.04.1967;0
Oslo - Blindern;SN18700;17.04.1967;0
Oslo - Blindern;SN18700;18.04.1967;0
Oslo - Blindern;SN18700;19.04.1967;0
Oslo - Blindern;SN18700;20.04.1967;4,5
Oslo - Blindern;SN18700;21.04.1967;3
Oslo - Blindern;SN18700;22.04.1967;0,2
Oslo - Blindern;SN18700;23.04.1967;0
Oslo - Blindern;SN18700;24.04.1967;0
Oslo - Blindern;SN18700;25.04.1967;0
Oslo - Blindern;SN18700;26.04.1967;0
Oslo - Blindern;SN18700;27.04.1967;0
Oslo - Blindern;SN18700;28.04.1967;0,2
Oslo - Blindern;SN18700;29.04.1967;0
Oslo - Blindern;SN18700;30.04.1967;0
Oslo - Blindern;SN18700;01.05.1967;5,8
Oslo - Blindern;SN18700;02.05.1967;3
Oslo - Blindern;SN18700;03.05.1967;0,1
Oslo - Blindern;SN18700;04.05.1967;3,9
Oslo - Blindern;SN18700;05.05.1967;0
Oslo - Blindern;SN18700;06.05.1967;0
Oslo - Blindern;SN18700;07.05.1967;11,8
Oslo - Blindern;SN18700;08.05.1967;6,2
Oslo - Blindern;SN18700;09.05.1967;3,2
Oslo - Blindern;SN18700;10.05.1967;0
Oslo - Blindern;SN18700;11.05.1967;0
Oslo - Blindern;SN18700;12.05.1967;0,1
Oslo - Blindern;SN18700;13.05.1967;3,5
Oslo - Blindern;SN18700;14.05.1967;14,9
Oslo - Blindern;SN18700;15.05.1967;2
Oslo - Blindern;SN18700;16.05.1967;0
Oslo - Blindern;SN18700;17.05.1967;5,7
Oslo - Blindern;SN18700;18.05.1967;0,4
Oslo - Blindern;SN18700;19.05.1967;3,4
Oslo - Blindern;SN18700;20.05.1967;2,3
Oslo - Blindern;SN18700;21.05.1967;6,3
Oslo - Blindern;SN18700;22.05.1967;5,1
Oslo - Blindern;SN18700;23.05.1967;0,2
Oslo - Blindern;SN18700;24.05.1967;0,1
Oslo - Blindern;SN18700;25.05.1967;9,7
Oslo - Blindern;SN18700;26.05.1967;0,2
Oslo - Blindern;SN18700;27.05.1967;1,2
Oslo - Blindern;SN18700;28.05.1967;0,5
Oslo - Blindern;SN18700;29.05.1967;0
Oslo - Blindern;SN18700;30.05.1967;0
Oslo - Blindern;SN18700;31.05.1967;0
Oslo - Blindern;SN18700;01.06.1967;0
Oslo - Blindern;SN18700;02.06.1967;1,4
Oslo - Blindern;SN18700;03.06.1967;0,3
Oslo - Blindern;SN18700;04.06.1967;7,8
Oslo - Blindern;SN18700;05.06.1967;6
Oslo - Blindern;SN18700;06.06.1967;0
Oslo - Blindern;SN18700;07.06.1967;1,5
Oslo - Blindern;SN18700;08.06.1967;6
Oslo - Blindern;SN18700;09.06.1967;0
Oslo - Blindern;SN18700;10.06.1967;2,4
Oslo - Blindern;SN18700;11.06.1967;2,2
Oslo - Blindern;SN18700;12.06.1967;0
Oslo - Blindern;SN18700;13.06.1967;0
Oslo - Blindern;SN18700;14.06.1967;0
Oslo - Blindern;SN18700;15.06.1967;0
Oslo - Blindern;SN18700;16.06.1967;0
Oslo - Blindern;SN18700;17.06.1967;0
Oslo - Blindern;SN18700;18.06.1967;0
Oslo - Blindern;SN18700;19.06.1967;0
Oslo - Blindern;SN18700;20.06.1967;0
Oslo - Blindern;SN18700;21.06.1967;12,2
Oslo - Blindern;SN18700;22.06.1967;0
Oslo - Blindern;SN18700;23.06.1967;5,1
Oslo - Blindern;SN18700;24.06.1967;1,4
Oslo - Blindern;SN18700;25.06.1967;0
Oslo - Blindern;SN18700;26.06.1967;7,5
Oslo - Blindern;SN18700;27.06.1967;6,5
Oslo - Blindern;SN18700;28.06.1967;0
Oslo - Blindern;SN18700;29.06.1967;10,2
Oslo - Blindern;SN18700;30.06.1967;0,1
Oslo - Blindern;SN18700;01.07.1967;0
Oslo - Blindern;SN18700;02.07.1967;0
Oslo - Blindern;SN18700;03.07.1967;0,6
Oslo - Blindern;SN18700;04.07.1967;13,1
Oslo - Blindern;SN18700;05.07.1967;13,6
Oslo - Blindern;SN18700;06.07.1967;0
Oslo - Blindern;SN18700;07.07.1967;0
Oslo - Blindern;SN18700;08.07.1967;0
Oslo - Blindern;SN18700;09.07.1967;1,6
Oslo - Blindern;SN18700;10.07.1967;0
Oslo - Blindern;SN18700;11.07.1967;0
Oslo - Blindern;SN18700;12.07.1967;0
Oslo - Blindern;SN18700;13.07.1967;0
Oslo - Blindern;SN18700;14.07.1967;0
Oslo - Blindern;SN18700;15.07.1967;0
Oslo - Blindern;SN18700;16.07.1967;0
Oslo - Blindern;SN18700;17.07.1967;0
Oslo - Blindern;SN18700;18.07.1967;0
Oslo - Blindern;SN18700;19.07.1967;0
Oslo - Blindern;SN18700;20.07.1967;7,7
Oslo - Blindern;SN18700;21.07.1967;0,1
Oslo - Blindern;SN18700;22.07.1967;0
Oslo - Blindern;SN18700;23.07.1967;0
Oslo - Blindern;SN18700;24.07.1967;0
Oslo - Blindern;SN18700;25.07.1967;0,6
Oslo - Blindern;SN18700;26.07.1967;2,4
Oslo - Blindern;SN18700;27.07.1967;0
Oslo - Blindern;SN18700;28.07.1967;6,4
Oslo - Blindern;SN18700;29.07.1967;0
Oslo - Blindern;SN18700;30.07.1967;0
Oslo - Blindern;SN18700;31.07.1967;9,1
Oslo - Blindern;SN18700;01.08.1967;5,5
Oslo - Blindern;SN18700;02.08.1967;0
Oslo - Blindern;SN18700;03.08.1967;0,1
Oslo - Blindern;SN18700;04.08.1967;7,7
Oslo - Blindern;SN18700;05.08.1967;0,2
Oslo - Blindern;SN18700;06.08.1967;0
Oslo - Blindern;SN18700;07.08.1967;0
Oslo - Blindern;SN18700;08.08.1967;0
Oslo - Blindern;SN18700;09.08.1967;0
Oslo - Blindern;SN18700;10.08.1967;0
Oslo - Blindern;SN18700;11.08.1967;1,8
Oslo - Blindern;SN18700;12.08.1967;0,6
Oslo - Blindern;SN18700;13.08.1967;7
Oslo - Blindern;SN18700;14.08.1967;9,7
Oslo - Blindern;SN18700;15.08.1967;4,8
Oslo - Blindern;SN18700;16.08.1967;11,3
Oslo - Blindern;SN18700;17.08.1967;14,2
Oslo - Blindern;SN18700;18.08.1967;4,2
Oslo - Blindern;SN18700;19.08.1967;2
Oslo - Blindern;SN18700;20.08.1967;0,1
Oslo - Blindern;SN18700;21.08.1967;0
Oslo - Blindern;SN18700;22.08.1967;0
Oslo - Blindern;SN18700;23.08.1967;0
Oslo - Blindern;SN18700;24.08.1967;0
Oslo - Blindern;SN18700;25.08.1967;0
Oslo - Blindern;SN18700;26.08.1967;0,3
Oslo - Blindern;SN18700;27.08.1967;0
Oslo - Blindern;SN18700;28.08.1967;0
Oslo - Blindern;SN18700;29.08.1967;0
Oslo - Blindern;SN18700;30.08.1967;44
Oslo - Blindern;SN18700;31.08.1967;2,6
Oslo - Blindern;SN18700;01.09.1967;0,1
Oslo - Blindern;SN18700;02.09.1967;0
Oslo - Blindern;SN18700;03.09.1967;3,2
Oslo - Blindern;SN18700;04.09.1967;6,3
Oslo - Blindern;SN18700;05.09.1967;0,3
Oslo - Blindern;SN18700;06.09.1967;19,7
Oslo - Blindern;SN18700;07.09.1967;8,1
Oslo - Blindern;SN18700;08.09.1967;0
Oslo - Blindern;SN18700;09.09.1967;0
Oslo - Blindern;SN18700;10.09.1967;0
Oslo - Blindern;SN18700;11.09.1967;0
Oslo - Blindern;SN18700;12.09.1967;0
Oslo - Blindern;SN18700;13.09.1967;0
Oslo - Blindern;SN18700;14.09.1967;0
Oslo - Blindern;SN18700;15.09.1967;0
Oslo - Blindern;SN18700;16.09.1967;0
Oslo - Blindern;SN18700;17.09.1967;0
Oslo - Blindern;SN18700;18.09.1967;0
Oslo - Blindern;SN18700;19.09.1967;0,3
Oslo - Blindern;SN18700;20.09.1967;1,9
Oslo - Blindern;SN18700;21.09.1967;5,1
Oslo - Blindern;SN18700;22.09.1967;3,5
Oslo - Blindern;SN18700;23.09.1967;1,6
Oslo - Blindern;SN18700;24.09.1967;0
Oslo - Blindern;SN18700;25.09.1967;0
Oslo - Blindern;SN18700;26.09.1967;2,6
Oslo - Blindern;SN18700;27.09.1967;1
Oslo - Blindern;SN18700;28.09.1967;3,1
Oslo - Blindern;SN18700;29.09.1967;0
Oslo - Blindern;SN18700;30.09.1967;0,1
Oslo - Blindern;SN18700;01.10.1967;13,6
Oslo - Blindern;SN18700;02.10.1967;0
Oslo - Blindern;SN18700;03.10.1967;6,9
Oslo - Blindern;SN18700;04.10.1967;14,8
Oslo - Blindern;SN18700;05.10.1967;18,7
Oslo - Blindern;SN18700;06.10.1967;0,3
Oslo - Blindern;SN18700;07.10.1967;5,1
Oslo - Blindern;SN18700;08.10.1967;13
Oslo - Blindern;SN18700;09.10.1967;0,1
Oslo - Blindern;SN18700;10.10.1967;4
Oslo - Blindern;SN18700;11.10.1967;0,4
Oslo - Blindern;SN18700;12.10.1967;2,3
Oslo - Blindern;SN18700;13.10.1967;0,1
Oslo - Blindern;SN18700;14.10.1967;8,3
Oslo - Blindern;SN18700;15.10.1967;8,1
Oslo - Blindern;SN18700;16.10.1967;0
Oslo - Blindern;SN18700;17.10.1967;0,3
Oslo - Blindern;SN18700;18.10.1967;0
Oslo - Blindern;SN18700;19.10.1967;0
Oslo - Blindern;SN18700;20.10.1967;0,9
Oslo - Blindern;SN18700;21.10.1967;3,5
Oslo - Blindern;SN18700;22.10.1967;1
Oslo - Blindern;SN18700;23.10.1967;0
Oslo - Blindern;SN18700;24.10.1967;1
Oslo - Blindern;SN18700;25.10.1967;0,1
Oslo - Blindern;SN18700;26.10.1967;3,5
Oslo - Blindern;SN18700;27.10.1967;0
Oslo - Blindern;SN18700;28.10.1967;3,7
Oslo - Blindern;SN18700;29.10.1967;19
Oslo - Blindern;SN18700;30.10.1967;10,1
Oslo - Blindern;SN18700;31.10.1967;0,2
Oslo - Blindern;SN18700;01.11.1967;0,1
Oslo - Blindern;SN18700;02.11.1967;1,5
Oslo - Blindern;SN18700;03.11.1967;10,5
Oslo - Blindern;SN18700;04.11.1967;17
Oslo - Blindern;SN18700;05.11.1967;5,9
Oslo - Blindern;SN18700;06.11.1967;5,6
Oslo - Blindern;SN18700;07.11.1967;5,5
Oslo - Blindern;SN18700;08.11.1967;7,1
Oslo - Blindern;SN18700;09.11.1967;0,1
Oslo - Blindern;SN18700;10.11.1967;5,5
Oslo - Blindern;SN18700;11.11.1967;2,1
Oslo - Blindern;SN18700;12.11.1967;8
Oslo - Blindern;SN18700;13.11.1967;0,1
Oslo - Blindern;SN18700;14.11.1967;4
Oslo - Blindern;SN18700;15.11.1967;7,5
Oslo - Blindern;SN18700;16.11.1967;0
Oslo - Blindern;SN18700;17.11.1967;0
Oslo - Blindern;SN18700;18.11.1967;0
Oslo - Blindern;SN18700;19.11.1967;0
Oslo - Blindern;SN18700;20.11.1967;0
Oslo - Blindern;SN18700;21.11.1967;0,3
Oslo - Blindern;SN18700;22.11.1967;0,1
Oslo - Blindern;SN18700;23.11.1967;0
Oslo - Blindern;SN18700;24.11.1967;0
Oslo - Blindern;SN18700;25.11.1967;0,2
Oslo - Blindern;SN18700;26.11.1967;1
Oslo - Blindern;SN18700;27.11.1967;5,1
Oslo - Blindern;SN18700;28.11.1967;3,6
Oslo - Blindern;SN18700;29.11.1967;2,2
Oslo - Blindern;SN18700;30.11.1967;0,2
Oslo - Blindern;SN18700;01.12.1967;0
Oslo - Blindern;SN18700;02.12.1967;0
Oslo - Blindern;SN18700;03.12.1967;0
Oslo - Blindern;SN18700;04.12.1967;0
Oslo - Blindern;SN18700;05.12.1967;0
Oslo - Blindern;SN18700;06.12.1967;0
Oslo - Blindern;SN18700;07.12.1967;0,6
Oslo - Blindern;SN18700;08.12.1967;0
Oslo - Blindern;SN18700;09.12.1967;0
Oslo - Blindern;SN18700;10.12.1967;0
Oslo - Blindern;SN18700;11.12.1967;0
Oslo - Blindern;SN18700;12.12.1967;5,6
Oslo - Blindern;SN18700;13.12.1967;4,3
Oslo - Blindern;SN18700;14.12.1967;0
Oslo - Blindern;SN18700;15.12.1967;0
Oslo - Blindern;SN18700;16.12.1967;0,5
Oslo - Blindern;SN18700;17.12.1967;0
Oslo - Blindern;SN18700;18.12.1967;0
Oslo - Blindern;SN18700;19.12.1967;0
Oslo - Blindern;SN18700;20.12.1967;0
Oslo - Blindern;SN18700;21.12.1967;0
Oslo - Blindern;SN18700;22.12.1967;17
Oslo - Blindern;SN18700;23.12.1967;14,7
Oslo - Blindern;SN18700;24.12.1967;8,1
Oslo - Blindern;SN18700;25.12.1967;1
Oslo - Blindern;SN18700;26.12.1967;0,1
Oslo - Blindern;SN18700;27.12.1967;0
Oslo - Blindern;SN18700;28.12.1967;20,9
Oslo - Blindern;SN18700;29.12.1967;0,2
Oslo - Blindern;SN18700;30.12.1967;0
Oslo - Blindern;SN18700;31.12.1967;7,1
Oslo - Blindern;SN18700;01.01.1968;0
Oslo - Blindern;SN18700;02.01.1968;0,3
Oslo - Blindern;SN18700;03.01.1968;0
Oslo - Blindern;SN18700;04.01.1968;9,9
Oslo - Blindern;SN18700;05.01.1968;4,5
Oslo - Blindern;SN18700;06.01.1968;0,1
Oslo - Blindern;SN18700;07.01.1968;0
Oslo - Blindern;SN18700;08.01.1968;0,1
Oslo - Blindern;SN18700;09.01.1968;0
Oslo - Blindern;SN18700;10.01.1968;0,1
Oslo - Blindern;SN18700;11.01.1968;0
Oslo - Blindern;SN18700;12.01.1968;0
Oslo - Blindern;SN18700;13.01.1968;0
Oslo - Blindern;SN18700;14.01.1968;3,3
Oslo - Blindern;SN18700;15.01.1968;9,4
Oslo - Blindern;SN18700;16.01.1968;8,2
Oslo - Blindern;SN18700;17.01.1968;0
Oslo - Blindern;SN18700;18.01.1968;8
Oslo - Blindern;SN18700;19.01.1968;0,2
Oslo - Blindern;SN18700;20.01.1968;1,3
Oslo - Blindern;SN18700;21.01.1968;0,1
Oslo - Blindern;SN18700;22.01.1968;0
Oslo - Blindern;SN18700;23.01.1968;0
Oslo - Blindern;SN18700;24.01.1968;4,7
Oslo - Blindern;SN18700;25.01.1968;0,8
Oslo - Blindern;SN18700;26.01.1968;0
Oslo - Blindern;SN18700;27.01.1968;0
Oslo - Blindern;SN18700;28.01.1968;0
Oslo - Blindern;SN18700;29.01.1968;0
Oslo - Blindern;SN18700;30.01.1968;0
Oslo - Blindern;SN18700;31.01.1968;0
Oslo - Blindern;SN18700;01.02.1968;6,4
Oslo - Blindern;SN18700;02.02.1968;0
Oslo - Blindern;SN18700;03.02.1968;0
Oslo - Blindern;SN18700;04.02.1968;0,3
Oslo - Blindern;SN18700;05.02.1968;8
Oslo - Blindern;SN18700;06.02.1968;0,7
Oslo - Blindern;SN18700;07.02.1968;14,5
Oslo - Blindern;SN18700;08.02.1968;15
Oslo - Blindern;SN18700;09.02.1968;0,2
Oslo - Blindern;SN18700;10.02.1968;0
Oslo - Blindern;SN18700;11.02.1968;0
Oslo - Blindern;SN18700;12.02.1968;0
Oslo - Blindern;SN18700;13.02.1968;1,4
Oslo - Blindern;SN18700;14.02.1968;0
Oslo - Blindern;SN18700;15.02.1968;0
Oslo - Blindern;SN18700;16.02.1968;0
Oslo - Blindern;SN18700;17.02.1968;0
Oslo - Blindern;SN18700;18.02.1968;0
Oslo - Blindern;SN18700;19.02.1968;0
Oslo - Blindern;SN18700;20.02.1968;0
Oslo - Blindern;SN18700;21.02.1968;0
Oslo - Blindern;SN18700;22.02.1968;0
Oslo - Blindern;SN18700;23.02.1968;0
Oslo - Blindern;SN18700;24.02.1968;0,2
Oslo - Blindern;SN18700;25.02.1968;2
Oslo - Blindern;SN18700;26.02.1968;0
Oslo - Blindern;SN18700;27.02.1968;0
Oslo - Blindern;SN18700;28.02.1968;0
Oslo - Blindern;SN18700;29.02.1968;0
Oslo - Blindern;SN18700;01.03.1968;0
Oslo - Blindern;SN18700;02.03.1968;0,3
Oslo - Blindern;SN18700;03.03.1968;0,5
Oslo - Blindern;SN18700;04.03.1968;0,1
Oslo - Blindern;SN18700;05.03.1968;0
Oslo - Blindern;SN18700;06.03.1968;0,4
Oslo - Blindern;SN18700;07.03.1968;0
Oslo - Blindern;SN18700;08.03.1968;0
Oslo - Blindern;SN18700;09.03.1968;0
Oslo - Blindern;SN18700;10.03.1968;0
Oslo - Blindern;SN18700;11.03.1968;0
Oslo - Blindern;SN18700;12.03.1968;0
Oslo - Blindern;SN18700;13.03.1968;0
Oslo - Blindern;SN18700;14.03.1968;0
Oslo - Blindern;SN18700;15.03.1968;0
Oslo - Blindern;SN18700;16.03.1968;0
Oslo - Blindern;SN18700;17.03.1968;20
Oslo - Blindern;SN18700;18.03.1968;0
Oslo - Blindern;SN18700;19.03.1968;0,2
Oslo - Blindern;SN18700;20.03.1968;2,8
Oslo - Blindern;SN18700;21.03.1968;3
Oslo - Blindern;SN18700;22.03.1968;4,7
Oslo - Blindern;SN18700;23.03.1968;1,2
Oslo - Blindern;SN18700;24.03.1968;5
Oslo - Blindern;SN18700;25.03.1968;1
Oslo - Blindern;SN18700;26.03.1968;0,2
Oslo - Blindern;SN18700;27.03.1968;0,8
Oslo - Blindern;SN18700;28.03.1968;0
Oslo - Blindern;SN18700;29.03.1968;0
Oslo - Blindern;SN18700;30.03.1968;0
Oslo - Blindern;SN18700;31.03.1968;0
Oslo - Blindern;SN18700;01.04.1968;0
Oslo - Blindern;SN18700;02.04.1968;1,6
Oslo - Blindern;SN18700;03.04.1968;5,1
Oslo - Blindern;SN18700;04.04.1968;7,4
Oslo - Blindern;SN18700;05.04.1968;0,5
Oslo - Blindern;SN18700;06.04.1968;0
Oslo - Blindern;SN18700;07.04.1968;0
Oslo - Blindern;SN18700;08.04.1968;0
Oslo - Blindern;SN18700;09.04.1968;0
Oslo - Blindern;SN18700;10.04.1968;0
Oslo - Blindern;SN18700;11.04.1968;0
Oslo - Blindern;SN18700;12.04.1968;0
Oslo - Blindern;SN18700;13.04.1968;0
Oslo - Blindern;SN18700;14.04.1968;0
Oslo - Blindern;SN18700;15.04.1968;0
Oslo - Blindern;SN18700;16.04.1968;0
Oslo - Blindern;SN18700;17.04.1968;0
Oslo - Blindern;SN18700;18.04.1968;0
Oslo - Blindern;SN18700;19.04.1968;0
Oslo - Blindern;SN18700;20.04.1968;0,4
Oslo - Blindern;SN18700;21.04.1968;1,6
Oslo - Blindern;SN18700;22.04.1968;0
Oslo - Blindern;SN18700;23.04.1968;0
Oslo - Blindern;SN18700;24.04.1968;0
Oslo - Blindern;SN18700;25.04.1968;0
Oslo - Blindern;SN18700;26.04.1968;0
Oslo - Blindern;SN18700;27.04.1968;0
Oslo - Blindern;SN18700;28.04.1968;0
Oslo - Blindern;SN18700;29.04.1968;0
Oslo - Blindern;SN18700;30.04.1968;0
Oslo - Blindern;SN18700;01.05.1968;0
Oslo - Blindern;SN18700;02.05.1968;0,9
Oslo - Blindern;SN18700;03.05.1968;0
Oslo - Blindern;SN18700;04.05.1968;0,7
Oslo - Blindern;SN18700;05.05.1968;0,1
Oslo - Blindern;SN18700;06.05.1968;11,5
Oslo - Blindern;SN18700;07.05.1968;0,1
Oslo - Blindern;SN18700;08.05.1968;0
Oslo - Blindern;SN18700;09.05.1968;0
Oslo - Blindern;SN18700;10.05.1968;0
Oslo - Blindern;SN18700;11.05.1968;22,4
Oslo - Blindern;SN18700;12.05.1968;14,6
Oslo - Blindern;SN18700;13.05.1968;4,7
Oslo - Blindern;SN18700;14.05.1968;3
Oslo - Blindern;SN18700;15.05.1968;0,7
Oslo - Blindern;SN18700;16.05.1968;0
Oslo - Blindern;SN18700;17.05.1968;0,2
Oslo - Blindern;SN18700;18.05.1968;0
Oslo - Blindern;SN18700;19.05.1968;0
Oslo - Blindern;SN18700;20.05.1968;0
Oslo - Blindern;SN18700;21.05.1968;0
Oslo - Blindern;SN18700;22.05.1968;0
Oslo - Blindern;SN18700;23.05.1968;0
Oslo - Blindern;SN18700;24.05.1968;0
Oslo - Blindern;SN18700;25.05.1968;0
Oslo - Blindern;SN18700;26.05.1968;0
Oslo - Blindern;SN18700;27.05.1968;0
Oslo - Blindern;SN18700;28.05.1968;0
Oslo - Blindern;SN18700;29.05.1968;0
Oslo - Blindern;SN18700;30.05.1968;0
Oslo - Blindern;SN18700;31.05.1968;0
Oslo - Blindern;SN18700;01.06.1968;0
Oslo - Blindern;SN18700;02.06.1968;0
Oslo - Blindern;SN18700;03.06.1968;0
Oslo - Blindern;SN18700;04.06.1968;1,7
Oslo - Blindern;SN18700;05.06.1968;0,9
Oslo - Blindern;SN18700;06.06.1968;14,3
Oslo - Blindern;SN18700;07.06.1968;0,5
Oslo - Blindern;SN18700;08.06.1968;0
Oslo - Blindern;SN18700;09.06.1968;1,2
Oslo - Blindern;SN18700;10.06.1968;1,2
Oslo - Blindern;SN18700;11.06.1968;0
Oslo - Blindern;SN18700;12.06.1968;0
Oslo - Blindern;SN18700;13.06.1968;0
Oslo - Blindern;SN18700;14.06.1968;0
Oslo - Blindern;SN18700;15.06.1968;0
Oslo - Blindern;SN18700;16.06.1968;0
Oslo - Blindern;SN18700;17.06.1968;0
Oslo - Blindern;SN18700;18.06.1968;0,4
Oslo - Blindern;SN18700;19.06.1968;16,1
Oslo - Blindern;SN18700;20.06.1968;0,9
Oslo - Blindern;SN18700;21.06.1968;3
Oslo - Blindern;SN18700;22.06.1968;0
Oslo - Blindern;SN18700;23.06.1968;9,2
Oslo - Blindern;SN18700;24.06.1968;9,3
Oslo - Blindern;SN18700;25.06.1968;8,5
Oslo - Blindern;SN18700;26.06.1968;0,9
Oslo - Blindern;SN18700;27.06.1968;7,3
Oslo - Blindern;SN18700;28.06.1968;13,9
Oslo - Blindern;SN18700;29.06.1968;0
Oslo - Blindern;SN18700;30.06.1968;0
Oslo - Blindern;SN18700;01.07.1968;0
Oslo - Blindern;SN18700;02.07.1968;0
Oslo - Blindern;SN18700;03.07.1968;0
Oslo - Blindern;SN18700;04.07.1968;0
Oslo - Blindern;SN18700;05.07.1968;0
Oslo - Blindern;SN18700;06.07.1968;0
Oslo - Blindern;SN18700;07.07.1968;0
Oslo - Blindern;SN18700;08.07.1968;3,3
Oslo - Blindern;SN18700;09.07.1968;16,5
Oslo - Blindern;SN18700;10.07.1968;17,9
Oslo - Blindern;SN18700;11.07.1968;0,2
Oslo - Blindern;SN18700;12.07.1968;0
Oslo - Blindern;SN18700;13.07.1968;5,3
Oslo - Blindern;SN18700;14.07.1968;0
Oslo - Blindern;SN18700;15.07.1968;0
Oslo - Blindern;SN18700;16.07.1968;0
Oslo - Blindern;SN18700;17.07.1968;0
Oslo - Blindern;SN18700;18.07.1968;0
Oslo - Blindern;SN18700;19.07.1968;4,9
Oslo - Blindern;SN18700;20.07.1968;4,1
Oslo - Blindern;SN18700;21.07.1968;5,4
Oslo - Blindern;SN18700;22.07.1968;0
Oslo - Blindern;SN18700;23.07.1968;0,1
Oslo - Blindern;SN18700;24.07.1968;0
Oslo - Blindern;SN18700;25.07.1968;21,2
Oslo - Blindern;SN18700;26.07.1968;0
Oslo - Blindern;SN18700;27.07.1968;0
Oslo - Blindern;SN18700;28.07.1968;0
Oslo - Blindern;SN18700;29.07.1968;0
Oslo - Blindern;SN18700;30.07.1968;0
Oslo - Blindern;SN18700;31.07.1968;0
Oslo - Blindern;SN18700;01.08.1968;0
Oslo - Blindern;SN18700;02.08.1968;0
Oslo - Blindern;SN18700;03.08.1968;0
Oslo - Blindern;SN18700;04.08.1968;0
Oslo - Blindern;SN18700;05.08.1968;0
Oslo - Blindern;SN18700;06.08.1968;0
Oslo - Blindern;SN18700;07.08.1968;0
Oslo - Blindern;SN18700;08.08.1968;0
Oslo - Blindern;SN18700;09.08.1968;0
Oslo - Blindern;SN18700;10.08.1968;0
Oslo - Blindern;SN18700;11.08.1968;0
Oslo - Blindern;SN18700;12.08.1968;0,6
Oslo - Blindern;SN18700;13.08.1968;3,3
Oslo - Blindern;SN18700;14.08.1968;2,7
Oslo - Blindern;SN18700;15.08.1968;11
Oslo - Blindern;SN18700;16.08.1968;0
Oslo - Blindern;SN18700;17.08.1968;0,5
Oslo - Blindern;SN18700;18.08.1968;7,7
Oslo - Blindern;SN18700;19.08.1968;1,1
Oslo - Blindern;SN18700;20.08.1968;0
Oslo - Blindern;SN18700;21.08.1968;0
Oslo - Blindern;SN18700;22.08.1968;1,1
Oslo - Blindern;SN18700;23.08.1968;0
Oslo - Blindern;SN18700;24.08.1968;0
Oslo - Blindern;SN18700;25.08.1968;0
Oslo - Blindern;SN18700;26.08.1968;0
Oslo - Blindern;SN18700;27.08.1968;0
Oslo - Blindern;SN18700;28.08.1968;0
Oslo - Blindern;SN18700;29.08.1968;0
Oslo - Blindern;SN18700;30.08.1968;0
Oslo - Blindern;SN18700;31.08.1968;0
Oslo - Blindern;SN18700;01.09.1968;4,7
Oslo - Blindern;SN18700;02.09.1968;2,5
Oslo - Blindern;SN18700;03.09.1968;1,1
Oslo - Blindern;SN18700;04.09.1968;0
Oslo - Blindern;SN18700;05.09.1968;0
Oslo - Blindern;SN18700;06.09.1968;13,1
Oslo - Blindern;SN18700;07.09.1968;1,1
Oslo - Blindern;SN18700;08.09.1968;0
Oslo - Blindern;SN18700;09.09.1968;0
Oslo - Blindern;SN18700;10.09.1968;0
Oslo - Blindern;SN18700;11.09.1968;0
Oslo - Blindern;SN18700;12.09.1968;0,5
Oslo - Blindern;SN18700;13.09.1968;0
Oslo - Blindern;SN18700;14.09.1968;1
Oslo - Blindern;SN18700;15.09.1968;0
Oslo - Blindern;SN18700;16.09.1968;0
Oslo - Blindern;SN18700;17.09.1968;0
Oslo - Blindern;SN18700;18.09.1968;0
Oslo - Blindern;SN18700;19.09.1968;0
Oslo - Blindern;SN18700;20.09.1968;0
Oslo - Blindern;SN18700;21.09.1968;2,5
Oslo - Blindern;SN18700;22.09.1968;4
Oslo - Blindern;SN18700;23.09.1968;0
Oslo - Blindern;SN18700;24.09.1968;0
Oslo - Blindern;SN18700;25.09.1968;5,3
Oslo - Blindern;SN18700;26.09.1968;0
Oslo - Blindern;SN18700;27.09.1968;2,4
Oslo - Blindern;SN18700;28.09.1968;2,3
Oslo - Blindern;SN18700;29.09.1968;17,6
Oslo - Blindern;SN18700;30.09.1968;13
Oslo - Blindern;SN18700;01.10.1968;1,2
Oslo - Blindern;SN18700;02.10.1968;0,1
Oslo - Blindern;SN18700;03.10.1968;0,1
Oslo - Blindern;SN18700;04.10.1968;7,6
Oslo - Blindern;SN18700;05.10.1968;0
Oslo - Blindern;SN18700;06.10.1968;0
Oslo - Blindern;SN18700;07.10.1968;0
Oslo - Blindern;SN18700;08.10.1968;0
Oslo - Blindern;SN18700;09.10.1968;0
Oslo - Blindern;SN18700;10.10.1968;0
Oslo - Blindern;SN18700;11.10.1968;1,3
Oslo - Blindern;SN18700;12.10.1968;4,2
Oslo - Blindern;SN18700;13.10.1968;12
Oslo - Blindern;SN18700;14.10.1968;0,1
Oslo - Blindern;SN18700;15.10.1968;0
Oslo - Blindern;SN18700;16.10.1968;0,5
Oslo - Blindern;SN18700;17.10.1968;10,8
Oslo - Blindern;SN18700;18.10.1968;3,7
Oslo - Blindern;SN18700;19.10.1968;0
Oslo - Blindern;SN18700;20.10.1968;0
Oslo - Blindern;SN18700;21.10.1968;5,5
Oslo - Blindern;SN18700;22.10.1968;0
Oslo - Blindern;SN18700;23.10.1968;0
Oslo - Blindern;SN18700;24.10.1968;0
Oslo - Blindern;SN18700;25.10.1968;0,6
Oslo - Blindern;SN18700;26.10.1968;5,4
Oslo - Blindern;SN18700;27.10.1968;0,1
Oslo - Blindern;SN18700;28.10.1968;11,2
Oslo - Blindern;SN18700;29.10.1968;20,5
Oslo - Blindern;SN18700;30.10.1968;19,2
Oslo - Blindern;SN18700;31.10.1968;7,6
Oslo - Blindern;SN18700;01.11.1968;5,5
Oslo - Blindern;SN18700;02.11.1968;6,4
Oslo - Blindern;SN18700;03.11.1968;9,3
Oslo - Blindern;SN18700;04.11.1968;2,9
Oslo - Blindern;SN18700;05.11.1968;0
Oslo - Blindern;SN18700;06.11.1968;0
Oslo - Blindern;SN18700;07.11.1968;0
Oslo - Blindern;SN18700;08.11.1968;0
Oslo - Blindern;SN18700;09.11.1968;0
Oslo - Blindern;SN18700;10.11.1968;0,1
Oslo - Blindern;SN18700;11.11.1968;0,1
Oslo - Blindern;SN18700;12.11.1968;0
Oslo - Blindern;SN18700;13.11.1968;0
Oslo - Blindern;SN18700;14.11.1968;0
Oslo - Blindern;SN18700;15.11.1968;0
Oslo - Blindern;SN18700;16.11.1968;0
Oslo - Blindern;SN18700;17.11.1968;0
Oslo - Blindern;SN18700;18.11.1968;0
Oslo - Blindern;SN18700;19.11.1968;0
Oslo - Blindern;SN18700;20.11.1968;0
Oslo - Blindern;SN18700;21.11.1968;0
Oslo - Blindern;SN18700;22.11.1968;6,3
Oslo - Blindern;SN18700;23.11.1968;4,1
Oslo - Blindern;SN18700;24.11.1968;12,2
Oslo - Blindern;SN18700;25.11.1968;1,5
Oslo - Blindern;SN18700;26.11.1968;2,9
Oslo - Blindern;SN18700;27.11.1968;0,3
Oslo - Blindern;SN18700;28.11.1968;0,7
Oslo - Blindern;SN18700;29.11.1968;9,5
Oslo - Blindern;SN18700;30.11.1968;0
Oslo - Blindern;SN18700;01.12.1968;0
Oslo - Blindern;SN18700;02.12.1968;0
Oslo - Blindern;SN18700;03.12.1968;0
Oslo - Blindern;SN18700;04.12.1968;0
Oslo - Blindern;SN18700;05.12.1968;0,2
Oslo - Blindern;SN18700;06.12.1968;0
Oslo - Blindern;SN18700;07.12.1968;0
Oslo - Blindern;SN18700;08.12.1968;0
Oslo - Blindern;SN18700;09.12.1968;0
Oslo - Blindern;SN18700;10.12.1968;0
Oslo - Blindern;SN18700;11.12.1968;0
Oslo - Blindern;SN18700;12.12.1968;0
Oslo - Blindern;SN18700;13.12.1968;0
Oslo - Blindern;SN18700;14.12.1968;0
Oslo - Blindern;SN18700;15.12.1968;0
Oslo - Blindern;SN18700;16.12.1968;0,5
Oslo - Blindern;SN18700;17.12.1968;0
Oslo - Blindern;SN18700;18.12.1968;0
Oslo - Blindern;SN18700;19.12.1968;2,2
Oslo - Blindern;SN18700;20.12.1968;0
Oslo - Blindern;SN18700;21.12.1968;3,2
Oslo - Blindern;SN18700;22.12.1968;7,3
Oslo - Blindern;SN18700;23.12.1968;0,8
Oslo - Blindern;SN18700;24.12.1968;1,7
Oslo - Blindern;SN18700;25.12.1968;2,4
Oslo - Blindern;SN18700;26.12.1968;0,9
Oslo - Blindern;SN18700;27.12.1968;0
Oslo - Blindern;SN18700;28.12.1968;0
Oslo - Blindern;SN18700;29.12.1968;0,8
Oslo - Blindern;SN18700;30.12.1968;0,4
Oslo - Blindern;SN18700;31.12.1968;0
Oslo - Blindern;SN18700;01.01.1969;0
Oslo - Blindern;SN18700;02.01.1969;9
Oslo - Blindern;SN18700;03.01.1969;0
Oslo - Blindern;SN18700;04.01.1969;2,3
Oslo - Blindern;SN18700;05.01.1969;8,3
Oslo - Blindern;SN18700;06.01.1969;3
Oslo - Blindern;SN18700;07.01.1969;0,2
Oslo - Blindern;SN18700;08.01.1969;0,2
Oslo - Blindern;SN18700;09.01.1969;0,2
Oslo - Blindern;SN18700;10.01.1969;0,2
Oslo - Blindern;SN18700;11.01.1969;0,5
Oslo - Blindern;SN18700;12.01.1969;3,9
Oslo - Blindern;SN18700;13.01.1969;0
Oslo - Blindern;SN18700;14.01.1969;7,9
Oslo - Blindern;SN18700;15.01.1969;4,3
Oslo - Blindern;SN18700;16.01.1969;7,1
Oslo - Blindern;SN18700;17.01.1969;7,7
Oslo - Blindern;SN18700;18.01.1969;5,5
Oslo - Blindern;SN18700;19.01.1969;13,5
Oslo - Blindern;SN18700;20.01.1969;6,9
Oslo - Blindern;SN18700;21.01.1969;3,5
Oslo - Blindern;SN18700;22.01.1969;10
Oslo - Blindern;SN18700;23.01.1969;1,3
Oslo - Blindern;SN18700;24.01.1969;0
Oslo - Blindern;SN18700;25.01.1969;1,5
Oslo - Blindern;SN18700;26.01.1969;1,3
Oslo - Blindern;SN18700;27.01.1969;0,4
Oslo - Blindern;SN18700;28.01.1969;1,3
Oslo - Blindern;SN18700;29.01.1969;0,2
Oslo - Blindern;SN18700;30.01.1969;1,8
Oslo - Blindern;SN18700;31.01.1969;0
Oslo - Blindern;SN18700;01.02.1969;0
Oslo - Blindern;SN18700;02.02.1969;0
Oslo - Blindern;SN18700;03.02.1969;0
Oslo - Blindern;SN18700;04.02.1969;0
Oslo - Blindern;SN18700;05.02.1969;0
Oslo - Blindern;SN18700;06.02.1969;0
Oslo - Blindern;SN18700;07.02.1969;0,8
Oslo - Blindern;SN18700;08.02.1969;5,9
Oslo - Blindern;SN18700;09.02.1969;1,6
Oslo - Blindern;SN18700;10.02.1969;1
Oslo - Blindern;SN18700;11.02.1969;0,1
Oslo - Blindern;SN18700;12.02.1969;0
Oslo - Blindern;SN18700;13.02.1969;0,6
Oslo - Blindern;SN18700;14.02.1969;0
Oslo - Blindern;SN18700;15.02.1969;2,5
Oslo - Blindern;SN18700;16.02.1969;7,5
Oslo - Blindern;SN18700;17.02.1969;0
Oslo - Blindern;SN18700;18.02.1969;0,5
Oslo - Blindern;SN18700;19.02.1969;0
Oslo - Blindern;SN18700;20.02.1969;0
Oslo - Blindern;SN18700;21.02.1969;0
Oslo - Blindern;SN18700;22.02.1969;1,5
Oslo - Blindern;SN18700;23.02.1969;0,2
Oslo - Blindern;SN18700;24.02.1969;0
Oslo - Blindern;SN18700;25.02.1969;0
Oslo - Blindern;SN18700;26.02.1969;0
Oslo - Blindern;SN18700;27.02.1969;0,3
Oslo - Blindern;SN18700;28.02.1969;0
Oslo - Blindern;SN18700;01.03.1969;0
Oslo - Blindern;SN18700;02.03.1969;0
Oslo - Blindern;SN18700;03.03.1969;0
Oslo - Blindern;SN18700;04.03.1969;0,1
Oslo - Blindern;SN18700;05.03.1969;0
Oslo - Blindern;SN18700;06.03.1969;0
Oslo - Blindern;SN18700;07.03.1969;0
Oslo - Blindern;SN18700;08.03.1969;0
Oslo - Blindern;SN18700;09.03.1969;4,5
Oslo - Blindern;SN18700;10.03.1969;0
Oslo - Blindern;SN18700;11.03.1969;0
Oslo - Blindern;SN18700;12.03.1969;0
Oslo - Blindern;SN18700;13.03.1969;0
Oslo - Blindern;SN18700;14.03.1969;0
Oslo - Blindern;SN18700;15.03.1969;0
Oslo - Blindern;SN18700;16.03.1969;0
Oslo - Blindern;SN18700;17.03.1969;0
Oslo - Blindern;SN18700;18.03.1969;0
Oslo - Blindern;SN18700;19.03.1969;0
Oslo - Blindern;SN18700;20.03.1969;0
Oslo - Blindern;SN18700;21.03.1969;0
Oslo - Blindern;SN18700;22.03.1969;0
Oslo - Blindern;SN18700;23.03.1969;0
Oslo - Blindern;SN18700;24.03.1969;0
Oslo - Blindern;SN18700;25.03.1969;0
Oslo - Blindern;SN18700;26.03.1969;0
Oslo - Blindern;SN18700;27.03.1969;0
Oslo - Blindern;SN18700;28.03.1969;0
Oslo - Blindern;SN18700;29.03.1969;0,2
Oslo - Blindern;SN18700;30.03.1969;0,1
Oslo - Blindern;SN18700;31.03.1969;2,2
Oslo - Blindern;SN18700;01.04.1969;4,8
Oslo - Blindern;SN18700;02.04.1969;0
Oslo - Blindern;SN18700;03.04.1969;0
Oslo - Blindern;SN18700;04.04.1969;0
Oslo - Blindern;SN18700;05.04.1969;0
Oslo - Blindern;SN18700;06.04.1969;0
Oslo - Blindern;SN18700;07.04.1969;0
Oslo - Blindern;SN18700;08.04.1969;0
Oslo - Blindern;SN18700;09.04.1969;0
Oslo - Blindern;SN18700;10.04.1969;0
Oslo - Blindern;SN18700;11.04.1969;6,3
Oslo - Blindern;SN18700;12.04.1969;0
Oslo - Blindern;SN18700;13.04.1969;2,7
Oslo - Blindern;SN18700;14.04.1969;0
Oslo - Blindern;SN18700;15.04.1969;0
Oslo - Blindern;SN18700;16.04.1969;0,3
Oslo - Blindern;SN18700;17.04.1969;0
Oslo - Blindern;SN18700;18.04.1969;0
Oslo - Blindern;SN18700;19.04.1969;2,5
Oslo - Blindern;SN18700;20.04.1969;1,2
Oslo - Blindern;SN18700;21.04.1969;4,6
Oslo - Blindern;SN18700;22.04.1969;7,4
Oslo - Blindern;SN18700;23.04.1969;0
Oslo - Blindern;SN18700;24.04.1969;0
Oslo - Blindern;SN18700;25.04.1969;0
Oslo - Blindern;SN18700;26.04.1969;10,3
Oslo - Blindern;SN18700;27.04.1969;0,8
Oslo - Blindern;SN18700;28.04.1969;1,3
Oslo - Blindern;SN18700;29.04.1969;0,3
Oslo - Blindern;SN18700;30.04.1969;11,9
Oslo - Blindern;SN18700;01.05.1969;11,2
Oslo - Blindern;SN18700;02.05.1969;0
Oslo - Blindern;SN18700;03.05.1969;0
Oslo - Blindern;SN18700;04.05.1969;0
Oslo - Blindern;SN18700;05.05.1969;0
Oslo - Blindern;SN18700;06.05.1969;0
Oslo - Blindern;SN18700;07.05.1969;0
Oslo - Blindern;SN18700;08.05.1969;3,6
Oslo - Blindern;SN18700;09.05.1969;14,4
Oslo - Blindern;SN18700;10.05.1969;0
Oslo - Blindern;SN18700;11.05.1969;0
Oslo - Blindern;SN18700;12.05.1969;0
Oslo - Blindern;SN18700;13.05.1969;0
Oslo - Blindern;SN18700;14.05.1969;9,6
Oslo - Blindern;SN18700;15.05.1969;0
Oslo - Blindern;SN18700;16.05.1969;0
Oslo - Blindern;SN18700;17.05.1969;2,4
Oslo - Blindern;SN18700;18.05.1969;5,2
Oslo - Blindern;SN18700;19.05.1969;0
Oslo - Blindern;SN18700;20.05.1969;0
Oslo - Blindern;SN18700;21.05.1969;2
Oslo - Blindern;SN18700;22.05.1969;0
Oslo - Blindern;SN18700;23.05.1969;1,6
Oslo - Blindern;SN18700;24.05.1969;0
Oslo - Blindern;SN18700;25.05.1969;0
Oslo - Blindern;SN18700;26.05.1969;0
Oslo - Blindern;SN18700;27.05.1969;0
Oslo - Blindern;SN18700;28.05.1969;0
Oslo - Blindern;SN18700;29.05.1969;0
Oslo - Blindern;SN18700;30.05.1969;7,6
Oslo - Blindern;SN18700;31.05.1969;0
Oslo - Blindern;SN18700;01.06.1969;6,3
Oslo - Blindern;SN18700;02.06.1969;25,3
Oslo - Blindern;SN18700;03.06.1969;1,2
Oslo - Blindern;SN18700;04.06.1969;0,7
Oslo - Blindern;SN18700;05.06.1969;0
Oslo - Blindern;SN18700;06.06.1969;0
Oslo - Blindern;SN18700;07.06.1969;0
Oslo - Blindern;SN18700;08.06.1969;0
Oslo - Blindern;SN18700;09.06.1969;0
Oslo - Blindern;SN18700;10.06.1969;0
Oslo - Blindern;SN18700;11.06.1969;0
Oslo - Blindern;SN18700;12.06.1969;0
Oslo - Blindern;SN18700;13.06.1969;0
Oslo - Blindern;SN18700;14.06.1969;0
Oslo - Blindern;SN18700;15.06.1969;0
Oslo - Blindern;SN18700;16.06.1969;0
Oslo - Blindern;SN18700;17.06.1969;0
Oslo - Blindern;SN18700;18.06.1969;1,1
Oslo - Blindern;SN18700;19.06.1969;1,7
Oslo - Blindern;SN18700;20.06.1969;0
Oslo - Blindern;SN18700;21.06.1969;0
Oslo - Blindern;SN18700;22.06.1969;0
Oslo - Blindern;SN18700;23.06.1969;0
Oslo - Blindern;SN18700;24.06.1969;0
Oslo - Blindern;SN18700;25.06.1969;0
Oslo - Blindern;SN18700;26.06.1969;0
Oslo - Blindern;SN18700;27.06.1969;0
Oslo - Blindern;SN18700;28.06.1969;0
Oslo - Blindern;SN18700;29.06.1969;4,7
Oslo - Blindern;SN18700;30.06.1969;0
Oslo - Blindern;SN18700;01.07.1969;2,8
Oslo - Blindern;SN18700;02.07.1969;1,4
Oslo - Blindern;SN18700;03.07.1969;0
Oslo - Blindern;SN18700;04.07.1969;0
Oslo - Blindern;SN18700;05.07.1969;0
Oslo - Blindern;SN18700;06.07.1969;0
Oslo - Blindern;SN18700;07.07.1969;0
Oslo - Blindern;SN18700;08.07.1969;15,3
Oslo - Blindern;SN18700;09.07.1969;15,7
Oslo - Blindern;SN18700;10.07.1969;8,2
Oslo - Blindern;SN18700;11.07.1969;1,8
Oslo - Blindern;SN18700;12.07.1969;0
Oslo - Blindern;SN18700;13.07.1969;0
Oslo - Blindern;SN18700;14.07.1969;0
Oslo - Blindern;SN18700;15.07.1969;0
Oslo - Blindern;SN18700;16.07.1969;0
Oslo - Blindern;SN18700;17.07.1969;0
Oslo - Blindern;SN18700;18.07.1969;0,8
Oslo - Blindern;SN18700;19.07.1969;0
Oslo - Blindern;SN18700;20.07.1969;6,8
Oslo - Blindern;SN18700;21.07.1969;0
Oslo - Blindern;SN18700;22.07.1969;0
Oslo - Blindern;SN18700;23.07.1969;0
Oslo - Blindern;SN18700;24.07.1969;0
Oslo - Blindern;SN18700;25.07.1969;11,1
Oslo - Blindern;SN18700;26.07.1969;0
Oslo - Blindern;SN18700;27.07.1969;0
Oslo - Blindern;SN18700;28.07.1969;2,7
Oslo - Blindern;SN18700;29.07.1969;5,1
Oslo - Blindern;SN18700;30.07.1969;0
Oslo - Blindern;SN18700;31.07.1969;0
Oslo - Blindern;SN18700;01.08.1969;0
Oslo - Blindern;SN18700;02.08.1969;0
Oslo - Blindern;SN18700;03.08.1969;0
Oslo - Blindern;SN18700;04.08.1969;0
Oslo - Blindern;SN18700;05.08.1969;0
Oslo - Blindern;SN18700;06.08.1969;0
Oslo - Blindern;SN18700;07.08.1969;0
Oslo - Blindern;SN18700;08.08.1969;0
Oslo - Blindern;SN18700;09.08.1969;0
Oslo - Blindern;SN18700;10.08.1969;0
Oslo - Blindern;SN18700;11.08.1969;0
Oslo - Blindern;SN18700;12.08.1969;0
Oslo - Blindern;SN18700;13.08.1969;0
Oslo - Blindern;SN18700;14.08.1969;0
Oslo - Blindern;SN18700;15.08.1969;0,1
Oslo - Blindern;SN18700;16.08.1969;0
Oslo - Blindern;SN18700;17.08.1969;0
Oslo - Blindern;SN18700;18.08.1969;0
Oslo - Blindern;SN18700;19.08.1969;0
Oslo - Blindern;SN18700;20.08.1969;0
Oslo - Blindern;SN18700;21.08.1969;0
Oslo - Blindern;SN18700;22.08.1969;11,5
Oslo - Blindern;SN18700;23.08.1969;7,5
Oslo - Blindern;SN18700;24.08.1969;2,7
Oslo - Blindern;SN18700;25.08.1969;1,1
Oslo - Blindern;SN18700;26.08.1969;8,2
Oslo - Blindern;SN18700;27.08.1969;0,7
Oslo - Blindern;SN18700;28.08.1969;8,9
Oslo - Blindern;SN18700;29.08.1969;0
Oslo - Blindern;SN18700;30.08.1969;0
Oslo - Blindern;SN18700;31.08.1969;0
Oslo - Blindern;SN18700;01.09.1969;0
Oslo - Blindern;SN18700;02.09.1969;0
Oslo - Blindern;SN18700;03.09.1969;0,1
Oslo - Blindern;SN18700;04.09.1969;0
Oslo - Blindern;SN18700;05.09.1969;0,1
Oslo - Blindern;SN18700;06.09.1969;0
Oslo - Blindern;SN18700;07.09.1969;0
Oslo - Blindern;SN18700;08.09.1969;0
Oslo - Blindern;SN18700;09.09.1969;0
Oslo - Blindern;SN18700;10.09.1969;0
Oslo - Blindern;SN18700;11.09.1969;2,2
Oslo - Blindern;SN18700;12.09.1969;2,1
Oslo - Blindern;SN18700;13.09.1969;5
Oslo - Blindern;SN18700;14.09.1969;5,8
Oslo - Blindern;SN18700;15.09.1969;13,2
Oslo - Blindern;SN18700;16.09.1969;0,2
Oslo - Blindern;SN18700;17.09.1969;0
Oslo - Blindern;SN18700;18.09.1969;0
Oslo - Blindern;SN18700;19.09.1969;0
Oslo - Blindern;SN18700;20.09.1969;0
Oslo - Blindern;SN18700;21.09.1969;5,5
Oslo - Blindern;SN18700;22.09.1969;16,5
Oslo - Blindern;SN18700;23.09.1969;1
Oslo - Blindern;SN18700;24.09.1969;2,1
Oslo - Blindern;SN18700;25.09.1969;0,1
Oslo - Blindern;SN18700;26.09.1969;6,5
Oslo - Blindern;SN18700;27.09.1969;0,3
Oslo - Blindern;SN18700;28.09.1969;0
Oslo - Blindern;SN18700;29.09.1969;16,1
Oslo - Blindern;SN18700;30.09.1969;0
Oslo - Blindern;SN18700;01.10.1969;2,4
Oslo - Blindern;SN18700;02.10.1969;3,3
Oslo - Blindern;SN18700;03.10.1969;0
Oslo - Blindern;SN18700;04.10.1969;0
Oslo - Blindern;SN18700;05.10.1969;0
Oslo - Blindern;SN18700;06.10.1969;0
Oslo - Blindern;SN18700;07.10.1969;1,4
Oslo - Blindern;SN18700;08.10.1969;1
Oslo - Blindern;SN18700;09.10.1969;0
Oslo - Blindern;SN18700;10.10.1969;0
Oslo - Blindern;SN18700;11.10.1969;0
Oslo - Blindern;SN18700;12.10.1969;0
Oslo - Blindern;SN18700;13.10.1969;0
Oslo - Blindern;SN18700;14.10.1969;0
Oslo - Blindern;SN18700;15.10.1969;0
Oslo - Blindern;SN18700;16.10.1969;0,3
Oslo - Blindern;SN18700;17.10.1969;0,8
Oslo - Blindern;SN18700;18.10.1969;0,1
Oslo - Blindern;SN18700;19.10.1969;0,1
Oslo - Blindern;SN18700;20.10.1969;0,1
Oslo - Blindern;SN18700;21.10.1969;0
Oslo - Blindern;SN18700;22.10.1969;0
Oslo - Blindern;SN18700;23.10.1969;0
Oslo - Blindern;SN18700;24.10.1969;2,5
Oslo - Blindern;SN18700;25.10.1969;11,2
Oslo - Blindern;SN18700;26.10.1969;0,2
Oslo - Blindern;SN18700;27.10.1969;0
Oslo - Blindern;SN18700;28.10.1969;0
Oslo - Blindern;SN18700;29.10.1969;0
Oslo - Blindern;SN18700;30.10.1969;0
Oslo - Blindern;SN18700;31.10.1969;0
Oslo - Blindern;SN18700;01.11.1969;0
Oslo - Blindern;SN18700;02.11.1969;0
Oslo - Blindern;SN18700;03.11.1969;3,3
Oslo - Blindern;SN18700;04.11.1969;0,3
Oslo - Blindern;SN18700;05.11.1969;0
Oslo - Blindern;SN18700;06.11.1969;0
Oslo - Blindern;SN18700;07.11.1969;0,1
Oslo - Blindern;SN18700;08.11.1969;0
Oslo - Blindern;SN18700;09.11.1969;8,2
Oslo - Blindern;SN18700;10.11.1969;5
Oslo - Blindern;SN18700;11.11.1969;18,2
Oslo - Blindern;SN18700;12.11.1969;9
Oslo - Blindern;SN18700;13.11.1969;4
Oslo - Blindern;SN18700;14.11.1969;0
Oslo - Blindern;SN18700;15.11.1969;0,2
Oslo - Blindern;SN18700;16.11.1969;1,6
Oslo - Blindern;SN18700;17.11.1969;0,8
Oslo - Blindern;SN18700;18.11.1969;0,9
Oslo - Blindern;SN18700;19.11.1969;10,2
Oslo - Blindern;SN18700;20.11.1969;0
Oslo - Blindern;SN18700;21.11.1969;0
Oslo - Blindern;SN18700;22.11.1969;0
Oslo - Blindern;SN18700;23.11.1969;0
Oslo - Blindern;SN18700;24.11.1969;0
Oslo - Blindern;SN18700;25.11.1969;0
Oslo - Blindern;SN18700;26.11.1969;0
Oslo - Blindern;SN18700;27.11.1969;0
Oslo - Blindern;SN18700;28.11.1969;2,2
Oslo - Blindern;SN18700;29.11.1969;0
Oslo - Blindern;SN18700;30.11.1969;0
Oslo - Blindern;SN18700;01.12.1969;0
Oslo - Blindern;SN18700;02.12.1969;4,7
Oslo - Blindern;SN18700;03.12.1969;0
Oslo - Blindern;SN18700;04.12.1969;0
Oslo - Blindern;SN18700;05.12.1969;0
Oslo - Blindern;SN18700;06.12.1969;0
Oslo - Blindern;SN18700;07.12.1969;0
Oslo - Blindern;SN18700;08.12.1969;7,9
Oslo - Blindern;SN18700;09.12.1969;0
Oslo - Blindern;SN18700;10.12.1969;0
Oslo - Blindern;SN18700;11.12.1969;0,6
Oslo - Blindern;SN18700;12.12.1969;10,7
Oslo - Blindern;SN18700;13.12.1969;2,1
Oslo - Blindern;SN18700;14.12.1969;0,2
Oslo - Blindern;SN18700;15.12.1969;0,8
Oslo - Blindern;SN18700;16.12.1969;0,4
Oslo - Blindern;SN18700;17.12.1969;0,1
Oslo - Blindern;SN18700;18.12.1969;0,1
Oslo - Blindern;SN18700;19.12.1969;0,2
Oslo - Blindern;SN18700;20.12.1969;0,4
Oslo - Blindern;SN18700;21.12.1969;0,1
Oslo - Blindern;SN18700;22.12.1969;2,5
Oslo - Blindern;SN18700;23.12.1969;3,7
Oslo - Blindern;SN18700;24.12.1969;6,3
Oslo - Blindern;SN18700;25.12.1969;1,3
Oslo - Blindern;SN18700;26.12.1969;0
Oslo - Blindern;SN18700;27.12.1969;0
Oslo - Blindern;SN18700;28.12.1969;0
Oslo - Blindern;SN18700;29.12.1969;0
Oslo - Blindern;SN18700;30.12.1969;0,1
Oslo - Blindern;SN18700;31.12.1969;0
Oslo - Blindern;SN18700;01.01.1970;0
Oslo - Blindern;SN18700;02.01.1970;0,8
Oslo - Blindern;SN18700;03.01.1970;0
Oslo - Blindern;SN18700;04.01.1970;0
Oslo - Blindern;SN18700;05.01.1970;0
Oslo - Blindern;SN18700;06.01.1970;0,3
Oslo - Blindern;SN18700;07.01.1970;0
Oslo - Blindern;SN18700;08.01.1970;0
Oslo - Blindern;SN18700;09.01.1970;0
Oslo - Blindern;SN18700;10.01.1970;0,1
Oslo - Blindern;SN18700;11.01.1970;1,5
Oslo - Blindern;SN18700;12.01.1970;0,6
Oslo - Blindern;SN18700;13.01.1970;11,8
Oslo - Blindern;SN18700;14.01.1970;3,5
Oslo - Blindern;SN18700;15.01.1970;0,9
Oslo - Blindern;SN18700;16.01.1970;0
Oslo - Blindern;SN18700;17.01.1970;0
Oslo - Blindern;SN18700;18.01.1970;0,4
Oslo - Blindern;SN18700;19.01.1970;0
Oslo - Blindern;SN18700;20.01.1970;0
Oslo - Blindern;SN18700;21.01.1970;0
Oslo - Blindern;SN18700;22.01.1970;0,3
Oslo - Blindern;SN18700;23.01.1970;0,6
Oslo - Blindern;SN18700;24.01.1970;0,4
Oslo - Blindern;SN18700;25.01.1970;0,1
Oslo - Blindern;SN18700;26.01.1970;0,4
Oslo - Blindern;SN18700;27.01.1970;2,6
Oslo - Blindern;SN18700;28.01.1970;0,3
Oslo - Blindern;SN18700;29.01.1970;0
Oslo - Blindern;SN18700;30.01.1970;0
Oslo - Blindern;SN18700;31.01.1970;0
Oslo - Blindern;SN18700;01.02.1970;0
Oslo - Blindern;SN18700;02.02.1970;0
Oslo - Blindern;SN18700;03.02.1970;3,7
Oslo - Blindern;SN18700;04.02.1970;0
Oslo - Blindern;SN18700;05.02.1970;0
Oslo - Blindern;SN18700;06.02.1970;0
Oslo - Blindern;SN18700;07.02.1970;0
Oslo - Blindern;SN18700;08.02.1970;3,9
Oslo - Blindern;SN18700;09.02.1970;0,3
Oslo - Blindern;SN18700;10.02.1970;0,1
Oslo - Blindern;SN18700;11.02.1970;0
Oslo - Blindern;SN18700;12.02.1970;0
Oslo - Blindern;SN18700;13.02.1970;0,3
Oslo - Blindern;SN18700;14.02.1970;0,1
Oslo - Blindern;SN18700;15.02.1970;0
Oslo - Blindern;SN18700;16.02.1970;0
Oslo - Blindern;SN18700;17.02.1970;0
Oslo - Blindern;SN18700;18.02.1970;0
Oslo - Blindern;SN18700;19.02.1970;0,7
Oslo - Blindern;SN18700;20.02.1970;2,6
Oslo - Blindern;SN18700;21.02.1970;0,4
Oslo - Blindern;SN18700;22.02.1970;2
Oslo - Blindern;SN18700;23.02.1970;2,1
Oslo - Blindern;SN18700;24.02.1970;0,4
Oslo - Blindern;SN18700;25.02.1970;0
Oslo - Blindern;SN18700;26.02.1970;0
Oslo - Blindern;SN18700;27.02.1970;0
Oslo - Blindern;SN18700;28.02.1970;0
Oslo - Blindern;SN18700;01.03.1970;0
Oslo - Blindern;SN18700;02.03.1970;0
Oslo - Blindern;SN18700;03.03.1970;0
Oslo - Blindern;SN18700;04.03.1970;0,9
Oslo - Blindern;SN18700;05.03.1970;3
Oslo - Blindern;SN18700;06.03.1970;3,6
Oslo - Blindern;SN18700;07.03.1970;4,2
Oslo - Blindern;SN18700;08.03.1970;2,1
Oslo - Blindern;SN18700;09.03.1970;0
Oslo - Blindern;SN18700;10.03.1970;2,4
Oslo - Blindern;SN18700;11.03.1970;1,4
Oslo - Blindern;SN18700;12.03.1970;0,9
Oslo - Blindern;SN18700;13.03.1970;0
Oslo - Blindern;SN18700;14.03.1970;0
Oslo - Blindern;SN18700;15.03.1970;0
Oslo - Blindern;SN18700;16.03.1970;0
Oslo - Blindern;SN18700;17.03.1970;0,6
Oslo - Blindern;SN18700;18.03.1970;0,4
Oslo - Blindern;SN18700;19.03.1970;0
Oslo - Blindern;SN18700;20.03.1970;0
Oslo - Blindern;SN18700;21.03.1970;0
Oslo - Blindern;SN18700;22.03.1970;0
Oslo - Blindern;SN18700;23.03.1970;0
Oslo - Blindern;SN18700;24.03.1970;0
Oslo - Blindern;SN18700;25.03.1970;0
Oslo - Blindern;SN18700;26.03.1970;0
Oslo - Blindern;SN18700;27.03.1970;11,9
Oslo - Blindern;SN18700;28.03.1970;2
Oslo - Blindern;SN18700;29.03.1970;0
Oslo - Blindern;SN18700;30.03.1970;0
Oslo - Blindern;SN18700;31.03.1970;0
Oslo - Blindern;SN18700;01.04.1970;0
Oslo - Blindern;SN18700;02.04.1970;0
Oslo - Blindern;SN18700;03.04.1970;0
Oslo - Blindern;SN18700;04.04.1970;0
Oslo - Blindern;SN18700;05.04.1970;0,1
Oslo - Blindern;SN18700;06.04.1970;0,7
Oslo - Blindern;SN18700;07.04.1970;3,6
Oslo - Blindern;SN18700;08.04.1970;3,6
Oslo - Blindern;SN18700;09.04.1970;7,1
Oslo - Blindern;SN18700;10.04.1970;2,5
Oslo - Blindern;SN18700;11.04.1970;0
Oslo - Blindern;SN18700;12.04.1970;0
Oslo - Blindern;SN18700;13.04.1970;0
Oslo - Blindern;SN18700;14.04.1970;0
Oslo - Blindern;SN18700;15.04.1970;0
Oslo - Blindern;SN18700;16.04.1970;0,6
Oslo - Blindern;SN18700;17.04.1970;5,8
Oslo - Blindern;SN18700;18.04.1970;0,6
Oslo - Blindern;SN18700;19.04.1970;9,2
Oslo - Blindern;SN18700;20.04.1970;2,8
Oslo - Blindern;SN18700;21.04.1970;0,2
Oslo - Blindern;SN18700;22.04.1970;3,2
Oslo - Blindern;SN18700;23.04.1970;0,7
Oslo - Blindern;SN18700;24.04.1970;11,5
Oslo - Blindern;SN18700;25.04.1970;0,3
Oslo - Blindern;SN18700;26.04.1970;1,2
Oslo - Blindern;SN18700;27.04.1970;6,5
Oslo - Blindern;SN18700;28.04.1970;0
Oslo - Blindern;SN18700;29.04.1970;0,4
Oslo - Blindern;SN18700;30.04.1970;0
Oslo - Blindern;SN18700;01.05.1970;0
Oslo - Blindern;SN18700;02.05.1970;0
Oslo - Blindern;SN18700;03.05.1970;0
Oslo - Blindern;SN18700;04.05.1970;0
Oslo - Blindern;SN18700;05.05.1970;0
Oslo - Blindern;SN18700;06.05.1970;0
Oslo - Blindern;SN18700;07.05.1970;0
Oslo - Blindern;SN18700;08.05.1970;0
Oslo - Blindern;SN18700;09.05.1970;0
Oslo - Blindern;SN18700;10.05.1970;0
Oslo - Blindern;SN18700;11.05.1970;0
Oslo - Blindern;SN18700;12.05.1970;0
Oslo - Blindern;SN18700;13.05.1970;0
Oslo - Blindern;SN18700;14.05.1970;0
Oslo - Blindern;SN18700;15.05.1970;0
Oslo - Blindern;SN18700;16.05.1970;0
Oslo - Blindern;SN18700;17.05.1970;0
Oslo - Blindern;SN18700;18.05.1970;0
Oslo - Blindern;SN18700;19.05.1970;0
Oslo - Blindern;SN18700;20.05.1970;0
Oslo - Blindern;SN18700;21.05.1970;2
Oslo - Blindern;SN18700;22.05.1970;1,3
Oslo - Blindern;SN18700;23.05.1970;0,8
Oslo - Blindern;SN18700;24.05.1970;0
Oslo - Blindern;SN18700;25.05.1970;0
Oslo - Blindern;SN18700;26.05.1970;0,7
Oslo - Blindern;SN18700;27.05.1970;0
Oslo - Blindern;SN18700;28.05.1970;0
Oslo - Blindern;SN18700;29.05.1970;0
Oslo - Blindern;SN18700;30.05.1970;0,5
Oslo - Blindern;SN18700;31.05.1970;2
Oslo - Blindern;SN18700;01.06.1970;1
Oslo - Blindern;SN18700;02.06.1970;1,5
Oslo - Blindern;SN18700;03.06.1970;0
Oslo - Blindern;SN18700;04.06.1970;0
Oslo - Blindern;SN18700;05.06.1970;0
Oslo - Blindern;SN18700;06.06.1970;0
Oslo - Blindern;SN18700;07.06.1970;0
Oslo - Blindern;SN18700;08.06.1970;0
Oslo - Blindern;SN18700;09.06.1970;0
Oslo - Blindern;SN18700;10.06.1970;0
Oslo - Blindern;SN18700;11.06.1970;5,5
Oslo - Blindern;SN18700;12.06.1970;0,1
Oslo - Blindern;SN18700;13.06.1970;0
Oslo - Blindern;SN18700;14.06.1970;0
Oslo - Blindern;SN18700;15.06.1970;0
Oslo - Blindern;SN18700;16.06.1970;0
Oslo - Blindern;SN18700;17.06.1970;0
Oslo - Blindern;SN18700;18.06.1970;0
Oslo - Blindern;SN18700;19.06.1970;0
Oslo - Blindern;SN18700;20.06.1970;0
Oslo - Blindern;SN18700;21.06.1970;0
Oslo - Blindern;SN18700;22.06.1970;0
Oslo - Blindern;SN18700;23.06.1970;0
Oslo - Blindern;SN18700;24.06.1970;6,6
Oslo - Blindern;SN18700;25.06.1970;8,5
Oslo - Blindern;SN18700;26.06.1970;23,5
Oslo - Blindern;SN18700;27.06.1970;0,1
Oslo - Blindern;SN18700;28.06.1970;0
Oslo - Blindern;SN18700;29.06.1970;8,5
Oslo - Blindern;SN18700;30.06.1970;24,7
Oslo - Blindern;SN18700;01.07.1970;7,2
Oslo - Blindern;SN18700;02.07.1970;6,6
Oslo - Blindern;SN18700;03.07.1970;2,5
Oslo - Blindern;SN18700;04.07.1970;0
Oslo - Blindern;SN18700;05.07.1970;1,2
Oslo - Blindern;SN18700;06.07.1970;0
Oslo - Blindern;SN18700;07.07.1970;2,7
Oslo - Blindern;SN18700;08.07.1970;0
Oslo - Blindern;SN18700;09.07.1970;0
Oslo - Blindern;SN18700;10.07.1970;28,2
Oslo - Blindern;SN18700;11.07.1970;5,2
Oslo - Blindern;SN18700;12.07.1970;5,3
Oslo - Blindern;SN18700;13.07.1970;2,4
Oslo - Blindern;SN18700;14.07.1970;3,6
Oslo - Blindern;SN18700;15.07.1970;1
Oslo - Blindern;SN18700;16.07.1970;0
Oslo - Blindern;SN18700;17.07.1970;0
Oslo - Blindern;SN18700;18.07.1970;0,8
Oslo - Blindern;SN18700;19.07.1970;14,6
Oslo - Blindern;SN18700;20.07.1970;1,4
Oslo - Blindern;SN18700;21.07.1970;4,7
Oslo - Blindern;SN18700;22.07.1970;0
Oslo - Blindern;SN18700;23.07.1970;7,7
Oslo - Blindern;SN18700;24.07.1970;18,3
Oslo - Blindern;SN18700;25.07.1970;6,5
Oslo - Blindern;SN18700;26.07.1970;21,9
Oslo - Blindern;SN18700;27.07.1970;7
Oslo - Blindern;SN18700;28.07.1970;4,8
Oslo - Blindern;SN18700;29.07.1970;9,9
Oslo - Blindern;SN18700;30.07.1970;2,8
Oslo - Blindern;SN18700;31.07.1970;0
Oslo - Blindern;SN18700;01.08.1970;1,7
Oslo - Blindern;SN18700;02.08.1970;0
Oslo - Blindern;SN18700;03.08.1970;0
Oslo - Blindern;SN18700;04.08.1970;0
Oslo - Blindern;SN18700;05.08.1970;0
Oslo - Blindern;SN18700;06.08.1970;0
Oslo - Blindern;SN18700;07.08.1970;0
Oslo - Blindern;SN18700;08.08.1970;0
Oslo - Blindern;SN18700;09.08.1970;0
Oslo - Blindern;SN18700;10.08.1970;0
Oslo - Blindern;SN18700;11.08.1970;0,8
Oslo - Blindern;SN18700;12.08.1970;2
Oslo - Blindern;SN18700;13.08.1970;0
Oslo - Blindern;SN18700;14.08.1970;0
Oslo - Blindern;SN18700;15.08.1970;5,5
Oslo - Blindern;SN18700;16.08.1970;0,4
Oslo - Blindern;SN18700;17.08.1970;0
Oslo - Blindern;SN18700;18.08.1970;12
Oslo - Blindern;SN18700;19.08.1970;16,2
Oslo - Blindern;SN18700;20.08.1970;2,4
Oslo - Blindern;SN18700;21.08.1970;0,1
Oslo - Blindern;SN18700;22.08.1970;0
Oslo - Blindern;SN18700;23.08.1970;0
Oslo - Blindern;SN18700;24.08.1970;0
Oslo - Blindern;SN18700;25.08.1970;0
Oslo - Blindern;SN18700;26.08.1970;0
Oslo - Blindern;SN18700;27.08.1970;0
Oslo - Blindern;SN18700;28.08.1970;0
Oslo - Blindern;SN18700;29.08.1970;0
Oslo - Blindern;SN18700;30.08.1970;0,6
Oslo - Blindern;SN18700;31.08.1970;0,6
Oslo - Blindern;SN18700;01.09.1970;3,7
Oslo - Blindern;SN18700;02.09.1970;0,5
Oslo - Blindern;SN18700;03.09.1970;2
Oslo - Blindern;SN18700;04.09.1970;8,4
Oslo - Blindern;SN18700;05.09.1970;0
Oslo - Blindern;SN18700;06.09.1970;0
Oslo - Blindern;SN18700;07.09.1970;0
Oslo - Blindern;SN18700;08.09.1970;0
Oslo - Blindern;SN18700;09.09.1970;0,7
Oslo - Blindern;SN18700;10.09.1970;5,6
Oslo - Blindern;SN18700;11.09.1970;19
Oslo - Blindern;SN18700;12.09.1970;0,1
Oslo - Blindern;SN18700;13.09.1970;0
Oslo - Blindern;SN18700;14.09.1970;10,5
Oslo - Blindern;SN18700;15.09.1970;4
Oslo - Blindern;SN18700;16.09.1970;0
Oslo - Blindern;SN18700;17.09.1970;12,6
Oslo - Blindern;SN18700;18.09.1970;0,6
Oslo - Blindern;SN18700;19.09.1970;0,1
Oslo - Blindern;SN18700;20.09.1970;0
Oslo - Blindern;SN18700;21.09.1970;0,1
Oslo - Blindern;SN18700;22.09.1970;0
Oslo - Blindern;SN18700;23.09.1970;0
Oslo - Blindern;SN18700;24.09.1970;0
Oslo - Blindern;SN18700;25.09.1970;0
Oslo - Blindern;SN18700;26.09.1970;0
Oslo - Blindern;SN18700;27.09.1970;0
Oslo - Blindern;SN18700;28.09.1970;1,9
Oslo - Blindern;SN18700;29.09.1970;0,5
Oslo - Blindern;SN18700;30.09.1970;1,8
Oslo - Blindern;SN18700;01.10.1970;14,7
Oslo - Blindern;SN18700;02.10.1970;3,4
Oslo - Blindern;SN18700;03.10.1970;6,6
Oslo - Blindern;SN18700;04.10.1970;0,2
Oslo - Blindern;SN18700;05.10.1970;3,6
Oslo - Blindern;SN18700;06.10.1970;10,7
Oslo - Blindern;SN18700;07.10.1970;13,7
Oslo - Blindern;SN18700;08.10.1970;12,5
Oslo - Blindern;SN18700;09.10.1970;0
Oslo - Blindern;SN18700;10.10.1970;0
Oslo - Blindern;SN18700;11.10.1970;0
Oslo - Blindern;SN18700;12.10.1970;0
Oslo - Blindern;SN18700;13.10.1970;0
Oslo - Blindern;SN18700;14.10.1970;0,6
Oslo - Blindern;SN18700;15.10.1970;0,1
Oslo - Blindern;SN18700;16.10.1970;0
Oslo - Blindern;SN18700;17.10.1970;0
Oslo - Blindern;SN18700;18.10.1970;0
Oslo - Blindern;SN18700;19.10.1970;3
Oslo - Blindern;SN18700;20.10.1970;1
Oslo - Blindern;SN18700;21.10.1970;0
Oslo - Blindern;SN18700;22.10.1970;0
Oslo - Blindern;SN18700;23.10.1970;0
Oslo - Blindern;SN18700;24.10.1970;1,1
Oslo - Blindern;SN18700;25.10.1970;0
Oslo - Blindern;SN18700;26.10.1970;0
Oslo - Blindern;SN18700;27.10.1970;0
Oslo - Blindern;SN18700;28.10.1970;0
Oslo - Blindern;SN18700;29.10.1970;16,3
Oslo - Blindern;SN18700;30.10.1970;12,6
Oslo - Blindern;SN18700;31.10.1970;0,6
Oslo - Blindern;SN18700;01.11.1970;5,5
Oslo - Blindern;SN18700;02.11.1970;1,7
Oslo - Blindern;SN18700;03.11.1970;0
Oslo - Blindern;SN18700;04.11.1970;4,3
Oslo - Blindern;SN18700;05.11.1970;1,3
Oslo - Blindern;SN18700;06.11.1970;0
Oslo - Blindern;SN18700;07.11.1970;0
Oslo - Blindern;SN18700;08.11.1970;0
Oslo - Blindern;SN18700;09.11.1970;15,4
Oslo - Blindern;SN18700;10.11.1970;0
Oslo - Blindern;SN18700;11.11.1970;0
Oslo - Blindern;SN18700;12.11.1970;7,6
Oslo - Blindern;SN18700;13.11.1970;1
Oslo - Blindern;SN18700;14.11.1970;0
Oslo - Blindern;SN18700;15.11.1970;31
Oslo - Blindern;SN18700;16.11.1970;18,4
Oslo - Blindern;SN18700;17.11.1970;12,9
Oslo - Blindern;SN18700;18.11.1970;0,5
Oslo - Blindern;SN18700;19.11.1970;4,1
Oslo - Blindern;SN18700;20.11.1970;34,8
Oslo - Blindern;SN18700;21.11.1970;10,3
Oslo - Blindern;SN18700;22.11.1970;4,1
Oslo - Blindern;SN18700;23.11.1970;10,2
Oslo - Blindern;SN18700;24.11.1970;4,3
Oslo - Blindern;SN18700;25.11.1970;3,6
Oslo - Blindern;SN18700;26.11.1970;2,4
Oslo - Blindern;SN18700;27.11.1970;2,8
Oslo - Blindern;SN18700;28.11.1970;0
Oslo - Blindern;SN18700;29.11.1970;4,1
Oslo - Blindern;SN18700;30.11.1970;0
Oslo - Blindern;SN18700;01.12.1970;1,5
Oslo - Blindern;SN18700;02.12.1970;2
Oslo - Blindern;SN18700;03.12.1970;0
Oslo - Blindern;SN18700;04.12.1970;0
Oslo - Blindern;SN18700;05.12.1970;4,1
Oslo - Blindern;SN18700;06.12.1970;0,2
Oslo - Blindern;SN18700;07.12.1970;12,4
Oslo - Blindern;SN18700;08.12.1970;0
Oslo - Blindern;SN18700;09.12.1970;0
Oslo - Blindern;SN18700;10.12.1970;0
Oslo - Blindern;SN18700;11.12.1970;0
Oslo - Blindern;SN18700;12.12.1970;0,1
Oslo - Blindern;SN18700;13.12.1970;0,5
Oslo - Blindern;SN18700;14.12.1970;0,1
Oslo - Blindern;SN18700;15.12.1970;0
Oslo - Blindern;SN18700;16.12.1970;0,1
Oslo - Blindern;SN18700;17.12.1970;0
Oslo - Blindern;SN18700;18.12.1970;0,2
Oslo - Blindern;SN18700;19.12.1970;0
Oslo - Blindern;SN18700;20.12.1970;0,1
Oslo - Blindern;SN18700;21.12.1970;0
Oslo - Blindern;SN18700;22.12.1970;0
Oslo - Blindern;SN18700;23.12.1970;0
Oslo - Blindern;SN18700;24.12.1970;0,3
Oslo - Blindern;SN18700;25.12.1970;1
Oslo - Blindern;SN18700;26.12.1970;0,9
Oslo - Blindern;SN18700;27.12.1970;0,2
Oslo - Blindern;SN18700;28.12.1970;0
Oslo - Blindern;SN18700;29.12.1970;0
Oslo - Blindern;SN18700;30.12.1970;0
Oslo - Blindern;SN18700;31.12.1970;0
Oslo - Blindern;SN18700;01.01.1971;0
Oslo - Blindern;SN18700;02.01.1971;0
Oslo - Blindern;SN18700;03.01.1971;0
Oslo - Blindern;SN18700;04.01.1971;0
Oslo - Blindern;SN18700;05.01.1971;0
Oslo - Blindern;SN18700;06.01.1971;0
Oslo - Blindern;SN18700;07.01.1971;0,2
Oslo - Blindern;SN18700;08.01.1971;7,8
Oslo - Blindern;SN18700;09.01.1971;0
Oslo - Blindern;SN18700;10.01.1971;0,7
Oslo - Blindern;SN18700;11.01.1971;0,1
Oslo - Blindern;SN18700;12.01.1971;0,1
Oslo - Blindern;SN18700;13.01.1971;0
Oslo - Blindern;SN18700;14.01.1971;0
Oslo - Blindern;SN18700;15.01.1971;0,2
Oslo - Blindern;SN18700;16.01.1971;0,4
Oslo - Blindern;SN18700;17.01.1971;0
Oslo - Blindern;SN18700;18.01.1971;2
Oslo - Blindern;SN18700;19.01.1971;0,4
Oslo - Blindern;SN18700;20.01.1971;7
Oslo - Blindern;SN18700;21.01.1971;6
Oslo - Blindern;SN18700;22.01.1971;0
Oslo - Blindern;SN18700;23.01.1971;4,8
Oslo - Blindern;SN18700;24.01.1971;3,2
Oslo - Blindern;SN18700;25.01.1971;10,7
Oslo - Blindern;SN18700;26.01.1971;9,6
Oslo - Blindern;SN18700;27.01.1971;6,9
Oslo - Blindern;SN18700;28.01.1971;0
Oslo - Blindern;SN18700;29.01.1971;0
Oslo - Blindern;SN18700;30.01.1971;0
Oslo - Blindern;SN18700;31.01.1971;0,9
Oslo - Blindern;SN18700;01.02.1971;5,7
Oslo - Blindern;SN18700;02.02.1971;0
Oslo - Blindern;SN18700;03.02.1971;0
Oslo - Blindern;SN18700;04.02.1971;0
Oslo - Blindern;SN18700;05.02.1971;0
Oslo - Blindern;SN18700;06.02.1971;0
Oslo - Blindern;SN18700;07.02.1971;0
Oslo - Blindern;SN18700;08.02.1971;0
Oslo - Blindern;SN18700;09.02.1971;0
Oslo - Blindern;SN18700;10.02.1971;0
Oslo - Blindern;SN18700;11.02.1971;0
Oslo - Blindern;SN18700;12.02.1971;0
Oslo - Blindern;SN18700;13.02.1971;2,3
Oslo - Blindern;SN18700;14.02.1971;2,1
Oslo - Blindern;SN18700;15.02.1971;0
Oslo - Blindern;SN18700;16.02.1971;1,3
Oslo - Blindern;SN18700;17.02.1971;1,2
Oslo - Blindern;SN18700;18.02.1971;12
Oslo - Blindern;SN18700;19.02.1971;2,4
Oslo - Blindern;SN18700;20.02.1971;0,1
Oslo - Blindern;SN18700;21.02.1971;2
Oslo - Blindern;SN18700;22.02.1971;8,7
Oslo - Blindern;SN18700;23.02.1971;0
Oslo - Blindern;SN18700;24.02.1971;2,1
Oslo - Blindern;SN18700;25.02.1971;0
Oslo - Blindern;SN18700;26.02.1971;0
Oslo - Blindern;SN18700;27.02.1971;0
Oslo - Blindern;SN18700;28.02.1971;0
Oslo - Blindern;SN18700;01.03.1971;0,1
Oslo - Blindern;SN18700;02.03.1971;0,2
Oslo - Blindern;SN18700;03.03.1971;1
Oslo - Blindern;SN18700;04.03.1971;0
Oslo - Blindern;SN18700;05.03.1971;0
Oslo - Blindern;SN18700;06.03.1971;0
Oslo - Blindern;SN18700;07.03.1971;0
Oslo - Blindern;SN18700;08.03.1971;0
Oslo - Blindern;SN18700;09.03.1971;0
Oslo - Blindern;SN18700;10.03.1971;0
Oslo - Blindern;SN18700;11.03.1971;0,3
Oslo - Blindern;SN18700;12.03.1971;0
Oslo - Blindern;SN18700;13.03.1971;8,4
Oslo - Blindern;SN18700;14.03.1971;7,8
Oslo - Blindern;SN18700;15.03.1971;7,7
Oslo - Blindern;SN18700;16.03.1971;12
Oslo - Blindern;SN18700;17.03.1971;5,7
Oslo - Blindern;SN18700;18.03.1971;2,2
Oslo - Blindern;SN18700;19.03.1971;2
Oslo - Blindern;SN18700;20.03.1971;1
Oslo - Blindern;SN18700;21.03.1971;0
Oslo - Blindern;SN18700;22.03.1971;1,8
Oslo - Blindern;SN18700;23.03.1971;0
Oslo - Blindern;SN18700;24.03.1971;4,4
Oslo - Blindern;SN18700;25.03.1971;13,9
Oslo - Blindern;SN18700;26.03.1971;0
Oslo - Blindern;SN18700;27.03.1971;3,3
Oslo - Blindern;SN18700;28.03.1971;0
Oslo - Blindern;SN18700;29.03.1971;0
Oslo - Blindern;SN18700;30.03.1971;0
Oslo - Blindern;SN18700;31.03.1971;0
Oslo - Blindern;SN18700;01.04.1971;0
Oslo - Blindern;SN18700;02.04.1971;7,7
Oslo - Blindern;SN18700;03.04.1971;0,2
Oslo - Blindern;SN18700;04.04.1971;2,7
Oslo - Blindern;SN18700;05.04.1971;0
Oslo - Blindern;SN18700;06.04.1971;0
Oslo - Blindern;SN18700;07.04.1971;1,1
Oslo - Blindern;SN18700;08.04.1971;0
Oslo - Blindern;SN18700;09.04.1971;0
Oslo - Blindern;SN18700;10.04.1971;0
Oslo - Blindern;SN18700;11.04.1971;0
Oslo - Blindern;SN18700;12.04.1971;0
Oslo - Blindern;SN18700;13.04.1971;0
Oslo - Blindern;SN18700;14.04.1971;0
Oslo - Blindern;SN18700;15.04.1971;0
Oslo - Blindern;SN18700;16.04.1971;0,1
Oslo - Blindern;SN18700;17.04.1971;6
Oslo - Blindern;SN18700;18.04.1971;2,8
Oslo - Blindern;SN18700;19.04.1971;0,2
Oslo - Blindern;SN18700;20.04.1971;0
Oslo - Blindern;SN18700;21.04.1971;0
Oslo - Blindern;SN18700;22.04.1971;0
Oslo - Blindern;SN18700;23.04.1971;0
Oslo - Blindern;SN18700;24.04.1971;0
Oslo - Blindern;SN18700;25.04.1971;0,1
Oslo - Blindern;SN18700;26.04.1971;0,1
Oslo - Blindern;SN18700;27.04.1971;0
Oslo - Blindern;SN18700;28.04.1971;0
Oslo - Blindern;SN18700;29.04.1971;0,7
Oslo - Blindern;SN18700;30.04.1971;0
Oslo - Blindern;SN18700;01.05.1971;0
Oslo - Blindern;SN18700;02.05.1971;0
Oslo - Blindern;SN18700;03.05.1971;0,1
Oslo - Blindern;SN18700;04.05.1971;0
Oslo - Blindern;SN18700;05.05.1971;0
Oslo - Blindern;SN18700;06.05.1971;0
Oslo - Blindern;SN18700;07.05.1971;0
Oslo - Blindern;SN18700;08.05.1971;0
Oslo - Blindern;SN18700;09.05.1971;0
Oslo - Blindern;SN18700;10.05.1971;0
Oslo - Blindern;SN18700;11.05.1971;0
Oslo - Blindern;SN18700;12.05.1971;0,1
Oslo - Blindern;SN18700;13.05.1971;0
Oslo - Blindern;SN18700;14.05.1971;0
Oslo - Blindern;SN18700;15.05.1971;0
Oslo - Blindern;SN18700;16.05.1971;15
Oslo - Blindern;SN18700;17.05.1971;1,8
Oslo - Blindern;SN18700;18.05.1971;14,2
Oslo - Blindern;SN18700;19.05.1971;10
Oslo - Blindern;SN18700;20.05.1971;0
Oslo - Blindern;SN18700;21.05.1971;0
Oslo - Blindern;SN18700;22.05.1971;0
Oslo - Blindern;SN18700;23.05.1971;0
Oslo - Blindern;SN18700;24.05.1971;0
Oslo - Blindern;SN18700;25.05.1971;0
Oslo - Blindern;SN18700;26.05.1971;0
Oslo - Blindern;SN18700;27.05.1971;1
Oslo - Blindern;SN18700;28.05.1971;4
Oslo - Blindern;SN18700;29.05.1971;4,4
Oslo - Blindern;SN18700;30.05.1971;3,4
Oslo - Blindern;SN18700;31.05.1971;1,7
Oslo - Blindern;SN18700;01.06.1971;0
Oslo - Blindern;SN18700;02.06.1971;0
Oslo - Blindern;SN18700;03.06.1971;0
Oslo - Blindern;SN18700;04.06.1971;0
Oslo - Blindern;SN18700;05.06.1971;0
Oslo - Blindern;SN18700;06.06.1971;0
Oslo - Blindern;SN18700;07.06.1971;0
Oslo - Blindern;SN18700;08.06.1971;0
Oslo - Blindern;SN18700;09.06.1971;0
Oslo - Blindern;SN18700;10.06.1971;0,1
Oslo - Blindern;SN18700;11.06.1971;2,1
Oslo - Blindern;SN18700;12.06.1971;0
Oslo - Blindern;SN18700;13.06.1971;0
Oslo - Blindern;SN18700;14.06.1971;0
Oslo - Blindern;SN18700;15.06.1971;0
Oslo - Blindern;SN18700;16.06.1971;0
Oslo - Blindern;SN18700;17.06.1971;0
Oslo - Blindern;SN18700;18.06.1971;0
Oslo - Blindern;SN18700;19.06.1971;1
Oslo - Blindern;SN18700;20.06.1971;6,3
Oslo - Blindern;SN18700;21.06.1971;0
Oslo - Blindern;SN18700;22.06.1971;0,2
Oslo - Blindern;SN18700;23.06.1971;5,4
Oslo - Blindern;SN18700;24.06.1971;1,7
Oslo - Blindern;SN18700;25.06.1971;0,9
Oslo - Blindern;SN18700;26.06.1971;0
Oslo - Blindern;SN18700;27.06.1971;1,4
Oslo - Blindern;SN18700;28.06.1971;27,2
Oslo - Blindern;SN18700;29.06.1971;3,3
Oslo - Blindern;SN18700;30.06.1971;0
Oslo - Blindern;SN18700;01.07.1971;0
Oslo - Blindern;SN18700;02.07.1971;0
Oslo - Blindern;SN18700;03.07.1971;0
Oslo - Blindern;SN18700;04.07.1971;0
Oslo - Blindern;SN18700;05.07.1971;0
Oslo - Blindern;SN18700;06.07.1971;0
Oslo - Blindern;SN18700;07.07.1971;0
Oslo - Blindern;SN18700;08.07.1971;0
Oslo - Blindern;SN18700;09.07.1971;0
Oslo - Blindern;SN18700;10.07.1971;0
Oslo - Blindern;SN18700;11.07.1971;0
Oslo - Blindern;SN18700;12.07.1971;0
Oslo - Blindern;SN18700;13.07.1971;0
Oslo - Blindern;SN18700;14.07.1971;0
Oslo - Blindern;SN18700;15.07.1971;4,4
Oslo - Blindern;SN18700;16.07.1971;6,3
Oslo - Blindern;SN18700;17.07.1971;6,5
Oslo - Blindern;SN18700;18.07.1971;0
Oslo - Blindern;SN18700;19.07.1971;2,3
Oslo - Blindern;SN18700;20.07.1971;4
Oslo - Blindern;SN18700;21.07.1971;0
Oslo - Blindern;SN18700;22.07.1971;2
Oslo - Blindern;SN18700;23.07.1971;0,1
Oslo - Blindern;SN18700;24.07.1971;0
Oslo - Blindern;SN18700;25.07.1971;28,3
Oslo - Blindern;SN18700;26.07.1971;4,1
Oslo - Blindern;SN18700;27.07.1971;0,1
Oslo - Blindern;SN18700;28.07.1971;0,1
Oslo - Blindern;SN18700;29.07.1971;0,1
Oslo - Blindern;SN18700;30.07.1971;0,1
Oslo - Blindern;SN18700;31.07.1971;18,7
Oslo - Blindern;SN18700;01.08.1971;1,1
Oslo - Blindern;SN18700;02.08.1971;0
Oslo - Blindern;SN18700;03.08.1971;2,4
Oslo - Blindern;SN18700;04.08.1971;0,7
Oslo - Blindern;SN18700;05.08.1971;17,3
Oslo - Blindern;SN18700;06.08.1971;4,6
Oslo - Blindern;SN18700;07.08.1971;1
Oslo - Blindern;SN18700;08.08.1971;1,8
Oslo - Blindern;SN18700;09.08.1971;2
Oslo - Blindern;SN18700;10.08.1971;0,5
Oslo - Blindern;SN18700;11.08.1971;0,2
Oslo - Blindern;SN18700;12.08.1971;0
Oslo - Blindern;SN18700;13.08.1971;0
Oslo - Blindern;SN18700;14.08.1971;6,5
Oslo - Blindern;SN18700;15.08.1971;2
Oslo - Blindern;SN18700;16.08.1971;0
Oslo - Blindern;SN18700;17.08.1971;0
Oslo - Blindern;SN18700;18.08.1971;0
Oslo - Blindern;SN18700;19.08.1971;0
Oslo - Blindern;SN18700;20.08.1971;0
Oslo - Blindern;SN18700;21.08.1971;0
Oslo - Blindern;SN18700;22.08.1971;0
Oslo - Blindern;SN18700;23.08.1971;0
Oslo - Blindern;SN18700;24.08.1971;0
Oslo - Blindern;SN18700;25.08.1971;0
Oslo - Blindern;SN18700;26.08.1971;0,1
Oslo - Blindern;SN18700;27.08.1971;0
Oslo - Blindern;SN18700;28.08.1971;0,3
Oslo - Blindern;SN18700;29.08.1971;16,1
Oslo - Blindern;SN18700;30.08.1971;0
Oslo - Blindern;SN18700;31.08.1971;0
Oslo - Blindern;SN18700;01.09.1971;0,2
Oslo - Blindern;SN18700;02.09.1971;9
Oslo - Blindern;SN18700;03.09.1971;0
Oslo - Blindern;SN18700;04.09.1971;0
Oslo - Blindern;SN18700;05.09.1971;0,2
Oslo - Blindern;SN18700;06.09.1971;0
Oslo - Blindern;SN18700;07.09.1971;0
Oslo - Blindern;SN18700;08.09.1971;0
Oslo - Blindern;SN18700;09.09.1971;0
Oslo - Blindern;SN18700;10.09.1971;0
Oslo - Blindern;SN18700;11.09.1971;0
Oslo - Blindern;SN18700;12.09.1971;0
Oslo - Blindern;SN18700;13.09.1971;0,3
Oslo - Blindern;SN18700;14.09.1971;0
Oslo - Blindern;SN18700;15.09.1971;0,7
Oslo - Blindern;SN18700;16.09.1971;0
Oslo - Blindern;SN18700;17.09.1971;0
Oslo - Blindern;SN18700;18.09.1971;6,4
Oslo - Blindern;SN18700;19.09.1971;0
Oslo - Blindern;SN18700;20.09.1971;0,5
Oslo - Blindern;SN18700;21.09.1971;0,2
Oslo - Blindern;SN18700;22.09.1971;0,1
Oslo - Blindern;SN18700;23.09.1971;0
Oslo - Blindern;SN18700;24.09.1971;1,2
Oslo - Blindern;SN18700;25.09.1971;6,2
Oslo - Blindern;SN18700;26.09.1971;0
Oslo - Blindern;SN18700;27.09.1971;0
Oslo - Blindern;SN18700;28.09.1971;0
Oslo - Blindern;SN18700;29.09.1971;0
Oslo - Blindern;SN18700;30.09.1971;17,8
Oslo - Blindern;SN18700;01.10.1971;1
Oslo - Blindern;SN18700;02.10.1971;0
Oslo - Blindern;SN18700;03.10.1971;1
Oslo - Blindern;SN18700;04.10.1971;0,1
Oslo - Blindern;SN18700;05.10.1971;0
Oslo - Blindern;SN18700;06.10.1971;0,9
Oslo - Blindern;SN18700;07.10.1971;0,1
Oslo - Blindern;SN18700;08.10.1971;0
Oslo - Blindern;SN18700;09.10.1971;0
Oslo - Blindern;SN18700;10.10.1971;0
Oslo - Blindern;SN18700;11.10.1971;0,9
Oslo - Blindern;SN18700;12.10.1971;0
Oslo - Blindern;SN18700;13.10.1971;0,7
Oslo - Blindern;SN18700;14.10.1971;0
Oslo - Blindern;SN18700;15.10.1971;0
Oslo - Blindern;SN18700;16.10.1971;0
Oslo - Blindern;SN18700;17.10.1971;2,9
Oslo - Blindern;SN18700;18.10.1971;2,9
Oslo - Blindern;SN18700;19.10.1971;9,6
Oslo - Blindern;SN18700;20.10.1971;10,5
Oslo - Blindern;SN18700;21.10.1971;0
Oslo - Blindern;SN18700;22.10.1971;9,5
Oslo - Blindern;SN18700;23.10.1971;0,5
Oslo - Blindern;SN18700;24.10.1971;0,1
Oslo - Blindern;SN18700;25.10.1971;0
Oslo - Blindern;SN18700;26.10.1971;0
Oslo - Blindern;SN18700;27.10.1971;0
Oslo - Blindern;SN18700;28.10.1971;0
Oslo - Blindern;SN18700;29.10.1971;0
Oslo - Blindern;SN18700;30.10.1971;0,1
Oslo - Blindern;SN18700;31.10.1971;0
Oslo - Blindern;SN18700;01.11.1971;0
Oslo - Blindern;SN18700;02.11.1971;0
Oslo - Blindern;SN18700;03.11.1971;0
Oslo - Blindern;SN18700;04.11.1971;0
Oslo - Blindern;SN18700;05.11.1971;2,5
Oslo - Blindern;SN18700;06.11.1971;11,7
Oslo - Blindern;SN18700;07.11.1971;14,8
Oslo - Blindern;SN18700;08.11.1971;9
Oslo - Blindern;SN18700;09.11.1971;0
Oslo - Blindern;SN18700;10.11.1971;0
Oslo - Blindern;SN18700;11.11.1971;0
Oslo - Blindern;SN18700;12.11.1971;0
Oslo - Blindern;SN18700;13.11.1971;0
Oslo - Blindern;SN18700;14.11.1971;13,2
Oslo - Blindern;SN18700;15.11.1971;0,9
Oslo - Blindern;SN18700;16.11.1971;0
Oslo - Blindern;SN18700;17.11.1971;0
Oslo - Blindern;SN18700;18.11.1971;0
Oslo - Blindern;SN18700;19.11.1971;0
Oslo - Blindern;SN18700;20.11.1971;0
Oslo - Blindern;SN18700;21.11.1971;0,1
Oslo - Blindern;SN18700;22.11.1971;6,4
Oslo - Blindern;SN18700;23.11.1971;0
Oslo - Blindern;SN18700;24.11.1971;0
Oslo - Blindern;SN18700;25.11.1971;1,2
Oslo - Blindern;SN18700;26.11.1971;0
Oslo - Blindern;SN18700;27.11.1971;0
Oslo - Blindern;SN18700;28.11.1971;0
Oslo - Blindern;SN18700;29.11.1971;6,3
Oslo - Blindern;SN18700;30.11.1971;14,4
Oslo - Blindern;SN18700;01.12.1971;8
Oslo - Blindern;SN18700;02.12.1971;0,3
Oslo - Blindern;SN18700;03.12.1971;0
Oslo - Blindern;SN18700;04.12.1971;0
Oslo - Blindern;SN18700;05.12.1971;0
Oslo - Blindern;SN18700;06.12.1971;0
Oslo - Blindern;SN18700;07.12.1971;0
Oslo - Blindern;SN18700;08.12.1971;1,4
Oslo - Blindern;SN18700;09.12.1971;2
Oslo - Blindern;SN18700;10.12.1971;0,6
Oslo - Blindern;SN18700;11.12.1971;0
Oslo - Blindern;SN18700;12.12.1971;0
Oslo - Blindern;SN18700;13.12.1971;0
Oslo - Blindern;SN18700;14.12.1971;2
Oslo - Blindern;SN18700;15.12.1971;4,7
Oslo - Blindern;SN18700;16.12.1971;0
Oslo - Blindern;SN18700;17.12.1971;0
Oslo - Blindern;SN18700;18.12.1971;0
Oslo - Blindern;SN18700;19.12.1971;0
Oslo - Blindern;SN18700;20.12.1971;5,8
Oslo - Blindern;SN18700;21.12.1971;4,3
Oslo - Blindern;SN18700;22.12.1971;0
Oslo - Blindern;SN18700;23.12.1971;0
Oslo - Blindern;SN18700;24.12.1971;0
Oslo - Blindern;SN18700;25.12.1971;0
Oslo - Blindern;SN18700;26.12.1971;0
Oslo - Blindern;SN18700;27.12.1971;0,2
Oslo - Blindern;SN18700;28.12.1971;6
Oslo - Blindern;SN18700;29.12.1971;0
Oslo - Blindern;SN18700;30.12.1971;0
Oslo - Blindern;SN18700;31.12.1971;0
Oslo - Blindern;SN18700;01.01.1972;0
Oslo - Blindern;SN18700;02.01.1972;0
Oslo - Blindern;SN18700;03.01.1972;0
Oslo - Blindern;SN18700;04.01.1972;0
Oslo - Blindern;SN18700;05.01.1972;0,8
Oslo - Blindern;SN18700;06.01.1972;0,2
Oslo - Blindern;SN18700;07.01.1972;0
Oslo - Blindern;SN18700;08.01.1972;0
Oslo - Blindern;SN18700;09.01.1972;0,2
Oslo - Blindern;SN18700;10.01.1972;0,1
Oslo - Blindern;SN18700;11.01.1972;0,1
Oslo - Blindern;SN18700;12.01.1972;0,2
Oslo - Blindern;SN18700;13.01.1972;2
Oslo - Blindern;SN18700;14.01.1972;0,1
Oslo - Blindern;SN18700;15.01.1972;0
Oslo - Blindern;SN18700;16.01.1972;0
Oslo - Blindern;SN18700;17.01.1972;0,4
Oslo - Blindern;SN18700;18.01.1972;0
Oslo - Blindern;SN18700;19.01.1972;0,6
Oslo - Blindern;SN18700;20.01.1972;4,5
Oslo - Blindern;SN18700;21.01.1972;2,2
Oslo - Blindern;SN18700;22.01.1972;4,5
Oslo - Blindern;SN18700;23.01.1972;0,1
Oslo - Blindern;SN18700;24.01.1972;1,1
Oslo - Blindern;SN18700;25.01.1972;1,3
Oslo - Blindern;SN18700;26.01.1972;0,3
Oslo - Blindern;SN18700;27.01.1972;2
Oslo - Blindern;SN18700;28.01.1972;0,1
Oslo - Blindern;SN18700;29.01.1972;0
Oslo - Blindern;SN18700;30.01.1972;0,1
Oslo - Blindern;SN18700;31.01.1972;3,9
Oslo - Blindern;SN18700;01.02.1972;4,3
Oslo - Blindern;SN18700;02.02.1972;5,6
Oslo - Blindern;SN18700;03.02.1972;0,3
Oslo - Blindern;SN18700;04.02.1972;2,5
Oslo - Blindern;SN18700;05.02.1972;0
Oslo - Blindern;SN18700;06.02.1972;0,1
Oslo - Blindern;SN18700;07.02.1972;0,6
Oslo - Blindern;SN18700;08.02.1972;1,3
Oslo - Blindern;SN18700;09.02.1972;0
Oslo - Blindern;SN18700;10.02.1972;3,4
Oslo - Blindern;SN18700;11.02.1972;3,5
Oslo - Blindern;SN18700;12.02.1972;0
Oslo - Blindern;SN18700;13.02.1972;5,5
Oslo - Blindern;SN18700;14.02.1972;2,2
Oslo - Blindern;SN18700;15.02.1972;0,4
Oslo - Blindern;SN18700;16.02.1972;0
Oslo - Blindern;SN18700;17.02.1972;4
Oslo - Blindern;SN18700;18.02.1972;0,2
Oslo - Blindern;SN18700;19.02.1972;0
Oslo - Blindern;SN18700;20.02.1972;0,1
Oslo - Blindern;SN18700;21.02.1972;0
Oslo - Blindern;SN18700;22.02.1972;0
Oslo - Blindern;SN18700;23.02.1972;0
Oslo - Blindern;SN18700;24.02.1972;0
Oslo - Blindern;SN18700;25.02.1972;0
Oslo - Blindern;SN18700;26.02.1972;0
Oslo - Blindern;SN18700;27.02.1972;0,3
Oslo - Blindern;SN18700;28.02.1972;1,2
Oslo - Blindern;SN18700;29.02.1972;0
Oslo - Blindern;SN18700;01.03.1972;0
Oslo - Blindern;SN18700;02.03.1972;0,8
Oslo - Blindern;SN18700;03.03.1972;0,3
Oslo - Blindern;SN18700;04.03.1972;0,4
Oslo - Blindern;SN18700;05.03.1972;3,1
Oslo - Blindern;SN18700;06.03.1972;11,1
Oslo - Blindern;SN18700;07.03.1972;5,9
Oslo - Blindern;SN18700;08.03.1972;3,5
Oslo - Blindern;SN18700;09.03.1972;2,2
Oslo - Blindern;SN18700;10.03.1972;0,8
Oslo - Blindern;SN18700;11.03.1972;0
Oslo - Blindern;SN18700;12.03.1972;0
Oslo - Blindern;SN18700;13.03.1972;0
Oslo - Blindern;SN18700;14.03.1972;0
Oslo - Blindern;SN18700;15.03.1972;0
Oslo - Blindern;SN18700;16.03.1972;0
Oslo - Blindern;SN18700;17.03.1972;0
Oslo - Blindern;SN18700;18.03.1972;0
Oslo - Blindern;SN18700;19.03.1972;0
Oslo - Blindern;SN18700;20.03.1972;0
Oslo - Blindern;SN18700;21.03.1972;0
Oslo - Blindern;SN18700;22.03.1972;0
Oslo - Blindern;SN18700;23.03.1972;0
Oslo - Blindern;SN18700;24.03.1972;0
Oslo - Blindern;SN18700;25.03.1972;0
Oslo - Blindern;SN18700;26.03.1972;0,8
Oslo - Blindern;SN18700;27.03.1972;12,9
Oslo - Blindern;SN18700;28.03.1972;0,1
Oslo - Blindern;SN18700;29.03.1972;0
Oslo - Blindern;SN18700;30.03.1972;0
Oslo - Blindern;SN18700;31.03.1972;0
Oslo - Blindern;SN18700;01.04.1972;0
Oslo - Blindern;SN18700;02.04.1972;0,3
Oslo - Blindern;SN18700;03.04.1972;18,8
Oslo - Blindern;SN18700;04.04.1972;0
Oslo - Blindern;SN18700;05.04.1972;0
Oslo - Blindern;SN18700;06.04.1972;7,7
Oslo - Blindern;SN18700;07.04.1972;4,2
Oslo - Blindern;SN18700;08.04.1972;1,1
Oslo - Blindern;SN18700;09.04.1972;0
Oslo - Blindern;SN18700;10.04.1972;0
Oslo - Blindern;SN18700;11.04.1972;2,2
Oslo - Blindern;SN18700;12.04.1972;1,7
Oslo - Blindern;SN18700;13.04.1972;2,2
Oslo - Blindern;SN18700;14.04.1972;0,1
Oslo - Blindern;SN18700;15.04.1972;0,1
Oslo - Blindern;SN18700;16.04.1972;1,1
Oslo - Blindern;SN18700;17.04.1972;0,3
Oslo - Blindern;SN18700;18.04.1972;3,7
Oslo - Blindern;SN18700;19.04.1972;0,4
Oslo - Blindern;SN18700;20.04.1972;0
Oslo - Blindern;SN18700;21.04.1972;0
Oslo - Blindern;SN18700;22.04.1972;0
Oslo - Blindern;SN18700;23.04.1972;0
Oslo - Blindern;SN18700;24.04.1972;0
Oslo - Blindern;SN18700;25.04.1972;0
Oslo - Blindern;SN18700;26.04.1972;0,7
Oslo - Blindern;SN18700;27.04.1972;0
Oslo - Blindern;SN18700;28.04.1972;0
Oslo - Blindern;SN18700;29.04.1972;1
Oslo - Blindern;SN18700;30.04.1972;9,6
Oslo - Blindern;SN18700;01.05.1972;8
Oslo - Blindern;SN18700;02.05.1972;0,7
Oslo - Blindern;SN18700;03.05.1972;0,1
Oslo - Blindern;SN18700;04.05.1972;0
Oslo - Blindern;SN18700;05.05.1972;0
Oslo - Blindern;SN18700;06.05.1972;0
Oslo - Blindern;SN18700;07.05.1972;0
Oslo - Blindern;SN18700;08.05.1972;0
Oslo - Blindern;SN18700;09.05.1972;0
Oslo - Blindern;SN18700;10.05.1972;0
Oslo - Blindern;SN18700;11.05.1972;2,2
Oslo - Blindern;SN18700;12.05.1972;0,2
Oslo - Blindern;SN18700;13.05.1972;2
Oslo - Blindern;SN18700;14.05.1972;0
Oslo - Blindern;SN18700;15.05.1972;0
Oslo - Blindern;SN18700;16.05.1972;0
Oslo - Blindern;SN18700;17.05.1972;0
Oslo - Blindern;SN18700;18.05.1972;0
Oslo - Blindern;SN18700;19.05.1972;9,7
Oslo - Blindern;SN18700;20.05.1972;3,7
Oslo - Blindern;SN18700;21.05.1972;0
Oslo - Blindern;SN18700;22.05.1972;5,9
Oslo - Blindern;SN18700;23.05.1972;0,2
Oslo - Blindern;SN18700;24.05.1972;0
Oslo - Blindern;SN18700;25.05.1972;1,3
Oslo - Blindern;SN18700;26.05.1972;10,7
Oslo - Blindern;SN18700;27.05.1972;8,7
Oslo - Blindern;SN18700;28.05.1972;0,5
Oslo - Blindern;SN18700;29.05.1972;0
Oslo - Blindern;SN18700;30.05.1972;0,1
Oslo - Blindern;SN18700;31.05.1972;0
Oslo - Blindern;SN18700;01.06.1972;3,3
Oslo - Blindern;SN18700;02.06.1972;2,6
Oslo - Blindern;SN18700;03.06.1972;0
Oslo - Blindern;SN18700;04.06.1972;2,7
Oslo - Blindern;SN18700;05.06.1972;4,2
Oslo - Blindern;SN18700;06.06.1972;0
Oslo - Blindern;SN18700;07.06.1972;3,2
Oslo - Blindern;SN18700;08.06.1972;14,5
Oslo - Blindern;SN18700;09.06.1972;3,8
Oslo - Blindern;SN18700;10.06.1972;1,2
Oslo - Blindern;SN18700;11.06.1972;4,2
Oslo - Blindern;SN18700;12.06.1972;1
Oslo - Blindern;SN18700;13.06.1972;17,1
Oslo - Blindern;SN18700;14.06.1972;5
Oslo - Blindern;SN18700;15.06.1972;0
Oslo - Blindern;SN18700;16.06.1972;0,2
Oslo - Blindern;SN18700;17.06.1972;0
Oslo - Blindern;SN18700;18.06.1972;0
Oslo - Blindern;SN18700;19.06.1972;10,4
Oslo - Blindern;SN18700;20.06.1972;4
Oslo - Blindern;SN18700;21.06.1972;0,9
Oslo - Blindern;SN18700;22.06.1972;8,1
Oslo - Blindern;SN18700;23.06.1972;0,1
Oslo - Blindern;SN18700;24.06.1972;0
Oslo - Blindern;SN18700;25.06.1972;0
Oslo - Blindern;SN18700;26.06.1972;0
Oslo - Blindern;SN18700;27.06.1972;0
Oslo - Blindern;SN18700;28.06.1972;0
Oslo - Blindern;SN18700;29.06.1972;3,5
Oslo - Blindern;SN18700;30.06.1972;7,2
Oslo - Blindern;SN18700;01.07.1972;2,9
Oslo - Blindern;SN18700;02.07.1972;21,7
Oslo - Blindern;SN18700;03.07.1972;20,9
Oslo - Blindern;SN18700;04.07.1972;0
Oslo - Blindern;SN18700;05.07.1972;0
Oslo - Blindern;SN18700;06.07.1972;0
Oslo - Blindern;SN18700;07.07.1972;0
Oslo - Blindern;SN18700;08.07.1972;0,1
Oslo - Blindern;SN18700;09.07.1972;2,8
Oslo - Blindern;SN18700;10.07.1972;2
Oslo - Blindern;SN18700;11.07.1972;1,7
Oslo - Blindern;SN18700;12.07.1972;0
Oslo - Blindern;SN18700;13.07.1972;0
Oslo - Blindern;SN18700;14.07.1972;0
Oslo - Blindern;SN18700;15.07.1972;0
Oslo - Blindern;SN18700;16.07.1972;0
Oslo - Blindern;SN18700;17.07.1972;0
Oslo - Blindern;SN18700;18.07.1972;0
Oslo - Blindern;SN18700;19.07.1972;0
Oslo - Blindern;SN18700;20.07.1972;0
Oslo - Blindern;SN18700;21.07.1972;0
Oslo - Blindern;SN18700;22.07.1972;0
Oslo - Blindern;SN18700;23.07.1972;0
Oslo - Blindern;SN18700;24.07.1972;0
Oslo - Blindern;SN18700;25.07.1972;7
Oslo - Blindern;SN18700;26.07.1972;2,5
Oslo - Blindern;SN18700;27.07.1972;0,2
Oslo - Blindern;SN18700;28.07.1972;0
Oslo - Blindern;SN18700;29.07.1972;4,2
Oslo - Blindern;SN18700;30.07.1972;13,5
Oslo - Blindern;SN18700;31.07.1972;0,1
Oslo - Blindern;SN18700;01.08.1972;5,3
Oslo - Blindern;SN18700;02.08.1972;3
Oslo - Blindern;SN18700;03.08.1972;0
Oslo - Blindern;SN18700;04.08.1972;1,6
Oslo - Blindern;SN18700;05.08.1972;0,6
Oslo - Blindern;SN18700;06.08.1972;3,3
Oslo - Blindern;SN18700;07.08.1972;4,9
Oslo - Blindern;SN18700;08.08.1972;23,3
Oslo - Blindern;SN18700;09.08.1972;35,8
Oslo - Blindern;SN18700;10.08.1972;0,1
Oslo - Blindern;SN18700;11.08.1972;2,8
Oslo - Blindern;SN18700;12.08.1972;0,2
Oslo - Blindern;SN18700;13.08.1972;0
Oslo - Blindern;SN18700;14.08.1972;0
Oslo - Blindern;SN18700;15.08.1972;6
Oslo - Blindern;SN18700;16.08.1972;7,7
Oslo - Blindern;SN18700;17.08.1972;1,9
Oslo - Blindern;SN18700;18.08.1972;14,3
Oslo - Blindern;SN18700;19.08.1972;0
Oslo - Blindern;SN18700;20.08.1972;0
Oslo - Blindern;SN18700;21.08.1972;0
Oslo - Blindern;SN18700;22.08.1972;0
Oslo - Blindern;SN18700;23.08.1972;0
Oslo - Blindern;SN18700;24.08.1972;1,1
Oslo - Blindern;SN18700;25.08.1972;0,5
Oslo - Blindern;SN18700;26.08.1972;0
Oslo - Blindern;SN18700;27.08.1972;0
Oslo - Blindern;SN18700;28.08.1972;0
Oslo - Blindern;SN18700;29.08.1972;0
Oslo - Blindern;SN18700;30.08.1972;0
Oslo - Blindern;SN18700;31.08.1972;0
Oslo - Blindern;SN18700;01.09.1972;0
Oslo - Blindern;SN18700;02.09.1972;0
Oslo - Blindern;SN18700;03.09.1972;0
Oslo - Blindern;SN18700;04.09.1972;0
Oslo - Blindern;SN18700;05.09.1972;0
Oslo - Blindern;SN18700;06.09.1972;0
Oslo - Blindern;SN18700;07.09.1972;0
Oslo - Blindern;SN18700;08.09.1972;1,1
Oslo - Blindern;SN18700;09.09.1972;0
Oslo - Blindern;SN18700;10.09.1972;19
Oslo - Blindern;SN18700;11.09.1972;0,1
Oslo - Blindern;SN18700;12.09.1972;0
Oslo - Blindern;SN18700;13.09.1972;0
Oslo - Blindern;SN18700;14.09.1972;0
Oslo - Blindern;SN18700;15.09.1972;2,1
Oslo - Blindern;SN18700;16.09.1972;3,5
Oslo - Blindern;SN18700;17.09.1972;3,3
Oslo - Blindern;SN18700;18.09.1972;0
Oslo - Blindern;SN18700;19.09.1972;0
Oslo - Blindern;SN18700;20.09.1972;0
Oslo - Blindern;SN18700;21.09.1972;0
Oslo - Blindern;SN18700;22.09.1972;0,3
Oslo - Blindern;SN18700;23.09.1972;0
Oslo - Blindern;SN18700;24.09.1972;0
Oslo - Blindern;SN18700;25.09.1972;0
Oslo - Blindern;SN18700;26.09.1972;0
Oslo - Blindern;SN18700;27.09.1972;0,1
Oslo - Blindern;SN18700;28.09.1972;0
Oslo - Blindern;SN18700;29.09.1972;0
Oslo - Blindern;SN18700;30.09.1972;0
Oslo - Blindern;SN18700;01.10.1972;0
Oslo - Blindern;SN18700;02.10.1972;0
Oslo - Blindern;SN18700;03.10.1972;0
Oslo - Blindern;SN18700;04.10.1972;0
Oslo - Blindern;SN18700;05.10.1972;0,2
Oslo - Blindern;SN18700;06.10.1972;0
Oslo - Blindern;SN18700;07.10.1972;1,9
Oslo - Blindern;SN18700;08.10.1972;0,2
Oslo - Blindern;SN18700;09.10.1972;0
Oslo - Blindern;SN18700;10.10.1972;0,2
Oslo - Blindern;SN18700;11.10.1972;0
Oslo - Blindern;SN18700;12.10.1972;2,9
Oslo - Blindern;SN18700;13.10.1972;0
Oslo - Blindern;SN18700;14.10.1972;0
Oslo - Blindern;SN18700;15.10.1972;0
Oslo - Blindern;SN18700;16.10.1972;0
Oslo - Blindern;SN18700;17.10.1972;0
Oslo - Blindern;SN18700;18.10.1972;0
Oslo - Blindern;SN18700;19.10.1972;0
Oslo - Blindern;SN18700;20.10.1972;0
Oslo - Blindern;SN18700;21.10.1972;0,1
Oslo - Blindern;SN18700;22.10.1972;0,7
Oslo - Blindern;SN18700;23.10.1972;10,2
Oslo - Blindern;SN18700;24.10.1972;2,2
Oslo - Blindern;SN18700;25.10.1972;0
Oslo - Blindern;SN18700;26.10.1972;0
Oslo - Blindern;SN18700;27.10.1972;0
Oslo - Blindern;SN18700;28.10.1972;0
Oslo - Blindern;SN18700;29.10.1972;0,2
Oslo - Blindern;SN18700;30.10.1972;0,8
Oslo - Blindern;SN18700;31.10.1972;2,2
Oslo - Blindern;SN18700;01.11.1972;0,1
Oslo - Blindern;SN18700;02.11.1972;1,6
Oslo - Blindern;SN18700;03.11.1972;0,3
Oslo - Blindern;SN18700;04.11.1972;0
Oslo - Blindern;SN18700;05.11.1972;0
Oslo - Blindern;SN18700;06.11.1972;0
Oslo - Blindern;SN18700;07.11.1972;4,4
Oslo - Blindern;SN18700;08.11.1972;0
Oslo - Blindern;SN18700;09.11.1972;0,1
Oslo - Blindern;SN18700;10.11.1972;0
Oslo - Blindern;SN18700;11.11.1972;0
Oslo - Blindern;SN18700;12.11.1972;0
Oslo - Blindern;SN18700;13.11.1972;0
Oslo - Blindern;SN18700;14.11.1972;0,1
Oslo - Blindern;SN18700;15.11.1972;0
Oslo - Blindern;SN18700;16.11.1972;0
Oslo - Blindern;SN18700;17.11.1972;0
Oslo - Blindern;SN18700;18.11.1972;0
Oslo - Blindern;SN18700;19.11.1972;0
Oslo - Blindern;SN18700;20.11.1972;0
Oslo - Blindern;SN18700;21.11.1972;0
Oslo - Blindern;SN18700;22.11.1972;2,3
Oslo - Blindern;SN18700;23.11.1972;0
Oslo - Blindern;SN18700;24.11.1972;0
Oslo - Blindern;SN18700;25.11.1972;0
Oslo - Blindern;SN18700;26.11.1972;0
Oslo - Blindern;SN18700;27.11.1972;0
Oslo - Blindern;SN18700;28.11.1972;0,3
Oslo - Blindern;SN18700;29.11.1972;0
Oslo - Blindern;SN18700;30.11.1972;1,6
Oslo - Blindern;SN18700;01.12.1972;6,6
Oslo - Blindern;SN18700;02.12.1972;5,1
Oslo - Blindern;SN18700;03.12.1972;7
Oslo - Blindern;SN18700;04.12.1972;0
Oslo - Blindern;SN18700;05.12.1972;7,5
Oslo - Blindern;SN18700;06.12.1972;10,2
Oslo - Blindern;SN18700;07.12.1972;6
Oslo - Blindern;SN18700;08.12.1972;5,2
Oslo - Blindern;SN18700;09.12.1972;0
Oslo - Blindern;SN18700;10.12.1972;1,2
Oslo - Blindern;SN18700;11.12.1972;2,2
Oslo - Blindern;SN18700;12.12.1972;8
Oslo - Blindern;SN18700;13.12.1972;0,3
Oslo - Blindern;SN18700;14.12.1972;1,3
Oslo - Blindern;SN18700;15.12.1972;0
Oslo - Blindern;SN18700;16.12.1972;0,1
Oslo - Blindern;SN18700;17.12.1972;1,1
Oslo - Blindern;SN18700;18.12.1972;0,3
Oslo - Blindern;SN18700;19.12.1972;0
Oslo - Blindern;SN18700;20.12.1972;0
Oslo - Blindern;SN18700;21.12.1972;0
Oslo - Blindern;SN18700;22.12.1972;0
Oslo - Blindern;SN18700;23.12.1972;0
Oslo - Blindern;SN18700;24.12.1972;0,9
Oslo - Blindern;SN18700;25.12.1972;0,2
Oslo - Blindern;SN18700;26.12.1972;0
Oslo - Blindern;SN18700;27.12.1972;0
Oslo - Blindern;SN18700;28.12.1972;0
Oslo - Blindern;SN18700;29.12.1972;0
Oslo - Blindern;SN18700;30.12.1972;0
Oslo - Blindern;SN18700;31.12.1972;0
Oslo - Blindern;SN18700;01.01.1973;0
Oslo - Blindern;SN18700;02.01.1973;0
Oslo - Blindern;SN18700;03.01.1973;0
Oslo - Blindern;SN18700;04.01.1973;0
Oslo - Blindern;SN18700;05.01.1973;0
Oslo - Blindern;SN18700;06.01.1973;0
Oslo - Blindern;SN18700;07.01.1973;0
Oslo - Blindern;SN18700;08.01.1973;0
Oslo - Blindern;SN18700;09.01.1973;0,1
Oslo - Blindern;SN18700;10.01.1973;0
Oslo - Blindern;SN18700;11.01.1973;0
Oslo - Blindern;SN18700;12.01.1973;1
Oslo - Blindern;SN18700;13.01.1973;0,3
Oslo - Blindern;SN18700;14.01.1973;0
Oslo - Blindern;SN18700;15.01.1973;0,4
Oslo - Blindern;SN18700;16.01.1973;4,7
Oslo - Blindern;SN18700;17.01.1973;5
Oslo - Blindern;SN18700;18.01.1973;0
Oslo - Blindern;SN18700;19.01.1973;0
Oslo - Blindern;SN18700;20.01.1973;0,3
Oslo - Blindern;SN18700;21.01.1973;4,7
Oslo - Blindern;SN18700;22.01.1973;1,4
Oslo - Blindern;SN18700;23.01.1973;0,7
Oslo - Blindern;SN18700;24.01.1973;0
Oslo - Blindern;SN18700;25.01.1973;5,4
Oslo - Blindern;SN18700;26.01.1973;0
Oslo - Blindern;SN18700;27.01.1973;0,3
Oslo - Blindern;SN18700;28.01.1973;0
Oslo - Blindern;SN18700;29.01.1973;6,5
Oslo - Blindern;SN18700;30.01.1973;0,3
Oslo - Blindern;SN18700;31.01.1973;1,6
Oslo - Blindern;SN18700;01.02.1973;6,5
Oslo - Blindern;SN18700;02.02.1973;0,1
Oslo - Blindern;SN18700;03.02.1973;0
Oslo - Blindern;SN18700;04.02.1973;0
Oslo - Blindern;SN18700;05.02.1973;0
Oslo - Blindern;SN18700;06.02.1973;0
Oslo - Blindern;SN18700;07.02.1973;0
Oslo - Blindern;SN18700;08.02.1973;0
Oslo - Blindern;SN18700;09.02.1973;0
Oslo - Blindern;SN18700;10.02.1973;0
Oslo - Blindern;SN18700;11.02.1973;18,1
Oslo - Blindern;SN18700;12.02.1973;6,4
Oslo - Blindern;SN18700;13.02.1973;12,2
Oslo - Blindern;SN18700;14.02.1973;7
Oslo - Blindern;SN18700;15.02.1973;0,5
Oslo - Blindern;SN18700;16.02.1973;0
Oslo - Blindern;SN18700;17.02.1973;2,3
Oslo - Blindern;SN18700;18.02.1973;0,9
Oslo - Blindern;SN18700;19.02.1973;0
Oslo - Blindern;SN18700;20.02.1973;0
Oslo - Blindern;SN18700;21.02.1973;0
Oslo - Blindern;SN18700;22.02.1973;0
Oslo - Blindern;SN18700;23.02.1973;0
Oslo - Blindern;SN18700;24.02.1973;0
Oslo - Blindern;SN18700;25.02.1973;0
Oslo - Blindern;SN18700;26.02.1973;0
Oslo - Blindern;SN18700;27.02.1973;0
Oslo - Blindern;SN18700;28.02.1973;0
Oslo - Blindern;SN18700;01.03.1973;0
Oslo - Blindern;SN18700;02.03.1973;0
Oslo - Blindern;SN18700;03.03.1973;0,6
Oslo - Blindern;SN18700;04.03.1973;1,3
Oslo - Blindern;SN18700;05.03.1973;7,8
Oslo - Blindern;SN18700;06.03.1973;0
Oslo - Blindern;SN18700;07.03.1973;0
Oslo - Blindern;SN18700;08.03.1973;0
Oslo - Blindern;SN18700;09.03.1973;0
Oslo - Blindern;SN18700;10.03.1973;0
Oslo - Blindern;SN18700;11.03.1973;0
Oslo - Blindern;SN18700;12.03.1973;0
Oslo - Blindern;SN18700;13.03.1973;0
Oslo - Blindern;SN18700;14.03.1973;0
Oslo - Blindern;SN18700;15.03.1973;0,2
Oslo - Blindern;SN18700;16.03.1973;0
Oslo - Blindern;SN18700;17.03.1973;0,1
Oslo - Blindern;SN18700;18.03.1973;0,4
Oslo - Blindern;SN18700;19.03.1973;0
Oslo - Blindern;SN18700;20.03.1973;0
Oslo - Blindern;SN18700;21.03.1973;0
Oslo - Blindern;SN18700;22.03.1973;0
Oslo - Blindern;SN18700;23.03.1973;0
Oslo - Blindern;SN18700;24.03.1973;0
Oslo - Blindern;SN18700;25.03.1973;0
Oslo - Blindern;SN18700;26.03.1973;0,1
Oslo - Blindern;SN18700;27.03.1973;0,1
Oslo - Blindern;SN18700;28.03.1973;0,4
Oslo - Blindern;SN18700;29.03.1973;0,5
Oslo - Blindern;SN18700;30.03.1973;0
Oslo - Blindern;SN18700;31.03.1973;1,5
Oslo - Blindern;SN18700;01.04.1973;0
Oslo - Blindern;SN18700;02.04.1973;0
Oslo - Blindern;SN18700;03.04.1973;0
Oslo - Blindern;SN18700;04.04.1973;0
Oslo - Blindern;SN18700;05.04.1973;18,2
Oslo - Blindern;SN18700;06.04.1973;0
Oslo - Blindern;SN18700;07.04.1973;0
Oslo - Blindern;SN18700;08.04.1973;0
Oslo - Blindern;SN18700;09.04.1973;0
Oslo - Blindern;SN18700;10.04.1973;0
Oslo - Blindern;SN18700;11.04.1973;5,3
Oslo - Blindern;SN18700;12.04.1973;0
Oslo - Blindern;SN18700;13.04.1973;0
Oslo - Blindern;SN18700;14.04.1973;0
Oslo - Blindern;SN18700;15.04.1973;0
Oslo - Blindern;SN18700;16.04.1973;0
Oslo - Blindern;SN18700;17.04.1973;3
Oslo - Blindern;SN18700;18.04.1973;0,1
Oslo - Blindern;SN18700;19.04.1973;0,2
Oslo - Blindern;SN18700;20.04.1973;2,7
Oslo - Blindern;SN18700;21.04.1973;2,1
Oslo - Blindern;SN18700;22.04.1973;0,7
Oslo - Blindern;SN18700;23.04.1973;0
Oslo - Blindern;SN18700;24.04.1973;0
Oslo - Blindern;SN18700;25.04.1973;0
Oslo - Blindern;SN18700;26.04.1973;2,1
Oslo - Blindern;SN18700;27.04.1973;0
Oslo - Blindern;SN18700;28.04.1973;12,3
Oslo - Blindern;SN18700;29.04.1973;0
Oslo - Blindern;SN18700;30.04.1973;4,8
Oslo - Blindern;SN18700;01.05.1973;0,4
Oslo - Blindern;SN18700;02.05.1973;7,6
Oslo - Blindern;SN18700;03.05.1973;0
Oslo - Blindern;SN18700;04.05.1973;0
Oslo - Blindern;SN18700;05.05.1973;0,8
Oslo - Blindern;SN18700;06.05.1973;9,7
Oslo - Blindern;SN18700;07.05.1973;1,3
Oslo - Blindern;SN18700;08.05.1973;3,5
Oslo - Blindern;SN18700;09.05.1973;4,8
Oslo - Blindern;SN18700;10.05.1973;0,9
Oslo - Blindern;SN18700;11.05.1973;7,7
Oslo - Blindern;SN18700;12.05.1973;0,6
Oslo - Blindern;SN18700;13.05.1973;1,5
Oslo - Blindern;SN18700;14.05.1973;1
Oslo - Blindern;SN18700;15.05.1973;0
Oslo - Blindern;SN18700;16.05.1973;0,1
Oslo - Blindern;SN18700;17.05.1973;0
Oslo - Blindern;SN18700;18.05.1973;0
Oslo - Blindern;SN18700;19.05.1973;0,1
Oslo - Blindern;SN18700;20.05.1973;3,5
Oslo - Blindern;SN18700;21.05.1973;0
Oslo - Blindern;SN18700;22.05.1973;1,8
Oslo - Blindern;SN18700;23.05.1973;1,2
Oslo - Blindern;SN18700;24.05.1973;0,6
Oslo - Blindern;SN18700;25.05.1973;8,5
Oslo - Blindern;SN18700;26.05.1973;2,7
Oslo - Blindern;SN18700;27.05.1973;0
Oslo - Blindern;SN18700;28.05.1973;0
Oslo - Blindern;SN18700;29.05.1973;0
Oslo - Blindern;SN18700;30.05.1973;0
Oslo - Blindern;SN18700;31.05.1973;0
Oslo - Blindern;SN18700;01.06.1973;19,5
Oslo - Blindern;SN18700;02.06.1973;0,1
Oslo - Blindern;SN18700;03.06.1973;4,4
Oslo - Blindern;SN18700;04.06.1973;2,1
Oslo - Blindern;SN18700;05.06.1973;0
Oslo - Blindern;SN18700;06.06.1973;0
Oslo - Blindern;SN18700;07.06.1973;0
Oslo - Blindern;SN18700;08.06.1973;0
Oslo - Blindern;SN18700;09.06.1973;0
Oslo - Blindern;SN18700;10.06.1973;3,9
Oslo - Blindern;SN18700;11.06.1973;0
Oslo - Blindern;SN18700;12.06.1973;0
Oslo - Blindern;SN18700;13.06.1973;0
Oslo - Blindern;SN18700;14.06.1973;2
Oslo - Blindern;SN18700;15.06.1973;0
Oslo - Blindern;SN18700;16.06.1973;0
Oslo - Blindern;SN18700;17.06.1973;0
Oslo - Blindern;SN18700;18.06.1973;0
Oslo - Blindern;SN18700;19.06.1973;0
Oslo - Blindern;SN18700;20.06.1973;0
Oslo - Blindern;SN18700;21.06.1973;0
Oslo - Blindern;SN18700;22.06.1973;0
Oslo - Blindern;SN18700;23.06.1973;0
Oslo - Blindern;SN18700;24.06.1973;0
Oslo - Blindern;SN18700;25.06.1973;0
Oslo - Blindern;SN18700;26.06.1973;0
Oslo - Blindern;SN18700;27.06.1973;0
Oslo - Blindern;SN18700;28.06.1973;9
Oslo - Blindern;SN18700;29.06.1973;0
Oslo - Blindern;SN18700;30.06.1973;0,1
Oslo - Blindern;SN18700;01.07.1973;0
Oslo - Blindern;SN18700;02.07.1973;0
Oslo - Blindern;SN18700;03.07.1973;0
Oslo - Blindern;SN18700;04.07.1973;0
Oslo - Blindern;SN18700;05.07.1973;0
Oslo - Blindern;SN18700;06.07.1973;0
Oslo - Blindern;SN18700;07.07.1973;0
Oslo - Blindern;SN18700;08.07.1973;11,9
Oslo - Blindern;SN18700;09.07.1973;34,7
Oslo - Blindern;SN18700;10.07.1973;2,7
Oslo - Blindern;SN18700;11.07.1973;1,2
Oslo - Blindern;SN18700;12.07.1973;1,4
Oslo - Blindern;SN18700;13.07.1973;3
Oslo - Blindern;SN18700;14.07.1973;0,9
Oslo - Blindern;SN18700;15.07.1973;0
Oslo - Blindern;SN18700;16.07.1973;0
Oslo - Blindern;SN18700;17.07.1973;1,5
Oslo - Blindern;SN18700;18.07.1973;8,1
Oslo - Blindern;SN18700;19.07.1973;0,3
Oslo - Blindern;SN18700;20.07.1973;0
Oslo - Blindern;SN18700;21.07.1973;6,3
Oslo - Blindern;SN18700;22.07.1973;1,7
Oslo - Blindern;SN18700;23.07.1973;6,5
Oslo - Blindern;SN18700;24.07.1973;0,8
Oslo - Blindern;SN18700;25.07.1973;3,1
Oslo - Blindern;SN18700;26.07.1973;3,9
Oslo - Blindern;SN18700;27.07.1973;8,5
Oslo - Blindern;SN18700;28.07.1973;0
Oslo - Blindern;SN18700;29.07.1973;0
Oslo - Blindern;SN18700;30.07.1973;0
Oslo - Blindern;SN18700;31.07.1973;0
Oslo - Blindern;SN18700;01.08.1973;0
Oslo - Blindern;SN18700;02.08.1973;0
Oslo - Blindern;SN18700;03.08.1973;0,2
Oslo - Blindern;SN18700;04.08.1973;0
Oslo - Blindern;SN18700;05.08.1973;12
Oslo - Blindern;SN18700;06.08.1973;4,6
Oslo - Blindern;SN18700;07.08.1973;8,2
Oslo - Blindern;SN18700;08.08.1973;0,2
Oslo - Blindern;SN18700;09.08.1973;0
Oslo - Blindern;SN18700;10.08.1973;8,5
Oslo - Blindern;SN18700;11.08.1973;0,2
Oslo - Blindern;SN18700;12.08.1973;0
Oslo - Blindern;SN18700;13.08.1973;0
Oslo - Blindern;SN18700;14.08.1973;0
Oslo - Blindern;SN18700;15.08.1973;0
Oslo - Blindern;SN18700;16.08.1973;0
Oslo - Blindern;SN18700;17.08.1973;0
Oslo - Blindern;SN18700;18.08.1973;0,4
Oslo - Blindern;SN18700;19.08.1973;0
Oslo - Blindern;SN18700;20.08.1973;0
Oslo - Blindern;SN18700;21.08.1973;0,2
Oslo - Blindern;SN18700;22.08.1973;0,1
Oslo - Blindern;SN18700;23.08.1973;0
Oslo - Blindern;SN18700;24.08.1973;0
Oslo - Blindern;SN18700;25.08.1973;0
Oslo - Blindern;SN18700;26.08.1973;0
Oslo - Blindern;SN18700;27.08.1973;0
Oslo - Blindern;SN18700;28.08.1973;0
Oslo - Blindern;SN18700;29.08.1973;0
Oslo - Blindern;SN18700;30.08.1973;0
Oslo - Blindern;SN18700;31.08.1973;17,9
Oslo - Blindern;SN18700;01.09.1973;2
Oslo - Blindern;SN18700;02.09.1973;5,5
Oslo - Blindern;SN18700;03.09.1973;0,1
Oslo - Blindern;SN18700;04.09.1973;0
Oslo - Blindern;SN18700;05.09.1973;0
Oslo - Blindern;SN18700;06.09.1973;0,2
Oslo - Blindern;SN18700;07.09.1973;0,1
Oslo - Blindern;SN18700;08.09.1973;0
Oslo - Blindern;SN18700;09.09.1973;0
Oslo - Blindern;SN18700;10.09.1973;0
Oslo - Blindern;SN18700;11.09.1973;0
Oslo - Blindern;SN18700;12.09.1973;0
Oslo - Blindern;SN18700;13.09.1973;0
Oslo - Blindern;SN18700;14.09.1973;0
Oslo - Blindern;SN18700;15.09.1973;0,1
Oslo - Blindern;SN18700;16.09.1973;0
Oslo - Blindern;SN18700;17.09.1973;0
Oslo - Blindern;SN18700;18.09.1973;0
Oslo - Blindern;SN18700;19.09.1973;0
Oslo - Blindern;SN18700;20.09.1973;0,2
Oslo - Blindern;SN18700;21.09.1973;5,1
Oslo - Blindern;SN18700;22.09.1973;0,1
Oslo - Blindern;SN18700;23.09.1973;18
Oslo - Blindern;SN18700;24.09.1973;17,9
Oslo - Blindern;SN18700;25.09.1973;2,9
Oslo - Blindern;SN18700;26.09.1973;0
Oslo - Blindern;SN18700;27.09.1973;0
Oslo - Blindern;SN18700;28.09.1973;2,6
Oslo - Blindern;SN18700;29.09.1973;15,5
Oslo - Blindern;SN18700;30.09.1973;0,4
Oslo - Blindern;SN18700;01.10.1973;0
Oslo - Blindern;SN18700;02.10.1973;0,2
Oslo - Blindern;SN18700;03.10.1973;0
Oslo - Blindern;SN18700;04.10.1973;0
Oslo - Blindern;SN18700;05.10.1973;0,3
Oslo - Blindern;SN18700;06.10.1973;0,2
Oslo - Blindern;SN18700;07.10.1973;0
Oslo - Blindern;SN18700;08.10.1973;0
Oslo - Blindern;SN18700;09.10.1973;2
Oslo - Blindern;SN18700;10.10.1973;3,9
Oslo - Blindern;SN18700;11.10.1973;1,5
Oslo - Blindern;SN18700;12.10.1973;0
Oslo - Blindern;SN18700;13.10.1973;0
Oslo - Blindern;SN18700;14.10.1973;0
Oslo - Blindern;SN18700;15.10.1973;0
Oslo - Blindern;SN18700;16.10.1973;0
Oslo - Blindern;SN18700;17.10.1973;0
Oslo - Blindern;SN18700;18.10.1973;0
Oslo - Blindern;SN18700;19.10.1973;0
Oslo - Blindern;SN18700;20.10.1973;0
Oslo - Blindern;SN18700;21.10.1973;0
Oslo - Blindern;SN18700;22.10.1973;0
Oslo - Blindern;SN18700;23.10.1973;0
Oslo - Blindern;SN18700;24.10.1973;0
Oslo - Blindern;SN18700;25.10.1973;2,7
Oslo - Blindern;SN18700;26.10.1973;0
Oslo - Blindern;SN18700;27.10.1973;0
Oslo - Blindern;SN18700;28.10.1973;0,1
Oslo - Blindern;SN18700;29.10.1973;1,3
Oslo - Blindern;SN18700;30.10.1973;0
Oslo - Blindern;SN18700;31.10.1973;0
Oslo - Blindern;SN18700;01.11.1973;0
Oslo - Blindern;SN18700;02.11.1973;0
Oslo - Blindern;SN18700;03.11.1973;0
Oslo - Blindern;SN18700;04.11.1973;0
Oslo - Blindern;SN18700;05.11.1973;0
Oslo - Blindern;SN18700;06.11.1973;7,5
Oslo - Blindern;SN18700;07.11.1973;1,3
Oslo - Blindern;SN18700;08.11.1973;0,2
Oslo - Blindern;SN18700;09.11.1973;0
Oslo - Blindern;SN18700;10.11.1973;0
Oslo - Blindern;SN18700;11.11.1973;0
Oslo - Blindern;SN18700;12.11.1973;0
Oslo - Blindern;SN18700;13.11.1973;6,2
Oslo - Blindern;SN18700;14.11.1973;0,1
Oslo - Blindern;SN18700;15.11.1973;0
Oslo - Blindern;SN18700;16.11.1973;7
Oslo - Blindern;SN18700;17.11.1973;0
Oslo - Blindern;SN18700;18.11.1973;0
Oslo - Blindern;SN18700;19.11.1973;8,7
Oslo - Blindern;SN18700;20.11.1973;0
Oslo - Blindern;SN18700;21.11.1973;0
Oslo - Blindern;SN18700;22.11.1973;0
Oslo - Blindern;SN18700;23.11.1973;4,2
Oslo - Blindern;SN18700;24.11.1973;0
Oslo - Blindern;SN18700;25.11.1973;0,6
Oslo - Blindern;SN18700;26.11.1973;0
Oslo - Blindern;SN18700;27.11.1973;0
Oslo - Blindern;SN18700;28.11.1973;0
Oslo - Blindern;SN18700;29.11.1973;0
Oslo - Blindern;SN18700;30.11.1973;0
Oslo - Blindern;SN18700;01.12.1973;0
Oslo - Blindern;SN18700;02.12.1973;0
Oslo - Blindern;SN18700;03.12.1973;5,3
Oslo - Blindern;SN18700;04.12.1973;0
Oslo - Blindern;SN18700;05.12.1973;0
Oslo - Blindern;SN18700;06.12.1973;15,2
Oslo - Blindern;SN18700;07.12.1973;13,9
Oslo - Blindern;SN18700;08.12.1973;4,3
Oslo - Blindern;SN18700;09.12.1973;0
Oslo - Blindern;SN18700;10.12.1973;0
Oslo - Blindern;SN18700;11.12.1973;0
Oslo - Blindern;SN18700;12.12.1973;0
Oslo - Blindern;SN18700;13.12.1973;2,1
Oslo - Blindern;SN18700;14.12.1973;5
Oslo - Blindern;SN18700;15.12.1973;2,5
Oslo - Blindern;SN18700;16.12.1973;0,2
Oslo - Blindern;SN18700;17.12.1973;5,7
Oslo - Blindern;SN18700;18.12.1973;0
Oslo - Blindern;SN18700;19.12.1973;0
Oslo - Blindern;SN18700;20.12.1973;5,7
Oslo - Blindern;SN18700;21.12.1973;4,7
Oslo - Blindern;SN18700;22.12.1973;3
Oslo - Blindern;SN18700;23.12.1973;0
Oslo - Blindern;SN18700;24.12.1973;0,5
Oslo - Blindern;SN18700;25.12.1973;0
Oslo - Blindern;SN18700;26.12.1973;0,9
Oslo - Blindern;SN18700;27.12.1973;0
Oslo - Blindern;SN18700;28.12.1973;0
Oslo - Blindern;SN18700;29.12.1973;0
Oslo - Blindern;SN18700;30.12.1973;0,2
Oslo - Blindern;SN18700;31.12.1973;0
Oslo - Blindern;SN18700;01.01.1974;0
Oslo - Blindern;SN18700;02.01.1974;0
Oslo - Blindern;SN18700;03.01.1974;0
Oslo - Blindern;SN18700;04.01.1974;1
Oslo - Blindern;SN18700;05.01.1974;1,2
Oslo - Blindern;SN18700;06.01.1974;0,3
Oslo - Blindern;SN18700;07.01.1974;1,3
Oslo - Blindern;SN18700;08.01.1974;0
Oslo - Blindern;SN18700;09.01.1974;1
Oslo - Blindern;SN18700;10.01.1974;7,5
Oslo - Blindern;SN18700;11.01.1974;0,2
Oslo - Blindern;SN18700;12.01.1974;12,8
Oslo - Blindern;SN18700;13.01.1974;6,8
Oslo - Blindern;SN18700;14.01.1974;15
Oslo - Blindern;SN18700;15.01.1974;10,7
Oslo - Blindern;SN18700;16.01.1974;3,4
Oslo - Blindern;SN18700;17.01.1974;0
Oslo - Blindern;SN18700;18.01.1974;0
Oslo - Blindern;SN18700;19.01.1974;0
Oslo - Blindern;SN18700;20.01.1974;0
Oslo - Blindern;SN18700;21.01.1974;0
Oslo - Blindern;SN18700;22.01.1974;0
Oslo - Blindern;SN18700;23.01.1974;0
Oslo - Blindern;SN18700;24.01.1974;9,8
Oslo - Blindern;SN18700;25.01.1974;0
Oslo - Blindern;SN18700;26.01.1974;0
Oslo - Blindern;SN18700;27.01.1974;0,7
Oslo - Blindern;SN18700;28.01.1974;6,3
Oslo - Blindern;SN18700;29.01.1974;3,8
Oslo - Blindern;SN18700;30.01.1974;5,9
Oslo - Blindern;SN18700;31.01.1974;0,5
Oslo - Blindern;SN18700;01.02.1974;4,2
Oslo - Blindern;SN18700;02.02.1974;0,1
Oslo - Blindern;SN18700;03.02.1974;4,5
Oslo - Blindern;SN18700;04.02.1974;1,4
Oslo - Blindern;SN18700;05.02.1974;0,1
Oslo - Blindern;SN18700;06.02.1974;4,1
Oslo - Blindern;SN18700;07.02.1974;3,5
Oslo - Blindern;SN18700;08.02.1974;0
Oslo - Blindern;SN18700;09.02.1974;0
Oslo - Blindern;SN18700;10.02.1974;0
Oslo - Blindern;SN18700;11.02.1974;8,8
Oslo - Blindern;SN18700;12.02.1974;12,1
Oslo - Blindern;SN18700;13.02.1974;2
Oslo - Blindern;SN18700;14.02.1974;0,1
Oslo - Blindern;SN18700;15.02.1974;1,2
Oslo - Blindern;SN18700;16.02.1974;0,6
Oslo - Blindern;SN18700;17.02.1974;0
Oslo - Blindern;SN18700;18.02.1974;0
Oslo - Blindern;SN18700;19.02.1974;0
Oslo - Blindern;SN18700;20.02.1974;0
Oslo - Blindern;SN18700;21.02.1974;1
Oslo - Blindern;SN18700;22.02.1974;0,6
Oslo - Blindern;SN18700;23.02.1974;0
Oslo - Blindern;SN18700;24.02.1974;0
Oslo - Blindern;SN18700;25.02.1974;0
Oslo - Blindern;SN18700;26.02.1974;0
Oslo - Blindern;SN18700;27.02.1974;0
Oslo - Blindern;SN18700;28.02.1974;1,2
Oslo - Blindern;SN18700;01.03.1974;0
Oslo - Blindern;SN18700;02.03.1974;0
Oslo - Blindern;SN18700;03.03.1974;0
Oslo - Blindern;SN18700;04.03.1974;0
Oslo - Blindern;SN18700;05.03.1974;0
Oslo - Blindern;SN18700;06.03.1974;0
Oslo - Blindern;SN18700;07.03.1974;0
Oslo - Blindern;SN18700;08.03.1974;0,1
Oslo - Blindern;SN18700;09.03.1974;0
Oslo - Blindern;SN18700;10.03.1974;0
Oslo - Blindern;SN18700;11.03.1974;0
Oslo - Blindern;SN18700;12.03.1974;0
Oslo - Blindern;SN18700;13.03.1974;0
Oslo - Blindern;SN18700;14.03.1974;0
Oslo - Blindern;SN18700;15.03.1974;0
Oslo - Blindern;SN18700;16.03.1974;0,5
Oslo - Blindern;SN18700;17.03.1974;0,3
Oslo - Blindern;SN18700;18.03.1974;4,3
Oslo - Blindern;SN18700;19.03.1974;6,6
Oslo - Blindern;SN18700;20.03.1974;3,1
Oslo - Blindern;SN18700;21.03.1974;11
Oslo - Blindern;SN18700;22.03.1974;1
Oslo - Blindern;SN18700;23.03.1974;0
Oslo - Blindern;SN18700;24.03.1974;0
Oslo - Blindern;SN18700;25.03.1974;0
Oslo - Blindern;SN18700;26.03.1974;0
Oslo - Blindern;SN18700;27.03.1974;0
Oslo - Blindern;SN18700;28.03.1974;0
Oslo - Blindern;SN18700;29.03.1974;0
Oslo - Blindern;SN18700;30.03.1974;0
Oslo - Blindern;SN18700;31.03.1974;0
Oslo - Blindern;SN18700;01.04.1974;0
Oslo - Blindern;SN18700;02.04.1974;0
Oslo - Blindern;SN18700;03.04.1974;0
Oslo - Blindern;SN18700;04.04.1974;0
Oslo - Blindern;SN18700;05.04.1974;0
Oslo - Blindern;SN18700;06.04.1974;0
Oslo - Blindern;SN18700;07.04.1974;0
Oslo - Blindern;SN18700;08.04.1974;0
Oslo - Blindern;SN18700;09.04.1974;0
Oslo - Blindern;SN18700;10.04.1974;0
Oslo - Blindern;SN18700;11.04.1974;0
Oslo - Blindern;SN18700;12.04.1974;0
Oslo - Blindern;SN18700;13.04.1974;0
Oslo - Blindern;SN18700;14.04.1974;0
Oslo - Blindern;SN18700;15.04.1974;0
Oslo - Blindern;SN18700;16.04.1974;0
Oslo - Blindern;SN18700;17.04.1974;0
Oslo - Blindern;SN18700;18.04.1974;0
Oslo - Blindern;SN18700;19.04.1974;0
Oslo - Blindern;SN18700;20.04.1974;0
Oslo - Blindern;SN18700;21.04.1974;0
Oslo - Blindern;SN18700;22.04.1974;0
Oslo - Blindern;SN18700;23.04.1974;0
Oslo - Blindern;SN18700;24.04.1974;0
Oslo - Blindern;SN18700;25.04.1974;0
Oslo - Blindern;SN18700;26.04.1974;0
Oslo - Blindern;SN18700;27.04.1974;0
Oslo - Blindern;SN18700;28.04.1974;0
Oslo - Blindern;SN18700;29.04.1974;0
Oslo - Blindern;SN18700;30.04.1974;0
Oslo - Blindern;SN18700;01.05.1974;0
Oslo - Blindern;SN18700;02.05.1974;0
Oslo - Blindern;SN18700;03.05.1974;0
Oslo - Blindern;SN18700;04.05.1974;0
Oslo - Blindern;SN18700;05.05.1974;2,4
Oslo - Blindern;SN18700;06.05.1974;0
Oslo - Blindern;SN18700;07.05.1974;0
Oslo - Blindern;SN18700;08.05.1974;0
Oslo - Blindern;SN18700;09.05.1974;0
Oslo - Blindern;SN18700;10.05.1974;0
Oslo - Blindern;SN18700;11.05.1974;0
Oslo - Blindern;SN18700;12.05.1974;0
Oslo - Blindern;SN18700;13.05.1974;0
Oslo - Blindern;SN18700;14.05.1974;0
Oslo - Blindern;SN18700;15.05.1974;0
Oslo - Blindern;SN18700;16.05.1974;0
Oslo - Blindern;SN18700;17.05.1974;0
Oslo - Blindern;SN18700;18.05.1974;0
Oslo - Blindern;SN18700;19.05.1974;0
Oslo - Blindern;SN18700;20.05.1974;0
Oslo - Blindern;SN18700;21.05.1974;3,5
Oslo - Blindern;SN18700;22.05.1974;9
Oslo - Blindern;SN18700;23.05.1974;0
Oslo - Blindern;SN18700;24.05.1974;0,7
Oslo - Blindern;SN18700;25.05.1974;0
Oslo - Blindern;SN18700;26.05.1974;0
Oslo - Blindern;SN18700;27.05.1974;0,2
Oslo - Blindern;SN18700;28.05.1974;0
Oslo - Blindern;SN18700;29.05.1974;10,7
Oslo - Blindern;SN18700;30.05.1974;0
Oslo - Blindern;SN18700;31.05.1974;0,5
Oslo - Blindern;SN18700;01.06.1974;0
Oslo - Blindern;SN18700;02.06.1974;0
Oslo - Blindern;SN18700;03.06.1974;9,5
Oslo - Blindern;SN18700;04.06.1974;0
Oslo - Blindern;SN18700;05.06.1974;0
Oslo - Blindern;SN18700;06.06.1974;0
Oslo - Blindern;SN18700;07.06.1974;14,9
Oslo - Blindern;SN18700;08.06.1974;4,6
Oslo - Blindern;SN18700;09.06.1974;7,6
Oslo - Blindern;SN18700;10.06.1974;0,1
Oslo - Blindern;SN18700;11.06.1974;0
Oslo - Blindern;SN18700;12.06.1974;5,5
Oslo - Blindern;SN18700;13.06.1974;0
Oslo - Blindern;SN18700;14.06.1974;0
Oslo - Blindern;SN18700;15.06.1974;0
Oslo - Blindern;SN18700;16.06.1974;0
Oslo - Blindern;SN18700;17.06.1974;0
Oslo - Blindern;SN18700;18.06.1974;0
Oslo - Blindern;SN18700;19.06.1974;0,1
Oslo - Blindern;SN18700;20.06.1974;2,5
Oslo - Blindern;SN18700;21.06.1974;1,2
Oslo - Blindern;SN18700;22.06.1974;1,2
Oslo - Blindern;SN18700;23.06.1974;2,1
Oslo - Blindern;SN18700;24.06.1974;0
Oslo - Blindern;SN18700;25.06.1974;0
Oslo - Blindern;SN18700;26.06.1974;0
Oslo - Blindern;SN18700;27.06.1974;4,3
Oslo - Blindern;SN18700;28.06.1974;0
Oslo - Blindern;SN18700;29.06.1974;0
Oslo - Blindern;SN18700;30.06.1974;0
Oslo - Blindern;SN18700;01.07.1974;0
Oslo - Blindern;SN18700;02.07.1974;0
Oslo - Blindern;SN18700;03.07.1974;1,7
Oslo - Blindern;SN18700;04.07.1974;13,1
Oslo - Blindern;SN18700;05.07.1974;5,4
Oslo - Blindern;SN18700;06.07.1974;2,8
Oslo - Blindern;SN18700;07.07.1974;0
Oslo - Blindern;SN18700;08.07.1974;0
Oslo - Blindern;SN18700;09.07.1974;0
Oslo - Blindern;SN18700;10.07.1974;0
Oslo - Blindern;SN18700;11.07.1974;3,4
Oslo - Blindern;SN18700;12.07.1974;0
Oslo - Blindern;SN18700;13.07.1974;13,7
Oslo - Blindern;SN18700;14.07.1974;4,3
Oslo - Blindern;SN18700;15.07.1974;26,2
Oslo - Blindern;SN18700;16.07.1974;1,3
Oslo - Blindern;SN18700;17.07.1974;20,2
Oslo - Blindern;SN18700;18.07.1974;11,6
Oslo - Blindern;SN18700;19.07.1974;1,2
Oslo - Blindern;SN18700;20.07.1974;0,9
Oslo - Blindern;SN18700;21.07.1974;0
Oslo - Blindern;SN18700;22.07.1974;0,2
Oslo - Blindern;SN18700;23.07.1974;4,6
Oslo - Blindern;SN18700;24.07.1974;0
Oslo - Blindern;SN18700;25.07.1974;0
Oslo - Blindern;SN18700;26.07.1974;0
Oslo - Blindern;SN18700;27.07.1974;0
Oslo - Blindern;SN18700;28.07.1974;0,7
Oslo - Blindern;SN18700;29.07.1974;0,6
Oslo - Blindern;SN18700;30.07.1974;0
Oslo - Blindern;SN18700;31.07.1974;0
Oslo - Blindern;SN18700;01.08.1974;0
Oslo - Blindern;SN18700;02.08.1974;0
Oslo - Blindern;SN18700;03.08.1974;0
Oslo - Blindern;SN18700;04.08.1974;0
Oslo - Blindern;SN18700;05.08.1974;0
Oslo - Blindern;SN18700;06.08.1974;0
Oslo - Blindern;SN18700;07.08.1974;0
Oslo - Blindern;SN18700;08.08.1974;0
Oslo - Blindern;SN18700;09.08.1974;0
Oslo - Blindern;SN18700;10.08.1974;0
Oslo - Blindern;SN18700;11.08.1974;0
Oslo - Blindern;SN18700;12.08.1974;0,4
Oslo - Blindern;SN18700;13.08.1974;2,8
Oslo - Blindern;SN18700;14.08.1974;9,6
Oslo - Blindern;SN18700;15.08.1974;0
Oslo - Blindern;SN18700;16.08.1974;6,5
Oslo - Blindern;SN18700;17.08.1974;0
Oslo - Blindern;SN18700;18.08.1974;1
Oslo - Blindern;SN18700;19.08.1974;0,5
Oslo - Blindern;SN18700;20.08.1974;0,9
Oslo - Blindern;SN18700;21.08.1974;0
Oslo - Blindern;SN18700;22.08.1974;0
Oslo - Blindern;SN18700;23.08.1974;0
Oslo - Blindern;SN18700;24.08.1974;1,9
Oslo - Blindern;SN18700;25.08.1974;2,2
Oslo - Blindern;SN18700;26.08.1974;0
Oslo - Blindern;SN18700;27.08.1974;6,3
Oslo - Blindern;SN18700;28.08.1974;12,8
Oslo - Blindern;SN18700;29.08.1974;1,8
Oslo - Blindern;SN18700;30.08.1974;8,2
Oslo - Blindern;SN18700;31.08.1974;0
Oslo - Blindern;SN18700;01.09.1974;0
Oslo - Blindern;SN18700;02.09.1974;3,8
Oslo - Blindern;SN18700;03.09.1974;7,3
Oslo - Blindern;SN18700;04.09.1974;10,1
Oslo - Blindern;SN18700;05.09.1974;22
Oslo - Blindern;SN18700;06.09.1974;16
Oslo - Blindern;SN18700;07.09.1974;6
Oslo - Blindern;SN18700;08.09.1974;12,6
Oslo - Blindern;SN18700;09.09.1974;6,1
Oslo - Blindern;SN18700;10.09.1974;0
Oslo - Blindern;SN18700;11.09.1974;0,1
Oslo - Blindern;SN18700;12.09.1974;0,6
Oslo - Blindern;SN18700;13.09.1974;0
Oslo - Blindern;SN18700;14.09.1974;0
Oslo - Blindern;SN18700;15.09.1974;22,5
Oslo - Blindern;SN18700;16.09.1974;2,7
Oslo - Blindern;SN18700;17.09.1974;3,3
Oslo - Blindern;SN18700;18.09.1974;1
Oslo - Blindern;SN18700;19.09.1974;0
Oslo - Blindern;SN18700;20.09.1974;1
Oslo - Blindern;SN18700;21.09.1974;0
Oslo - Blindern;SN18700;22.09.1974;5,1
Oslo - Blindern;SN18700;23.09.1974;3,6
Oslo - Blindern;SN18700;24.09.1974;6
Oslo - Blindern;SN18700;25.09.1974;5,3
Oslo - Blindern;SN18700;26.09.1974;11,8
Oslo - Blindern;SN18700;27.09.1974;3,7
Oslo - Blindern;SN18700;28.09.1974;5,2
Oslo - Blindern;SN18700;29.09.1974;12,1
Oslo - Blindern;SN18700;30.09.1974;13
Oslo - Blindern;SN18700;01.10.1974;0
Oslo - Blindern;SN18700;02.10.1974;0,4
Oslo - Blindern;SN18700;03.10.1974;9
Oslo - Blindern;SN18700;04.10.1974;1,5
Oslo - Blindern;SN18700;05.10.1974;0
Oslo - Blindern;SN18700;06.10.1974;1,7
Oslo - Blindern;SN18700;07.10.1974;6,5
Oslo - Blindern;SN18700;08.10.1974;1,2
Oslo - Blindern;SN18700;09.10.1974;1
Oslo - Blindern;SN18700;10.10.1974;0,1
Oslo - Blindern;SN18700;11.10.1974;0
Oslo - Blindern;SN18700;12.10.1974;6
Oslo - Blindern;SN18700;13.10.1974;2
Oslo - Blindern;SN18700;14.10.1974;0
Oslo - Blindern;SN18700;15.10.1974;0
Oslo - Blindern;SN18700;16.10.1974;0,2
Oslo - Blindern;SN18700;17.10.1974;0,7
Oslo - Blindern;SN18700;18.10.1974;0,3
Oslo - Blindern;SN18700;19.10.1974;2,2
Oslo - Blindern;SN18700;20.10.1974;11,5
Oslo - Blindern;SN18700;21.10.1974;12,3
Oslo - Blindern;SN18700;22.10.1974;1,2
Oslo - Blindern;SN18700;23.10.1974;17
Oslo - Blindern;SN18700;24.10.1974;1,1
Oslo - Blindern;SN18700;25.10.1974;0
Oslo - Blindern;SN18700;26.10.1974;0
Oslo - Blindern;SN18700;27.10.1974;0
Oslo - Blindern;SN18700;28.10.1974;4,5
Oslo - Blindern;SN18700;29.10.1974;0,2
Oslo - Blindern;SN18700;30.10.1974;0
Oslo - Blindern;SN18700;31.10.1974;0,3
Oslo - Blindern;SN18700;01.11.1974;1,1
Oslo - Blindern;SN18700;02.11.1974;0
Oslo - Blindern;SN18700;03.11.1974;0
Oslo - Blindern;SN18700;04.11.1974;0
Oslo - Blindern;SN18700;05.11.1974;0
Oslo - Blindern;SN18700;06.11.1974;0
Oslo - Blindern;SN18700;07.11.1974;4,4
Oslo - Blindern;SN18700;08.11.1974;0
Oslo - Blindern;SN18700;09.11.1974;8,5
Oslo - Blindern;SN18700;10.11.1974;19,6
Oslo - Blindern;SN18700;11.11.1974;1,1
Oslo - Blindern;SN18700;12.11.1974;7
Oslo - Blindern;SN18700;13.11.1974;0,2
Oslo - Blindern;SN18700;14.11.1974;0,8
Oslo - Blindern;SN18700;15.11.1974;10,5
Oslo - Blindern;SN18700;16.11.1974;0,2
Oslo - Blindern;SN18700;17.11.1974;0
Oslo - Blindern;SN18700;18.11.1974;0
Oslo - Blindern;SN18700;19.11.1974;0,7
Oslo - Blindern;SN18700;20.11.1974;46,1
Oslo - Blindern;SN18700;21.11.1974;1,6
Oslo - Blindern;SN18700;22.11.1974;0
Oslo - Blindern;SN18700;23.11.1974;0
Oslo - Blindern;SN18700;24.11.1974;0,4
Oslo - Blindern;SN18700;25.11.1974;12,2
Oslo - Blindern;SN18700;26.11.1974;4,5
Oslo - Blindern;SN18700;27.11.1974;0,4
Oslo - Blindern;SN18700;28.11.1974;0,1
Oslo - Blindern;SN18700;29.11.1974;1,4
Oslo - Blindern;SN18700;30.11.1974;0
Oslo - Blindern;SN18700;01.12.1974;0
Oslo - Blindern;SN18700;02.12.1974;2,1
Oslo - Blindern;SN18700;03.12.1974;3,5
Oslo - Blindern;SN18700;04.12.1974;0,7
Oslo - Blindern;SN18700;05.12.1974;1,8
Oslo - Blindern;SN18700;06.12.1974;0
Oslo - Blindern;SN18700;07.12.1974;5,5
Oslo - Blindern;SN18700;08.12.1974;0,1
Oslo - Blindern;SN18700;09.12.1974;0,4
Oslo - Blindern;SN18700;10.12.1974;0
Oslo - Blindern;SN18700;11.12.1974;4,7
Oslo - Blindern;SN18700;12.12.1974;0
Oslo - Blindern;SN18700;13.12.1974;0
Oslo - Blindern;SN18700;14.12.1974;0
Oslo - Blindern;SN18700;15.12.1974;0
Oslo - Blindern;SN18700;16.12.1974;0
Oslo - Blindern;SN18700;17.12.1974;4,5
Oslo - Blindern;SN18700;18.12.1974;0
Oslo - Blindern;SN18700;19.12.1974;0
Oslo - Blindern;SN18700;20.12.1974;4,2
Oslo - Blindern;SN18700;21.12.1974;0,1
Oslo - Blindern;SN18700;22.12.1974;0
Oslo - Blindern;SN18700;23.12.1974;0,1
Oslo - Blindern;SN18700;24.12.1974;0,3
Oslo - Blindern;SN18700;25.12.1974;6,8
Oslo - Blindern;SN18700;26.12.1974;5,1
Oslo - Blindern;SN18700;27.12.1974;3
Oslo - Blindern;SN18700;28.12.1974;0,1
Oslo - Blindern;SN18700;29.12.1974;2,2
Oslo - Blindern;SN18700;30.12.1974;0
Oslo - Blindern;SN18700;31.12.1974;1
Oslo - Blindern;SN18700;01.01.1975;7,4
Oslo - Blindern;SN18700;02.01.1975;0
Oslo - Blindern;SN18700;03.01.1975;0
Oslo - Blindern;SN18700;04.01.1975;0,3
Oslo - Blindern;SN18700;05.01.1975;0
Oslo - Blindern;SN18700;06.01.1975;0
Oslo - Blindern;SN18700;07.01.1975;0
Oslo - Blindern;SN18700;08.01.1975;0
Oslo - Blindern;SN18700;09.01.1975;3,2
Oslo - Blindern;SN18700;10.01.1975;4,2
Oslo - Blindern;SN18700;11.01.1975;0
Oslo - Blindern;SN18700;12.01.1975;1,1
Oslo - Blindern;SN18700;13.01.1975;6,3
Oslo - Blindern;SN18700;14.01.1975;0
Oslo - Blindern;SN18700;15.01.1975;0,4
Oslo - Blindern;SN18700;16.01.1975;0,6
Oslo - Blindern;SN18700;17.01.1975;4,5
Oslo - Blindern;SN18700;18.01.1975;1,4
Oslo - Blindern;SN18700;19.01.1975;5,8
Oslo - Blindern;SN18700;20.01.1975;0
Oslo - Blindern;SN18700;21.01.1975;4,8
Oslo - Blindern;SN18700;22.01.1975;8,4
Oslo - Blindern;SN18700;23.01.1975;12
Oslo - Blindern;SN18700;24.01.1975;1,5
Oslo - Blindern;SN18700;25.01.1975;9,2
Oslo - Blindern;SN18700;26.01.1975;3,1
Oslo - Blindern;SN18700;27.01.1975;4
Oslo - Blindern;SN18700;28.01.1975;4
Oslo - Blindern;SN18700;29.01.1975;19,5
Oslo - Blindern;SN18700;30.01.1975;1,2
Oslo - Blindern;SN18700;31.01.1975;3,2
Oslo - Blindern;SN18700;01.02.1975;10,3
Oslo - Blindern;SN18700;02.02.1975;1,3
Oslo - Blindern;SN18700;03.02.1975;0
Oslo - Blindern;SN18700;04.02.1975;0
Oslo - Blindern;SN18700;05.02.1975;0
Oslo - Blindern;SN18700;06.02.1975;0,7
Oslo - Blindern;SN18700;07.02.1975;0,1
Oslo - Blindern;SN18700;08.02.1975;0
Oslo - Blindern;SN18700;09.02.1975;0
Oslo - Blindern;SN18700;10.02.1975;0
Oslo - Blindern;SN18700;11.02.1975;0
Oslo - Blindern;SN18700;12.02.1975;0
Oslo - Blindern;SN18700;13.02.1975;0,1
Oslo - Blindern;SN18700;14.02.1975;0
Oslo - Blindern;SN18700;15.02.1975;0
Oslo - Blindern;SN18700;16.02.1975;0
Oslo - Blindern;SN18700;17.02.1975;0,5
Oslo - Blindern;SN18700;18.02.1975;5,1
Oslo - Blindern;SN18700;19.02.1975;0
Oslo - Blindern;SN18700;20.02.1975;0
Oslo - Blindern;SN18700;21.02.1975;0
Oslo - Blindern;SN18700;22.02.1975;0
Oslo - Blindern;SN18700;23.02.1975;0
Oslo - Blindern;SN18700;24.02.1975;0
Oslo - Blindern;SN18700;25.02.1975;0
Oslo - Blindern;SN18700;26.02.1975;0
Oslo - Blindern;SN18700;27.02.1975;0
Oslo - Blindern;SN18700;28.02.1975;0
Oslo - Blindern;SN18700;01.03.1975;0
Oslo - Blindern;SN18700;02.03.1975;0,2
Oslo - Blindern;SN18700;03.03.1975;1,2
Oslo - Blindern;SN18700;04.03.1975;2,3
Oslo - Blindern;SN18700;05.03.1975;5,1
Oslo - Blindern;SN18700;06.03.1975;0,4
Oslo - Blindern;SN18700;07.03.1975;0,8
Oslo - Blindern;SN18700;08.03.1975;7,7
Oslo - Blindern;SN18700;09.03.1975;5,3
Oslo - Blindern;SN18700;10.03.1975;0
Oslo - Blindern;SN18700;11.03.1975;0
Oslo - Blindern;SN18700;12.03.1975;0
Oslo - Blindern;SN18700;13.03.1975;0
Oslo - Blindern;SN18700;14.03.1975;0
Oslo - Blindern;SN18700;15.03.1975;0
Oslo - Blindern;SN18700;16.03.1975;0
Oslo - Blindern;SN18700;17.03.1975;0
Oslo - Blindern;SN18700;18.03.1975;0
Oslo - Blindern;SN18700;19.03.1975;0
Oslo - Blindern;SN18700;20.03.1975;0
Oslo - Blindern;SN18700;21.03.1975;0
Oslo - Blindern;SN18700;22.03.1975;0
Oslo - Blindern;SN18700;23.03.1975;0
Oslo - Blindern;SN18700;24.03.1975;0,2
Oslo - Blindern;SN18700;25.03.1975;8,4
Oslo - Blindern;SN18700;26.03.1975;1,6
Oslo - Blindern;SN18700;27.03.1975;0,3
Oslo - Blindern;SN18700;28.03.1975;0
Oslo - Blindern;SN18700;29.03.1975;0
Oslo - Blindern;SN18700;30.03.1975;0
Oslo - Blindern;SN18700;31.03.1975;0
Oslo - Blindern;SN18700;01.04.1975;0
Oslo - Blindern;SN18700;02.04.1975;0,1
Oslo - Blindern;SN18700;03.04.1975;0,1
Oslo - Blindern;SN18700;04.04.1975;0
Oslo - Blindern;SN18700;05.04.1975;0
Oslo - Blindern;SN18700;06.04.1975;0
Oslo - Blindern;SN18700;07.04.1975;0,4
Oslo - Blindern;SN18700;08.04.1975;7,3
Oslo - Blindern;SN18700;09.04.1975;5,6
Oslo - Blindern;SN18700;10.04.1975;1,9
Oslo - Blindern;SN18700;11.04.1975;0
Oslo - Blindern;SN18700;12.04.1975;0
Oslo - Blindern;SN18700;13.04.1975;4
Oslo - Blindern;SN18700;14.04.1975;0
Oslo - Blindern;SN18700;15.04.1975;0
Oslo - Blindern;SN18700;16.04.1975;0
Oslo - Blindern;SN18700;17.04.1975;0
Oslo - Blindern;SN18700;18.04.1975;0
Oslo - Blindern;SN18700;19.04.1975;0
Oslo - Blindern;SN18700;20.04.1975;0
Oslo - Blindern;SN18700;21.04.1975;0
Oslo - Blindern;SN18700;22.04.1975;3,2
Oslo - Blindern;SN18700;23.04.1975;2,3
Oslo - Blindern;SN18700;24.04.1975;0
Oslo - Blindern;SN18700;25.04.1975;0
Oslo - Blindern;SN18700;26.04.1975;0
Oslo - Blindern;SN18700;27.04.1975;0
Oslo - Blindern;SN18700;28.04.1975;0
Oslo - Blindern;SN18700;29.04.1975;0,2
Oslo - Blindern;SN18700;30.04.1975;3,6
Oslo - Blindern;SN18700;01.05.1975;6,8
Oslo - Blindern;SN18700;02.05.1975;2,8
Oslo - Blindern;SN18700;03.05.1975;0
Oslo - Blindern;SN18700;04.05.1975;0
Oslo - Blindern;SN18700;05.05.1975;0
Oslo - Blindern;SN18700;06.05.1975;0
Oslo - Blindern;SN18700;07.05.1975;0,1
Oslo - Blindern;SN18700;08.05.1975;0
Oslo - Blindern;SN18700;09.05.1975;0
Oslo - Blindern;SN18700;10.05.1975;0
Oslo - Blindern;SN18700;11.05.1975;3,7
Oslo - Blindern;SN18700;12.05.1975;3
Oslo - Blindern;SN18700;13.05.1975;0
Oslo - Blindern;SN18700;14.05.1975;6
Oslo - Blindern;SN18700;15.05.1975;3,8
Oslo - Blindern;SN18700;16.05.1975;0,1
Oslo - Blindern;SN18700;17.05.1975;0
Oslo - Blindern;SN18700;18.05.1975;0
Oslo - Blindern;SN18700;19.05.1975;5,4
Oslo - Blindern;SN18700;20.05.1975;0
Oslo - Blindern;SN18700;21.05.1975;0,9
Oslo - Blindern;SN18700;22.05.1975;0,8
Oslo - Blindern;SN18700;23.05.1975;0
Oslo - Blindern;SN18700;24.05.1975;0
Oslo - Blindern;SN18700;25.05.1975;0
Oslo - Blindern;SN18700;26.05.1975;0
Oslo - Blindern;SN18700;27.05.1975;0
Oslo - Blindern;SN18700;28.05.1975;0
Oslo - Blindern;SN18700;29.05.1975;3,2
Oslo - Blindern;SN18700;30.05.1975;0
Oslo - Blindern;SN18700;31.05.1975;0,2
Oslo - Blindern;SN18700;01.06.1975;0,2
Oslo - Blindern;SN18700;02.06.1975;4
Oslo - Blindern;SN18700;03.06.1975;0,7
Oslo - Blindern;SN18700;04.06.1975;0,1
Oslo - Blindern;SN18700;05.06.1975;5,7
Oslo - Blindern;SN18700;06.06.1975;1,7
Oslo - Blindern;SN18700;07.06.1975;0,1
Oslo - Blindern;SN18700;08.06.1975;0
Oslo - Blindern;SN18700;09.06.1975;0
Oslo - Blindern;SN18700;10.06.1975;0,4
Oslo - Blindern;SN18700;11.06.1975;0
Oslo - Blindern;SN18700;12.06.1975;0
Oslo - Blindern;SN18700;13.06.1975;0
Oslo - Blindern;SN18700;14.06.1975;0
Oslo - Blindern;SN18700;15.06.1975;0
Oslo - Blindern;SN18700;16.06.1975;0,7
Oslo - Blindern;SN18700;17.06.1975;23,7
Oslo - Blindern;SN18700;18.06.1975;0
Oslo - Blindern;SN18700;19.06.1975;0
Oslo - Blindern;SN18700;20.06.1975;0
Oslo - Blindern;SN18700;21.06.1975;0
Oslo - Blindern;SN18700;22.06.1975;0
Oslo - Blindern;SN18700;23.06.1975;0
Oslo - Blindern;SN18700;24.06.1975;0
Oslo - Blindern;SN18700;25.06.1975;0
Oslo - Blindern;SN18700;26.06.1975;0,2
Oslo - Blindern;SN18700;27.06.1975;0
Oslo - Blindern;SN18700;28.06.1975;0
Oslo - Blindern;SN18700;29.06.1975;0
Oslo - Blindern;SN18700;30.06.1975;0
Oslo - Blindern;SN18700;01.07.1975;0
Oslo - Blindern;SN18700;02.07.1975;0
Oslo - Blindern;SN18700;03.07.1975;0
Oslo - Blindern;SN18700;04.07.1975;0
Oslo - Blindern;SN18700;05.07.1975;0
Oslo - Blindern;SN18700;06.07.1975;0
Oslo - Blindern;SN18700;07.07.1975;0
Oslo - Blindern;SN18700;08.07.1975;0
Oslo - Blindern;SN18700;09.07.1975;0
Oslo - Blindern;SN18700;10.07.1975;0
Oslo - Blindern;SN18700;11.07.1975;0
Oslo - Blindern;SN18700;12.07.1975;0,5
Oslo - Blindern;SN18700;13.07.1975;0,4
Oslo - Blindern;SN18700;14.07.1975;0,4
Oslo - Blindern;SN18700;15.07.1975;11,1
Oslo - Blindern;SN18700;16.07.1975;26,3
Oslo - Blindern;SN18700;17.07.1975;2,7
Oslo - Blindern;SN18700;18.07.1975;0
Oslo - Blindern;SN18700;19.07.1975;0
Oslo - Blindern;SN18700;20.07.1975;0
Oslo - Blindern;SN18700;21.07.1975;0
Oslo - Blindern;SN18700;22.07.1975;0
Oslo - Blindern;SN18700;23.07.1975;7,3
Oslo - Blindern;SN18700;24.07.1975;7,3
Oslo - Blindern;SN18700;25.07.1975;2,2
Oslo - Blindern;SN18700;26.07.1975;0,9
Oslo - Blindern;SN18700;27.07.1975;0
Oslo - Blindern;SN18700;28.07.1975;0
Oslo - Blindern;SN18700;29.07.1975;0
Oslo - Blindern;SN18700;30.07.1975;0
Oslo - Blindern;SN18700;31.07.1975;0,1
Oslo - Blindern;SN18700;01.08.1975;0,7
Oslo - Blindern;SN18700;02.08.1975;0
Oslo - Blindern;SN18700;03.08.1975;0
Oslo - Blindern;SN18700;04.08.1975;0
Oslo - Blindern;SN18700;05.08.1975;0
Oslo - Blindern;SN18700;06.08.1975;0
Oslo - Blindern;SN18700;07.08.1975;0
Oslo - Blindern;SN18700;08.08.1975;0
Oslo - Blindern;SN18700;09.08.1975;0
Oslo - Blindern;SN18700;10.08.1975;0
Oslo - Blindern;SN18700;11.08.1975;0
Oslo - Blindern;SN18700;12.08.1975;0
Oslo - Blindern;SN18700;13.08.1975;0
Oslo - Blindern;SN18700;14.08.1975;0
Oslo - Blindern;SN18700;15.08.1975;0,4
Oslo - Blindern;SN18700;16.08.1975;10,4
Oslo - Blindern;SN18700;17.08.1975;17,8
Oslo - Blindern;SN18700;18.08.1975;0
Oslo - Blindern;SN18700;19.08.1975;0
Oslo - Blindern;SN18700;20.08.1975;0
Oslo - Blindern;SN18700;21.08.1975;5,4
Oslo - Blindern;SN18700;22.08.1975;0,1
Oslo - Blindern;SN18700;23.08.1975;0,3
Oslo - Blindern;SN18700;24.08.1975;0
Oslo - Blindern;SN18700;25.08.1975;3,4
Oslo - Blindern;SN18700;26.08.1975;0
Oslo - Blindern;SN18700;27.08.1975;0
Oslo - Blindern;SN18700;28.08.1975;1,5
Oslo - Blindern;SN18700;29.08.1975;8,9
Oslo - Blindern;SN18700;30.08.1975;0
Oslo - Blindern;SN18700;31.08.1975;21,8
Oslo - Blindern;SN18700;01.09.1975;0
Oslo - Blindern;SN18700;02.09.1975;0
Oslo - Blindern;SN18700;03.09.1975;0
Oslo - Blindern;SN18700;04.09.1975;1,7
Oslo - Blindern;SN18700;05.09.1975;0
Oslo - Blindern;SN18700;06.09.1975;0,7
Oslo - Blindern;SN18700;07.09.1975;0,5
Oslo - Blindern;SN18700;08.09.1975;0
Oslo - Blindern;SN18700;09.09.1975;1,5
Oslo - Blindern;SN18700;10.09.1975;14,6
Oslo - Blindern;SN18700;11.09.1975;21,8
Oslo - Blindern;SN18700;12.09.1975;4,9
Oslo - Blindern;SN18700;13.09.1975;2,4
Oslo - Blindern;SN18700;14.09.1975;8
Oslo - Blindern;SN18700;15.09.1975;1,1
Oslo - Blindern;SN18700;16.09.1975;0
Oslo - Blindern;SN18700;17.09.1975;0
Oslo - Blindern;SN18700;18.09.1975;3,1
Oslo - Blindern;SN18700;19.09.1975;3,6
Oslo - Blindern;SN18700;20.09.1975;0
Oslo - Blindern;SN18700;21.09.1975;3,4
Oslo - Blindern;SN18700;22.09.1975;0
Oslo - Blindern;SN18700;23.09.1975;0,6
Oslo - Blindern;SN18700;24.09.1975;0
Oslo - Blindern;SN18700;25.09.1975;10,6
Oslo - Blindern;SN18700;26.09.1975;22,3
Oslo - Blindern;SN18700;27.09.1975;2,8
Oslo - Blindern;SN18700;28.09.1975;10,4
Oslo - Blindern;SN18700;29.09.1975;0,9
Oslo - Blindern;SN18700;30.09.1975;0
Oslo - Blindern;SN18700;01.10.1975;1,5
Oslo - Blindern;SN18700;02.10.1975;11
Oslo - Blindern;SN18700;03.10.1975;0,1
Oslo - Blindern;SN18700;04.10.1975;10,4
Oslo - Blindern;SN18700;05.10.1975;12,8
Oslo - Blindern;SN18700;06.10.1975;3
Oslo - Blindern;SN18700;07.10.1975;0
Oslo - Blindern;SN18700;08.10.1975;0
Oslo - Blindern;SN18700;09.10.1975;0
Oslo - Blindern;SN18700;10.10.1975;0,2
Oslo - Blindern;SN18700;11.10.1975;0,1
Oslo - Blindern;SN18700;12.10.1975;0
Oslo - Blindern;SN18700;13.10.1975;0
Oslo - Blindern;SN18700;14.10.1975;0
Oslo - Blindern;SN18700;15.10.1975;1,7
Oslo - Blindern;SN18700;16.10.1975;9,4
Oslo - Blindern;SN18700;17.10.1975;10,4
Oslo - Blindern;SN18700;18.10.1975;0
Oslo - Blindern;SN18700;19.10.1975;0
Oslo - Blindern;SN18700;20.10.1975;0
Oslo - Blindern;SN18700;21.10.1975;0
Oslo - Blindern;SN18700;22.10.1975;0
Oslo - Blindern;SN18700;23.10.1975;0
Oslo - Blindern;SN18700;24.10.1975;0
Oslo - Blindern;SN18700;25.10.1975;1,1
Oslo - Blindern;SN18700;26.10.1975;0,3
Oslo - Blindern;SN18700;27.10.1975;0
Oslo - Blindern;SN18700;28.10.1975;0
Oslo - Blindern;SN18700;29.10.1975;0,1
Oslo - Blindern;SN18700;30.10.1975;0
Oslo - Blindern;SN18700;31.10.1975;3,7
Oslo - Blindern;SN18700;01.11.1975;11,5
Oslo - Blindern;SN18700;02.11.1975;2,1
Oslo - Blindern;SN18700;03.11.1975;8,9
Oslo - Blindern;SN18700;04.11.1975;3,4
Oslo - Blindern;SN18700;05.11.1975;0
Oslo - Blindern;SN18700;06.11.1975;0
Oslo - Blindern;SN18700;07.11.1975;0
Oslo - Blindern;SN18700;08.11.1975;0
Oslo - Blindern;SN18700;09.11.1975;0
Oslo - Blindern;SN18700;10.11.1975;0
Oslo - Blindern;SN18700;11.11.1975;0,1
Oslo - Blindern;SN18700;12.11.1975;0,1
Oslo - Blindern;SN18700;13.11.1975;1
Oslo - Blindern;SN18700;14.11.1975;0,8
Oslo - Blindern;SN18700;15.11.1975;0,1
Oslo - Blindern;SN18700;16.11.1975;2,4
Oslo - Blindern;SN18700;17.11.1975;25,4
Oslo - Blindern;SN18700;18.11.1975;3,9
Oslo - Blindern;SN18700;19.11.1975;0
Oslo - Blindern;SN18700;20.11.1975;0
Oslo - Blindern;SN18700;21.11.1975;0
Oslo - Blindern;SN18700;22.11.1975;0
Oslo - Blindern;SN18700;23.11.1975;0
Oslo - Blindern;SN18700;24.11.1975;0,4
Oslo - Blindern;SN18700;25.11.1975;0,3
Oslo - Blindern;SN18700;26.11.1975;3
Oslo - Blindern;SN18700;27.11.1975;9,3
Oslo - Blindern;SN18700;28.11.1975;7
Oslo - Blindern;SN18700;29.11.1975;3,9
Oslo - Blindern;SN18700;30.11.1975;0
Oslo - Blindern;SN18700;01.12.1975;0
Oslo - Blindern;SN18700;02.12.1975;4,5
Oslo - Blindern;SN18700;03.12.1975;21,6
Oslo - Blindern;SN18700;04.12.1975;0,2
Oslo - Blindern;SN18700;05.12.1975;0
Oslo - Blindern;SN18700;06.12.1975;0
Oslo - Blindern;SN18700;07.12.1975;0
Oslo - Blindern;SN18700;08.12.1975;0
Oslo - Blindern;SN18700;09.12.1975;0
Oslo - Blindern;SN18700;10.12.1975;0
Oslo - Blindern;SN18700;11.12.1975;0
Oslo - Blindern;SN18700;12.12.1975;0
Oslo - Blindern;SN18700;13.12.1975;0
Oslo - Blindern;SN18700;14.12.1975;0
Oslo - Blindern;SN18700;15.12.1975;0
Oslo - Blindern;SN18700;16.12.1975;0
Oslo - Blindern;SN18700;17.12.1975;0,1
Oslo - Blindern;SN18700;18.12.1975;0
Oslo - Blindern;SN18700;19.12.1975;0
Oslo - Blindern;SN18700;20.12.1975;0
Oslo - Blindern;SN18700;21.12.1975;0
Oslo - Blindern;SN18700;22.12.1975;0
Oslo - Blindern;SN18700;23.12.1975;0
Oslo - Blindern;SN18700;24.12.1975;0,2
Oslo - Blindern;SN18700;25.12.1975;0
Oslo - Blindern;SN18700;26.12.1975;0
Oslo - Blindern;SN18700;27.12.1975;0
Oslo - Blindern;SN18700;28.12.1975;0
Oslo - Blindern;SN18700;29.12.1975;0,8
Oslo - Blindern;SN18700;30.12.1975;0
Oslo - Blindern;SN18700;31.12.1975;0
Oslo - Blindern;SN18700;01.01.1976;0
Oslo - Blindern;SN18700;02.01.1976;0
Oslo - Blindern;SN18700;03.01.1976;0
Oslo - Blindern;SN18700;04.01.1976;0
Oslo - Blindern;SN18700;05.01.1976;7,5
Oslo - Blindern;SN18700;06.01.1976;0,2
Oslo - Blindern;SN18700;07.01.1976;6,5
Oslo - Blindern;SN18700;08.01.1976;1,7
Oslo - Blindern;SN18700;09.01.1976;0
Oslo - Blindern;SN18700;10.01.1976;0
Oslo - Blindern;SN18700;11.01.1976;11,6
Oslo - Blindern;SN18700;12.01.1976;0,6
Oslo - Blindern;SN18700;13.01.1976;0
Oslo - Blindern;SN18700;14.01.1976;0
Oslo - Blindern;SN18700;15.01.1976;0
Oslo - Blindern;SN18700;16.01.1976;1,9
Oslo - Blindern;SN18700;17.01.1976;0
Oslo - Blindern;SN18700;18.01.1976;0
Oslo - Blindern;SN18700;19.01.1976;3,9
Oslo - Blindern;SN18700;20.01.1976;0,6
Oslo - Blindern;SN18700;21.01.1976;0
Oslo - Blindern;SN18700;22.01.1976;0
Oslo - Blindern;SN18700;23.01.1976;0
Oslo - Blindern;SN18700;24.01.1976;0
Oslo - Blindern;SN18700;25.01.1976;0
Oslo - Blindern;SN18700;26.01.1976;0
Oslo - Blindern;SN18700;27.01.1976;0
Oslo - Blindern;SN18700;28.01.1976;0
Oslo - Blindern;SN18700;29.01.1976;0
Oslo - Blindern;SN18700;30.01.1976;0
Oslo - Blindern;SN18700;31.01.1976;0
Oslo - Blindern;SN18700;01.02.1976;0
Oslo - Blindern;SN18700;02.02.1976;0
Oslo - Blindern;SN18700;03.02.1976;0
Oslo - Blindern;SN18700;04.02.1976;0
Oslo - Blindern;SN18700;05.02.1976;0
Oslo - Blindern;SN18700;06.02.1976;0
Oslo - Blindern;SN18700;07.02.1976;0
Oslo - Blindern;SN18700;08.02.1976;0,1
Oslo - Blindern;SN18700;09.02.1976;0
Oslo - Blindern;SN18700;10.02.1976;2,9
Oslo - Blindern;SN18700;11.02.1976;0,9
Oslo - Blindern;SN18700;12.02.1976;4
Oslo - Blindern;SN18700;13.02.1976;4,9
Oslo - Blindern;SN18700;14.02.1976;0,2
Oslo - Blindern;SN18700;15.02.1976;0,2
Oslo - Blindern;SN18700;16.02.1976;0,2
Oslo - Blindern;SN18700;17.02.1976;0
Oslo - Blindern;SN18700;18.02.1976;0
Oslo - Blindern;SN18700;19.02.1976;0,6
Oslo - Blindern;SN18700;20.02.1976;0
Oslo - Blindern;SN18700;21.02.1976;2,2
Oslo - Blindern;SN18700;22.02.1976;8,9
Oslo - Blindern;SN18700;23.02.1976;0
Oslo - Blindern;SN18700;24.02.1976;6
Oslo - Blindern;SN18700;25.02.1976;7,4
Oslo - Blindern;SN18700;26.02.1976;0
Oslo - Blindern;SN18700;27.02.1976;0
Oslo - Blindern;SN18700;28.02.1976;0
Oslo - Blindern;SN18700;29.02.1976;0
Oslo - Blindern;SN18700;01.03.1976;0
Oslo - Blindern;SN18700;02.03.1976;0
Oslo - Blindern;SN18700;03.03.1976;0
Oslo - Blindern;SN18700;04.03.1976;0
Oslo - Blindern;SN18700;05.03.1976;0
Oslo - Blindern;SN18700;06.03.1976;0
Oslo - Blindern;SN18700;07.03.1976;0
Oslo - Blindern;SN18700;08.03.1976;0,6
Oslo - Blindern;SN18700;09.03.1976;0,1
Oslo - Blindern;SN18700;10.03.1976;0
Oslo - Blindern;SN18700;11.03.1976;0
Oslo - Blindern;SN18700;12.03.1976;0
Oslo - Blindern;SN18700;13.03.1976;0,2
Oslo - Blindern;SN18700;14.03.1976;0
Oslo - Blindern;SN18700;15.03.1976;0
Oslo - Blindern;SN18700;16.03.1976;0
Oslo - Blindern;SN18700;17.03.1976;0
Oslo - Blindern;SN18700;18.03.1976;0
Oslo - Blindern;SN18700;19.03.1976;0
Oslo - Blindern;SN18700;20.03.1976;0
Oslo - Blindern;SN18700;21.03.1976;0
Oslo - Blindern;SN18700;22.03.1976;0
Oslo - Blindern;SN18700;23.03.1976;0
Oslo - Blindern;SN18700;24.03.1976;0
Oslo - Blindern;SN18700;25.03.1976;1,5
Oslo - Blindern;SN18700;26.03.1976;1,9
Oslo - Blindern;SN18700;27.03.1976;2
Oslo - Blindern;SN18700;28.03.1976;0
Oslo - Blindern;SN18700;29.03.1976;0
Oslo - Blindern;SN18700;30.03.1976;0
Oslo - Blindern;SN18700;31.03.1976;0
Oslo - Blindern;SN18700;01.04.1976;4,5
Oslo - Blindern;SN18700;02.04.1976;0
Oslo - Blindern;SN18700;03.04.1976;0
Oslo - Blindern;SN18700;04.04.1976;0
Oslo - Blindern;SN18700;05.04.1976;5,8
Oslo - Blindern;SN18700;06.04.1976;2,3
Oslo - Blindern;SN18700;07.04.1976;0
Oslo - Blindern;SN18700;08.04.1976;0
Oslo - Blindern;SN18700;09.04.1976;1,4
Oslo - Blindern;SN18700;10.04.1976;1
Oslo - Blindern;SN18700;11.04.1976;0
Oslo - Blindern;SN18700;12.04.1976;0
Oslo - Blindern;SN18700;13.04.1976;0
Oslo - Blindern;SN18700;14.04.1976;0,8
Oslo - Blindern;SN18700;15.04.1976;0
Oslo - Blindern;SN18700;16.04.1976;0
Oslo - Blindern;SN18700;17.04.1976;0
Oslo - Blindern;SN18700;18.04.1976;0
Oslo - Blindern;SN18700;19.04.1976;0
Oslo - Blindern;SN18700;20.04.1976;0
Oslo - Blindern;SN18700;21.04.1976;0
Oslo - Blindern;SN18700;22.04.1976;0
Oslo - Blindern;SN18700;23.04.1976;0
Oslo - Blindern;SN18700;24.04.1976;0,1
Oslo - Blindern;SN18700;25.04.1976;0
Oslo - Blindern;SN18700;26.04.1976;0
Oslo - Blindern;SN18700;27.04.1976;0,5
Oslo - Blindern;SN18700;28.04.1976;0
Oslo - Blindern;SN18700;29.04.1976;0
Oslo - Blindern;SN18700;30.04.1976;0
Oslo - Blindern;SN18700;01.05.1976;0
Oslo - Blindern;SN18700;02.05.1976;1,5
Oslo - Blindern;SN18700;03.05.1976;8,9
Oslo - Blindern;SN18700;04.05.1976;3
Oslo - Blindern;SN18700;05.05.1976;0
Oslo - Blindern;SN18700;06.05.1976;0
Oslo - Blindern;SN18700;07.05.1976;0
Oslo - Blindern;SN18700;08.05.1976;0
Oslo - Blindern;SN18700;09.05.1976;0
Oslo - Blindern;SN18700;10.05.1976;0
Oslo - Blindern;SN18700;11.05.1976;1,1
Oslo - Blindern;SN18700;12.05.1976;1,1
Oslo - Blindern;SN18700;13.05.1976;11,7
Oslo - Blindern;SN18700;14.05.1976;7,6
Oslo - Blindern;SN18700;15.05.1976;0
Oslo - Blindern;SN18700;16.05.1976;0
Oslo - Blindern;SN18700;17.05.1976;0
Oslo - Blindern;SN18700;18.05.1976;0
Oslo - Blindern;SN18700;19.05.1976;0
Oslo - Blindern;SN18700;20.05.1976;0
Oslo - Blindern;SN18700;21.05.1976;0
Oslo - Blindern;SN18700;22.05.1976;0
Oslo - Blindern;SN18700;23.05.1976;0
Oslo - Blindern;SN18700;24.05.1976;0
Oslo - Blindern;SN18700;25.05.1976;0
Oslo - Blindern;SN18700;26.05.1976;0
Oslo - Blindern;SN18700;27.05.1976;5,3
Oslo - Blindern;SN18700;28.05.1976;0,1
Oslo - Blindern;SN18700;29.05.1976;0
Oslo - Blindern;SN18700;30.05.1976;0,5
Oslo - Blindern;SN18700;31.05.1976;0,2
Oslo - Blindern;SN18700;01.06.1976;0
Oslo - Blindern;SN18700;02.06.1976;0,3
Oslo - Blindern;SN18700;03.06.1976;4
Oslo - Blindern;SN18700;04.06.1976;0
Oslo - Blindern;SN18700;05.06.1976;0
Oslo - Blindern;SN18700;06.06.1976;0
Oslo - Blindern;SN18700;07.06.1976;0,1
Oslo - Blindern;SN18700;08.06.1976;0
Oslo - Blindern;SN18700;09.06.1976;0
Oslo - Blindern;SN18700;10.06.1976;0
Oslo - Blindern;SN18700;11.06.1976;0,7
Oslo - Blindern;SN18700;12.06.1976;0
Oslo - Blindern;SN18700;13.06.1976;4,4
Oslo - Blindern;SN18700;14.06.1976;0
Oslo - Blindern;SN18700;15.06.1976;1,3
Oslo - Blindern;SN18700;16.06.1976;1,3
Oslo - Blindern;SN18700;17.06.1976;0
Oslo - Blindern;SN18700;18.06.1976;0
Oslo - Blindern;SN18700;19.06.1976;0
Oslo - Blindern;SN18700;20.06.1976;5,1
Oslo - Blindern;SN18700;21.06.1976;0
Oslo - Blindern;SN18700;22.06.1976;0
Oslo - Blindern;SN18700;23.06.1976;0
Oslo - Blindern;SN18700;24.06.1976;0
Oslo - Blindern;SN18700;25.06.1976;0
Oslo - Blindern;SN18700;26.06.1976;0
Oslo - Blindern;SN18700;27.06.1976;0
Oslo - Blindern;SN18700;28.06.1976;0
Oslo - Blindern;SN18700;29.06.1976;0
Oslo - Blindern;SN18700;30.06.1976;0
Oslo - Blindern;SN18700;01.07.1976;0
Oslo - Blindern;SN18700;02.07.1976;0
Oslo - Blindern;SN18700;03.07.1976;0
Oslo - Blindern;SN18700;04.07.1976;0
Oslo - Blindern;SN18700;05.07.1976;0
Oslo - Blindern;SN18700;06.07.1976;0
Oslo - Blindern;SN18700;07.07.1976;0
Oslo - Blindern;SN18700;08.07.1976;0
Oslo - Blindern;SN18700;09.07.1976;0
Oslo - Blindern;SN18700;10.07.1976;0
Oslo - Blindern;SN18700;11.07.1976;0,6
Oslo - Blindern;SN18700;12.07.1976;13,2
Oslo - Blindern;SN18700;13.07.1976;0
Oslo - Blindern;SN18700;14.07.1976;0
Oslo - Blindern;SN18700;15.07.1976;0
Oslo - Blindern;SN18700;16.07.1976;0
Oslo - Blindern;SN18700;17.07.1976;6,5
Oslo - Blindern;SN18700;18.07.1976;0
Oslo - Blindern;SN18700;19.07.1976;0
Oslo - Blindern;SN18700;20.07.1976;8,1
Oslo - Blindern;SN18700;21.07.1976;0
Oslo - Blindern;SN18700;22.07.1976;0
Oslo - Blindern;SN18700;23.07.1976;0
Oslo - Blindern;SN18700;24.07.1976;0
Oslo - Blindern;SN18700;25.07.1976;2,4
Oslo - Blindern;SN18700;26.07.1976;0
Oslo - Blindern;SN18700;27.07.1976;0
Oslo - Blindern;SN18700;28.07.1976;0,1
Oslo - Blindern;SN18700;29.07.1976;0
Oslo - Blindern;SN18700;30.07.1976;1,8
Oslo - Blindern;SN18700;31.07.1976;0,3
Oslo - Blindern;SN18700;01.08.1976;0,1
Oslo - Blindern;SN18700;02.08.1976;0
Oslo - Blindern;SN18700;03.08.1976;5,9
Oslo - Blindern;SN18700;04.08.1976;0,1
Oslo - Blindern;SN18700;05.08.1976;0,1
Oslo - Blindern;SN18700;06.08.1976;0
Oslo - Blindern;SN18700;07.08.1976;0,1
Oslo - Blindern;SN18700;08.08.1976;0
Oslo - Blindern;SN18700;09.08.1976;0
Oslo - Blindern;SN18700;10.08.1976;0
Oslo - Blindern;SN18700;11.08.1976;0
Oslo - Blindern;SN18700;12.08.1976;0
Oslo - Blindern;SN18700;13.08.1976;0
Oslo - Blindern;SN18700;14.08.1976;0
Oslo - Blindern;SN18700;15.08.1976;0
Oslo - Blindern;SN18700;16.08.1976;0
Oslo - Blindern;SN18700;17.08.1976;0
Oslo - Blindern;SN18700;18.08.1976;0
Oslo - Blindern;SN18700;19.08.1976;0
Oslo - Blindern;SN18700;20.08.1976;0
Oslo - Blindern;SN18700;21.08.1976;0
Oslo - Blindern;SN18700;22.08.1976;0
Oslo - Blindern;SN18700;23.08.1976;0
Oslo - Blindern;SN18700;24.08.1976;0
Oslo - Blindern;SN18700;25.08.1976;0
Oslo - Blindern;SN18700;26.08.1976;0
Oslo - Blindern;SN18700;27.08.1976;0
Oslo - Blindern;SN18700;28.08.1976;0
Oslo - Blindern;SN18700;29.08.1976;0
Oslo - Blindern;SN18700;30.08.1976;0
Oslo - Blindern;SN18700;31.08.1976;5,7
Oslo - Blindern;SN18700;01.09.1976;0
Oslo - Blindern;SN18700;02.09.1976;0
Oslo - Blindern;SN18700;03.09.1976;0
Oslo - Blindern;SN18700;04.09.1976;0,3
Oslo - Blindern;SN18700;05.09.1976;0
Oslo - Blindern;SN18700;06.09.1976;0
Oslo - Blindern;SN18700;07.09.1976;0
Oslo - Blindern;SN18700;08.09.1976;0
Oslo - Blindern;SN18700;09.09.1976;0
Oslo - Blindern;SN18700;10.09.1976;12,2
Oslo - Blindern;SN18700;11.09.1976;5,3
Oslo - Blindern;SN18700;12.09.1976;0
Oslo - Blindern;SN18700;13.09.1976;2,9
Oslo - Blindern;SN18700;14.09.1976;3,9
Oslo - Blindern;SN18700;15.09.1976;14
Oslo - Blindern;SN18700;16.09.1976;0,1
Oslo - Blindern;SN18700;17.09.1976;0
Oslo - Blindern;SN18700;18.09.1976;2,3
Oslo - Blindern;SN18700;19.09.1976;0,7
Oslo - Blindern;SN18700;20.09.1976;0
Oslo - Blindern;SN18700;21.09.1976;0
Oslo - Blindern;SN18700;22.09.1976;0
Oslo - Blindern;SN18700;23.09.1976;0
Oslo - Blindern;SN18700;24.09.1976;0
Oslo - Blindern;SN18700;25.09.1976;0
Oslo - Blindern;SN18700;26.09.1976;0
Oslo - Blindern;SN18700;27.09.1976;0
Oslo - Blindern;SN18700;28.09.1976;0
Oslo - Blindern;SN18700;29.09.1976;0
Oslo - Blindern;SN18700;30.09.1976;0
Oslo - Blindern;SN18700;01.10.1976;0
Oslo - Blindern;SN18700;02.10.1976;0
Oslo - Blindern;SN18700;03.10.1976;0
Oslo - Blindern;SN18700;04.10.1976;5,3
Oslo - Blindern;SN18700;05.10.1976;4,1
Oslo - Blindern;SN18700;06.10.1976;13,6
Oslo - Blindern;SN18700;07.10.1976;5,8
Oslo - Blindern;SN18700;08.10.1976;0
Oslo - Blindern;SN18700;09.10.1976;0
Oslo - Blindern;SN18700;10.10.1976;0,1
Oslo - Blindern;SN18700;11.10.1976;0,1
Oslo - Blindern;SN18700;12.10.1976;0,1
Oslo - Blindern;SN18700;13.10.1976;1,8
Oslo - Blindern;SN18700;14.10.1976;19,5
Oslo - Blindern;SN18700;15.10.1976;37,5
Oslo - Blindern;SN18700;16.10.1976;19,4
Oslo - Blindern;SN18700;17.10.1976;15,2
Oslo - Blindern;SN18700;18.10.1976;1,5
Oslo - Blindern;SN18700;19.10.1976;6,5
Oslo - Blindern;SN18700;20.10.1976;10,6
Oslo - Blindern;SN18700;21.10.1976;5,6
Oslo - Blindern;SN18700;22.10.1976;25,3
Oslo - Blindern;SN18700;23.10.1976;3,6
Oslo - Blindern;SN18700;24.10.1976;0,2
Oslo - Blindern;SN18700;25.10.1976;0,4
Oslo - Blindern;SN18700;26.10.1976;0
Oslo - Blindern;SN18700;27.10.1976;0
Oslo - Blindern;SN18700;28.10.1976;0
Oslo - Blindern;SN18700;29.10.1976;0
Oslo - Blindern;SN18700;30.10.1976;0,3
Oslo - Blindern;SN18700;31.10.1976;4,7
Oslo - Blindern;SN18700;01.11.1976;0
Oslo - Blindern;SN18700;02.11.1976;0
Oslo - Blindern;SN18700;03.11.1976;10,1
Oslo - Blindern;SN18700;04.11.1976;11,9
Oslo - Blindern;SN18700;05.11.1976;10,5
Oslo - Blindern;SN18700;06.11.1976;3,3
Oslo - Blindern;SN18700;07.11.1976;1,2
Oslo - Blindern;SN18700;08.11.1976;5,9
Oslo - Blindern;SN18700;09.11.1976;1
Oslo - Blindern;SN18700;10.11.1976;6,4
Oslo - Blindern;SN18700;11.11.1976;6,5
Oslo - Blindern;SN18700;12.11.1976;10,5
Oslo - Blindern;SN18700;13.11.1976;0,4
Oslo - Blindern;SN18700;14.11.1976;0
Oslo - Blindern;SN18700;15.11.1976;0
Oslo - Blindern;SN18700;16.11.1976;0
Oslo - Blindern;SN18700;17.11.1976;4
Oslo - Blindern;SN18700;18.11.1976;0
Oslo - Blindern;SN18700;19.11.1976;1,1
Oslo - Blindern;SN18700;20.11.1976;0
Oslo - Blindern;SN18700;21.11.1976;0
Oslo - Blindern;SN18700;22.11.1976;0
Oslo - Blindern;SN18700;23.11.1976;0
Oslo - Blindern;SN18700;24.11.1976;0
Oslo - Blindern;SN18700;25.11.1976;0
Oslo - Blindern;SN18700;26.11.1976;2,8
Oslo - Blindern;SN18700;27.11.1976;0,2
Oslo - Blindern;SN18700;28.11.1976;0
Oslo - Blindern;SN18700;29.11.1976;0,6
Oslo - Blindern;SN18700;30.11.1976;11,9
Oslo - Blindern;SN18700;01.12.1976;0,4
Oslo - Blindern;SN18700;02.12.1976;0
Oslo - Blindern;SN18700;03.12.1976;0
Oslo - Blindern;SN18700;04.12.1976;12,3
Oslo - Blindern;SN18700;05.12.1976;7,8
Oslo - Blindern;SN18700;06.12.1976;4,4
Oslo - Blindern;SN18700;07.12.1976;5,1
Oslo - Blindern;SN18700;08.12.1976;8,5
Oslo - Blindern;SN18700;09.12.1976;4,1
Oslo - Blindern;SN18700;10.12.1976;0,1
Oslo - Blindern;SN18700;11.12.1976;0,9
Oslo - Blindern;SN18700;12.12.1976;0
Oslo - Blindern;SN18700;13.12.1976;0
Oslo - Blindern;SN18700;14.12.1976;0
Oslo - Blindern;SN18700;15.12.1976;0
Oslo - Blindern;SN18700;16.12.1976;2
Oslo - Blindern;SN18700;17.12.1976;0,9
Oslo - Blindern;SN18700;18.12.1976;0
Oslo - Blindern;SN18700;19.12.1976;0,2
Oslo - Blindern;SN18700;20.12.1976;0
Oslo - Blindern;SN18700;21.12.1976;0
Oslo - Blindern;SN18700;22.12.1976;0
Oslo - Blindern;SN18700;23.12.1976;0
Oslo - Blindern;SN18700;24.12.1976;0
Oslo - Blindern;SN18700;25.12.1976;0
Oslo - Blindern;SN18700;26.12.1976;0
Oslo - Blindern;SN18700;27.12.1976;0
Oslo - Blindern;SN18700;28.12.1976;3,2
Oslo - Blindern;SN18700;29.12.1976;0
Oslo - Blindern;SN18700;30.12.1976;0,1
Oslo - Blindern;SN18700;31.12.1976;0,5
Oslo - Blindern;SN18700;01.01.1977;0,4
Oslo - Blindern;SN18700;02.01.1977;8
Oslo - Blindern;SN18700;03.01.1977;3,5
Oslo - Blindern;SN18700;04.01.1977;0,5
Oslo - Blindern;SN18700;05.01.1977;0,2
Oslo - Blindern;SN18700;06.01.1977;3,1
Oslo - Blindern;SN18700;07.01.1977;0
Oslo - Blindern;SN18700;08.01.1977;0
Oslo - Blindern;SN18700;09.01.1977;0
Oslo - Blindern;SN18700;10.01.1977;1
Oslo - Blindern;SN18700;11.01.1977;4,5
Oslo - Blindern;SN18700;12.01.1977;4
Oslo - Blindern;SN18700;13.01.1977;0,9
Oslo - Blindern;SN18700;14.01.1977;4,2
Oslo - Blindern;SN18700;15.01.1977;3,4
Oslo - Blindern;SN18700;16.01.1977;7,2
Oslo - Blindern;SN18700;17.01.1977;4,6
Oslo - Blindern;SN18700;18.01.1977;0,3
Oslo - Blindern;SN18700;19.01.1977;0,1
Oslo - Blindern;SN18700;20.01.1977;0
Oslo - Blindern;SN18700;21.01.1977;0,1
Oslo - Blindern;SN18700;22.01.1977;0,8
Oslo - Blindern;SN18700;23.01.1977;1,9
Oslo - Blindern;SN18700;24.01.1977;0,1
Oslo - Blindern;SN18700;25.01.1977;1,5
Oslo - Blindern;SN18700;26.01.1977;11,8
Oslo - Blindern;SN18700;27.01.1977;4,3
Oslo - Blindern;SN18700;28.01.1977;0
Oslo - Blindern;SN18700;29.01.1977;0
Oslo - Blindern;SN18700;30.01.1977;0
Oslo - Blindern;SN18700;31.01.1977;0
Oslo - Blindern;SN18700;01.02.1977;0,9
Oslo - Blindern;SN18700;02.02.1977;0,1
Oslo - Blindern;SN18700;03.02.1977;3,4
Oslo - Blindern;SN18700;04.02.1977;3,7
Oslo - Blindern;SN18700;05.02.1977;2,3
Oslo - Blindern;SN18700;06.02.1977;0
Oslo - Blindern;SN18700;07.02.1977;0
Oslo - Blindern;SN18700;08.02.1977;0,1
Oslo - Blindern;SN18700;09.02.1977;0
Oslo - Blindern;SN18700;10.02.1977;0
Oslo - Blindern;SN18700;11.02.1977;0
Oslo - Blindern;SN18700;12.02.1977;0
Oslo - Blindern;SN18700;13.02.1977;0,8
Oslo - Blindern;SN18700;14.02.1977;1,7
Oslo - Blindern;SN18700;15.02.1977;0,7
Oslo - Blindern;SN18700;16.02.1977;0
Oslo - Blindern;SN18700;17.02.1977;0,5
Oslo - Blindern;SN18700;18.02.1977;0
Oslo - Blindern;SN18700;19.02.1977;1,5
Oslo - Blindern;SN18700;20.02.1977;9,1
Oslo - Blindern;SN18700;21.02.1977;0,1
Oslo - Blindern;SN18700;22.02.1977;0,3
Oslo - Blindern;SN18700;23.02.1977;0
Oslo - Blindern;SN18700;24.02.1977;0
Oslo - Blindern;SN18700;25.02.1977;0
Oslo - Blindern;SN18700;26.02.1977;0
Oslo - Blindern;SN18700;27.02.1977;0
Oslo - Blindern;SN18700;28.02.1977;0
Oslo - Blindern;SN18700;01.03.1977;0
Oslo - Blindern;SN18700;02.03.1977;0
Oslo - Blindern;SN18700;03.03.1977;1,5
Oslo - Blindern;SN18700;04.03.1977;13
Oslo - Blindern;SN18700;05.03.1977;0
Oslo - Blindern;SN18700;06.03.1977;0
Oslo - Blindern;SN18700;07.03.1977;0
Oslo - Blindern;SN18700;08.03.1977;0
Oslo - Blindern;SN18700;09.03.1977;0,1
Oslo - Blindern;SN18700;10.03.1977;0,1
Oslo - Blindern;SN18700;11.03.1977;0,5
Oslo - Blindern;SN18700;12.03.1977;5,1
Oslo - Blindern;SN18700;13.03.1977;2,6
Oslo - Blindern;SN18700;14.03.1977;0
Oslo - Blindern;SN18700;15.03.1977;7,4
Oslo - Blindern;SN18700;16.03.1977;1,7
Oslo - Blindern;SN18700;17.03.1977;15
Oslo - Blindern;SN18700;18.03.1977;2,1
Oslo - Blindern;SN18700;19.03.1977;0,8
Oslo - Blindern;SN18700;20.03.1977;0,1
Oslo - Blindern;SN18700;21.03.1977;0
Oslo - Blindern;SN18700;22.03.1977;0
Oslo - Blindern;SN18700;23.03.1977;0
Oslo - Blindern;SN18700;24.03.1977;0
Oslo - Blindern;SN18700;25.03.1977;0
Oslo - Blindern;SN18700;26.03.1977;0,5
Oslo - Blindern;SN18700;27.03.1977;1,4
Oslo - Blindern;SN18700;28.03.1977;0,9
Oslo - Blindern;SN18700;29.03.1977;0
Oslo - Blindern;SN18700;30.03.1977;0
Oslo - Blindern;SN18700;31.03.1977;0
Oslo - Blindern;SN18700;01.04.1977;0,3
Oslo - Blindern;SN18700;02.04.1977;9
Oslo - Blindern;SN18700;03.04.1977;2,5
Oslo - Blindern;SN18700;04.04.1977;0
Oslo - Blindern;SN18700;05.04.1977;0,4
Oslo - Blindern;SN18700;06.04.1977;2,4
Oslo - Blindern;SN18700;07.04.1977;3,9
Oslo - Blindern;SN18700;08.04.1977;0
Oslo - Blindern;SN18700;09.04.1977;0
Oslo - Blindern;SN18700;10.04.1977;0
Oslo - Blindern;SN18700;11.04.1977;0,1
Oslo - Blindern;SN18700;12.04.1977;0,7
Oslo - Blindern;SN18700;13.04.1977;4,4
Oslo - Blindern;SN18700;14.04.1977;1,9
Oslo - Blindern;SN18700;15.04.1977;0
Oslo - Blindern;SN18700;16.04.1977;0
Oslo - Blindern;SN18700;17.04.1977;13,1
Oslo - Blindern;SN18700;18.04.1977;0
Oslo - Blindern;SN18700;19.04.1977;0
Oslo - Blindern;SN18700;20.04.1977;0
Oslo - Blindern;SN18700;21.04.1977;0
Oslo - Blindern;SN18700;22.04.1977;0,8
Oslo - Blindern;SN18700;23.04.1977;0
Oslo - Blindern;SN18700;24.04.1977;7,3
Oslo - Blindern;SN18700;25.04.1977;0,5
Oslo - Blindern;SN18700;26.04.1977;3,5
Oslo - Blindern;SN18700;27.04.1977;14,2
Oslo - Blindern;SN18700;28.04.1977;7
Oslo - Blindern;SN18700;29.04.1977;0
Oslo - Blindern;SN18700;30.04.1977;4,2
Oslo - Blindern;SN18700;01.05.1977;0
Oslo - Blindern;SN18700;02.05.1977;0,4
Oslo - Blindern;SN18700;03.05.1977;3,9
Oslo - Blindern;SN18700;04.05.1977;1,2
Oslo - Blindern;SN18700;05.05.1977;0
Oslo - Blindern;SN18700;06.05.1977;0
Oslo - Blindern;SN18700;07.05.1977;0,1
Oslo - Blindern;SN18700;08.05.1977;0
Oslo - Blindern;SN18700;09.05.1977;0
Oslo - Blindern;SN18700;10.05.1977;0
Oslo - Blindern;SN18700;11.05.1977;4
Oslo - Blindern;SN18700;12.05.1977;3,8
Oslo - Blindern;SN18700;13.05.1977;12,5
Oslo - Blindern;SN18700;14.05.1977;0,3
Oslo - Blindern;SN18700;15.05.1977;0
Oslo - Blindern;SN18700;16.05.1977;0
Oslo - Blindern;SN18700;17.05.1977;0
Oslo - Blindern;SN18700;18.05.1977;0
Oslo - Blindern;SN18700;19.05.1977;0
Oslo - Blindern;SN18700;20.05.1977;0
Oslo - Blindern;SN18700;21.05.1977;0
Oslo - Blindern;SN18700;22.05.1977;0
Oslo - Blindern;SN18700;23.05.1977;0
Oslo - Blindern;SN18700;24.05.1977;0
Oslo - Blindern;SN18700;25.05.1977;0
Oslo - Blindern;SN18700;26.05.1977;0
Oslo - Blindern;SN18700;27.05.1977;0
Oslo - Blindern;SN18700;28.05.1977;0
Oslo - Blindern;SN18700;29.05.1977;0
Oslo - Blindern;SN18700;30.05.1977;0
Oslo - Blindern;SN18700;31.05.1977;0,1
Oslo - Blindern;SN18700;01.06.1977;0,2
Oslo - Blindern;SN18700;02.06.1977;0
Oslo - Blindern;SN18700;03.06.1977;0
Oslo - Blindern;SN18700;04.06.1977;0
Oslo - Blindern;SN18700;05.06.1977;0
Oslo - Blindern;SN18700;06.06.1977;13,2
Oslo - Blindern;SN18700;07.06.1977;2,6
Oslo - Blindern;SN18700;08.06.1977;13,5
Oslo - Blindern;SN18700;09.06.1977;4,9
Oslo - Blindern;SN18700;10.06.1977;1,8
Oslo - Blindern;SN18700;11.06.1977;7,3
Oslo - Blindern;SN18700;12.06.1977;6
Oslo - Blindern;SN18700;13.06.1977;0,1
Oslo - Blindern;SN18700;14.06.1977;0
Oslo - Blindern;SN18700;15.06.1977;0
Oslo - Blindern;SN18700;16.06.1977;0
Oslo - Blindern;SN18700;17.06.1977;0
Oslo - Blindern;SN18700;18.06.1977;0
Oslo - Blindern;SN18700;19.06.1977;0,3
Oslo - Blindern;SN18700;20.06.1977;0,1
Oslo - Blindern;SN18700;21.06.1977;0
Oslo - Blindern;SN18700;22.06.1977;0
Oslo - Blindern;SN18700;23.06.1977;0
Oslo - Blindern;SN18700;24.06.1977;0
Oslo - Blindern;SN18700;25.06.1977;0
Oslo - Blindern;SN18700;26.06.1977;0
Oslo - Blindern;SN18700;27.06.1977;4,7
Oslo - Blindern;SN18700;28.06.1977;5,6
Oslo - Blindern;SN18700;29.06.1977;11,4
Oslo - Blindern;SN18700;30.06.1977;6,3
Oslo - Blindern;SN18700;01.07.1977;5,7
Oslo - Blindern;SN18700;02.07.1977;2,7
Oslo - Blindern;SN18700;03.07.1977;0
Oslo - Blindern;SN18700;04.07.1977;0
Oslo - Blindern;SN18700;05.07.1977;0
Oslo - Blindern;SN18700;06.07.1977;0
Oslo - Blindern;SN18700;07.07.1977;0,1
Oslo - Blindern;SN18700;08.07.1977;0
Oslo - Blindern;SN18700;09.07.1977;0
Oslo - Blindern;SN18700;10.07.1977;0
Oslo - Blindern;SN18700;11.07.1977;0
Oslo - Blindern;SN18700;12.07.1977;0
Oslo - Blindern;SN18700;13.07.1977;3,4
Oslo - Blindern;SN18700;14.07.1977;0
Oslo - Blindern;SN18700;15.07.1977;0,7
Oslo - Blindern;SN18700;16.07.1977;0
Oslo - Blindern;SN18700;17.07.1977;0
Oslo - Blindern;SN18700;18.07.1977;0,3
Oslo - Blindern;SN18700;19.07.1977;0,3
Oslo - Blindern;SN18700;20.07.1977;0,6
Oslo - Blindern;SN18700;21.07.1977;0
Oslo - Blindern;SN18700;22.07.1977;4,2
Oslo - Blindern;SN18700;23.07.1977;0
Oslo - Blindern;SN18700;24.07.1977;8,9
Oslo - Blindern;SN18700;25.07.1977;20,8
Oslo - Blindern;SN18700;26.07.1977;19,3
Oslo - Blindern;SN18700;27.07.1977;0,2
Oslo - Blindern;SN18700;28.07.1977;1,1
Oslo - Blindern;SN18700;29.07.1977;0,2
Oslo - Blindern;SN18700;30.07.1977;0
Oslo - Blindern;SN18700;31.07.1977;0
Oslo - Blindern;SN18700;01.08.1977;0
Oslo - Blindern;SN18700;02.08.1977;0,2
Oslo - Blindern;SN18700;03.08.1977;0
Oslo - Blindern;SN18700;04.08.1977;0
Oslo - Blindern;SN18700;05.08.1977;0
Oslo - Blindern;SN18700;06.08.1977;0,2
Oslo - Blindern;SN18700;07.08.1977;0
Oslo - Blindern;SN18700;08.08.1977;0
Oslo - Blindern;SN18700;09.08.1977;0
Oslo - Blindern;SN18700;10.08.1977;0,2
Oslo - Blindern;SN18700;11.08.1977;0
Oslo - Blindern;SN18700;12.08.1977;0
Oslo - Blindern;SN18700;13.08.1977;0
Oslo - Blindern;SN18700;14.08.1977;0
Oslo - Blindern;SN18700;15.08.1977;0
Oslo - Blindern;SN18700;16.08.1977;0
Oslo - Blindern;SN18700;17.08.1977;0
Oslo - Blindern;SN18700;18.08.1977;0
Oslo - Blindern;SN18700;19.08.1977;0
Oslo - Blindern;SN18700;20.08.1977;4
Oslo - Blindern;SN18700;21.08.1977;4,5
Oslo - Blindern;SN18700;22.08.1977;0
Oslo - Blindern;SN18700;23.08.1977;0
Oslo - Blindern;SN18700;24.08.1977;1,1
Oslo - Blindern;SN18700;25.08.1977;0
Oslo - Blindern;SN18700;26.08.1977;7,9
Oslo - Blindern;SN18700;27.08.1977;3,4
Oslo - Blindern;SN18700;28.08.1977;8,2
Oslo - Blindern;SN18700;29.08.1977;1,3
Oslo - Blindern;SN18700;30.08.1977;1,4
Oslo - Blindern;SN18700;31.08.1977;4,1
Oslo - Blindern;SN18700;01.09.1977;5,6
Oslo - Blindern;SN18700;02.09.1977;0
Oslo - Blindern;SN18700;03.09.1977;0,9
Oslo - Blindern;SN18700;04.09.1977;1,3
Oslo - Blindern;SN18700;05.09.1977;4
Oslo - Blindern;SN18700;06.09.1977;1,6
Oslo - Blindern;SN18700;07.09.1977;24,7
Oslo - Blindern;SN18700;08.09.1977;0
Oslo - Blindern;SN18700;09.09.1977;0
Oslo - Blindern;SN18700;10.09.1977;3,2
Oslo - Blindern;SN18700;11.09.1977;0,4
Oslo - Blindern;SN18700;12.09.1977;1,7
Oslo - Blindern;SN18700;13.09.1977;0,3
Oslo - Blindern;SN18700;14.09.1977;3,5
Oslo - Blindern;SN18700;15.09.1977;0
Oslo - Blindern;SN18700;16.09.1977;0
Oslo - Blindern;SN18700;17.09.1977;0
Oslo - Blindern;SN18700;18.09.1977;0
Oslo - Blindern;SN18700;19.09.1977;0
Oslo - Blindern;SN18700;20.09.1977;0
Oslo - Blindern;SN18700;21.09.1977;0
Oslo - Blindern;SN18700;22.09.1977;0
Oslo - Blindern;SN18700;23.09.1977;0
Oslo - Blindern;SN18700;24.09.1977;0
Oslo - Blindern;SN18700;25.09.1977;0
Oslo - Blindern;SN18700;26.09.1977;0
Oslo - Blindern;SN18700;27.09.1977;0
Oslo - Blindern;SN18700;28.09.1977;0,6
Oslo - Blindern;SN18700;29.09.1977;7,5
Oslo - Blindern;SN18700;30.09.1977;1,1
Oslo - Blindern;SN18700;01.10.1977;0,3
Oslo - Blindern;SN18700;02.10.1977;2,1
Oslo - Blindern;SN18700;03.10.1977;1
Oslo - Blindern;SN18700;04.10.1977;1
Oslo - Blindern;SN18700;05.10.1977;15,4
Oslo - Blindern;SN18700;06.10.1977;0
Oslo - Blindern;SN18700;07.10.1977;0
Oslo - Blindern;SN18700;08.10.1977;8,6
Oslo - Blindern;SN18700;09.10.1977;1
Oslo - Blindern;SN18700;10.10.1977;5,2
Oslo - Blindern;SN18700;11.10.1977;0,7
Oslo - Blindern;SN18700;12.10.1977;0
Oslo - Blindern;SN18700;13.10.1977;1,4
Oslo - Blindern;SN18700;14.10.1977;0
Oslo - Blindern;SN18700;15.10.1977;1,4
Oslo - Blindern;SN18700;16.10.1977;0,6
Oslo - Blindern;SN18700;17.10.1977;0
Oslo - Blindern;SN18700;18.10.1977;0
Oslo - Blindern;SN18700;19.10.1977;0
Oslo - Blindern;SN18700;20.10.1977;0,6
Oslo - Blindern;SN18700;21.10.1977;6,7
Oslo - Blindern;SN18700;22.10.1977;2,5
Oslo - Blindern;SN18700;23.10.1977;3,6
Oslo - Blindern;SN18700;24.10.1977;4,3
Oslo - Blindern;SN18700;25.10.1977;5,9
Oslo - Blindern;SN18700;26.10.1977;0
Oslo - Blindern;SN18700;27.10.1977;0
Oslo - Blindern;SN18700;28.10.1977;0
Oslo - Blindern;SN18700;29.10.1977;0,4
Oslo - Blindern;SN18700;30.10.1977;0
Oslo - Blindern;SN18700;31.10.1977;0
Oslo - Blindern;SN18700;01.11.1977;16,7
Oslo - Blindern;SN18700;02.11.1977;0,7
Oslo - Blindern;SN18700;03.11.1977;0,2
Oslo - Blindern;SN18700;04.11.1977;19,1
Oslo - Blindern;SN18700;05.11.1977;0
Oslo - Blindern;SN18700;06.11.1977;1,7
Oslo - Blindern;SN18700;07.11.1977;4,7
Oslo - Blindern;SN18700;08.11.1977;0,5
Oslo - Blindern;SN18700;09.11.1977;4,2
Oslo - Blindern;SN18700;10.11.1977;0
Oslo - Blindern;SN18700;11.11.1977;2,6
Oslo - Blindern;SN18700;12.11.1977;1,5
Oslo - Blindern;SN18700;13.11.1977;0,7
Oslo - Blindern;SN18700;14.11.1977;0
Oslo - Blindern;SN18700;15.11.1977;5,1
Oslo - Blindern;SN18700;16.11.1977;0
Oslo - Blindern;SN18700;17.11.1977;0
Oslo - Blindern;SN18700;18.11.1977;0
Oslo - Blindern;SN18700;19.11.1977;0
Oslo - Blindern;SN18700;20.11.1977;0,2
Oslo - Blindern;SN18700;21.11.1977;4
Oslo - Blindern;SN18700;22.11.1977;0,2
Oslo - Blindern;SN18700;23.11.1977;0,1
Oslo - Blindern;SN18700;24.11.1977;8,9
Oslo - Blindern;SN18700;25.11.1977;8,9
Oslo - Blindern;SN18700;26.11.1977;0
Oslo - Blindern;SN18700;27.11.1977;0
Oslo - Blindern;SN18700;28.11.1977;0
Oslo - Blindern;SN18700;29.11.1977;0
Oslo - Blindern;SN18700;30.11.1977;0
Oslo - Blindern;SN18700;01.12.1977;0
Oslo - Blindern;SN18700;02.12.1977;0
Oslo - Blindern;SN18700;03.12.1977;0
Oslo - Blindern;SN18700;04.12.1977;0
Oslo - Blindern;SN18700;05.12.1977;0
Oslo - Blindern;SN18700;06.12.1977;0
Oslo - Blindern;SN18700;07.12.1977;0,6
Oslo - Blindern;SN18700;08.12.1977;3,3
Oslo - Blindern;SN18700;09.12.1977;0
Oslo - Blindern;SN18700;10.12.1977;0
Oslo - Blindern;SN18700;11.12.1977;0
Oslo - Blindern;SN18700;12.12.1977;9,2
Oslo - Blindern;SN18700;13.12.1977;3
Oslo - Blindern;SN18700;14.12.1977;0,6
Oslo - Blindern;SN18700;15.12.1977;0
Oslo - Blindern;SN18700;16.12.1977;0
Oslo - Blindern;SN18700;17.12.1977;0
Oslo - Blindern;SN18700;18.12.1977;0
Oslo - Blindern;SN18700;19.12.1977;0
Oslo - Blindern;SN18700;20.12.1977;0
Oslo - Blindern;SN18700;21.12.1977;0
Oslo - Blindern;SN18700;22.12.1977;0
Oslo - Blindern;SN18700;23.12.1977;1,7
Oslo - Blindern;SN18700;24.12.1977;9,7
Oslo - Blindern;SN18700;25.12.1977;3,2
Oslo - Blindern;SN18700;26.12.1977;0
Oslo - Blindern;SN18700;27.12.1977;0
Oslo - Blindern;SN18700;28.12.1977;14
Oslo - Blindern;SN18700;29.12.1977;1,5
Oslo - Blindern;SN18700;30.12.1977;2
Oslo - Blindern;SN18700;31.12.1977;0
Oslo - Blindern;SN18700;01.01.1978;0
Oslo - Blindern;SN18700;02.01.1978;3,2
Oslo - Blindern;SN18700;03.01.1978;0
Oslo - Blindern;SN18700;04.01.1978;0
Oslo - Blindern;SN18700;05.01.1978;0
Oslo - Blindern;SN18700;06.01.1978;0,6
Oslo - Blindern;SN18700;07.01.1978;0
Oslo - Blindern;SN18700;08.01.1978;0
Oslo - Blindern;SN18700;09.01.1978;0
Oslo - Blindern;SN18700;10.01.1978;0,7
Oslo - Blindern;SN18700;11.01.1978;0
Oslo - Blindern;SN18700;12.01.1978;0
Oslo - Blindern;SN18700;13.01.1978;0
Oslo - Blindern;SN18700;14.01.1978;0
Oslo - Blindern;SN18700;15.01.1978;0
Oslo - Blindern;SN18700;16.01.1978;0,1
Oslo - Blindern;SN18700;17.01.1978;8,8
Oslo - Blindern;SN18700;18.01.1978;6,6
Oslo - Blindern;SN18700;19.01.1978;2
Oslo - Blindern;SN18700;20.01.1978;4,1
Oslo - Blindern;SN18700;21.01.1978;1,3
Oslo - Blindern;SN18700;22.01.1978;2
Oslo - Blindern;SN18700;23.01.1978;0,1
Oslo - Blindern;SN18700;24.01.1978;5,1
Oslo - Blindern;SN18700;25.01.1978;1
Oslo - Blindern;SN18700;26.01.1978;0,9
Oslo - Blindern;SN18700;27.01.1978;2,7
Oslo - Blindern;SN18700;28.01.1978;7,9
Oslo - Blindern;SN18700;29.01.1978;4,7
Oslo - Blindern;SN18700;30.01.1978;2,2
Oslo - Blindern;SN18700;31.01.1978;14,9
Oslo - Blindern;SN18700;01.02.1978;2,2
Oslo - Blindern;SN18700;02.02.1978;1,2
Oslo - Blindern;SN18700;03.02.1978;0,3
Oslo - Blindern;SN18700;04.02.1978;0,6
Oslo - Blindern;SN18700;05.02.1978;1,1
Oslo - Blindern;SN18700;06.02.1978;1,3
Oslo - Blindern;SN18700;07.02.1978;0,6
Oslo - Blindern;SN18700;08.02.1978;0
Oslo - Blindern;SN18700;09.02.1978;0
Oslo - Blindern;SN18700;10.02.1978;0
Oslo - Blindern;SN18700;11.02.1978;0
Oslo - Blindern;SN18700;12.02.1978;0
Oslo - Blindern;SN18700;13.02.1978;2,2
Oslo - Blindern;SN18700;14.02.1978;2,2
Oslo - Blindern;SN18700;15.02.1978;0,7
Oslo - Blindern;SN18700;16.02.1978;0
Oslo - Blindern;SN18700;17.02.1978;0
Oslo - Blindern;SN18700;18.02.1978;0
Oslo - Blindern;SN18700;19.02.1978;0
Oslo - Blindern;SN18700;20.02.1978;0
Oslo - Blindern;SN18700;21.02.1978;0
Oslo - Blindern;SN18700;22.02.1978;3,5
Oslo - Blindern;SN18700;23.02.1978;2
Oslo - Blindern;SN18700;24.02.1978;2
Oslo - Blindern;SN18700;25.02.1978;5,5
Oslo - Blindern;SN18700;26.02.1978;3,4
Oslo - Blindern;SN18700;27.02.1978;11,2
Oslo - Blindern;SN18700;28.02.1978;2,7
Oslo - Blindern;SN18700;01.03.1978;7
Oslo - Blindern;SN18700;02.03.1978;0,9
Oslo - Blindern;SN18700;03.03.1978;3,7
Oslo - Blindern;SN18700;04.03.1978;4,9
Oslo - Blindern;SN18700;05.03.1978;20,1
Oslo - Blindern;SN18700;06.03.1978;1,6
Oslo - Blindern;SN18700;07.03.1978;0
Oslo - Blindern;SN18700;08.03.1978;0
Oslo - Blindern;SN18700;09.03.1978;5,9
Oslo - Blindern;SN18700;10.03.1978;0,1
Oslo - Blindern;SN18700;11.03.1978;0,1
Oslo - Blindern;SN18700;12.03.1978;0
Oslo - Blindern;SN18700;13.03.1978;6,7
Oslo - Blindern;SN18700;14.03.1978;1,4
Oslo - Blindern;SN18700;15.03.1978;2
Oslo - Blindern;SN18700;16.03.1978;10,5
Oslo - Blindern;SN18700;17.03.1978;1,6
Oslo - Blindern;SN18700;18.03.1978;0
Oslo - Blindern;SN18700;19.03.1978;0
Oslo - Blindern;SN18700;20.03.1978;0
Oslo - Blindern;SN18700;21.03.1978;0
Oslo - Blindern;SN18700;22.03.1978;0
Oslo - Blindern;SN18700;23.03.1978;6,9
Oslo - Blindern;SN18700;24.03.1978;12,4
Oslo - Blindern;SN18700;25.03.1978;3,7
Oslo - Blindern;SN18700;26.03.1978;5,3
Oslo - Blindern;SN18700;27.03.1978;0
Oslo - Blindern;SN18700;28.03.1978;2
Oslo - Blindern;SN18700;29.03.1978;6,6
Oslo - Blindern;SN18700;30.03.1978;0,5
Oslo - Blindern;SN18700;31.03.1978;0
Oslo - Blindern;SN18700;01.04.1978;0
Oslo - Blindern;SN18700;02.04.1978;0
Oslo - Blindern;SN18700;03.04.1978;0
Oslo - Blindern;SN18700;04.04.1978;0
Oslo - Blindern;SN18700;05.04.1978;0
Oslo - Blindern;SN18700;06.04.1978;0
Oslo - Blindern;SN18700;07.04.1978;0
Oslo - Blindern;SN18700;08.04.1978;0
Oslo - Blindern;SN18700;09.04.1978;0
Oslo - Blindern;SN18700;10.04.1978;1
Oslo - Blindern;SN18700;11.04.1978;7
Oslo - Blindern;SN18700;12.04.1978;1,1
Oslo - Blindern;SN18700;13.04.1978;0,7
Oslo - Blindern;SN18700;14.04.1978;0
Oslo - Blindern;SN18700;15.04.1978;0
Oslo - Blindern;SN18700;16.04.1978;0
Oslo - Blindern;SN18700;17.04.1978;0
Oslo - Blindern;SN18700;18.04.1978;0
Oslo - Blindern;SN18700;19.04.1978;9,7
Oslo - Blindern;SN18700;20.04.1978;0,1
Oslo - Blindern;SN18700;21.04.1978;0
Oslo - Blindern;SN18700;22.04.1978;0
Oslo - Blindern;SN18700;23.04.1978;0
Oslo - Blindern;SN18700;24.04.1978;0
Oslo - Blindern;SN18700;25.04.1978;0
Oslo - Blindern;SN18700;26.04.1978;0
Oslo - Blindern;SN18700;27.04.1978;0
Oslo - Blindern;SN18700;28.04.1978;0
Oslo - Blindern;SN18700;29.04.1978;0
Oslo - Blindern;SN18700;30.04.1978;0
Oslo - Blindern;SN18700;01.05.1978;0
Oslo - Blindern;SN18700;02.05.1978;0
Oslo - Blindern;SN18700;03.05.1978;0
Oslo - Blindern;SN18700;04.05.1978;0
Oslo - Blindern;SN18700;05.05.1978;0
Oslo - Blindern;SN18700;06.05.1978;0,5
Oslo - Blindern;SN18700;07.05.1978;0
Oslo - Blindern;SN18700;08.05.1978;0
Oslo - Blindern;SN18700;09.05.1978;0
Oslo - Blindern;SN18700;10.05.1978;0,4
Oslo - Blindern;SN18700;11.05.1978;0
Oslo - Blindern;SN18700;12.05.1978;0
Oslo - Blindern;SN18700;13.05.1978;0,9
Oslo - Blindern;SN18700;14.05.1978;0,1
Oslo - Blindern;SN18700;15.05.1978;0
Oslo - Blindern;SN18700;16.05.1978;0,1
Oslo - Blindern;SN18700;17.05.1978;0,1
Oslo - Blindern;SN18700;18.05.1978;0,2
Oslo - Blindern;SN18700;19.05.1978;1,7
Oslo - Blindern;SN18700;20.05.1978;10,9
Oslo - Blindern;SN18700;21.05.1978;0,7
Oslo - Blindern;SN18700;22.05.1978;0,1
Oslo - Blindern;SN18700;23.05.1978;0,9
Oslo - Blindern;SN18700;24.05.1978;0,6
Oslo - Blindern;SN18700;25.05.1978;0
Oslo - Blindern;SN18700;26.05.1978;0
Oslo - Blindern;SN18700;27.05.1978;0
Oslo - Blindern;SN18700;28.05.1978;0
Oslo - Blindern;SN18700;29.05.1978;0
Oslo - Blindern;SN18700;30.05.1978;0
Oslo - Blindern;SN18700;31.05.1978;0
Oslo - Blindern;SN18700;01.06.1978;0
Oslo - Blindern;SN18700;02.06.1978;0
Oslo - Blindern;SN18700;03.06.1978;0
Oslo - Blindern;SN18700;04.06.1978;0,2
Oslo - Blindern;SN18700;05.06.1978;0
Oslo - Blindern;SN18700;06.06.1978;0
Oslo - Blindern;SN18700;07.06.1978;0,4
Oslo - Blindern;SN18700;08.06.1978;0,5
Oslo - Blindern;SN18700;09.06.1978;3,3
Oslo - Blindern;SN18700;10.06.1978;0,3
Oslo - Blindern;SN18700;11.06.1978;1,8
Oslo - Blindern;SN18700;12.06.1978;0,6
Oslo - Blindern;SN18700;13.06.1978;0
Oslo - Blindern;SN18700;14.06.1978;0
Oslo - Blindern;SN18700;15.06.1978;0
Oslo - Blindern;SN18700;16.06.1978;0
Oslo - Blindern;SN18700;17.06.1978;0
Oslo - Blindern;SN18700;18.06.1978;0
Oslo - Blindern;SN18700;19.06.1978;0
Oslo - Blindern;SN18700;20.06.1978;0
Oslo - Blindern;SN18700;21.06.1978;0
Oslo - Blindern;SN18700;22.06.1978;0
Oslo - Blindern;SN18700;23.06.1978;2,4
Oslo - Blindern;SN18700;24.06.1978;5,5
Oslo - Blindern;SN18700;25.06.1978;12,9
Oslo - Blindern;SN18700;26.06.1978;2,2
Oslo - Blindern;SN18700;27.06.1978;0,1
Oslo - Blindern;SN18700;28.06.1978;0
Oslo - Blindern;SN18700;29.06.1978;1,3
Oslo - Blindern;SN18700;30.06.1978;1,5
Oslo - Blindern;SN18700;01.07.1978;12,2
Oslo - Blindern;SN18700;02.07.1978;15,1
Oslo - Blindern;SN18700;03.07.1978;21,7
Oslo - Blindern;SN18700;04.07.1978;13,1
Oslo - Blindern;SN18700;05.07.1978;3,1
Oslo - Blindern;SN18700;06.07.1978;0,2
Oslo - Blindern;SN18700;07.07.1978;5,4
Oslo - Blindern;SN18700;08.07.1978;12
Oslo - Blindern;SN18700;09.07.1978;10
Oslo - Blindern;SN18700;10.07.1978;1,5
Oslo - Blindern;SN18700;11.07.1978;0
Oslo - Blindern;SN18700;12.07.1978;0
Oslo - Blindern;SN18700;13.07.1978;0
Oslo - Blindern;SN18700;14.07.1978;0
Oslo - Blindern;SN18700;15.07.1978;0
Oslo - Blindern;SN18700;16.07.1978;0,8
Oslo - Blindern;SN18700;17.07.1978;0,2
Oslo - Blindern;SN18700;18.07.1978;0
Oslo - Blindern;SN18700;19.07.1978;7,9
Oslo - Blindern;SN18700;20.07.1978;0,7
Oslo - Blindern;SN18700;21.07.1978;0
Oslo - Blindern;SN18700;22.07.1978;0
Oslo - Blindern;SN18700;23.07.1978;0
Oslo - Blindern;SN18700;24.07.1978;2,8
Oslo - Blindern;SN18700;25.07.1978;14,9
Oslo - Blindern;SN18700;26.07.1978;0
Oslo - Blindern;SN18700;27.07.1978;0
Oslo - Blindern;SN18700;28.07.1978;3,7
Oslo - Blindern;SN18700;29.07.1978;0
Oslo - Blindern;SN18700;30.07.1978;0
Oslo - Blindern;SN18700;31.07.1978;0
Oslo - Blindern;SN18700;01.08.1978;0
Oslo - Blindern;SN18700;02.08.1978;0
Oslo - Blindern;SN18700;03.08.1978;1,6
Oslo - Blindern;SN18700;04.08.1978;1,3
Oslo - Blindern;SN18700;05.08.1978;17
Oslo - Blindern;SN18700;06.08.1978;4,6
Oslo - Blindern;SN18700;07.08.1978;0
Oslo - Blindern;SN18700;08.08.1978;0
Oslo - Blindern;SN18700;09.08.1978;0
Oslo - Blindern;SN18700;10.08.1978;3
Oslo - Blindern;SN18700;11.08.1978;0,1
Oslo - Blindern;SN18700;12.08.1978;0
Oslo - Blindern;SN18700;13.08.1978;0
Oslo - Blindern;SN18700;14.08.1978;0
Oslo - Blindern;SN18700;15.08.1978;0,8
Oslo - Blindern;SN18700;16.08.1978;23,8
Oslo - Blindern;SN18700;17.08.1978;14
Oslo - Blindern;SN18700;18.08.1978;1,4
Oslo - Blindern;SN18700;19.08.1978;0
Oslo - Blindern;SN18700;20.08.1978;0
Oslo - Blindern;SN18700;21.08.1978;0
Oslo - Blindern;SN18700;22.08.1978;5,4
Oslo - Blindern;SN18700;23.08.1978;11,5
Oslo - Blindern;SN18700;24.08.1978;0
Oslo - Blindern;SN18700;25.08.1978;0,5
Oslo - Blindern;SN18700;26.08.1978;0
Oslo - Blindern;SN18700;27.08.1978;2,2
Oslo - Blindern;SN18700;28.08.1978;0
Oslo - Blindern;SN18700;29.08.1978;0
Oslo - Blindern;SN18700;30.08.1978;0
Oslo - Blindern;SN18700;31.08.1978;1,6
Oslo - Blindern;SN18700;01.09.1978;0,1
Oslo - Blindern;SN18700;02.09.1978;0
Oslo - Blindern;SN18700;03.09.1978;0
Oslo - Blindern;SN18700;04.09.1978;5,8
Oslo - Blindern;SN18700;05.09.1978;3,8
Oslo - Blindern;SN18700;06.09.1978;1,5
Oslo - Blindern;SN18700;07.09.1978;0,1
Oslo - Blindern;SN18700;08.09.1978;0,3
Oslo - Blindern;SN18700;09.09.1978;2,7
Oslo - Blindern;SN18700;10.09.1978;29,1
Oslo - Blindern;SN18700;11.09.1978;4,1
Oslo - Blindern;SN18700;12.09.1978;0,1
Oslo - Blindern;SN18700;13.09.1978;0
Oslo - Blindern;SN18700;14.09.1978;0
Oslo - Blindern;SN18700;15.09.1978;0
Oslo - Blindern;SN18700;16.09.1978;0
Oslo - Blindern;SN18700;17.09.1978;0,5
Oslo - Blindern;SN18700;18.09.1978;0
Oslo - Blindern;SN18700;19.09.1978;0
Oslo - Blindern;SN18700;20.09.1978;0
Oslo - Blindern;SN18700;21.09.1978;0,9
Oslo - Blindern;SN18700;22.09.1978;0,1
Oslo - Blindern;SN18700;23.09.1978;1,3
Oslo - Blindern;SN18700;24.09.1978;16,1
Oslo - Blindern;SN18700;25.09.1978;5,1
Oslo - Blindern;SN18700;26.09.1978;0
Oslo - Blindern;SN18700;27.09.1978;0
Oslo - Blindern;SN18700;28.09.1978;7,4
Oslo - Blindern;SN18700;29.09.1978;0
Oslo - Blindern;SN18700;30.09.1978;0,3
Oslo - Blindern;SN18700;01.10.1978;1,1
Oslo - Blindern;SN18700;02.10.1978;0,3
Oslo - Blindern;SN18700;03.10.1978;2,9
Oslo - Blindern;SN18700;04.10.1978;1,8
Oslo - Blindern;SN18700;05.10.1978;0
Oslo - Blindern;SN18700;06.10.1978;0
Oslo - Blindern;SN18700;07.10.1978;0,1
Oslo - Blindern;SN18700;08.10.1978;0
Oslo - Blindern;SN18700;09.10.1978;0
Oslo - Blindern;SN18700;10.10.1978;1
Oslo - Blindern;SN18700;11.10.1978;0,2
Oslo - Blindern;SN18700;12.10.1978;0,3
Oslo - Blindern;SN18700;13.10.1978;1
Oslo - Blindern;SN18700;14.10.1978;0,2
Oslo - Blindern;SN18700;15.10.1978;0,1
Oslo - Blindern;SN18700;16.10.1978;2,5
Oslo - Blindern;SN18700;17.10.1978;9,7
Oslo - Blindern;SN18700;18.10.1978;0,3
Oslo - Blindern;SN18700;19.10.1978;0
Oslo - Blindern;SN18700;20.10.1978;0
Oslo - Blindern;SN18700;21.10.1978;0
Oslo - Blindern;SN18700;22.10.1978;0
Oslo - Blindern;SN18700;23.10.1978;0
Oslo - Blindern;SN18700;24.10.1978;0
Oslo - Blindern;SN18700;25.10.1978;0
Oslo - Blindern;SN18700;26.10.1978;0
Oslo - Blindern;SN18700;27.10.1978;0
Oslo - Blindern;SN18700;28.10.1978;0
Oslo - Blindern;SN18700;29.10.1978;0
Oslo - Blindern;SN18700;30.10.1978;0
Oslo - Blindern;SN18700;31.10.1978;0
Oslo - Blindern;SN18700;01.11.1978;0,6
Oslo - Blindern;SN18700;02.11.1978;0
Oslo - Blindern;SN18700;03.11.1978;0,1
Oslo - Blindern;SN18700;04.11.1978;0,1
Oslo - Blindern;SN18700;05.11.1978;0
Oslo - Blindern;SN18700;06.11.1978;0,1
Oslo - Blindern;SN18700;07.11.1978;0,1
Oslo - Blindern;SN18700;08.11.1978;0,4
Oslo - Blindern;SN18700;09.11.1978;0,1
Oslo - Blindern;SN18700;10.11.1978;0
Oslo - Blindern;SN18700;11.11.1978;0
Oslo - Blindern;SN18700;12.11.1978;0
Oslo - Blindern;SN18700;13.11.1978;1,5
Oslo - Blindern;SN18700;14.11.1978;1,5
Oslo - Blindern;SN18700;15.11.1978;0,3
Oslo - Blindern;SN18700;16.11.1978;8,1
Oslo - Blindern;SN18700;17.11.1978;0,2
Oslo - Blindern;SN18700;18.11.1978;0
Oslo - Blindern;SN18700;19.11.1978;0
Oslo - Blindern;SN18700;20.11.1978;0
Oslo - Blindern;SN18700;21.11.1978;0
Oslo - Blindern;SN18700;22.11.1978;0
Oslo - Blindern;SN18700;23.11.1978;0,1
Oslo - Blindern;SN18700;24.11.1978;0
Oslo - Blindern;SN18700;25.11.1978;0
Oslo - Blindern;SN18700;26.11.1978;0
Oslo - Blindern;SN18700;27.11.1978;11,6
Oslo - Blindern;SN18700;28.11.1978;3,1
Oslo - Blindern;SN18700;29.11.1978;0
Oslo - Blindern;SN18700;30.11.1978;0
Oslo - Blindern;SN18700;01.12.1978;0,2
Oslo - Blindern;SN18700;02.12.1978;0,6
Oslo - Blindern;SN18700;03.12.1978;3,3
Oslo - Blindern;SN18700;04.12.1978;0
Oslo - Blindern;SN18700;05.12.1978;0
Oslo - Blindern;SN18700;06.12.1978;0
Oslo - Blindern;SN18700;07.12.1978;0
Oslo - Blindern;SN18700;08.12.1978;0
Oslo - Blindern;SN18700;09.12.1978;0
Oslo - Blindern;SN18700;10.12.1978;0
Oslo - Blindern;SN18700;11.12.1978;0
Oslo - Blindern;SN18700;12.12.1978;0
Oslo - Blindern;SN18700;13.12.1978;7,3
Oslo - Blindern;SN18700;14.12.1978;6
Oslo - Blindern;SN18700;15.12.1978;0,9
Oslo - Blindern;SN18700;16.12.1978;0,7
Oslo - Blindern;SN18700;17.12.1978;0,4
Oslo - Blindern;SN18700;18.12.1978;0
Oslo - Blindern;SN18700;19.12.1978;0
Oslo - Blindern;SN18700;20.12.1978;0
Oslo - Blindern;SN18700;21.12.1978;0,1
Oslo - Blindern;SN18700;22.12.1978;0,9
Oslo - Blindern;SN18700;23.12.1978;0
Oslo - Blindern;SN18700;24.12.1978;0,4
Oslo - Blindern;SN18700;25.12.1978;0,6
Oslo - Blindern;SN18700;26.12.1978;1,6
Oslo - Blindern;SN18700;27.12.1978;0,3
Oslo - Blindern;SN18700;28.12.1978;0,5
Oslo - Blindern;SN18700;29.12.1978;0,1
Oslo - Blindern;SN18700;30.12.1978;0
Oslo - Blindern;SN18700;31.12.1978;0
Oslo - Blindern;SN18700;01.01.1979;0
Oslo - Blindern;SN18700;02.01.1979;0
Oslo - Blindern;SN18700;03.01.1979;0
Oslo - Blindern;SN18700;04.01.1979;0
Oslo - Blindern;SN18700;05.01.1979;0
Oslo - Blindern;SN18700;06.01.1979;0,7
Oslo - Blindern;SN18700;07.01.1979;2,6
Oslo - Blindern;SN18700;08.01.1979;0
Oslo - Blindern;SN18700;09.01.1979;0
Oslo - Blindern;SN18700;10.01.1979;0
Oslo - Blindern;SN18700;11.01.1979;0,7
Oslo - Blindern;SN18700;12.01.1979;0,8
Oslo - Blindern;SN18700;13.01.1979;3,5
Oslo - Blindern;SN18700;14.01.1979;0,1
Oslo - Blindern;SN18700;15.01.1979;0,8
Oslo - Blindern;SN18700;16.01.1979;0
Oslo - Blindern;SN18700;17.01.1979;0
Oslo - Blindern;SN18700;18.01.1979;0
Oslo - Blindern;SN18700;19.01.1979;0
Oslo - Blindern;SN18700;20.01.1979;0
Oslo - Blindern;SN18700;21.01.1979;0
Oslo - Blindern;SN18700;22.01.1979;0,1
Oslo - Blindern;SN18700;23.01.1979;0
Oslo - Blindern;SN18700;24.01.1979;0
Oslo - Blindern;SN18700;25.01.1979;0,1
Oslo - Blindern;SN18700;26.01.1979;0,8
Oslo - Blindern;SN18700;27.01.1979;0,2
Oslo - Blindern;SN18700;28.01.1979;0,2
Oslo - Blindern;SN18700;29.01.1979;0,5
Oslo - Blindern;SN18700;30.01.1979;0,5
Oslo - Blindern;SN18700;31.01.1979;0
Oslo - Blindern;SN18700;01.02.1979;0,4
Oslo - Blindern;SN18700;02.02.1979;3
Oslo - Blindern;SN18700;03.02.1979;3
Oslo - Blindern;SN18700;04.02.1979;2,9
Oslo - Blindern;SN18700;05.02.1979;0
Oslo - Blindern;SN18700;06.02.1979;0
Oslo - Blindern;SN18700;07.02.1979;0
Oslo - Blindern;SN18700;08.02.1979;4,5
Oslo - Blindern;SN18700;09.02.1979;0
Oslo - Blindern;SN18700;10.02.1979;0
Oslo - Blindern;SN18700;11.02.1979;0
Oslo - Blindern;SN18700;12.02.1979;0
Oslo - Blindern;SN18700;13.02.1979;0
Oslo - Blindern;SN18700;14.02.1979;0
Oslo - Blindern;SN18700;15.02.1979;0
Oslo - Blindern;SN18700;16.02.1979;0
Oslo - Blindern;SN18700;17.02.1979;0
Oslo - Blindern;SN18700;18.02.1979;0
Oslo - Blindern;SN18700;19.02.1979;1,3
Oslo - Blindern;SN18700;20.02.1979;0
Oslo - Blindern;SN18700;21.02.1979;0
Oslo - Blindern;SN18700;22.02.1979;0
Oslo - Blindern;SN18700;23.02.1979;1
Oslo - Blindern;SN18700;24.02.1979;0
Oslo - Blindern;SN18700;25.02.1979;0
Oslo - Blindern;SN18700;26.02.1979;0
Oslo - Blindern;SN18700;27.02.1979;0
Oslo - Blindern;SN18700;28.02.1979;0,8
Oslo - Blindern;SN18700;01.03.1979;0,7
Oslo - Blindern;SN18700;02.03.1979;0
Oslo - Blindern;SN18700;03.03.1979;2,5
Oslo - Blindern;SN18700;04.03.1979;0
Oslo - Blindern;SN18700;05.03.1979;0
Oslo - Blindern;SN18700;06.03.1979;0
Oslo - Blindern;SN18700;07.03.1979;0
Oslo - Blindern;SN18700;08.03.1979;9
Oslo - Blindern;SN18700;09.03.1979;2,9
Oslo - Blindern;SN18700;10.03.1979;32
Oslo - Blindern;SN18700;11.03.1979;6
Oslo - Blindern;SN18700;12.03.1979;1,6
Oslo - Blindern;SN18700;13.03.1979;3,7
Oslo - Blindern;SN18700;14.03.1979;0
Oslo - Blindern;SN18700;15.03.1979;0
Oslo - Blindern;SN18700;16.03.1979;0
Oslo - Blindern;SN18700;17.03.1979;0
Oslo - Blindern;SN18700;18.03.1979;0
Oslo - Blindern;SN18700;19.03.1979;0
Oslo - Blindern;SN18700;20.03.1979;0
Oslo - Blindern;SN18700;21.03.1979;0
Oslo - Blindern;SN18700;22.03.1979;1,4
Oslo - Blindern;SN18700;23.03.1979;5,2
Oslo - Blindern;SN18700;24.03.1979;0,9
Oslo - Blindern;SN18700;25.03.1979;0
Oslo - Blindern;SN18700;26.03.1979;13,2
Oslo - Blindern;SN18700;27.03.1979;19,4
Oslo - Blindern;SN18700;28.03.1979;11,9
Oslo - Blindern;SN18700;29.03.1979;2,7
Oslo - Blindern;SN18700;30.03.1979;0,1
Oslo - Blindern;SN18700;31.03.1979;1,8
Oslo - Blindern;SN18700;01.04.1979;0
Oslo - Blindern;SN18700;02.04.1979;2,7
Oslo - Blindern;SN18700;03.04.1979;3
Oslo - Blindern;SN18700;04.04.1979;3,3
Oslo - Blindern;SN18700;05.04.1979;7,2
Oslo - Blindern;SN18700;06.04.1979;0
Oslo - Blindern;SN18700;07.04.1979;0
Oslo - Blindern;SN18700;08.04.1979;0
Oslo - Blindern;SN18700;09.04.1979;0
Oslo - Blindern;SN18700;10.04.1979;0
Oslo - Blindern;SN18700;11.04.1979;0
Oslo - Blindern;SN18700;12.04.1979;0
Oslo - Blindern;SN18700;13.04.1979;0
Oslo - Blindern;SN18700;14.04.1979;0
Oslo - Blindern;SN18700;15.04.1979;0
Oslo - Blindern;SN18700;16.04.1979;0
Oslo - Blindern;SN18700;17.04.1979;1,7
Oslo - Blindern;SN18700;18.04.1979;0
Oslo - Blindern;SN18700;19.04.1979;0
Oslo - Blindern;SN18700;20.04.1979;0,5
Oslo - Blindern;SN18700;21.04.1979;3,5
Oslo - Blindern;SN18700;22.04.1979;3
Oslo - Blindern;SN18700;23.04.1979;10,3
Oslo - Blindern;SN18700;24.04.1979;3,8
Oslo - Blindern;SN18700;25.04.1979;20
Oslo - Blindern;SN18700;26.04.1979;18
Oslo - Blindern;SN18700;27.04.1979;2,6
Oslo - Blindern;SN18700;28.04.1979;0,1
Oslo - Blindern;SN18700;29.04.1979;0,4
Oslo - Blindern;SN18700;30.04.1979;0,2
Oslo - Blindern;SN18700;01.05.1979;0,1
Oslo - Blindern;SN18700;02.05.1979;0,7
Oslo - Blindern;SN18700;03.05.1979;0,1
Oslo - Blindern;SN18700;04.05.1979;0
Oslo - Blindern;SN18700;05.05.1979;1
Oslo - Blindern;SN18700;06.05.1979;0,3
Oslo - Blindern;SN18700;07.05.1979;1,4
Oslo - Blindern;SN18700;08.05.1979;0,5
Oslo - Blindern;SN18700;09.05.1979;0,1
Oslo - Blindern;SN18700;10.05.1979;1,2
Oslo - Blindern;SN18700;11.05.1979;0
Oslo - Blindern;SN18700;12.05.1979;0
Oslo - Blindern;SN18700;13.05.1979;0
Oslo - Blindern;SN18700;14.05.1979;0
Oslo - Blindern;SN18700;15.05.1979;0
Oslo - Blindern;SN18700;16.05.1979;0
Oslo - Blindern;SN18700;17.05.1979;4,3
Oslo - Blindern;SN18700;18.05.1979;4,4
Oslo - Blindern;SN18700;19.05.1979;0
Oslo - Blindern;SN18700;20.05.1979;1
Oslo - Blindern;SN18700;21.05.1979;0
Oslo - Blindern;SN18700;22.05.1979;2,1
Oslo - Blindern;SN18700;23.05.1979;0,5
Oslo - Blindern;SN18700;24.05.1979;8,4
Oslo - Blindern;SN18700;25.05.1979;3,7
Oslo - Blindern;SN18700;26.05.1979;0
Oslo - Blindern;SN18700;27.05.1979;8,2
Oslo - Blindern;SN18700;28.05.1979;8,2
Oslo - Blindern;SN18700;29.05.1979;0,9
Oslo - Blindern;SN18700;30.05.1979;12,5
Oslo - Blindern;SN18700;31.05.1979;0
Oslo - Blindern;SN18700;01.06.1979;0
Oslo - Blindern;SN18700;02.06.1979;0
Oslo - Blindern;SN18700;03.06.1979;0
Oslo - Blindern;SN18700;04.06.1979;0
Oslo - Blindern;SN18700;05.06.1979;0
Oslo - Blindern;SN18700;06.06.1979;0
Oslo - Blindern;SN18700;07.06.1979;0
Oslo - Blindern;SN18700;08.06.1979;0
Oslo - Blindern;SN18700;09.06.1979;3,9
Oslo - Blindern;SN18700;10.06.1979;0,4
Oslo - Blindern;SN18700;11.06.1979;0
Oslo - Blindern;SN18700;12.06.1979;0
Oslo - Blindern;SN18700;13.06.1979;0
Oslo - Blindern;SN18700;14.06.1979;0
Oslo - Blindern;SN18700;15.06.1979;5,2
Oslo - Blindern;SN18700;16.06.1979;7,9
Oslo - Blindern;SN18700;17.06.1979;1,3
Oslo - Blindern;SN18700;18.06.1979;0
Oslo - Blindern;SN18700;19.06.1979;0
Oslo - Blindern;SN18700;20.06.1979;0
Oslo - Blindern;SN18700;21.06.1979;0
Oslo - Blindern;SN18700;22.06.1979;0
Oslo - Blindern;SN18700;23.06.1979;0,8
Oslo - Blindern;SN18700;24.06.1979;0,7
Oslo - Blindern;SN18700;25.06.1979;5,5
Oslo - Blindern;SN18700;26.06.1979;2,4
Oslo - Blindern;SN18700;27.06.1979;1,5
Oslo - Blindern;SN18700;28.06.1979;2,9
Oslo - Blindern;SN18700;29.06.1979;2,7
Oslo - Blindern;SN18700;30.06.1979;2,8
Oslo - Blindern;SN18700;01.07.1979;1
Oslo - Blindern;SN18700;02.07.1979;0
Oslo - Blindern;SN18700;03.07.1979;0,3
Oslo - Blindern;SN18700;04.07.1979;0
Oslo - Blindern;SN18700;05.07.1979;0
Oslo - Blindern;SN18700;06.07.1979;1,9
Oslo - Blindern;SN18700;07.07.1979;0
Oslo - Blindern;SN18700;08.07.1979;0
Oslo - Blindern;SN18700;09.07.1979;0
Oslo - Blindern;SN18700;10.07.1979;2,1
Oslo - Blindern;SN18700;11.07.1979;0,5
Oslo - Blindern;SN18700;12.07.1979;0
Oslo - Blindern;SN18700;13.07.1979;0
Oslo - Blindern;SN18700;14.07.1979;2,4
Oslo - Blindern;SN18700;15.07.1979;1,8
Oslo - Blindern;SN18700;16.07.1979;0,7
Oslo - Blindern;SN18700;17.07.1979;2,6
Oslo - Blindern;SN18700;18.07.1979;1,8
Oslo - Blindern;SN18700;19.07.1979;13,2
Oslo - Blindern;SN18700;20.07.1979;0
Oslo - Blindern;SN18700;21.07.1979;3,2
Oslo - Blindern;SN18700;22.07.1979;3,9
Oslo - Blindern;SN18700;23.07.1979;10,4
Oslo - Blindern;SN18700;24.07.1979;0
Oslo - Blindern;SN18700;25.07.1979;2
Oslo - Blindern;SN18700;26.07.1979;2,5
Oslo - Blindern;SN18700;27.07.1979;10,2
Oslo - Blindern;SN18700;28.07.1979;0,1
Oslo - Blindern;SN18700;29.07.1979;0
Oslo - Blindern;SN18700;30.07.1979;13,2
Oslo - Blindern;SN18700;31.07.1979;7,5
Oslo - Blindern;SN18700;01.08.1979;13
Oslo - Blindern;SN18700;02.08.1979;10,4
Oslo - Blindern;SN18700;03.08.1979;3,5
Oslo - Blindern;SN18700;04.08.1979;0,3
Oslo - Blindern;SN18700;05.08.1979;0
Oslo - Blindern;SN18700;06.08.1979;0
Oslo - Blindern;SN18700;07.08.1979;0
Oslo - Blindern;SN18700;08.08.1979;4,6
Oslo - Blindern;SN18700;09.08.1979;20,1
Oslo - Blindern;SN18700;10.08.1979;5,3
Oslo - Blindern;SN18700;11.08.1979;7,4
Oslo - Blindern;SN18700;12.08.1979;7,1
Oslo - Blindern;SN18700;13.08.1979;0
Oslo - Blindern;SN18700;14.08.1979;0,7
Oslo - Blindern;SN18700;15.08.1979;7,1
Oslo - Blindern;SN18700;16.08.1979;0,1
Oslo - Blindern;SN18700;17.08.1979;4,2
Oslo - Blindern;SN18700;18.08.1979;0
Oslo - Blindern;SN18700;19.08.1979;0
Oslo - Blindern;SN18700;20.08.1979;0,5
Oslo - Blindern;SN18700;21.08.1979;0
Oslo - Blindern;SN18700;22.08.1979;18,8
Oslo - Blindern;SN18700;23.08.1979;0
Oslo - Blindern;SN18700;24.08.1979;0,1
Oslo - Blindern;SN18700;25.08.1979;0
Oslo - Blindern;SN18700;26.08.1979;0
Oslo - Blindern;SN18700;27.08.1979;1,5
Oslo - Blindern;SN18700;28.08.1979;0,5
Oslo - Blindern;SN18700;29.08.1979;0
Oslo - Blindern;SN18700;30.08.1979;0
Oslo - Blindern;SN18700;31.08.1979;0
Oslo - Blindern;SN18700;01.09.1979;0
Oslo - Blindern;SN18700;02.09.1979;7,5
Oslo - Blindern;SN18700;03.09.1979;27,6
Oslo - Blindern;SN18700;04.09.1979;1,2
Oslo - Blindern;SN18700;05.09.1979;5
Oslo - Blindern;SN18700;06.09.1979;0,5
Oslo - Blindern;SN18700;07.09.1979;1
Oslo - Blindern;SN18700;08.09.1979;1,2
Oslo - Blindern;SN18700;09.09.1979;10,8
Oslo - Blindern;SN18700;10.09.1979;0
Oslo - Blindern;SN18700;11.09.1979;1,1
Oslo - Blindern;SN18700;12.09.1979;2,5
Oslo - Blindern;SN18700;13.09.1979;3,4
Oslo - Blindern;SN18700;14.09.1979;2,2
Oslo - Blindern;SN18700;15.09.1979;0
Oslo - Blindern;SN18700;16.09.1979;0
Oslo - Blindern;SN18700;17.09.1979;1,1
Oslo - Blindern;SN18700;18.09.1979;1
Oslo - Blindern;SN18700;19.09.1979;0
Oslo - Blindern;SN18700;20.09.1979;0
Oslo - Blindern;SN18700;21.09.1979;12
Oslo - Blindern;SN18700;22.09.1979;0,4
Oslo - Blindern;SN18700;23.09.1979;0
Oslo - Blindern;SN18700;24.09.1979;0
Oslo - Blindern;SN18700;25.09.1979;0
Oslo - Blindern;SN18700;26.09.1979;4,1
Oslo - Blindern;SN18700;27.09.1979;0,9
Oslo - Blindern;SN18700;28.09.1979;0
Oslo - Blindern;SN18700;29.09.1979;0
Oslo - Blindern;SN18700;30.09.1979;0
Oslo - Blindern;SN18700;01.10.1979;0
Oslo - Blindern;SN18700;02.10.1979;0
Oslo - Blindern;SN18700;03.10.1979;0
Oslo - Blindern;SN18700;04.10.1979;0
Oslo - Blindern;SN18700;05.10.1979;0
Oslo - Blindern;SN18700;06.10.1979;0
Oslo - Blindern;SN18700;07.10.1979;1,9
Oslo - Blindern;SN18700;08.10.1979;0
Oslo - Blindern;SN18700;09.10.1979;0,1
Oslo - Blindern;SN18700;10.10.1979;6
Oslo - Blindern;SN18700;11.10.1979;2,8
Oslo - Blindern;SN18700;12.10.1979;0,1
Oslo - Blindern;SN18700;13.10.1979;10,4
Oslo - Blindern;SN18700;14.10.1979;0,6
Oslo - Blindern;SN18700;15.10.1979;15,9
Oslo - Blindern;SN18700;16.10.1979;11,4
Oslo - Blindern;SN18700;17.10.1979;11,8
Oslo - Blindern;SN18700;18.10.1979;0,1
Oslo - Blindern;SN18700;19.10.1979;10,9
Oslo - Blindern;SN18700;20.10.1979;1,3
Oslo - Blindern;SN18700;21.10.1979;0
Oslo - Blindern;SN18700;22.10.1979;0
Oslo - Blindern;SN18700;23.10.1979;0
Oslo - Blindern;SN18700;24.10.1979;0
Oslo - Blindern;SN18700;25.10.1979;0,1
Oslo - Blindern;SN18700;26.10.1979;0
Oslo - Blindern;SN18700;27.10.1979;0
Oslo - Blindern;SN18700;28.10.1979;0
Oslo - Blindern;SN18700;29.10.1979;0
Oslo - Blindern;SN18700;30.10.1979;0,9
Oslo - Blindern;SN18700;31.10.1979;0,5
Oslo - Blindern;SN18700;01.11.1979;4,4
Oslo - Blindern;SN18700;02.11.1979;3,9
Oslo - Blindern;SN18700;03.11.1979;0,9
Oslo - Blindern;SN18700;04.11.1979;23,1
Oslo - Blindern;SN18700;05.11.1979;2,5
Oslo - Blindern;SN18700;06.11.1979;0,4
Oslo - Blindern;SN18700;07.11.1979;0
Oslo - Blindern;SN18700;08.11.1979;0
Oslo - Blindern;SN18700;09.11.1979;0
Oslo - Blindern;SN18700;10.11.1979;0
Oslo - Blindern;SN18700;11.11.1979;0
Oslo - Blindern;SN18700;12.11.1979;7,2
Oslo - Blindern;SN18700;13.11.1979;16,1
Oslo - Blindern;SN18700;14.11.1979;13,1
Oslo - Blindern;SN18700;15.11.1979;0
Oslo - Blindern;SN18700;16.11.1979;0
Oslo - Blindern;SN18700;17.11.1979;10,7
Oslo - Blindern;SN18700;18.11.1979;2,1
Oslo - Blindern;SN18700;19.11.1979;0,8
Oslo - Blindern;SN18700;20.11.1979;0,6
Oslo - Blindern;SN18700;21.11.1979;0
Oslo - Blindern;SN18700;22.11.1979;0
Oslo - Blindern;SN18700;23.11.1979;0,3
Oslo - Blindern;SN18700;24.11.1979;0
Oslo - Blindern;SN18700;25.11.1979;0
Oslo - Blindern;SN18700;26.11.1979;9,7
Oslo - Blindern;SN18700;27.11.1979;5,1
Oslo - Blindern;SN18700;28.11.1979;0
Oslo - Blindern;SN18700;29.11.1979;3,1
Oslo - Blindern;SN18700;30.11.1979;0
Oslo - Blindern;SN18700;01.12.1979;0,5
Oslo - Blindern;SN18700;02.12.1979;0,2
Oslo - Blindern;SN18700;03.12.1979;0
Oslo - Blindern;SN18700;04.12.1979;0
Oslo - Blindern;SN18700;05.12.1979;1,1
Oslo - Blindern;SN18700;06.12.1979;0
Oslo - Blindern;SN18700;07.12.1979;0
Oslo - Blindern;SN18700;08.12.1979;0
Oslo - Blindern;SN18700;09.12.1979;0
Oslo - Blindern;SN18700;10.12.1979;0
Oslo - Blindern;SN18700;11.12.1979;0
Oslo - Blindern;SN18700;12.12.1979;0
Oslo - Blindern;SN18700;13.12.1979;0
Oslo - Blindern;SN18700;14.12.1979;0
Oslo - Blindern;SN18700;15.12.1979;0,2
Oslo - Blindern;SN18700;16.12.1979;0,2
Oslo - Blindern;SN18700;17.12.1979;0,2
Oslo - Blindern;SN18700;18.12.1979;0,6
Oslo - Blindern;SN18700;19.12.1979;0
Oslo - Blindern;SN18700;20.12.1979;0,2
Oslo - Blindern;SN18700;21.12.1979;0
Oslo - Blindern;SN18700;22.12.1979;0
Oslo - Blindern;SN18700;23.12.1979;0,5
Oslo - Blindern;SN18700;24.12.1979;5,6
Oslo - Blindern;SN18700;25.12.1979;8,1
Oslo - Blindern;SN18700;26.12.1979;6,1
Oslo - Blindern;SN18700;27.12.1979;0,9
Oslo - Blindern;SN18700;28.12.1979;15,4
Oslo - Blindern;SN18700;29.12.1979;8,6
Oslo - Blindern;SN18700;30.12.1979;9,2
Oslo - Blindern;SN18700;31.12.1979;0
Oslo - Blindern;SN18700;01.01.1980;0,3
Oslo - Blindern;SN18700;02.01.1980;0
Oslo - Blindern;SN18700;03.01.1980;0
Oslo - Blindern;SN18700;04.01.1980;0
Oslo - Blindern;SN18700;05.01.1980;1,4
Oslo - Blindern;SN18700;06.01.1980;3,2
Oslo - Blindern;SN18700;07.01.1980;0,3
Oslo - Blindern;SN18700;08.01.1980;0
Oslo - Blindern;SN18700;09.01.1980;0
Oslo - Blindern;SN18700;10.01.1980;0,3
Oslo - Blindern;SN18700;11.01.1980;0
Oslo - Blindern;SN18700;12.01.1980;0,1
Oslo - Blindern;SN18700;13.01.1980;0
Oslo - Blindern;SN18700;14.01.1980;0
Oslo - Blindern;SN18700;15.01.1980;0
Oslo - Blindern;SN18700;16.01.1980;0
Oslo - Blindern;SN18700;17.01.1980;0
Oslo - Blindern;SN18700;18.01.1980;0
Oslo - Blindern;SN18700;19.01.1980;0
Oslo - Blindern;SN18700;20.01.1980;0,8
Oslo - Blindern;SN18700;21.01.1980;0,1
Oslo - Blindern;SN18700;22.01.1980;0,8
Oslo - Blindern;SN18700;23.01.1980;4,5
Oslo - Blindern;SN18700;24.01.1980;1,9
Oslo - Blindern;SN18700;25.01.1980;0
Oslo - Blindern;SN18700;26.01.1980;0
Oslo - Blindern;SN18700;27.01.1980;0,3
Oslo - Blindern;SN18700;28.01.1980;0
Oslo - Blindern;SN18700;29.01.1980;0
Oslo - Blindern;SN18700;30.01.1980;0
Oslo - Blindern;SN18700;31.01.1980;2,3
Oslo - Blindern;SN18700;01.02.1980;0
Oslo - Blindern;SN18700;02.02.1980;0
Oslo - Blindern;SN18700;03.02.1980;0
Oslo - Blindern;SN18700;04.02.1980;0
Oslo - Blindern;SN18700;05.02.1980;0
Oslo - Blindern;SN18700;06.02.1980;0
Oslo - Blindern;SN18700;07.02.1980;0
Oslo - Blindern;SN18700;08.02.1980;0
Oslo - Blindern;SN18700;09.02.1980;0
Oslo - Blindern;SN18700;10.02.1980;2,9
Oslo - Blindern;SN18700;11.02.1980;14,3
Oslo - Blindern;SN18700;12.02.1980;1,1
Oslo - Blindern;SN18700;13.02.1980;0
Oslo - Blindern;SN18700;14.02.1980;4,1
Oslo - Blindern;SN18700;15.02.1980;3
Oslo - Blindern;SN18700;16.02.1980;0,4
Oslo - Blindern;SN18700;17.02.1980;0
Oslo - Blindern;SN18700;18.02.1980;0,1
Oslo - Blindern;SN18700;19.02.1980;0,3
Oslo - Blindern;SN18700;20.02.1980;0
Oslo - Blindern;SN18700;21.02.1980;0
Oslo - Blindern;SN18700;22.02.1980;0
Oslo - Blindern;SN18700;23.02.1980;0
Oslo - Blindern;SN18700;24.02.1980;0
Oslo - Blindern;SN18700;25.02.1980;0
Oslo - Blindern;SN18700;26.02.1980;0
Oslo - Blindern;SN18700;27.02.1980;0
Oslo - Blindern;SN18700;28.02.1980;0
Oslo - Blindern;SN18700;29.02.1980;0
Oslo - Blindern;SN18700;01.03.1980;0
Oslo - Blindern;SN18700;02.03.1980;0
Oslo - Blindern;SN18700;03.03.1980;0
Oslo - Blindern;SN18700;04.03.1980;0
Oslo - Blindern;SN18700;05.03.1980;0
Oslo - Blindern;SN18700;06.03.1980;0,5
Oslo - Blindern;SN18700;07.03.1980;0,3
Oslo - Blindern;SN18700;08.03.1980;14,1
Oslo - Blindern;SN18700;09.03.1980;0
Oslo - Blindern;SN18700;10.03.1980;0,3
Oslo - Blindern;SN18700;11.03.1980;0,6
Oslo - Blindern;SN18700;12.03.1980;0,1
Oslo - Blindern;SN18700;13.03.1980;0,5
Oslo - Blindern;SN18700;14.03.1980;0,1
Oslo - Blindern;SN18700;15.03.1980;0
Oslo - Blindern;SN18700;16.03.1980;0
Oslo - Blindern;SN18700;17.03.1980;0
Oslo - Blindern;SN18700;18.03.1980;0
Oslo - Blindern;SN18700;19.03.1980;0
Oslo - Blindern;SN18700;20.03.1980;0
Oslo - Blindern;SN18700;21.03.1980;0,1
Oslo - Blindern;SN18700;22.03.1980;0,2
Oslo - Blindern;SN18700;23.03.1980;0
Oslo - Blindern;SN18700;24.03.1980;0
Oslo - Blindern;SN18700;25.03.1980;0
Oslo - Blindern;SN18700;26.03.1980;0
Oslo - Blindern;SN18700;27.03.1980;0
Oslo - Blindern;SN18700;28.03.1980;1
Oslo - Blindern;SN18700;29.03.1980;6,1
Oslo - Blindern;SN18700;30.03.1980;3,7
Oslo - Blindern;SN18700;31.03.1980;3,2
Oslo - Blindern;SN18700;01.04.1980;0
Oslo - Blindern;SN18700;02.04.1980;0
Oslo - Blindern;SN18700;03.04.1980;0
Oslo - Blindern;SN18700;04.04.1980;0
Oslo - Blindern;SN18700;05.04.1980;0
Oslo - Blindern;SN18700;06.04.1980;0
Oslo - Blindern;SN18700;07.04.1980;0
Oslo - Blindern;SN18700;08.04.1980;0
Oslo - Blindern;SN18700;09.04.1980;0
Oslo - Blindern;SN18700;10.04.1980;0
Oslo - Blindern;SN18700;11.04.1980;0
Oslo - Blindern;SN18700;12.04.1980;0
Oslo - Blindern;SN18700;13.04.1980;0
Oslo - Blindern;SN18700;14.04.1980;0
Oslo - Blindern;SN18700;15.04.1980;0
Oslo - Blindern;SN18700;16.04.1980;0
Oslo - Blindern;SN18700;17.04.1980;0,4
Oslo - Blindern;SN18700;18.04.1980;0
Oslo - Blindern;SN18700;19.04.1980;0
Oslo - Blindern;SN18700;20.04.1980;0
Oslo - Blindern;SN18700;21.04.1980;0
Oslo - Blindern;SN18700;22.04.1980;0
Oslo - Blindern;SN18700;23.04.1980;0
Oslo - Blindern;SN18700;24.04.1980;0
Oslo - Blindern;SN18700;25.04.1980;0
Oslo - Blindern;SN18700;26.04.1980;2,9
Oslo - Blindern;SN18700;27.04.1980;0,3
Oslo - Blindern;SN18700;28.04.1980;1
Oslo - Blindern;SN18700;29.04.1980;0
Oslo - Blindern;SN18700;30.04.1980;0
Oslo - Blindern;SN18700;01.05.1980;0
Oslo - Blindern;SN18700;02.05.1980;0
Oslo - Blindern;SN18700;03.05.1980;0
Oslo - Blindern;SN18700;04.05.1980;0
Oslo - Blindern;SN18700;05.05.1980;0
Oslo - Blindern;SN18700;06.05.1980;0
Oslo - Blindern;SN18700;07.05.1980;0
Oslo - Blindern;SN18700;08.05.1980;0,2
Oslo - Blindern;SN18700;09.05.1980;7,8
Oslo - Blindern;SN18700;10.05.1980;0
Oslo - Blindern;SN18700;11.05.1980;0
Oslo - Blindern;SN18700;12.05.1980;0
Oslo - Blindern;SN18700;13.05.1980;0
Oslo - Blindern;SN18700;14.05.1980;0
Oslo - Blindern;SN18700;15.05.1980;0
Oslo - Blindern;SN18700;16.05.1980;0
Oslo - Blindern;SN18700;17.05.1980;0
Oslo - Blindern;SN18700;18.05.1980;0
Oslo - Blindern;SN18700;19.05.1980;0
Oslo - Blindern;SN18700;20.05.1980;0
Oslo - Blindern;SN18700;21.05.1980;0
Oslo - Blindern;SN18700;22.05.1980;0
Oslo - Blindern;SN18700;23.05.1980;0
Oslo - Blindern;SN18700;24.05.1980;0
Oslo - Blindern;SN18700;25.05.1980;2,3
Oslo - Blindern;SN18700;26.05.1980;4,2
Oslo - Blindern;SN18700;27.05.1980;3,9
Oslo - Blindern;SN18700;28.05.1980;0,2
Oslo - Blindern;SN18700;29.05.1980;18,6
Oslo - Blindern;SN18700;30.05.1980;14
Oslo - Blindern;SN18700;31.05.1980;5,4
Oslo - Blindern;SN18700;01.06.1980;2,8
Oslo - Blindern;SN18700;02.06.1980;0
Oslo - Blindern;SN18700;03.06.1980;2,4
Oslo - Blindern;SN18700;04.06.1980;0
Oslo - Blindern;SN18700;05.06.1980;0
Oslo - Blindern;SN18700;06.06.1980;0
Oslo - Blindern;SN18700;07.06.1980;0
Oslo - Blindern;SN18700;08.06.1980;0
Oslo - Blindern;SN18700;09.06.1980;5,7
Oslo - Blindern;SN18700;10.06.1980;0,3
Oslo - Blindern;SN18700;11.06.1980;0
Oslo - Blindern;SN18700;12.06.1980;4
Oslo - Blindern;SN18700;13.06.1980;0
Oslo - Blindern;SN18700;14.06.1980;0
Oslo - Blindern;SN18700;15.06.1980;0
Oslo - Blindern;SN18700;16.06.1980;0
Oslo - Blindern;SN18700;17.06.1980;0
Oslo - Blindern;SN18700;18.06.1980;29,4
Oslo - Blindern;SN18700;19.06.1980;5,3
Oslo - Blindern;SN18700;20.06.1980;25,3
Oslo - Blindern;SN18700;21.06.1980;3,1
Oslo - Blindern;SN18700;22.06.1980;0,4
Oslo - Blindern;SN18700;23.06.1980;1,5
Oslo - Blindern;SN18700;24.06.1980;2,5
Oslo - Blindern;SN18700;25.06.1980;3,9
Oslo - Blindern;SN18700;26.06.1980;4,2
Oslo - Blindern;SN18700;27.06.1980;11,2
Oslo - Blindern;SN18700;28.06.1980;7,3
Oslo - Blindern;SN18700;29.06.1980;3,8
Oslo - Blindern;SN18700;30.06.1980;12,7
Oslo - Blindern;SN18700;01.07.1980;0,1
Oslo - Blindern;SN18700;02.07.1980;1,6
Oslo - Blindern;SN18700;03.07.1980;1
Oslo - Blindern;SN18700;04.07.1980;12,9
Oslo - Blindern;SN18700;05.07.1980;0,7
Oslo - Blindern;SN18700;06.07.1980;0
Oslo - Blindern;SN18700;07.07.1980;0
Oslo - Blindern;SN18700;08.07.1980;1,2
Oslo - Blindern;SN18700;09.07.1980;4,3
Oslo - Blindern;SN18700;10.07.1980;6,7
Oslo - Blindern;SN18700;11.07.1980;0
Oslo - Blindern;SN18700;12.07.1980;9,1
Oslo - Blindern;SN18700;13.07.1980;0
Oslo - Blindern;SN18700;14.07.1980;7,6
Oslo - Blindern;SN18700;15.07.1980;0,5
Oslo - Blindern;SN18700;16.07.1980;11,7
Oslo - Blindern;SN18700;17.07.1980;0,2
Oslo - Blindern;SN18700;18.07.1980;3
Oslo - Blindern;SN18700;19.07.1980;2,2
Oslo - Blindern;SN18700;20.07.1980;0,3
Oslo - Blindern;SN18700;21.07.1980;9,1
Oslo - Blindern;SN18700;22.07.1980;4,1
Oslo - Blindern;SN18700;23.07.1980;0
Oslo - Blindern;SN18700;24.07.1980;0
Oslo - Blindern;SN18700;25.07.1980;0
Oslo - Blindern;SN18700;26.07.1980;0
Oslo - Blindern;SN18700;27.07.1980;0
Oslo - Blindern;SN18700;28.07.1980;0
Oslo - Blindern;SN18700;29.07.1980;0
Oslo - Blindern;SN18700;30.07.1980;0
Oslo - Blindern;SN18700;31.07.1980;0
Oslo - Blindern;SN18700;01.08.1980;4,5
Oslo - Blindern;SN18700;02.08.1980;0
Oslo - Blindern;SN18700;03.08.1980;0
Oslo - Blindern;SN18700;04.08.1980;5,8
Oslo - Blindern;SN18700;05.08.1980;4
Oslo - Blindern;SN18700;06.08.1980;48,5
Oslo - Blindern;SN18700;07.08.1980;4,5
Oslo - Blindern;SN18700;08.08.1980;0
Oslo - Blindern;SN18700;09.08.1980;0,4
Oslo - Blindern;SN18700;10.08.1980;1,4
Oslo - Blindern;SN18700;11.08.1980;0
Oslo - Blindern;SN18700;12.08.1980;0
Oslo - Blindern;SN18700;13.08.1980;0
Oslo - Blindern;SN18700;14.08.1980;0
Oslo - Blindern;SN18700;15.08.1980;0
Oslo - Blindern;SN18700;16.08.1980;1,2
Oslo - Blindern;SN18700;17.08.1980;0
Oslo - Blindern;SN18700;18.08.1980;1,8
Oslo - Blindern;SN18700;19.08.1980;8,1
Oslo - Blindern;SN18700;20.08.1980;11,7
Oslo - Blindern;SN18700;21.08.1980;25,2
Oslo - Blindern;SN18700;22.08.1980;1,6
Oslo - Blindern;SN18700;23.08.1980;0
Oslo - Blindern;SN18700;24.08.1980;0,1
Oslo - Blindern;SN18700;25.08.1980;0,7
Oslo - Blindern;SN18700;26.08.1980;16,4
Oslo - Blindern;SN18700;27.08.1980;0
Oslo - Blindern;SN18700;28.08.1980;8,5
Oslo - Blindern;SN18700;29.08.1980;1,7
Oslo - Blindern;SN18700;30.08.1980;0
Oslo - Blindern;SN18700;31.08.1980;0
Oslo - Blindern;SN18700;01.09.1980;0
Oslo - Blindern;SN18700;02.09.1980;0,2
Oslo - Blindern;SN18700;03.09.1980;4,2
Oslo - Blindern;SN18700;04.09.1980;3,4
Oslo - Blindern;SN18700;05.09.1980;0
Oslo - Blindern;SN18700;06.09.1980;0,7
Oslo - Blindern;SN18700;07.09.1980;0,4
Oslo - Blindern;SN18700;08.09.1980;0
Oslo - Blindern;SN18700;09.09.1980;0
Oslo - Blindern;SN18700;10.09.1980;0
Oslo - Blindern;SN18700;11.09.1980;0
Oslo - Blindern;SN18700;12.09.1980;0
Oslo - Blindern;SN18700;13.09.1980;11,7
Oslo - Blindern;SN18700;14.09.1980;2,5
Oslo - Blindern;SN18700;15.09.1980;2
Oslo - Blindern;SN18700;16.09.1980;0
Oslo - Blindern;SN18700;17.09.1980;6,1
Oslo - Blindern;SN18700;18.09.1980;27,3
Oslo - Blindern;SN18700;19.09.1980;0
Oslo - Blindern;SN18700;20.09.1980;0,8
Oslo - Blindern;SN18700;21.09.1980;8,3
Oslo - Blindern;SN18700;22.09.1980;0
Oslo - Blindern;SN18700;23.09.1980;0
Oslo - Blindern;SN18700;24.09.1980;0
Oslo - Blindern;SN18700;25.09.1980;6,1
Oslo - Blindern;SN18700;26.09.1980;0,1
Oslo - Blindern;SN18700;27.09.1980;0
Oslo - Blindern;SN18700;28.09.1980;0
Oslo - Blindern;SN18700;29.09.1980;5,7
Oslo - Blindern;SN18700;30.09.1980;0,6
Oslo - Blindern;SN18700;01.10.1980;0
Oslo - Blindern;SN18700;02.10.1980;0
Oslo - Blindern;SN18700;03.10.1980;0
Oslo - Blindern;SN18700;04.10.1980;0
Oslo - Blindern;SN18700;05.10.1980;3,7
Oslo - Blindern;SN18700;06.10.1980;6,9
Oslo - Blindern;SN18700;07.10.1980;18,3
Oslo - Blindern;SN18700;08.10.1980;13,4
Oslo - Blindern;SN18700;09.10.1980;0,2
Oslo - Blindern;SN18700;10.10.1980;3,2
Oslo - Blindern;SN18700;11.10.1980;0,5
Oslo - Blindern;SN18700;12.10.1980;0
Oslo - Blindern;SN18700;13.10.1980;0
Oslo - Blindern;SN18700;14.10.1980;0
Oslo - Blindern;SN18700;15.10.1980;0
Oslo - Blindern;SN18700;16.10.1980;0
Oslo - Blindern;SN18700;17.10.1980;4,6
Oslo - Blindern;SN18700;18.10.1980;30,8
Oslo - Blindern;SN18700;19.10.1980;10,1
Oslo - Blindern;SN18700;20.10.1980;0,9
Oslo - Blindern;SN18700;21.10.1980;0
Oslo - Blindern;SN18700;22.10.1980;0
Oslo - Blindern;SN18700;23.10.1980;0
Oslo - Blindern;SN18700;24.10.1980;4,2
Oslo - Blindern;SN18700;25.10.1980;5,9
Oslo - Blindern;SN18700;26.10.1980;0
Oslo - Blindern;SN18700;27.10.1980;1,7
Oslo - Blindern;SN18700;28.10.1980;9,6
Oslo - Blindern;SN18700;29.10.1980;0,6
Oslo - Blindern;SN18700;30.10.1980;0
Oslo - Blindern;SN18700;31.10.1980;0
Oslo - Blindern;SN18700;01.11.1980;0
Oslo - Blindern;SN18700;02.11.1980;0
Oslo - Blindern;SN18700;03.11.1980;0
Oslo - Blindern;SN18700;04.11.1980;0
Oslo - Blindern;SN18700;05.11.1980;0
Oslo - Blindern;SN18700;06.11.1980;0
Oslo - Blindern;SN18700;07.11.1980;0
Oslo - Blindern;SN18700;08.11.1980;0
Oslo - Blindern;SN18700;09.11.1980;0
Oslo - Blindern;SN18700;10.11.1980;0
Oslo - Blindern;SN18700;11.11.1980;0
Oslo - Blindern;SN18700;12.11.1980;2,5
Oslo - Blindern;SN18700;13.11.1980;0
Oslo - Blindern;SN18700;14.11.1980;6,7
Oslo - Blindern;SN18700;15.11.1980;0
Oslo - Blindern;SN18700;16.11.1980;1,4
Oslo - Blindern;SN18700;17.11.1980;0
Oslo - Blindern;SN18700;18.11.1980;5,6
Oslo - Blindern;SN18700;19.11.1980;14
Oslo - Blindern;SN18700;20.11.1980;0
Oslo - Blindern;SN18700;21.11.1980;4,9
Oslo - Blindern;SN18700;22.11.1980;0
Oslo - Blindern;SN18700;23.11.1980;1,8
Oslo - Blindern;SN18700;24.11.1980;0,3
Oslo - Blindern;SN18700;25.11.1980;0
Oslo - Blindern;SN18700;26.11.1980;0
Oslo - Blindern;SN18700;27.11.1980;0
Oslo - Blindern;SN18700;28.11.1980;0,2
Oslo - Blindern;SN18700;29.11.1980;0
Oslo - Blindern;SN18700;30.11.1980;0
Oslo - Blindern;SN18700;01.12.1980;0,1
Oslo - Blindern;SN18700;02.12.1980;0
Oslo - Blindern;SN18700;03.12.1980;0
Oslo - Blindern;SN18700;04.12.1980;0
Oslo - Blindern;SN18700;05.12.1980;0
Oslo - Blindern;SN18700;06.12.1980;0
Oslo - Blindern;SN18700;07.12.1980;0
Oslo - Blindern;SN18700;08.12.1980;0
Oslo - Blindern;SN18700;09.12.1980;0
Oslo - Blindern;SN18700;10.12.1980;0,5
Oslo - Blindern;SN18700;11.12.1980;9,6
Oslo - Blindern;SN18700;12.12.1980;0
Oslo - Blindern;SN18700;13.12.1980;0
Oslo - Blindern;SN18700;14.12.1980;0,3
Oslo - Blindern;SN18700;15.12.1980;10
Oslo - Blindern;SN18700;16.12.1980;0,5
Oslo - Blindern;SN18700;17.12.1980;0
Oslo - Blindern;SN18700;18.12.1980;12
Oslo - Blindern;SN18700;19.12.1980;0,5
Oslo - Blindern;SN18700;20.12.1980;3,5
Oslo - Blindern;SN18700;21.12.1980;7,2
Oslo - Blindern;SN18700;22.12.1980;0,9
Oslo - Blindern;SN18700;23.12.1980;4,1
Oslo - Blindern;SN18700;24.12.1980;1,2
Oslo - Blindern;SN18700;25.12.1980;0
Oslo - Blindern;SN18700;26.12.1980;1,4
Oslo - Blindern;SN18700;27.12.1980;0
Oslo - Blindern;SN18700;28.12.1980;0
Oslo - Blindern;SN18700;29.12.1980;0
Oslo - Blindern;SN18700;30.12.1980;0
Oslo - Blindern;SN18700;31.12.1980;0,2
Oslo - Blindern;SN18700;01.01.1981;1
Oslo - Blindern;SN18700;02.01.1981;0
Oslo - Blindern;SN18700;03.01.1981;0
Oslo - Blindern;SN18700;04.01.1981;0
Oslo - Blindern;SN18700;05.01.1981;0,7
Oslo - Blindern;SN18700;06.01.1981;0
Oslo - Blindern;SN18700;07.01.1981;0
Oslo - Blindern;SN18700;08.01.1981;6,4
Oslo - Blindern;SN18700;09.01.1981;0,1
Oslo - Blindern;SN18700;10.01.1981;0
Oslo - Blindern;SN18700;11.01.1981;0
Oslo - Blindern;SN18700;12.01.1981;0
Oslo - Blindern;SN18700;13.01.1981;0
Oslo - Blindern;SN18700;14.01.1981;4,4
Oslo - Blindern;SN18700;15.01.1981;5
Oslo - Blindern;SN18700;16.01.1981;0
Oslo - Blindern;SN18700;17.01.1981;0
Oslo - Blindern;SN18700;18.01.1981;0
Oslo - Blindern;SN18700;19.01.1981;0
Oslo - Blindern;SN18700;20.01.1981;0,1
Oslo - Blindern;SN18700;21.01.1981;0,1
Oslo - Blindern;SN18700;22.01.1981;0,1
Oslo - Blindern;SN18700;23.01.1981;0
Oslo - Blindern;SN18700;24.01.1981;0,2
Oslo - Blindern;SN18700;25.01.1981;0
Oslo - Blindern;SN18700;26.01.1981;0
Oslo - Blindern;SN18700;27.01.1981;0
Oslo - Blindern;SN18700;28.01.1981;0
Oslo - Blindern;SN18700;29.01.1981;0,3
Oslo - Blindern;SN18700;30.01.1981;0,2
Oslo - Blindern;SN18700;31.01.1981;0
Oslo - Blindern;SN18700;01.02.1981;0
Oslo - Blindern;SN18700;02.02.1981;0
Oslo - Blindern;SN18700;03.02.1981;0
Oslo - Blindern;SN18700;04.02.1981;0
Oslo - Blindern;SN18700;05.02.1981;0
Oslo - Blindern;SN18700;06.02.1981;0
Oslo - Blindern;SN18700;07.02.1981;9
Oslo - Blindern;SN18700;08.02.1981;7,5
Oslo - Blindern;SN18700;09.02.1981;0
Oslo - Blindern;SN18700;10.02.1981;0
Oslo - Blindern;SN18700;11.02.1981;0
Oslo - Blindern;SN18700;12.02.1981;0
Oslo - Blindern;SN18700;13.02.1981;0
Oslo - Blindern;SN18700;14.02.1981;1,4
Oslo - Blindern;SN18700;15.02.1981;0
Oslo - Blindern;SN18700;16.02.1981;0
Oslo - Blindern;SN18700;17.02.1981;0
Oslo - Blindern;SN18700;18.02.1981;0
Oslo - Blindern;SN18700;19.02.1981;0
Oslo - Blindern;SN18700;20.02.1981;0
Oslo - Blindern;SN18700;21.02.1981;0
Oslo - Blindern;SN18700;22.02.1981;0
Oslo - Blindern;SN18700;23.02.1981;0
Oslo - Blindern;SN18700;24.02.1981;2,9
Oslo - Blindern;SN18700;25.02.1981;2,1
Oslo - Blindern;SN18700;26.02.1981;0
Oslo - Blindern;SN18700;27.02.1981;0,1
Oslo - Blindern;SN18700;28.02.1981;0,2
Oslo - Blindern;SN18700;01.03.1981;0
Oslo - Blindern;SN18700;02.03.1981;0
Oslo - Blindern;SN18700;03.03.1981;0
Oslo - Blindern;SN18700;04.03.1981;0
Oslo - Blindern;SN18700;05.03.1981;3,4
Oslo - Blindern;SN18700;06.03.1981;0,5
Oslo - Blindern;SN18700;07.03.1981;4,4
Oslo - Blindern;SN18700;08.03.1981;11,1
Oslo - Blindern;SN18700;09.03.1981;4,5
Oslo - Blindern;SN18700;10.03.1981;0
Oslo - Blindern;SN18700;11.03.1981;0
Oslo - Blindern;SN18700;12.03.1981;0
Oslo - Blindern;SN18700;13.03.1981;5
Oslo - Blindern;SN18700;14.03.1981;1,5
Oslo - Blindern;SN18700;15.03.1981;0
Oslo - Blindern;SN18700;16.03.1981;0
Oslo - Blindern;SN18700;17.03.1981;0
Oslo - Blindern;SN18700;18.03.1981;0
Oslo - Blindern;SN18700;19.03.1981;5,6
Oslo - Blindern;SN18700;20.03.1981;0,3
Oslo - Blindern;SN18700;21.03.1981;0
Oslo - Blindern;SN18700;22.03.1981;7,4
Oslo - Blindern;SN18700;23.03.1981;10,3
Oslo - Blindern;SN18700;24.03.1981;4
Oslo - Blindern;SN18700;25.03.1981;0,9
Oslo - Blindern;SN18700;26.03.1981;2,8
Oslo - Blindern;SN18700;27.03.1981;1,9
Oslo - Blindern;SN18700;28.03.1981;0
Oslo - Blindern;SN18700;29.03.1981;0
Oslo - Blindern;SN18700;30.03.1981;0
Oslo - Blindern;SN18700;31.03.1981;0
Oslo - Blindern;SN18700;01.04.1981;0
Oslo - Blindern;SN18700;02.04.1981;0
Oslo - Blindern;SN18700;03.04.1981;0,1
Oslo - Blindern;SN18700;04.04.1981;2,5
Oslo - Blindern;SN18700;05.04.1981;0
Oslo - Blindern;SN18700;06.04.1981;0
Oslo - Blindern;SN18700;07.04.1981;0
Oslo - Blindern;SN18700;08.04.1981;0
Oslo - Blindern;SN18700;09.04.1981;0
Oslo - Blindern;SN18700;10.04.1981;0
Oslo - Blindern;SN18700;11.04.1981;0
Oslo - Blindern;SN18700;12.04.1981;0
Oslo - Blindern;SN18700;13.04.1981;0
Oslo - Blindern;SN18700;14.04.1981;0
Oslo - Blindern;SN18700;15.04.1981;0
Oslo - Blindern;SN18700;16.04.1981;0
Oslo - Blindern;SN18700;17.04.1981;0
Oslo - Blindern;SN18700;18.04.1981;0
Oslo - Blindern;SN18700;19.04.1981;0
Oslo - Blindern;SN18700;20.04.1981;0
Oslo - Blindern;SN18700;21.04.1981;0
Oslo - Blindern;SN18700;22.04.1981;0,1
Oslo - Blindern;SN18700;23.04.1981;0
Oslo - Blindern;SN18700;24.04.1981;0
Oslo - Blindern;SN18700;25.04.1981;0
Oslo - Blindern;SN18700;26.04.1981;0
Oslo - Blindern;SN18700;27.04.1981;0
Oslo - Blindern;SN18700;28.04.1981;0
Oslo - Blindern;SN18700;29.04.1981;0
Oslo - Blindern;SN18700;30.04.1981;8,7
Oslo - Blindern;SN18700;01.05.1981;0,8
Oslo - Blindern;SN18700;02.05.1981;0
Oslo - Blindern;SN18700;03.05.1981;0
Oslo - Blindern;SN18700;04.05.1981;0
Oslo - Blindern;SN18700;05.05.1981;3,7
Oslo - Blindern;SN18700;06.05.1981;0,7
Oslo - Blindern;SN18700;07.05.1981;3,8
Oslo - Blindern;SN18700;08.05.1981;0
Oslo - Blindern;SN18700;09.05.1981;0
Oslo - Blindern;SN18700;10.05.1981;0,3
Oslo - Blindern;SN18700;11.05.1981;0
Oslo - Blindern;SN18700;12.05.1981;0
Oslo - Blindern;SN18700;13.05.1981;0
Oslo - Blindern;SN18700;14.05.1981;0
Oslo - Blindern;SN18700;15.05.1981;0
Oslo - Blindern;SN18700;16.05.1981;0
Oslo - Blindern;SN18700;17.05.1981;0
Oslo - Blindern;SN18700;18.05.1981;0,2
Oslo - Blindern;SN18700;19.05.1981;5,3
Oslo - Blindern;SN18700;20.05.1981;0,5
Oslo - Blindern;SN18700;21.05.1981;0
Oslo - Blindern;SN18700;22.05.1981;0
Oslo - Blindern;SN18700;23.05.1981;0
Oslo - Blindern;SN18700;24.05.1981;10,1
Oslo - Blindern;SN18700;25.05.1981;13,8
Oslo - Blindern;SN18700;26.05.1981;7
Oslo - Blindern;SN18700;27.05.1981;0,2
Oslo - Blindern;SN18700;28.05.1981;18,1
Oslo - Blindern;SN18700;29.05.1981;3,7
Oslo - Blindern;SN18700;30.05.1981;0
Oslo - Blindern;SN18700;31.05.1981;0
Oslo - Blindern;SN18700;01.06.1981;0
Oslo - Blindern;SN18700;02.06.1981;3,2
Oslo - Blindern;SN18700;03.06.1981;0
Oslo - Blindern;SN18700;04.06.1981;2,8
Oslo - Blindern;SN18700;05.06.1981;0
Oslo - Blindern;SN18700;06.06.1981;0
Oslo - Blindern;SN18700;07.06.1981;3,3
Oslo - Blindern;SN18700;08.06.1981;13,2
Oslo - Blindern;SN18700;09.06.1981;6,8
Oslo - Blindern;SN18700;10.06.1981;0
Oslo - Blindern;SN18700;11.06.1981;1
Oslo - Blindern;SN18700;12.06.1981;15,6
Oslo - Blindern;SN18700;13.06.1981;8
Oslo - Blindern;SN18700;14.06.1981;0
Oslo - Blindern;SN18700;15.06.1981;2
Oslo - Blindern;SN18700;16.06.1981;4,7
Oslo - Blindern;SN18700;17.06.1981;9
Oslo - Blindern;SN18700;18.06.1981;0,1
Oslo - Blindern;SN18700;19.06.1981;0
Oslo - Blindern;SN18700;20.06.1981;4,6
Oslo - Blindern;SN18700;21.06.1981;0,1
Oslo - Blindern;SN18700;22.06.1981;0
Oslo - Blindern;SN18700;23.06.1981;0
Oslo - Blindern;SN18700;24.06.1981;0
Oslo - Blindern;SN18700;25.06.1981;0
Oslo - Blindern;SN18700;26.06.1981;0,2
Oslo - Blindern;SN18700;27.06.1981;0
Oslo - Blindern;SN18700;28.06.1981;17,4
Oslo - Blindern;SN18700;29.06.1981;0,2
Oslo - Blindern;SN18700;30.06.1981;1,6
Oslo - Blindern;SN18700;01.07.1981;3,7
Oslo - Blindern;SN18700;02.07.1981;2,1
Oslo - Blindern;SN18700;03.07.1981;0,3
Oslo - Blindern;SN18700;04.07.1981;14,6
Oslo - Blindern;SN18700;05.07.1981;0,1
Oslo - Blindern;SN18700;06.07.1981;0
Oslo - Blindern;SN18700;07.07.1981;0
Oslo - Blindern;SN18700;08.07.1981;0
Oslo - Blindern;SN18700;09.07.1981;0
Oslo - Blindern;SN18700;10.07.1981;0
Oslo - Blindern;SN18700;11.07.1981;0
Oslo - Blindern;SN18700;12.07.1981;0
Oslo - Blindern;SN18700;13.07.1981;19,4
Oslo - Blindern;SN18700;14.07.1981;0,2
Oslo - Blindern;SN18700;15.07.1981;9
Oslo - Blindern;SN18700;16.07.1981;0,2
Oslo - Blindern;SN18700;17.07.1981;3
Oslo - Blindern;SN18700;18.07.1981;1,9
Oslo - Blindern;SN18700;19.07.1981;0
Oslo - Blindern;SN18700;20.07.1981;0
Oslo - Blindern;SN18700;21.07.1981;0
Oslo - Blindern;SN18700;22.07.1981;0
Oslo - Blindern;SN18700;23.07.1981;0,3
Oslo - Blindern;SN18700;24.07.1981;4,9
Oslo - Blindern;SN18700;25.07.1981;4,2
Oslo - Blindern;SN18700;26.07.1981;4
Oslo - Blindern;SN18700;27.07.1981;36,3
Oslo - Blindern;SN18700;28.07.1981;0,2
Oslo - Blindern;SN18700;29.07.1981;0,3
Oslo - Blindern;SN18700;30.07.1981;2,5
Oslo - Blindern;SN18700;31.07.1981;0,1
Oslo - Blindern;SN18700;01.08.1981;0
Oslo - Blindern;SN18700;02.08.1981;0
Oslo - Blindern;SN18700;03.08.1981;0
Oslo - Blindern;SN18700;04.08.1981;0,6
Oslo - Blindern;SN18700;05.08.1981;0,1
Oslo - Blindern;SN18700;06.08.1981;0
Oslo - Blindern;SN18700;07.08.1981;0
Oslo - Blindern;SN18700;08.08.1981;0
Oslo - Blindern;SN18700;09.08.1981;0
Oslo - Blindern;SN18700;10.08.1981;0
Oslo - Blindern;SN18700;11.08.1981;0,1
Oslo - Blindern;SN18700;12.08.1981;0
Oslo - Blindern;SN18700;13.08.1981;0
Oslo - Blindern;SN18700;14.08.1981;0,1
Oslo - Blindern;SN18700;15.08.1981;0,7
Oslo - Blindern;SN18700;16.08.1981;0
Oslo - Blindern;SN18700;17.08.1981;0
Oslo - Blindern;SN18700;18.08.1981;0
Oslo - Blindern;SN18700;19.08.1981;0
Oslo - Blindern;SN18700;20.08.1981;0
Oslo - Blindern;SN18700;21.08.1981;2,6
Oslo - Blindern;SN18700;22.08.1981;0,1
Oslo - Blindern;SN18700;23.08.1981;8
Oslo - Blindern;SN18700;24.08.1981;0
Oslo - Blindern;SN18700;25.08.1981;0
Oslo - Blindern;SN18700;26.08.1981;0
Oslo - Blindern;SN18700;27.08.1981;0
Oslo - Blindern;SN18700;28.08.1981;0
Oslo - Blindern;SN18700;29.08.1981;0
Oslo - Blindern;SN18700;30.08.1981;0
Oslo - Blindern;SN18700;31.08.1981;0,1
Oslo - Blindern;SN18700;01.09.1981;0
Oslo - Blindern;SN18700;02.09.1981;0
Oslo - Blindern;SN18700;03.09.1981;0
Oslo - Blindern;SN18700;04.09.1981;0
Oslo - Blindern;SN18700;05.09.1981;0
Oslo - Blindern;SN18700;06.09.1981;0
Oslo - Blindern;SN18700;07.09.1981;0
Oslo - Blindern;SN18700;08.09.1981;0
Oslo - Blindern;SN18700;09.09.1981;0
Oslo - Blindern;SN18700;10.09.1981;0
Oslo - Blindern;SN18700;11.09.1981;0
Oslo - Blindern;SN18700;12.09.1981;0
Oslo - Blindern;SN18700;13.09.1981;0
Oslo - Blindern;SN18700;14.09.1981;0
Oslo - Blindern;SN18700;15.09.1981;0
Oslo - Blindern;SN18700;16.09.1981;2,4
Oslo - Blindern;SN18700;17.09.1981;2,5
Oslo - Blindern;SN18700;18.09.1981;0,5
Oslo - Blindern;SN18700;19.09.1981;0
Oslo - Blindern;SN18700;20.09.1981;0,1
Oslo - Blindern;SN18700;21.09.1981;9,6
Oslo - Blindern;SN18700;22.09.1981;38,2
Oslo - Blindern;SN18700;23.09.1981;0
Oslo - Blindern;SN18700;24.09.1981;0,6
Oslo - Blindern;SN18700;25.09.1981;11,6
Oslo - Blindern;SN18700;26.09.1981;3
Oslo - Blindern;SN18700;27.09.1981;0,7
Oslo - Blindern;SN18700;28.09.1981;3,3
Oslo - Blindern;SN18700;29.09.1981;0
Oslo - Blindern;SN18700;30.09.1981;1,4
Oslo - Blindern;SN18700;01.10.1981;6,2
Oslo - Blindern;SN18700;02.10.1981;11,5
Oslo - Blindern;SN18700;03.10.1981;0,4
Oslo - Blindern;SN18700;04.10.1981;8,5
Oslo - Blindern;SN18700;05.10.1981;5,6
Oslo - Blindern;SN18700;06.10.1981;0
Oslo - Blindern;SN18700;07.10.1981;2,1
Oslo - Blindern;SN18700;08.10.1981;2
Oslo - Blindern;SN18700;09.10.1981;0
Oslo - Blindern;SN18700;10.10.1981;14,4
Oslo - Blindern;SN18700;11.10.1981;12,7
Oslo - Blindern;SN18700;12.10.1981;0
Oslo - Blindern;SN18700;13.10.1981;5,2
Oslo - Blindern;SN18700;14.10.1981;0
Oslo - Blindern;SN18700;15.10.1981;0
Oslo - Blindern;SN18700;16.10.1981;0
Oslo - Blindern;SN18700;17.10.1981;0
Oslo - Blindern;SN18700;18.10.1981;0
Oslo - Blindern;SN18700;19.10.1981;0
Oslo - Blindern;SN18700;20.10.1981;9,9
Oslo - Blindern;SN18700;21.10.1981;0
Oslo - Blindern;SN18700;22.10.1981;0
Oslo - Blindern;SN18700;23.10.1981;0
Oslo - Blindern;SN18700;24.10.1981;0
Oslo - Blindern;SN18700;25.10.1981;0
Oslo - Blindern;SN18700;26.10.1981;0,2
Oslo - Blindern;SN18700;27.10.1981;0
Oslo - Blindern;SN18700;28.10.1981;5,3
Oslo - Blindern;SN18700;29.10.1981;0,3
Oslo - Blindern;SN18700;30.10.1981;3,2
Oslo - Blindern;SN18700;31.10.1981;0
Oslo - Blindern;SN18700;01.11.1981;0
Oslo - Blindern;SN18700;02.11.1981;8,1
Oslo - Blindern;SN18700;03.11.1981;11,9
Oslo - Blindern;SN18700;04.11.1981;10,8
Oslo - Blindern;SN18700;05.11.1981;0
Oslo - Blindern;SN18700;06.11.1981;0
Oslo - Blindern;SN18700;07.11.1981;0
Oslo - Blindern;SN18700;08.11.1981;0
Oslo - Blindern;SN18700;09.11.1981;0
Oslo - Blindern;SN18700;10.11.1981;0
Oslo - Blindern;SN18700;11.11.1981;5,2
Oslo - Blindern;SN18700;12.11.1981;0,2
Oslo - Blindern;SN18700;13.11.1981;0
Oslo - Blindern;SN18700;14.11.1981;0
Oslo - Blindern;SN18700;15.11.1981;0
Oslo - Blindern;SN18700;16.11.1981;0
Oslo - Blindern;SN18700;17.11.1981;12,6
Oslo - Blindern;SN18700;18.11.1981;19,5
Oslo - Blindern;SN18700;19.11.1981;0,5
Oslo - Blindern;SN18700;20.11.1981;0
Oslo - Blindern;SN18700;21.11.1981;9,9
Oslo - Blindern;SN18700;22.11.1981;0
Oslo - Blindern;SN18700;23.11.1981;6,4
Oslo - Blindern;SN18700;24.11.1981;11,9
Oslo - Blindern;SN18700;25.11.1981;0,4
Oslo - Blindern;SN18700;26.11.1981;0
Oslo - Blindern;SN18700;27.11.1981;3,5
Oslo - Blindern;SN18700;28.11.1981;9,2
Oslo - Blindern;SN18700;29.11.1981;1,5
Oslo - Blindern;SN18700;30.11.1981;3,7
Oslo - Blindern;SN18700;01.12.1981;0
Oslo - Blindern;SN18700;02.12.1981;0
Oslo - Blindern;SN18700;03.12.1981;0,2
Oslo - Blindern;SN18700;04.12.1981;0
Oslo - Blindern;SN18700;05.12.1981;0,2
Oslo - Blindern;SN18700;06.12.1981;0
Oslo - Blindern;SN18700;07.12.1981;0
Oslo - Blindern;SN18700;08.12.1981;0
Oslo - Blindern;SN18700;09.12.1981;0,1
Oslo - Blindern;SN18700;10.12.1981;1,2
Oslo - Blindern;SN18700;11.12.1981;3,4
Oslo - Blindern;SN18700;12.12.1981;0,6
Oslo - Blindern;SN18700;13.12.1981;0
Oslo - Blindern;SN18700;14.12.1981;0
Oslo - Blindern;SN18700;15.12.1981;0
Oslo - Blindern;SN18700;16.12.1981;0
Oslo - Blindern;SN18700;17.12.1981;0
Oslo - Blindern;SN18700;18.12.1981;0,9
Oslo - Blindern;SN18700;19.12.1981;7,2
Oslo - Blindern;SN18700;20.12.1981;0
Oslo - Blindern;SN18700;21.12.1981;0
Oslo - Blindern;SN18700;22.12.1981;0,1
Oslo - Blindern;SN18700;23.12.1981;2,8
Oslo - Blindern;SN18700;24.12.1981;10,3
Oslo - Blindern;SN18700;25.12.1981;4,4
Oslo - Blindern;SN18700;26.12.1981;0
Oslo - Blindern;SN18700;27.12.1981;0
Oslo - Blindern;SN18700;28.12.1981;0,4
Oslo - Blindern;SN18700;29.12.1981;0,3
Oslo - Blindern;SN18700;30.12.1981;1,9
Oslo - Blindern;SN18700;31.12.1981;3
Oslo - Blindern;SN18700;01.01.1982;0
Oslo - Blindern;SN18700;02.01.1982;2,1
Oslo - Blindern;SN18700;03.01.1982;5,7
Oslo - Blindern;SN18700;04.01.1982;1,2
Oslo - Blindern;SN18700;05.01.1982;0
Oslo - Blindern;SN18700;06.01.1982;0
Oslo - Blindern;SN18700;07.01.1982;0
Oslo - Blindern;SN18700;08.01.1982;0
Oslo - Blindern;SN18700;09.01.1982;0
Oslo - Blindern;SN18700;10.01.1982;0
Oslo - Blindern;SN18700;11.01.1982;0
Oslo - Blindern;SN18700;12.01.1982;0
Oslo - Blindern;SN18700;13.01.1982;0
Oslo - Blindern;SN18700;14.01.1982;0
Oslo - Blindern;SN18700;15.01.1982;0
Oslo - Blindern;SN18700;16.01.1982;0,3
Oslo - Blindern;SN18700;17.01.1982;0
Oslo - Blindern;SN18700;18.01.1982;0
Oslo - Blindern;SN18700;19.01.1982;0
Oslo - Blindern;SN18700;20.01.1982;0
Oslo - Blindern;SN18700;21.01.1982;0
Oslo - Blindern;SN18700;22.01.1982;1,3
Oslo - Blindern;SN18700;23.01.1982;2,2
Oslo - Blindern;SN18700;24.01.1982;0,5
Oslo - Blindern;SN18700;25.01.1982;0
Oslo - Blindern;SN18700;26.01.1982;0
Oslo - Blindern;SN18700;27.01.1982;1,1
Oslo - Blindern;SN18700;28.01.1982;0
Oslo - Blindern;SN18700;29.01.1982;8,3
Oslo - Blindern;SN18700;30.01.1982;4
Oslo - Blindern;SN18700;31.01.1982;0
Oslo - Blindern;SN18700;01.02.1982;0
Oslo - Blindern;SN18700;02.02.1982;0
Oslo - Blindern;SN18700;03.02.1982;0
Oslo - Blindern;SN18700;04.02.1982;0
Oslo - Blindern;SN18700;05.02.1982;0
Oslo - Blindern;SN18700;06.02.1982;5,2
Oslo - Blindern;SN18700;07.02.1982;7,7
Oslo - Blindern;SN18700;08.02.1982;0
Oslo - Blindern;SN18700;09.02.1982;3,3
Oslo - Blindern;SN18700;10.02.1982;4,2
Oslo - Blindern;SN18700;11.02.1982;0,9
Oslo - Blindern;SN18700;12.02.1982;4,9
Oslo - Blindern;SN18700;13.02.1982;0,1
Oslo - Blindern;SN18700;14.02.1982;2
Oslo - Blindern;SN18700;15.02.1982;4,2
Oslo - Blindern;SN18700;16.02.1982;0
Oslo - Blindern;SN18700;17.02.1982;0
Oslo - Blindern;SN18700;18.02.1982;0
Oslo - Blindern;SN18700;19.02.1982;0
Oslo - Blindern;SN18700;20.02.1982;0
Oslo - Blindern;SN18700;21.02.1982;0
Oslo - Blindern;SN18700;22.02.1982;0
Oslo - Blindern;SN18700;23.02.1982;0,1
Oslo - Blindern;SN18700;24.02.1982;0
Oslo - Blindern;SN18700;25.02.1982;0
Oslo - Blindern;SN18700;26.02.1982;0
Oslo - Blindern;SN18700;27.02.1982;0,2
Oslo - Blindern;SN18700;28.02.1982;1,5
Oslo - Blindern;SN18700;01.03.1982;6,7
Oslo - Blindern;SN18700;02.03.1982;6,2
Oslo - Blindern;SN18700;03.03.1982;0
Oslo - Blindern;SN18700;04.03.1982;11,2
Oslo - Blindern;SN18700;05.03.1982;0
Oslo - Blindern;SN18700;06.03.1982;0
Oslo - Blindern;SN18700;07.03.1982;0
Oslo - Blindern;SN18700;08.03.1982;0
Oslo - Blindern;SN18700;09.03.1982;0
Oslo - Blindern;SN18700;10.03.1982;0
Oslo - Blindern;SN18700;11.03.1982;5,1
Oslo - Blindern;SN18700;12.03.1982;5,9
Oslo - Blindern;SN18700;13.03.1982;2,5
Oslo - Blindern;SN18700;14.03.1982;1,3
Oslo - Blindern;SN18700;15.03.1982;8,1
Oslo - Blindern;SN18700;16.03.1982;6,3
Oslo - Blindern;SN18700;17.03.1982;3,9
Oslo - Blindern;SN18700;18.03.1982;7,6
Oslo - Blindern;SN18700;19.03.1982;7,6
Oslo - Blindern;SN18700;20.03.1982;3,6
Oslo - Blindern;SN18700;21.03.1982;3,1
Oslo - Blindern;SN18700;22.03.1982;6
Oslo - Blindern;SN18700;23.03.1982;2,5
Oslo - Blindern;SN18700;24.03.1982;1,4
Oslo - Blindern;SN18700;25.03.1982;0
Oslo - Blindern;SN18700;26.03.1982;0
Oslo - Blindern;SN18700;27.03.1982;0
Oslo - Blindern;SN18700;28.03.1982;0
Oslo - Blindern;SN18700;29.03.1982;0
Oslo - Blindern;SN18700;30.03.1982;2,7
Oslo - Blindern;SN18700;31.03.1982;0
Oslo - Blindern;SN18700;01.04.1982;0
Oslo - Blindern;SN18700;02.04.1982;0,5
Oslo - Blindern;SN18700;03.04.1982;0,3
Oslo - Blindern;SN18700;04.04.1982;0
Oslo - Blindern;SN18700;05.04.1982;0
Oslo - Blindern;SN18700;06.04.1982;3,5
Oslo - Blindern;SN18700;07.04.1982;0
Oslo - Blindern;SN18700;08.04.1982;26,3
Oslo - Blindern;SN18700;09.04.1982;0,1
Oslo - Blindern;SN18700;10.04.1982;0
Oslo - Blindern;SN18700;11.04.1982;0
Oslo - Blindern;SN18700;12.04.1982;0,2
Oslo - Blindern;SN18700;13.04.1982;0
Oslo - Blindern;SN18700;14.04.1982;0
Oslo - Blindern;SN18700;15.04.1982;0,1
Oslo - Blindern;SN18700;16.04.1982;0
Oslo - Blindern;SN18700;17.04.1982;0
Oslo - Blindern;SN18700;18.04.1982;0
Oslo - Blindern;SN18700;19.04.1982;0
Oslo - Blindern;SN18700;20.04.1982;0
Oslo - Blindern;SN18700;21.04.1982;0
Oslo - Blindern;SN18700;22.04.1982;0
Oslo - Blindern;SN18700;23.04.1982;0
Oslo - Blindern;SN18700;24.04.1982;7,2
Oslo - Blindern;SN18700;25.04.1982;0
Oslo - Blindern;SN18700;26.04.1982;0
Oslo - Blindern;SN18700;27.04.1982;0
Oslo - Blindern;SN18700;28.04.1982;0
Oslo - Blindern;SN18700;29.04.1982;0
Oslo - Blindern;SN18700;30.04.1982;1,1
Oslo - Blindern;SN18700;01.05.1982;1,1
Oslo - Blindern;SN18700;02.05.1982;0,2
Oslo - Blindern;SN18700;03.05.1982;0
Oslo - Blindern;SN18700;04.05.1982;7
Oslo - Blindern;SN18700;05.05.1982;0,8
Oslo - Blindern;SN18700;06.05.1982;5
Oslo - Blindern;SN18700;07.05.1982;0
Oslo - Blindern;SN18700;08.05.1982;16
Oslo - Blindern;SN18700;09.05.1982;3,5
Oslo - Blindern;SN18700;10.05.1982;2,6
Oslo - Blindern;SN18700;11.05.1982;0
Oslo - Blindern;SN18700;12.05.1982;0
Oslo - Blindern;SN18700;13.05.1982;0
Oslo - Blindern;SN18700;14.05.1982;0
Oslo - Blindern;SN18700;15.05.1982;0
Oslo - Blindern;SN18700;16.05.1982;0
Oslo - Blindern;SN18700;17.05.1982;0
Oslo - Blindern;SN18700;18.05.1982;0
Oslo - Blindern;SN18700;19.05.1982;0
Oslo - Blindern;SN18700;20.05.1982;10
Oslo - Blindern;SN18700;21.05.1982;0,1
Oslo - Blindern;SN18700;22.05.1982;0,1
Oslo - Blindern;SN18700;23.05.1982;4,4
Oslo - Blindern;SN18700;24.05.1982;4,3
Oslo - Blindern;SN18700;25.05.1982;2,2
Oslo - Blindern;SN18700;26.05.1982;2,5
Oslo - Blindern;SN18700;27.05.1982;0
Oslo - Blindern;SN18700;28.05.1982;14,9
Oslo - Blindern;SN18700;29.05.1982;0,2
Oslo - Blindern;SN18700;30.05.1982;0
Oslo - Blindern;SN18700;31.05.1982;0
Oslo - Blindern;SN18700;01.06.1982;0
Oslo - Blindern;SN18700;02.06.1982;0
Oslo - Blindern;SN18700;03.06.1982;0
Oslo - Blindern;SN18700;04.06.1982;0
Oslo - Blindern;SN18700;05.06.1982;0
Oslo - Blindern;SN18700;06.06.1982;4,9
Oslo - Blindern;SN18700;07.06.1982;0
Oslo - Blindern;SN18700;08.06.1982;0
Oslo - Blindern;SN18700;09.06.1982;0
Oslo - Blindern;SN18700;10.06.1982;0
Oslo - Blindern;SN18700;11.06.1982;0
Oslo - Blindern;SN18700;12.06.1982;0,4
Oslo - Blindern;SN18700;13.06.1982;0
Oslo - Blindern;SN18700;14.06.1982;0,6
Oslo - Blindern;SN18700;15.06.1982;0,6
Oslo - Blindern;SN18700;16.06.1982;0
Oslo - Blindern;SN18700;17.06.1982;1,5
Oslo - Blindern;SN18700;18.06.1982;0
Oslo - Blindern;SN18700;19.06.1982;0
Oslo - Blindern;SN18700;20.06.1982;0
Oslo - Blindern;SN18700;21.06.1982;14,3
Oslo - Blindern;SN18700;22.06.1982;0,3
Oslo - Blindern;SN18700;23.06.1982;0
Oslo - Blindern;SN18700;24.06.1982;0
Oslo - Blindern;SN18700;25.06.1982;0
Oslo - Blindern;SN18700;26.06.1982;0
Oslo - Blindern;SN18700;27.06.1982;0
Oslo - Blindern;SN18700;28.06.1982;3,2
Oslo - Blindern;SN18700;29.06.1982;5,1
Oslo - Blindern;SN18700;30.06.1982;1,4
Oslo - Blindern;SN18700;01.07.1982;0,1
Oslo - Blindern;SN18700;02.07.1982;0,4
Oslo - Blindern;SN18700;03.07.1982;1,1
Oslo - Blindern;SN18700;04.07.1982;11,4
Oslo - Blindern;SN18700;05.07.1982;0,5
Oslo - Blindern;SN18700;06.07.1982;0
Oslo - Blindern;SN18700;07.07.1982;0
Oslo - Blindern;SN18700;08.07.1982;0
Oslo - Blindern;SN18700;09.07.1982;0
Oslo - Blindern;SN18700;10.07.1982;0
Oslo - Blindern;SN18700;11.07.1982;0
Oslo - Blindern;SN18700;12.07.1982;0
Oslo - Blindern;SN18700;13.07.1982;0
Oslo - Blindern;SN18700;14.07.1982;0
Oslo - Blindern;SN18700;15.07.1982;0
Oslo - Blindern;SN18700;16.07.1982;16,1
Oslo - Blindern;SN18700;17.07.1982;4,8
Oslo - Blindern;SN18700;18.07.1982;0,3
Oslo - Blindern;SN18700;19.07.1982;0
Oslo - Blindern;SN18700;20.07.1982;0
Oslo - Blindern;SN18700;21.07.1982;0
Oslo - Blindern;SN18700;22.07.1982;0
Oslo - Blindern;SN18700;23.07.1982;0
Oslo - Blindern;SN18700;24.07.1982;0
Oslo - Blindern;SN18700;25.07.1982;0
Oslo - Blindern;SN18700;26.07.1982;0
Oslo - Blindern;SN18700;27.07.1982;0
Oslo - Blindern;SN18700;28.07.1982;0
Oslo - Blindern;SN18700;29.07.1982;0
Oslo - Blindern;SN18700;30.07.1982;0
Oslo - Blindern;SN18700;31.07.1982;0
Oslo - Blindern;SN18700;01.08.1982;0
Oslo - Blindern;SN18700;02.08.1982;0
Oslo - Blindern;SN18700;03.08.1982;0
Oslo - Blindern;SN18700;04.08.1982;0
Oslo - Blindern;SN18700;05.08.1982;0
Oslo - Blindern;SN18700;06.08.1982;0
Oslo - Blindern;SN18700;07.08.1982;0
Oslo - Blindern;SN18700;08.08.1982;0
Oslo - Blindern;SN18700;09.08.1982;0
Oslo - Blindern;SN18700;10.08.1982;0
Oslo - Blindern;SN18700;11.08.1982;0
Oslo - Blindern;SN18700;12.08.1982;0
Oslo - Blindern;SN18700;13.08.1982;8,2
Oslo - Blindern;SN18700;14.08.1982;0
Oslo - Blindern;SN18700;15.08.1982;0
Oslo - Blindern;SN18700;16.08.1982;0
Oslo - Blindern;SN18700;17.08.1982;15,4
Oslo - Blindern;SN18700;18.08.1982;7,5
Oslo - Blindern;SN18700;19.08.1982;6,3
Oslo - Blindern;SN18700;20.08.1982;0,1
Oslo - Blindern;SN18700;21.08.1982;0
Oslo - Blindern;SN18700;22.08.1982;0
Oslo - Blindern;SN18700;23.08.1982;0
Oslo - Blindern;SN18700;24.08.1982;17,9
Oslo - Blindern;SN18700;25.08.1982;1,6
Oslo - Blindern;SN18700;26.08.1982;3,8
Oslo - Blindern;SN18700;27.08.1982;2
Oslo - Blindern;SN18700;28.08.1982;0,5
Oslo - Blindern;SN18700;29.08.1982;0,1
Oslo - Blindern;SN18700;30.08.1982;3,9
Oslo - Blindern;SN18700;31.08.1982;14,7
Oslo - Blindern;SN18700;01.09.1982;4,9
Oslo - Blindern;SN18700;02.09.1982;0,2
Oslo - Blindern;SN18700;03.09.1982;0,1
Oslo - Blindern;SN18700;04.09.1982;3
Oslo - Blindern;SN18700;05.09.1982;0,2
Oslo - Blindern;SN18700;06.09.1982;0
Oslo - Blindern;SN18700;07.09.1982;0
Oslo - Blindern;SN18700;08.09.1982;9,8
Oslo - Blindern;SN18700;09.09.1982;0,2
Oslo - Blindern;SN18700;10.09.1982;0
Oslo - Blindern;SN18700;11.09.1982;3,3
Oslo - Blindern;SN18700;12.09.1982;1,2
Oslo - Blindern;SN18700;13.09.1982;3,1
Oslo - Blindern;SN18700;14.09.1982;0,3
Oslo - Blindern;SN18700;15.09.1982;0
Oslo - Blindern;SN18700;16.09.1982;0
Oslo - Blindern;SN18700;17.09.1982;0
Oslo - Blindern;SN18700;18.09.1982;0
Oslo - Blindern;SN18700;19.09.1982;0
Oslo - Blindern;SN18700;20.09.1982;8,7
Oslo - Blindern;SN18700;21.09.1982;36,3
Oslo - Blindern;SN18700;22.09.1982;11,2
Oslo - Blindern;SN18700;23.09.1982;0,3
Oslo - Blindern;SN18700;24.09.1982;0,1
Oslo - Blindern;SN18700;25.09.1982;11,9
Oslo - Blindern;SN18700;26.09.1982;0,2
Oslo - Blindern;SN18700;27.09.1982;11,5
Oslo - Blindern;SN18700;28.09.1982;0,2
Oslo - Blindern;SN18700;29.09.1982;3
Oslo - Blindern;SN18700;30.09.1982;6,5
Oslo - Blindern;SN18700;01.10.1982;9,7
Oslo - Blindern;SN18700;02.10.1982;0
Oslo - Blindern;SN18700;03.10.1982;1,7
Oslo - Blindern;SN18700;04.10.1982;0
Oslo - Blindern;SN18700;05.10.1982;0
Oslo - Blindern;SN18700;06.10.1982;0,2
Oslo - Blindern;SN18700;07.10.1982;0,1
Oslo - Blindern;SN18700;08.10.1982;0
Oslo - Blindern;SN18700;09.10.1982;0,1
Oslo - Blindern;SN18700;10.10.1982;1,2
Oslo - Blindern;SN18700;11.10.1982;0
Oslo - Blindern;SN18700;12.10.1982;0
Oslo - Blindern;SN18700;13.10.1982;0
Oslo - Blindern;SN18700;14.10.1982;11,2
Oslo - Blindern;SN18700;15.10.1982;9,7
Oslo - Blindern;SN18700;16.10.1982;1,2
Oslo - Blindern;SN18700;17.10.1982;0
Oslo - Blindern;SN18700;18.10.1982;0
Oslo - Blindern;SN18700;19.10.1982;0
Oslo - Blindern;SN18700;20.10.1982;10,9
Oslo - Blindern;SN18700;21.10.1982;1,5
Oslo - Blindern;SN18700;22.10.1982;0
Oslo - Blindern;SN18700;23.10.1982;6,5
Oslo - Blindern;SN18700;24.10.1982;3,2
Oslo - Blindern;SN18700;25.10.1982;0
Oslo - Blindern;SN18700;26.10.1982;9
Oslo - Blindern;SN18700;27.10.1982;3,5
Oslo - Blindern;SN18700;28.10.1982;0
Oslo - Blindern;SN18700;29.10.1982;0
Oslo - Blindern;SN18700;30.10.1982;0
Oslo - Blindern;SN18700;31.10.1982;0,3
Oslo - Blindern;SN18700;01.11.1982;9
Oslo - Blindern;SN18700;02.11.1982;10,6
Oslo - Blindern;SN18700;03.11.1982;0
Oslo - Blindern;SN18700;04.11.1982;0
Oslo - Blindern;SN18700;05.11.1982;0
Oslo - Blindern;SN18700;06.11.1982;0
Oslo - Blindern;SN18700;07.11.1982;0
Oslo - Blindern;SN18700;08.11.1982;0
Oslo - Blindern;SN18700;09.11.1982;3,6
Oslo - Blindern;SN18700;10.11.1982;7,2
Oslo - Blindern;SN18700;11.11.1982;4,3
Oslo - Blindern;SN18700;12.11.1982;0,2
Oslo - Blindern;SN18700;13.11.1982;19,3
Oslo - Blindern;SN18700;14.11.1982;4,9
Oslo - Blindern;SN18700;15.11.1982;0
Oslo - Blindern;SN18700;16.11.1982;0
Oslo - Blindern;SN18700;17.11.1982;4,7
Oslo - Blindern;SN18700;18.11.1982;0
Oslo - Blindern;SN18700;19.11.1982;5,2
Oslo - Blindern;SN18700;20.11.1982;0
Oslo - Blindern;SN18700;21.11.1982;0
Oslo - Blindern;SN18700;22.11.1982;7,2
Oslo - Blindern;SN18700;23.11.1982;0
Oslo - Blindern;SN18700;24.11.1982;4,4
Oslo - Blindern;SN18700;25.11.1982;10
Oslo - Blindern;SN18700;26.11.1982;12,5
Oslo - Blindern;SN18700;27.11.1982;0,6
Oslo - Blindern;SN18700;28.11.1982;16,2
Oslo - Blindern;SN18700;29.11.1982;13,5
Oslo - Blindern;SN18700;30.11.1982;0,1
Oslo - Blindern;SN18700;01.12.1982;0
Oslo - Blindern;SN18700;02.12.1982;0
Oslo - Blindern;SN18700;03.12.1982;0
Oslo - Blindern;SN18700;04.12.1982;0
Oslo - Blindern;SN18700;05.12.1982;0,8
Oslo - Blindern;SN18700;06.12.1982;14,6
Oslo - Blindern;SN18700;07.12.1982;0
Oslo - Blindern;SN18700;08.12.1982;0,1
Oslo - Blindern;SN18700;09.12.1982;3,5
Oslo - Blindern;SN18700;10.12.1982;0,6
Oslo - Blindern;SN18700;11.12.1982;5
Oslo - Blindern;SN18700;12.12.1982;1,2
Oslo - Blindern;SN18700;13.12.1982;0
Oslo - Blindern;SN18700;14.12.1982;0
Oslo - Blindern;SN18700;15.12.1982;8,9
Oslo - Blindern;SN18700;16.12.1982;0,6
Oslo - Blindern;SN18700;17.12.1982;0
Oslo - Blindern;SN18700;18.12.1982;0
Oslo - Blindern;SN18700;19.12.1982;0
Oslo - Blindern;SN18700;20.12.1982;22,6
Oslo - Blindern;SN18700;21.12.1982;15,6
Oslo - Blindern;SN18700;22.12.1982;21,4
Oslo - Blindern;SN18700;23.12.1982;0
Oslo - Blindern;SN18700;24.12.1982;0,4
Oslo - Blindern;SN18700;25.12.1982;9,5
Oslo - Blindern;SN18700;26.12.1982;0
Oslo - Blindern;SN18700;27.12.1982;0
Oslo - Blindern;SN18700;28.12.1982;0
Oslo - Blindern;SN18700;29.12.1982;0
Oslo - Blindern;SN18700;30.12.1982;0
Oslo - Blindern;SN18700;31.12.1982;0,1
Oslo - Blindern;SN18700;01.01.1983;0
Oslo - Blindern;SN18700;02.01.1983;1,7
Oslo - Blindern;SN18700;03.01.1983;0
Oslo - Blindern;SN18700;04.01.1983;3,4
Oslo - Blindern;SN18700;05.01.1983;0,8
Oslo - Blindern;SN18700;06.01.1983;1,6
Oslo - Blindern;SN18700;07.01.1983;0,1
Oslo - Blindern;SN18700;08.01.1983;0
Oslo - Blindern;SN18700;09.01.1983;0
Oslo - Blindern;SN18700;10.01.1983;0
Oslo - Blindern;SN18700;11.01.1983;0
Oslo - Blindern;SN18700;12.01.1983;0
Oslo - Blindern;SN18700;13.01.1983;0
Oslo - Blindern;SN18700;14.01.1983;8,5
Oslo - Blindern;SN18700;15.01.1983;0
Oslo - Blindern;SN18700;16.01.1983;0
Oslo - Blindern;SN18700;17.01.1983;0
Oslo - Blindern;SN18700;18.01.1983;6,4
Oslo - Blindern;SN18700;19.01.1983;1,3
Oslo - Blindern;SN18700;20.01.1983;0
Oslo - Blindern;SN18700;21.01.1983;0,3
Oslo - Blindern;SN18700;22.01.1983;0
Oslo - Blindern;SN18700;23.01.1983;0
Oslo - Blindern;SN18700;24.01.1983;0
Oslo - Blindern;SN18700;25.01.1983;2
Oslo - Blindern;SN18700;26.01.1983;0,3
Oslo - Blindern;SN18700;27.01.1983;0
Oslo - Blindern;SN18700;28.01.1983;0
Oslo - Blindern;SN18700;29.01.1983;0
Oslo - Blindern;SN18700;30.01.1983;0,7
Oslo - Blindern;SN18700;31.01.1983;0
Oslo - Blindern;SN18700;01.02.1983;0
Oslo - Blindern;SN18700;02.02.1983;5,6
Oslo - Blindern;SN18700;03.02.1983;0
Oslo - Blindern;SN18700;04.02.1983;0
Oslo - Blindern;SN18700;05.02.1983;4
Oslo - Blindern;SN18700;06.02.1983;2,9
Oslo - Blindern;SN18700;07.02.1983;0,7
Oslo - Blindern;SN18700;08.02.1983;0
Oslo - Blindern;SN18700;09.02.1983;0
Oslo - Blindern;SN18700;10.02.1983;0
Oslo - Blindern;SN18700;11.02.1983;0
Oslo - Blindern;SN18700;12.02.1983;0
Oslo - Blindern;SN18700;13.02.1983;0
Oslo - Blindern;SN18700;14.02.1983;0
Oslo - Blindern;SN18700;15.02.1983;0
Oslo - Blindern;SN18700;16.02.1983;0
Oslo - Blindern;SN18700;17.02.1983;0
Oslo - Blindern;SN18700;18.02.1983;0
Oslo - Blindern;SN18700;19.02.1983;0
Oslo - Blindern;SN18700;20.02.1983;0
Oslo - Blindern;SN18700;21.02.1983;0
Oslo - Blindern;SN18700;22.02.1983;0
Oslo - Blindern;SN18700;23.02.1983;0
Oslo - Blindern;SN18700;24.02.1983;0
Oslo - Blindern;SN18700;25.02.1983;0
Oslo - Blindern;SN18700;26.02.1983;0
Oslo - Blindern;SN18700;27.02.1983;0
Oslo - Blindern;SN18700;28.02.1983;0,1
Oslo - Blindern;SN18700;01.03.1983;0,5
Oslo - Blindern;SN18700;02.03.1983;0
Oslo - Blindern;SN18700;03.03.1983;0
Oslo - Blindern;SN18700;04.03.1983;0,2
Oslo - Blindern;SN18700;05.03.1983;0,2
Oslo - Blindern;SN18700;06.03.1983;0
Oslo - Blindern;SN18700;07.03.1983;0
Oslo - Blindern;SN18700;08.03.1983;0
Oslo - Blindern;SN18700;09.03.1983;0
Oslo - Blindern;SN18700;10.03.1983;0
Oslo - Blindern;SN18700;11.03.1983;0
Oslo - Blindern;SN18700;12.03.1983;0
Oslo - Blindern;SN18700;13.03.1983;0
Oslo - Blindern;SN18700;14.03.1983;0
Oslo - Blindern;SN18700;15.03.1983;1,5
Oslo - Blindern;SN18700;16.03.1983;0,8
Oslo - Blindern;SN18700;17.03.1983;0,4
Oslo - Blindern;SN18700;18.03.1983;6,5
Oslo - Blindern;SN18700;19.03.1983;0,2
Oslo - Blindern;SN18700;20.03.1983;0
Oslo - Blindern;SN18700;21.03.1983;11,7
Oslo - Blindern;SN18700;22.03.1983;5,8
Oslo - Blindern;SN18700;23.03.1983;2
Oslo - Blindern;SN18700;24.03.1983;0
Oslo - Blindern;SN18700;25.03.1983;0
Oslo - Blindern;SN18700;26.03.1983;0
Oslo - Blindern;SN18700;27.03.1983;0
Oslo - Blindern;SN18700;28.03.1983;0,7
Oslo - Blindern;SN18700;29.03.1983;0,1
Oslo - Blindern;SN18700;30.03.1983;1,2
Oslo - Blindern;SN18700;31.03.1983;3,3
Oslo - Blindern;SN18700;01.04.1983;2,4
Oslo - Blindern;SN18700;02.04.1983;0
Oslo - Blindern;SN18700;03.04.1983;0,2
Oslo - Blindern;SN18700;04.04.1983;3,7
Oslo - Blindern;SN18700;05.04.1983;2
Oslo - Blindern;SN18700;06.04.1983;0,7
Oslo - Blindern;SN18700;07.04.1983;1,2
Oslo - Blindern;SN18700;08.04.1983;1,6
Oslo - Blindern;SN18700;09.04.1983;0,4
Oslo - Blindern;SN18700;10.04.1983;0
Oslo - Blindern;SN18700;11.04.1983;0
Oslo - Blindern;SN18700;12.04.1983;0
Oslo - Blindern;SN18700;13.04.1983;0
Oslo - Blindern;SN18700;14.04.1983;0
Oslo - Blindern;SN18700;15.04.1983;0
Oslo - Blindern;SN18700;16.04.1983;0
Oslo - Blindern;SN18700;17.04.1983;0
Oslo - Blindern;SN18700;18.04.1983;19,6
Oslo - Blindern;SN18700;19.04.1983;2,2
Oslo - Blindern;SN18700;20.04.1983;0,1
Oslo - Blindern;SN18700;21.04.1983;3,9
Oslo - Blindern;SN18700;22.04.1983;0,6
Oslo - Blindern;SN18700;23.04.1983;0,8
Oslo - Blindern;SN18700;24.04.1983;0
Oslo - Blindern;SN18700;25.04.1983;0
Oslo - Blindern;SN18700;26.04.1983;0
Oslo - Blindern;SN18700;27.04.1983;0
Oslo - Blindern;SN18700;28.04.1983;0
Oslo - Blindern;SN18700;29.04.1983;1,1
Oslo - Blindern;SN18700;30.04.1983;6,7
Oslo - Blindern;SN18700;01.05.1983;1,4
Oslo - Blindern;SN18700;02.05.1983;0
Oslo - Blindern;SN18700;03.05.1983;0
Oslo - Blindern;SN18700;04.05.1983;0
Oslo - Blindern;SN18700;05.05.1983;1,8
Oslo - Blindern;SN18700;06.05.1983;0
Oslo - Blindern;SN18700;07.05.1983;0
Oslo - Blindern;SN18700;08.05.1983;0
Oslo - Blindern;SN18700;09.05.1983;0
Oslo - Blindern;SN18700;10.05.1983;5,7
Oslo - Blindern;SN18700;11.05.1983;2,8
Oslo - Blindern;SN18700;12.05.1983;9
Oslo - Blindern;SN18700;13.05.1983;4,3
Oslo - Blindern;SN18700;14.05.1983;0,4
Oslo - Blindern;SN18700;15.05.1983;1,1
Oslo - Blindern;SN18700;16.05.1983;14,7
Oslo - Blindern;SN18700;17.05.1983;4,1
Oslo - Blindern;SN18700;18.05.1983;3,3
Oslo - Blindern;SN18700;19.05.1983;14,7
Oslo - Blindern;SN18700;20.05.1983;0,7
Oslo - Blindern;SN18700;21.05.1983;4
Oslo - Blindern;SN18700;22.05.1983;10,1
Oslo - Blindern;SN18700;23.05.1983;0,9
Oslo - Blindern;SN18700;24.05.1983;0
Oslo - Blindern;SN18700;25.05.1983;0
Oslo - Blindern;SN18700;26.05.1983;0
Oslo - Blindern;SN18700;27.05.1983;1,3
Oslo - Blindern;SN18700;28.05.1983;14
Oslo - Blindern;SN18700;29.05.1983;0,4
Oslo - Blindern;SN18700;30.05.1983;7,8
Oslo - Blindern;SN18700;31.05.1983;0
Oslo - Blindern;SN18700;01.06.1983;0
Oslo - Blindern;SN18700;02.06.1983;1,6
Oslo - Blindern;SN18700;03.06.1983;4,3
Oslo - Blindern;SN18700;04.06.1983;3,2
Oslo - Blindern;SN18700;05.06.1983;6,3
Oslo - Blindern;SN18700;06.06.1983;0
Oslo - Blindern;SN18700;07.06.1983;0
Oslo - Blindern;SN18700;08.06.1983;0
Oslo - Blindern;SN18700;09.06.1983;0,5
Oslo - Blindern;SN18700;10.06.1983;0
Oslo - Blindern;SN18700;11.06.1983;0
Oslo - Blindern;SN18700;12.06.1983;0,2
Oslo - Blindern;SN18700;13.06.1983;0
Oslo - Blindern;SN18700;14.06.1983;0
Oslo - Blindern;SN18700;15.06.1983;1,2
Oslo - Blindern;SN18700;16.06.1983;0,2
Oslo - Blindern;SN18700;17.06.1983;0
Oslo - Blindern;SN18700;18.06.1983;0
Oslo - Blindern;SN18700;19.06.1983;0
Oslo - Blindern;SN18700;20.06.1983;0
Oslo - Blindern;SN18700;21.06.1983;0
Oslo - Blindern;SN18700;22.06.1983;0
Oslo - Blindern;SN18700;23.06.1983;0
Oslo - Blindern;SN18700;24.06.1983;0,1
Oslo - Blindern;SN18700;25.06.1983;0,2
Oslo - Blindern;SN18700;26.06.1983;0
Oslo - Blindern;SN18700;27.06.1983;0,2
Oslo - Blindern;SN18700;28.06.1983;7,2
Oslo - Blindern;SN18700;29.06.1983;0
Oslo - Blindern;SN18700;30.06.1983;1,6
Oslo - Blindern;SN18700;01.07.1983;9,6
Oslo - Blindern;SN18700;02.07.1983;1,5
Oslo - Blindern;SN18700;03.07.1983;11,1
Oslo - Blindern;SN18700;04.07.1983;3,7
Oslo - Blindern;SN18700;05.07.1983;0
Oslo - Blindern;SN18700;06.07.1983;0
Oslo - Blindern;SN18700;07.07.1983;0
Oslo - Blindern;SN18700;08.07.1983;0
Oslo - Blindern;SN18700;09.07.1983;0
Oslo - Blindern;SN18700;10.07.1983;0
Oslo - Blindern;SN18700;11.07.1983;0
Oslo - Blindern;SN18700;12.07.1983;0,2
Oslo - Blindern;SN18700;13.07.1983;3,5
Oslo - Blindern;SN18700;14.07.1983;0
Oslo - Blindern;SN18700;15.07.1983;0
Oslo - Blindern;SN18700;16.07.1983;0
Oslo - Blindern;SN18700;17.07.1983;0
Oslo - Blindern;SN18700;18.07.1983;0,4
Oslo - Blindern;SN18700;19.07.1983;8
Oslo - Blindern;SN18700;20.07.1983;0
Oslo - Blindern;SN18700;21.07.1983;0
Oslo - Blindern;SN18700;22.07.1983;0
Oslo - Blindern;SN18700;23.07.1983;0
Oslo - Blindern;SN18700;24.07.1983;0
Oslo - Blindern;SN18700;25.07.1983;0
Oslo - Blindern;SN18700;26.07.1983;0
Oslo - Blindern;SN18700;27.07.1983;0
Oslo - Blindern;SN18700;28.07.1983;5,1
Oslo - Blindern;SN18700;29.07.1983;0
Oslo - Blindern;SN18700;30.07.1983;0
Oslo - Blindern;SN18700;31.07.1983;0
Oslo - Blindern;SN18700;01.08.1983;0,8
Oslo - Blindern;SN18700;02.08.1983;16,5
Oslo - Blindern;SN18700;03.08.1983;0
Oslo - Blindern;SN18700;04.08.1983;0
Oslo - Blindern;SN18700;05.08.1983;0
Oslo - Blindern;SN18700;06.08.1983;0
Oslo - Blindern;SN18700;07.08.1983;0
Oslo - Blindern;SN18700;08.08.1983;0
Oslo - Blindern;SN18700;09.08.1983;0
Oslo - Blindern;SN18700;10.08.1983;0
Oslo - Blindern;SN18700;11.08.1983;0
Oslo - Blindern;SN18700;12.08.1983;0
Oslo - Blindern;SN18700;13.08.1983;0,8
Oslo - Blindern;SN18700;14.08.1983;0
Oslo - Blindern;SN18700;15.08.1983;0
Oslo - Blindern;SN18700;16.08.1983;1,6
Oslo - Blindern;SN18700;17.08.1983;3,2
Oslo - Blindern;SN18700;18.08.1983;0
Oslo - Blindern;SN18700;19.08.1983;1,3
Oslo - Blindern;SN18700;20.08.1983;0
Oslo - Blindern;SN18700;21.08.1983;0
Oslo - Blindern;SN18700;22.08.1983;0
Oslo - Blindern;SN18700;23.08.1983;0
Oslo - Blindern;SN18700;24.08.1983;0,6
Oslo - Blindern;SN18700;25.08.1983;0
Oslo - Blindern;SN18700;26.08.1983;0
Oslo - Blindern;SN18700;27.08.1983;0
Oslo - Blindern;SN18700;28.08.1983;0
Oslo - Blindern;SN18700;29.08.1983;0
Oslo - Blindern;SN18700;30.08.1983;0
Oslo - Blindern;SN18700;31.08.1983;0
Oslo - Blindern;SN18700;01.09.1983;0
Oslo - Blindern;SN18700;02.09.1983;0
Oslo - Blindern;SN18700;03.09.1983;8,7
Oslo - Blindern;SN18700;04.09.1983;11,3
Oslo - Blindern;SN18700;05.09.1983;4,9
Oslo - Blindern;SN18700;06.09.1983;13,5
Oslo - Blindern;SN18700;07.09.1983;0
Oslo - Blindern;SN18700;08.09.1983;0
Oslo - Blindern;SN18700;09.09.1983;0
Oslo - Blindern;SN18700;10.09.1983;11,4
Oslo - Blindern;SN18700;11.09.1983;34,3
Oslo - Blindern;SN18700;12.09.1983;13,8
Oslo - Blindern;SN18700;13.09.1983;8,5
Oslo - Blindern;SN18700;14.09.1983;5,5
Oslo - Blindern;SN18700;15.09.1983;2,3
Oslo - Blindern;SN18700;16.09.1983;14,4
Oslo - Blindern;SN18700;17.09.1983;23,7
Oslo - Blindern;SN18700;18.09.1983;0
Oslo - Blindern;SN18700;19.09.1983;5,4
Oslo - Blindern;SN18700;20.09.1983;1
Oslo - Blindern;SN18700;21.09.1983;0,9
Oslo - Blindern;SN18700;22.09.1983;0
Oslo - Blindern;SN18700;23.09.1983;0
Oslo - Blindern;SN18700;24.09.1983;3,7
Oslo - Blindern;SN18700;25.09.1983;2
Oslo - Blindern;SN18700;26.09.1983;0
Oslo - Blindern;SN18700;27.09.1983;0
Oslo - Blindern;SN18700;28.09.1983;0
Oslo - Blindern;SN18700;29.09.1983;0
Oslo - Blindern;SN18700;30.09.1983;0
Oslo - Blindern;SN18700;01.10.1983;0
Oslo - Blindern;SN18700;02.10.1983;0
Oslo - Blindern;SN18700;03.10.1983;0
Oslo - Blindern;SN18700;04.10.1983;0
Oslo - Blindern;SN18700;05.10.1983;2,3
Oslo - Blindern;SN18700;06.10.1983;3,6
Oslo - Blindern;SN18700;07.10.1983;0
Oslo - Blindern;SN18700;08.10.1983;7,7
Oslo - Blindern;SN18700;09.10.1983;2
Oslo - Blindern;SN18700;10.10.1983;0,1
Oslo - Blindern;SN18700;11.10.1983;5
Oslo - Blindern;SN18700;12.10.1983;0
Oslo - Blindern;SN18700;13.10.1983;4,5
Oslo - Blindern;SN18700;14.10.1983;6,1
Oslo - Blindern;SN18700;15.10.1983;0,2
Oslo - Blindern;SN18700;16.10.1983;18,6
Oslo - Blindern;SN18700;17.10.1983;33,5
Oslo - Blindern;SN18700;18.10.1983;1
Oslo - Blindern;SN18700;19.10.1983;7,3
Oslo - Blindern;SN18700;20.10.1983;0
Oslo - Blindern;SN18700;21.10.1983;0
Oslo - Blindern;SN18700;22.10.1983;0
Oslo - Blindern;SN18700;23.10.1983;0
Oslo - Blindern;SN18700;24.10.1983;0
Oslo - Blindern;SN18700;25.10.1983;0
Oslo - Blindern;SN18700;26.10.1983;5,4
Oslo - Blindern;SN18700;27.10.1983;0
Oslo - Blindern;SN18700;28.10.1983;0
Oslo - Blindern;SN18700;29.10.1983;0
Oslo - Blindern;SN18700;30.10.1983;0
Oslo - Blindern;SN18700;31.10.1983;0
Oslo - Blindern;SN18700;01.11.1983;0
Oslo - Blindern;SN18700;02.11.1983;0
Oslo - Blindern;SN18700;03.11.1983;0
Oslo - Blindern;SN18700;04.11.1983;2,5
Oslo - Blindern;SN18700;05.11.1983;0
Oslo - Blindern;SN18700;06.11.1983;0
Oslo - Blindern;SN18700;07.11.1983;0
Oslo - Blindern;SN18700;08.11.1983;0
Oslo - Blindern;SN18700;09.11.1983;1,8
Oslo - Blindern;SN18700;10.11.1983;0
Oslo - Blindern;SN18700;11.11.1983;0
Oslo - Blindern;SN18700;12.11.1983;0
Oslo - Blindern;SN18700;13.11.1983;0,7
Oslo - Blindern;SN18700;14.11.1983;0
Oslo - Blindern;SN18700;15.11.1983;0
Oslo - Blindern;SN18700;16.11.1983;0
Oslo - Blindern;SN18700;17.11.1983;0
Oslo - Blindern;SN18700;18.11.1983;0
Oslo - Blindern;SN18700;19.11.1983;0
Oslo - Blindern;SN18700;20.11.1983;0
Oslo - Blindern;SN18700;21.11.1983;0,1
Oslo - Blindern;SN18700;22.11.1983;0
Oslo - Blindern;SN18700;23.11.1983;2,5
Oslo - Blindern;SN18700;24.11.1983;0
Oslo - Blindern;SN18700;25.11.1983;0
Oslo - Blindern;SN18700;26.11.1983;8,1
Oslo - Blindern;SN18700;27.11.1983;0
Oslo - Blindern;SN18700;28.11.1983;0
Oslo - Blindern;SN18700;29.11.1983;0
Oslo - Blindern;SN18700;30.11.1983;2,7
Oslo - Blindern;SN18700;01.12.1983;0
Oslo - Blindern;SN18700;02.12.1983;0,4
Oslo - Blindern;SN18700;03.12.1983;0,1
Oslo - Blindern;SN18700;04.12.1983;0
Oslo - Blindern;SN18700;05.12.1983;6,6
Oslo - Blindern;SN18700;06.12.1983;0
Oslo - Blindern;SN18700;07.12.1983;0
Oslo - Blindern;SN18700;08.12.1983;0,3
Oslo - Blindern;SN18700;09.12.1983;5,1
Oslo - Blindern;SN18700;10.12.1983;0
Oslo - Blindern;SN18700;11.12.1983;0
Oslo - Blindern;SN18700;12.12.1983;0
Oslo - Blindern;SN18700;13.12.1983;0
Oslo - Blindern;SN18700;14.12.1983;1,9
Oslo - Blindern;SN18700;15.12.1983;0,1
Oslo - Blindern;SN18700;16.12.1983;0,4
Oslo - Blindern;SN18700;17.12.1983;0,2
Oslo - Blindern;SN18700;18.12.1983;0
Oslo - Blindern;SN18700;19.12.1983;0
Oslo - Blindern;SN18700;20.12.1983;1,2
Oslo - Blindern;SN18700;21.12.1983;3,5
Oslo - Blindern;SN18700;22.12.1983;12,6
Oslo - Blindern;SN18700;23.12.1983;4,9
Oslo - Blindern;SN18700;24.12.1983;2,4
Oslo - Blindern;SN18700;25.12.1983;0
Oslo - Blindern;SN18700;26.12.1983;5,5
Oslo - Blindern;SN18700;27.12.1983;0
Oslo - Blindern;SN18700;28.12.1983;0
Oslo - Blindern;SN18700;29.12.1983;0
Oslo - Blindern;SN18700;30.12.1983;0
Oslo - Blindern;SN18700;31.12.1983;0
Oslo - Blindern;SN18700;01.01.1984;1,6
Oslo - Blindern;SN18700;02.01.1984;0
Oslo - Blindern;SN18700;03.01.1984;4,9
Oslo - Blindern;SN18700;04.01.1984;0
Oslo - Blindern;SN18700;05.01.1984;0
Oslo - Blindern;SN18700;06.01.1984;3,7
Oslo - Blindern;SN18700;07.01.1984;0
Oslo - Blindern;SN18700;08.01.1984;17,8
Oslo - Blindern;SN18700;09.01.1984;0,1
Oslo - Blindern;SN18700;10.01.1984;0
Oslo - Blindern;SN18700;11.01.1984;2,2
Oslo - Blindern;SN18700;12.01.1984;4,9
Oslo - Blindern;SN18700;13.01.1984;3
Oslo - Blindern;SN18700;14.01.1984;25
Oslo - Blindern;SN18700;15.01.1984;0
Oslo - Blindern;SN18700;16.01.1984;0
Oslo - Blindern;SN18700;17.01.1984;2,5
Oslo - Blindern;SN18700;18.01.1984;3,5
Oslo - Blindern;SN18700;19.01.1984;0
Oslo - Blindern;SN18700;20.01.1984;0
Oslo - Blindern;SN18700;21.01.1984;0
Oslo - Blindern;SN18700;22.01.1984;0
Oslo - Blindern;SN18700;23.01.1984;0,2
Oslo - Blindern;SN18700;24.01.1984;0,3
Oslo - Blindern;SN18700;25.01.1984;0
Oslo - Blindern;SN18700;26.01.1984;0
Oslo - Blindern;SN18700;27.01.1984;0
Oslo - Blindern;SN18700;28.01.1984;1,3
Oslo - Blindern;SN18700;29.01.1984;2,3
Oslo - Blindern;SN18700;30.01.1984;0,9
Oslo - Blindern;SN18700;31.01.1984;4,8
Oslo - Blindern;SN18700;01.02.1984;0,6
Oslo - Blindern;SN18700;02.02.1984;1,4
Oslo - Blindern;SN18700;03.02.1984;0,1
Oslo - Blindern;SN18700;04.02.1984;2,4
Oslo - Blindern;SN18700;05.02.1984;11,1
Oslo - Blindern;SN18700;06.02.1984;0
Oslo - Blindern;SN18700;07.02.1984;1,1
Oslo - Blindern;SN18700;08.02.1984;0
Oslo - Blindern;SN18700;09.02.1984;0
Oslo - Blindern;SN18700;10.02.1984;0,3
Oslo - Blindern;SN18700;11.02.1984;0,4
Oslo - Blindern;SN18700;12.02.1984;0
Oslo - Blindern;SN18700;13.02.1984;0,1
Oslo - Blindern;SN18700;14.02.1984;0
Oslo - Blindern;SN18700;15.02.1984;0
Oslo - Blindern;SN18700;16.02.1984;0
Oslo - Blindern;SN18700;17.02.1984;1,2
Oslo - Blindern;SN18700;18.02.1984;0,6
Oslo - Blindern;SN18700;19.02.1984;0
Oslo - Blindern;SN18700;20.02.1984;0
Oslo - Blindern;SN18700;21.02.1984;0,4
Oslo - Blindern;SN18700;22.02.1984;0,4
Oslo - Blindern;SN18700;23.02.1984;0,1
Oslo - Blindern;SN18700;24.02.1984;0,1
Oslo - Blindern;SN18700;25.02.1984;0
Oslo - Blindern;SN18700;26.02.1984;0
Oslo - Blindern;SN18700;27.02.1984;0
Oslo - Blindern;SN18700;28.02.1984;0
Oslo - Blindern;SN18700;29.02.1984;0
Oslo - Blindern;SN18700;01.03.1984;3,5
Oslo - Blindern;SN18700;02.03.1984;0
Oslo - Blindern;SN18700;03.03.1984;0,1
Oslo - Blindern;SN18700;04.03.1984;0
Oslo - Blindern;SN18700;05.03.1984;0
Oslo - Blindern;SN18700;06.03.1984;0
Oslo - Blindern;SN18700;07.03.1984;0
Oslo - Blindern;SN18700;08.03.1984;0
Oslo - Blindern;SN18700;09.03.1984;0
Oslo - Blindern;SN18700;10.03.1984;3,2
Oslo - Blindern;SN18700;11.03.1984;0,2
Oslo - Blindern;SN18700;12.03.1984;0,1
Oslo - Blindern;SN18700;13.03.1984;0,1
Oslo - Blindern;SN18700;14.03.1984;0
Oslo - Blindern;SN18700;15.03.1984;0
Oslo - Blindern;SN18700;16.03.1984;0
Oslo - Blindern;SN18700;17.03.1984;0
Oslo - Blindern;SN18700;18.03.1984;0
Oslo - Blindern;SN18700;19.03.1984;0
Oslo - Blindern;SN18700;20.03.1984;0
Oslo - Blindern;SN18700;21.03.1984;0
Oslo - Blindern;SN18700;22.03.1984;0
Oslo - Blindern;SN18700;23.03.1984;0,4
Oslo - Blindern;SN18700;24.03.1984;0
Oslo - Blindern;SN18700;25.03.1984;0
Oslo - Blindern;SN18700;26.03.1984;0
Oslo - Blindern;SN18700;27.03.1984;0
Oslo - Blindern;SN18700;28.03.1984;0
Oslo - Blindern;SN18700;29.03.1984;2,6
Oslo - Blindern;SN18700;30.03.1984;9,6
Oslo - Blindern;SN18700;31.03.1984;1,6
Oslo - Blindern;SN18700;01.04.1984;0
Oslo - Blindern;SN18700;02.04.1984;0
Oslo - Blindern;SN18700;03.04.1984;0
Oslo - Blindern;SN18700;04.04.1984;5,1
Oslo - Blindern;SN18700;05.04.1984;2,3
Oslo - Blindern;SN18700;06.04.1984;0,4
Oslo - Blindern;SN18700;07.04.1984;0
Oslo - Blindern;SN18700;08.04.1984;0,3
Oslo - Blindern;SN18700;09.04.1984;5,2
Oslo - Blindern;SN18700;10.04.1984;1,5
Oslo - Blindern;SN18700;11.04.1984;0
Oslo - Blindern;SN18700;12.04.1984;2,2
Oslo - Blindern;SN18700;13.04.1984;0
Oslo - Blindern;SN18700;14.04.1984;0
Oslo - Blindern;SN18700;15.04.1984;0
Oslo - Blindern;SN18700;16.04.1984;8,4
Oslo - Blindern;SN18700;17.04.1984;0,1
Oslo - Blindern;SN18700;18.04.1984;0
Oslo - Blindern;SN18700;19.04.1984;0
Oslo - Blindern;SN18700;20.04.1984;1,6
Oslo - Blindern;SN18700;21.04.1984;0
Oslo - Blindern;SN18700;22.04.1984;0,8
Oslo - Blindern;SN18700;23.04.1984;0
Oslo - Blindern;SN18700;24.04.1984;0
Oslo - Blindern;SN18700;25.04.1984;0
Oslo - Blindern;SN18700;26.04.1984;0
Oslo - Blindern;SN18700;27.04.1984;0
Oslo - Blindern;SN18700;28.04.1984;0
Oslo - Blindern;SN18700;29.04.1984;0
Oslo - Blindern;SN18700;30.04.1984;0
Oslo - Blindern;SN18700;01.05.1984;0
Oslo - Blindern;SN18700;02.05.1984;0
Oslo - Blindern;SN18700;03.05.1984;4,3
Oslo - Blindern;SN18700;04.05.1984;0,3
Oslo - Blindern;SN18700;05.05.1984;0
Oslo - Blindern;SN18700;06.05.1984;0
Oslo - Blindern;SN18700;07.05.1984;0
Oslo - Blindern;SN18700;08.05.1984;0
Oslo - Blindern;SN18700;09.05.1984;0
Oslo - Blindern;SN18700;10.05.1984;0
Oslo - Blindern;SN18700;11.05.1984;0
Oslo - Blindern;SN18700;12.05.1984;0
Oslo - Blindern;SN18700;13.05.1984;0
Oslo - Blindern;SN18700;14.05.1984;0
Oslo - Blindern;SN18700;15.05.1984;0
Oslo - Blindern;SN18700;16.05.1984;18,2
Oslo - Blindern;SN18700;17.05.1984;7,7
Oslo - Blindern;SN18700;18.05.1984;7,7
Oslo - Blindern;SN18700;19.05.1984;1
Oslo - Blindern;SN18700;20.05.1984;4,5
Oslo - Blindern;SN18700;21.05.1984;0,3
Oslo - Blindern;SN18700;22.05.1984;1,6
Oslo - Blindern;SN18700;23.05.1984;0
Oslo - Blindern;SN18700;24.05.1984;0
Oslo - Blindern;SN18700;25.05.1984;0
Oslo - Blindern;SN18700;26.05.1984;2,8
Oslo - Blindern;SN18700;27.05.1984;0,6
Oslo - Blindern;SN18700;28.05.1984;0
Oslo - Blindern;SN18700;29.05.1984;1,1
Oslo - Blindern;SN18700;30.05.1984;0
Oslo - Blindern;SN18700;31.05.1984;0
Oslo - Blindern;SN18700;01.06.1984;0
Oslo - Blindern;SN18700;02.06.1984;13,6
Oslo - Blindern;SN18700;03.06.1984;13,9
Oslo - Blindern;SN18700;04.06.1984;0
Oslo - Blindern;SN18700;05.06.1984;0
Oslo - Blindern;SN18700;06.06.1984;8,4
Oslo - Blindern;SN18700;07.06.1984;0
Oslo - Blindern;SN18700;08.06.1984;0
Oslo - Blindern;SN18700;09.06.1984;0
Oslo - Blindern;SN18700;10.06.1984;0
Oslo - Blindern;SN18700;11.06.1984;0
Oslo - Blindern;SN18700;12.06.1984;0
Oslo - Blindern;SN18700;13.06.1984;5,9
Oslo - Blindern;SN18700;14.06.1984;3,1
Oslo - Blindern;SN18700;15.06.1984;1,4
Oslo - Blindern;SN18700;16.06.1984;1,8
Oslo - Blindern;SN18700;17.06.1984;2,6
Oslo - Blindern;SN18700;18.06.1984;2,3
Oslo - Blindern;SN18700;19.06.1984;0,4
Oslo - Blindern;SN18700;20.06.1984;0
Oslo - Blindern;SN18700;21.06.1984;0
Oslo - Blindern;SN18700;22.06.1984;11,1
Oslo - Blindern;SN18700;23.06.1984;0
Oslo - Blindern;SN18700;24.06.1984;15,6
Oslo - Blindern;SN18700;25.06.1984;4,5
Oslo - Blindern;SN18700;26.06.1984;0,1
Oslo - Blindern;SN18700;27.06.1984;0
Oslo - Blindern;SN18700;28.06.1984;13,6
Oslo - Blindern;SN18700;29.06.1984;5,6
Oslo - Blindern;SN18700;30.06.1984;3,8
Oslo - Blindern;SN18700;01.07.1984;3,3
Oslo - Blindern;SN18700;02.07.1984;5,1
Oslo - Blindern;SN18700;03.07.1984;0
Oslo - Blindern;SN18700;04.07.1984;0
Oslo - Blindern;SN18700;05.07.1984;0
Oslo - Blindern;SN18700;06.07.1984;0
Oslo - Blindern;SN18700;07.07.1984;0
Oslo - Blindern;SN18700;08.07.1984;0
Oslo - Blindern;SN18700;09.07.1984;0
Oslo - Blindern;SN18700;10.07.1984;0
Oslo - Blindern;SN18700;11.07.1984;0
Oslo - Blindern;SN18700;12.07.1984;0
Oslo - Blindern;SN18700;13.07.1984;46,1
Oslo - Blindern;SN18700;14.07.1984;15
Oslo - Blindern;SN18700;15.07.1984;0
Oslo - Blindern;SN18700;16.07.1984;4,7
Oslo - Blindern;SN18700;17.07.1984;0
Oslo - Blindern;SN18700;18.07.1984;2,4
Oslo - Blindern;SN18700;19.07.1984;0
Oslo - Blindern;SN18700;20.07.1984;0
Oslo - Blindern;SN18700;21.07.1984;3,7
Oslo - Blindern;SN18700;22.07.1984;0
Oslo - Blindern;SN18700;23.07.1984;0
Oslo - Blindern;SN18700;24.07.1984;0
Oslo - Blindern;SN18700;25.07.1984;4,4
Oslo - Blindern;SN18700;26.07.1984;1,7
Oslo - Blindern;SN18700;27.07.1984;0
Oslo - Blindern;SN18700;28.07.1984;0
Oslo - Blindern;SN18700;29.07.1984;0
Oslo - Blindern;SN18700;30.07.1984;0
Oslo - Blindern;SN18700;31.07.1984;0
Oslo - Blindern;SN18700;01.08.1984;1
Oslo - Blindern;SN18700;02.08.1984;8,4
Oslo - Blindern;SN18700;03.08.1984;4,8
Oslo - Blindern;SN18700;04.08.1984;11,4
Oslo - Blindern;SN18700;05.08.1984;11,5
Oslo - Blindern;SN18700;06.08.1984;11,6
Oslo - Blindern;SN18700;07.08.1984;8,3
Oslo - Blindern;SN18700;08.08.1984;6,2
Oslo - Blindern;SN18700;09.08.1984;0
Oslo - Blindern;SN18700;10.08.1984;0
Oslo - Blindern;SN18700;11.08.1984;0
Oslo - Blindern;SN18700;12.08.1984;0
Oslo - Blindern;SN18700;13.08.1984;0
Oslo - Blindern;SN18700;14.08.1984;22,5
Oslo - Blindern;SN18700;15.08.1984;6,3
Oslo - Blindern;SN18700;16.08.1984;0,5
Oslo - Blindern;SN18700;17.08.1984;2,5
Oslo - Blindern;SN18700;18.08.1984;0
Oslo - Blindern;SN18700;19.08.1984;0
Oslo - Blindern;SN18700;20.08.1984;0
Oslo - Blindern;SN18700;21.08.1984;0
Oslo - Blindern;SN18700;22.08.1984;0
Oslo - Blindern;SN18700;23.08.1984;0
Oslo - Blindern;SN18700;24.08.1984;0
Oslo - Blindern;SN18700;25.08.1984;0
Oslo - Blindern;SN18700;26.08.1984;0
Oslo - Blindern;SN18700;27.08.1984;0
Oslo - Blindern;SN18700;28.08.1984;0
Oslo - Blindern;SN18700;29.08.1984;0
Oslo - Blindern;SN18700;30.08.1984;0
Oslo - Blindern;SN18700;31.08.1984;0
Oslo - Blindern;SN18700;01.09.1984;0,2
Oslo - Blindern;SN18700;02.09.1984;0
Oslo - Blindern;SN18700;03.09.1984;0
Oslo - Blindern;SN18700;04.09.1984;20,9
Oslo - Blindern;SN18700;05.09.1984;0
Oslo - Blindern;SN18700;06.09.1984;0
Oslo - Blindern;SN18700;07.09.1984;0
Oslo - Blindern;SN18700;08.09.1984;0
Oslo - Blindern;SN18700;09.09.1984;10
Oslo - Blindern;SN18700;10.09.1984;11,6
Oslo - Blindern;SN18700;11.09.1984;3,3
Oslo - Blindern;SN18700;12.09.1984;0
Oslo - Blindern;SN18700;13.09.1984;3
Oslo - Blindern;SN18700;14.09.1984;0
Oslo - Blindern;SN18700;15.09.1984;0
Oslo - Blindern;SN18700;16.09.1984;0
Oslo - Blindern;SN18700;17.09.1984;0
Oslo - Blindern;SN18700;18.09.1984;0,2
Oslo - Blindern;SN18700;19.09.1984;0
Oslo - Blindern;SN18700;20.09.1984;5,1
Oslo - Blindern;SN18700;21.09.1984;0
Oslo - Blindern;SN18700;22.09.1984;14,6
Oslo - Blindern;SN18700;23.09.1984;7,8
Oslo - Blindern;SN18700;24.09.1984;3,1
Oslo - Blindern;SN18700;25.09.1984;13,2
Oslo - Blindern;SN18700;26.09.1984;1
Oslo - Blindern;SN18700;27.09.1984;1,6
Oslo - Blindern;SN18700;28.09.1984;0
Oslo - Blindern;SN18700;29.09.1984;0
Oslo - Blindern;SN18700;30.09.1984;0
Oslo - Blindern;SN18700;01.10.1984;6
Oslo - Blindern;SN18700;02.10.1984;4,6
Oslo - Blindern;SN18700;03.10.1984;37,1
Oslo - Blindern;SN18700;04.10.1984;0
Oslo - Blindern;SN18700;05.10.1984;0
Oslo - Blindern;SN18700;06.10.1984;6,5
Oslo - Blindern;SN18700;07.10.1984;1,8
Oslo - Blindern;SN18700;08.10.1984;2
Oslo - Blindern;SN18700;09.10.1984;8,9
Oslo - Blindern;SN18700;10.10.1984;0
Oslo - Blindern;SN18700;11.10.1984;0,7
Oslo - Blindern;SN18700;12.10.1984;0
Oslo - Blindern;SN18700;13.10.1984;0
Oslo - Blindern;SN18700;14.10.1984;8,1
Oslo - Blindern;SN18700;15.10.1984;0
Oslo - Blindern;SN18700;16.10.1984;0
Oslo - Blindern;SN18700;17.10.1984;0
Oslo - Blindern;SN18700;18.10.1984;0
Oslo - Blindern;SN18700;19.10.1984;16,4
Oslo - Blindern;SN18700;20.10.1984;6,1
Oslo - Blindern;SN18700;21.10.1984;2,1
Oslo - Blindern;SN18700;22.10.1984;0
Oslo - Blindern;SN18700;23.10.1984;0
Oslo - Blindern;SN18700;24.10.1984;0
Oslo - Blindern;SN18700;25.10.1984;0,7
Oslo - Blindern;SN18700;26.10.1984;16,2
Oslo - Blindern;SN18700;27.10.1984;7,3
Oslo - Blindern;SN18700;28.10.1984;0
Oslo - Blindern;SN18700;29.10.1984;1,3
Oslo - Blindern;SN18700;30.10.1984;9,3
Oslo - Blindern;SN18700;31.10.1984;6,5
Oslo - Blindern;SN18700;01.11.1984;0
Oslo - Blindern;SN18700;02.11.1984;0,5
Oslo - Blindern;SN18700;03.11.1984;0,1
Oslo - Blindern;SN18700;04.11.1984;0
Oslo - Blindern;SN18700;05.11.1984;9,7
Oslo - Blindern;SN18700;06.11.1984;0
Oslo - Blindern;SN18700;07.11.1984;0,1
Oslo - Blindern;SN18700;08.11.1984;1,9
Oslo - Blindern;SN18700;09.11.1984;3,8
Oslo - Blindern;SN18700;10.11.1984;4,8
Oslo - Blindern;SN18700;11.11.1984;0,9
Oslo - Blindern;SN18700;12.11.1984;4,8
Oslo - Blindern;SN18700;13.11.1984;0
Oslo - Blindern;SN18700;14.11.1984;0
Oslo - Blindern;SN18700;15.11.1984;0
Oslo - Blindern;SN18700;16.11.1984;0
Oslo - Blindern;SN18700;17.11.1984;0
Oslo - Blindern;SN18700;18.11.1984;0
Oslo - Blindern;SN18700;19.11.1984;0
Oslo - Blindern;SN18700;20.11.1984;0
Oslo - Blindern;SN18700;21.11.1984;0
Oslo - Blindern;SN18700;22.11.1984;0
Oslo - Blindern;SN18700;23.11.1984;5,6
Oslo - Blindern;SN18700;24.11.1984;10,2
Oslo - Blindern;SN18700;25.11.1984;0,4
Oslo - Blindern;SN18700;26.11.1984;0,2
Oslo - Blindern;SN18700;27.11.1984;0
Oslo - Blindern;SN18700;28.11.1984;4,2
Oslo - Blindern;SN18700;29.11.1984;3,7
Oslo - Blindern;SN18700;30.11.1984;0,4
Oslo - Blindern;SN18700;01.12.1984;0,2
Oslo - Blindern;SN18700;02.12.1984;0
Oslo - Blindern;SN18700;03.12.1984;0
Oslo - Blindern;SN18700;04.12.1984;0
Oslo - Blindern;SN18700;05.12.1984;0
Oslo - Blindern;SN18700;06.12.1984;1,9
Oslo - Blindern;SN18700;07.12.1984;22,5
Oslo - Blindern;SN18700;08.12.1984;0,1
Oslo - Blindern;SN18700;09.12.1984;0
Oslo - Blindern;SN18700;10.12.1984;0
Oslo - Blindern;SN18700;11.12.1984;0
Oslo - Blindern;SN18700;12.12.1984;0
Oslo - Blindern;SN18700;13.12.1984;2,6
Oslo - Blindern;SN18700;14.12.1984;3
Oslo - Blindern;SN18700;15.12.1984;0,1
Oslo - Blindern;SN18700;16.12.1984;0
Oslo - Blindern;SN18700;17.12.1984;0,2
Oslo - Blindern;SN18700;18.12.1984;0,5
Oslo - Blindern;SN18700;19.12.1984;11,2
Oslo - Blindern;SN18700;20.12.1984;2,1
Oslo - Blindern;SN18700;21.12.1984;4,9
Oslo - Blindern;SN18700;22.12.1984;0
Oslo - Blindern;SN18700;23.12.1984;2,3
Oslo - Blindern;SN18700;24.12.1984;29
Oslo - Blindern;SN18700;25.12.1984;9,1
Oslo - Blindern;SN18700;26.12.1984;3,3
Oslo - Blindern;SN18700;27.12.1984;2
Oslo - Blindern;SN18700;28.12.1984;0,1
Oslo - Blindern;SN18700;29.12.1984;0
Oslo - Blindern;SN18700;30.12.1984;0
Oslo - Blindern;SN18700;31.12.1984;0
Oslo - Blindern;SN18700;01.01.1985;4
Oslo - Blindern;SN18700;02.01.1985;0
Oslo - Blindern;SN18700;03.01.1985;0
Oslo - Blindern;SN18700;04.01.1985;0
Oslo - Blindern;SN18700;05.01.1985;0
Oslo - Blindern;SN18700;06.01.1985;0,6
Oslo - Blindern;SN18700;07.01.1985;0
Oslo - Blindern;SN18700;08.01.1985;0
Oslo - Blindern;SN18700;09.01.1985;0
Oslo - Blindern;SN18700;10.01.1985;0
Oslo - Blindern;SN18700;11.01.1985;0
Oslo - Blindern;SN18700;12.01.1985;0,8
Oslo - Blindern;SN18700;13.01.1985;0
Oslo - Blindern;SN18700;14.01.1985;0
Oslo - Blindern;SN18700;15.01.1985;0
Oslo - Blindern;SN18700;16.01.1985;0
Oslo - Blindern;SN18700;17.01.1985;0
Oslo - Blindern;SN18700;18.01.1985;0
Oslo - Blindern;SN18700;19.01.1985;0
Oslo - Blindern;SN18700;20.01.1985;2,4
Oslo - Blindern;SN18700;21.01.1985;3,9
Oslo - Blindern;SN18700;22.01.1985;1,5
Oslo - Blindern;SN18700;23.01.1985;11,4
Oslo - Blindern;SN18700;24.01.1985;6,7
Oslo - Blindern;SN18700;25.01.1985;0,2
Oslo - Blindern;SN18700;26.01.1985;0,6
Oslo - Blindern;SN18700;27.01.1985;0
Oslo - Blindern;SN18700;28.01.1985;0
Oslo - Blindern;SN18700;29.01.1985;3,4
Oslo - Blindern;SN18700;30.01.1985;0,1
Oslo - Blindern;SN18700;31.01.1985;4,6
Oslo - Blindern;SN18700;01.02.1985;5,2
Oslo - Blindern;SN18700;02.02.1985;0
Oslo - Blindern;SN18700;03.02.1985;1
Oslo - Blindern;SN18700;04.02.1985;0,6
Oslo - Blindern;SN18700;05.02.1985;9,9
Oslo - Blindern;SN18700;06.02.1985;0
Oslo - Blindern;SN18700;07.02.1985;0
Oslo - Blindern;SN18700;08.02.1985;0
Oslo - Blindern;SN18700;09.02.1985;0
Oslo - Blindern;SN18700;10.02.1985;0
Oslo - Blindern;SN18700;11.02.1985;0
Oslo - Blindern;SN18700;12.02.1985;0
Oslo - Blindern;SN18700;13.02.1985;0
Oslo - Blindern;SN18700;14.02.1985;0
Oslo - Blindern;SN18700;15.02.1985;0
Oslo - Blindern;SN18700;16.02.1985;1,5
Oslo - Blindern;SN18700;17.02.1985;0
Oslo - Blindern;SN18700;18.02.1985;0
Oslo - Blindern;SN18700;19.02.1985;0
Oslo - Blindern;SN18700;20.02.1985;5,3
Oslo - Blindern;SN18700;21.02.1985;0,1
Oslo - Blindern;SN18700;22.02.1985;0
Oslo - Blindern;SN18700;23.02.1985;1
Oslo - Blindern;SN18700;24.02.1985;15,9
Oslo - Blindern;SN18700;25.02.1985;0
Oslo - Blindern;SN18700;26.02.1985;0
Oslo - Blindern;SN18700;27.02.1985;1,8
Oslo - Blindern;SN18700;28.02.1985;0
Oslo - Blindern;SN18700;01.03.1985;5,2
Oslo - Blindern;SN18700;02.03.1985;2,7
Oslo - Blindern;SN18700;03.03.1985;3,1
Oslo - Blindern;SN18700;04.03.1985;4,7
Oslo - Blindern;SN18700;05.03.1985;6,4
Oslo - Blindern;SN18700;06.03.1985;10,6
Oslo - Blindern;SN18700;07.03.1985;0,1
Oslo - Blindern;SN18700;08.03.1985;0
Oslo - Blindern;SN18700;09.03.1985;0
Oslo - Blindern;SN18700;10.03.1985;1,1
Oslo - Blindern;SN18700;11.03.1985;9,1
Oslo - Blindern;SN18700;12.03.1985;0
Oslo - Blindern;SN18700;13.03.1985;0
Oslo - Blindern;SN18700;14.03.1985;0
Oslo - Blindern;SN18700;15.03.1985;0
Oslo - Blindern;SN18700;16.03.1985;0
Oslo - Blindern;SN18700;17.03.1985;0
Oslo - Blindern;SN18700;18.03.1985;0
Oslo - Blindern;SN18700;19.03.1985;0
Oslo - Blindern;SN18700;20.03.1985;0
Oslo - Blindern;SN18700;21.03.1985;0
Oslo - Blindern;SN18700;22.03.1985;4,2
Oslo - Blindern;SN18700;23.03.1985;9,7
Oslo - Blindern;SN18700;24.03.1985;5,7
Oslo - Blindern;SN18700;25.03.1985;8,8
Oslo - Blindern;SN18700;26.03.1985;0,8
Oslo - Blindern;SN18700;27.03.1985;0
Oslo - Blindern;SN18700;28.03.1985;1,6
Oslo - Blindern;SN18700;29.03.1985;0
Oslo - Blindern;SN18700;30.03.1985;0
Oslo - Blindern;SN18700;31.03.1985;0
Oslo - Blindern;SN18700;01.04.1985;0
Oslo - Blindern;SN18700;02.04.1985;4,3
Oslo - Blindern;SN18700;03.04.1985;8
Oslo - Blindern;SN18700;04.04.1985;3,5
Oslo - Blindern;SN18700;05.04.1985;0
Oslo - Blindern;SN18700;06.04.1985;4,9
Oslo - Blindern;SN18700;07.04.1985;4,5
Oslo - Blindern;SN18700;08.04.1985;0,5
Oslo - Blindern;SN18700;09.04.1985;0,1
Oslo - Blindern;SN18700;10.04.1985;0
Oslo - Blindern;SN18700;11.04.1985;0
Oslo - Blindern;SN18700;12.04.1985;0
Oslo - Blindern;SN18700;13.04.1985;0
Oslo - Blindern;SN18700;14.04.1985;2,7
Oslo - Blindern;SN18700;15.04.1985;3,5
Oslo - Blindern;SN18700;16.04.1985;0
Oslo - Blindern;SN18700;17.04.1985;0,4
Oslo - Blindern;SN18700;18.04.1985;1,1
Oslo - Blindern;SN18700;19.04.1985;0
Oslo - Blindern;SN18700;20.04.1985;21,6
Oslo - Blindern;SN18700;21.04.1985;5,9
Oslo - Blindern;SN18700;22.04.1985;0
Oslo - Blindern;SN18700;23.04.1985;0
Oslo - Blindern;SN18700;24.04.1985;0
Oslo - Blindern;SN18700;25.04.1985;0
Oslo - Blindern;SN18700;26.04.1985;0
Oslo - Blindern;SN18700;27.04.1985;3,1
Oslo - Blindern;SN18700;28.04.1985;11,1
Oslo - Blindern;SN18700;29.04.1985;0
Oslo - Blindern;SN18700;30.04.1985;0
Oslo - Blindern;SN18700;01.05.1985;0
Oslo - Blindern;SN18700;02.05.1985;1,1
Oslo - Blindern;SN18700;03.05.1985;6,7
Oslo - Blindern;SN18700;04.05.1985;0,4
Oslo - Blindern;SN18700;05.05.1985;0
Oslo - Blindern;SN18700;06.05.1985;0
Oslo - Blindern;SN18700;07.05.1985;0
Oslo - Blindern;SN18700;08.05.1985;0
Oslo - Blindern;SN18700;09.05.1985;0
Oslo - Blindern;SN18700;10.05.1985;0
Oslo - Blindern;SN18700;11.05.1985;0
Oslo - Blindern;SN18700;12.05.1985;0
Oslo - Blindern;SN18700;13.05.1985;0
Oslo - Blindern;SN18700;14.05.1985;0
Oslo - Blindern;SN18700;15.05.1985;0
Oslo - Blindern;SN18700;16.05.1985;0
Oslo - Blindern;SN18700;17.05.1985;11,9
Oslo - Blindern;SN18700;18.05.1985;0,2
Oslo - Blindern;SN18700;19.05.1985;0
Oslo - Blindern;SN18700;20.05.1985;0
Oslo - Blindern;SN18700;21.05.1985;0
Oslo - Blindern;SN18700;22.05.1985;0
Oslo - Blindern;SN18700;23.05.1985;2,6
Oslo - Blindern;SN18700;24.05.1985;0,1
Oslo - Blindern;SN18700;25.05.1985;3
Oslo - Blindern;SN18700;26.05.1985;3,4
Oslo - Blindern;SN18700;27.05.1985;0
Oslo - Blindern;SN18700;28.05.1985;0
Oslo - Blindern;SN18700;29.05.1985;1,2
Oslo - Blindern;SN18700;30.05.1985;0
Oslo - Blindern;SN18700;31.05.1985;0
Oslo - Blindern;SN18700;01.06.1985;0
Oslo - Blindern;SN18700;02.06.1985;0
Oslo - Blindern;SN18700;03.06.1985;0
Oslo - Blindern;SN18700;04.06.1985;0
Oslo - Blindern;SN18700;05.06.1985;0
Oslo - Blindern;SN18700;06.06.1985;7
Oslo - Blindern;SN18700;07.06.1985;6,5
Oslo - Blindern;SN18700;08.06.1985;4
Oslo - Blindern;SN18700;09.06.1985;2,3
Oslo - Blindern;SN18700;10.06.1985;7,1
Oslo - Blindern;SN18700;11.06.1985;3,5
Oslo - Blindern;SN18700;12.06.1985;0,3
Oslo - Blindern;SN18700;13.06.1985;0
Oslo - Blindern;SN18700;14.06.1985;3,3
Oslo - Blindern;SN18700;15.06.1985;4
Oslo - Blindern;SN18700;16.06.1985;0,1
Oslo - Blindern;SN18700;17.06.1985;0
Oslo - Blindern;SN18700;18.06.1985;0
Oslo - Blindern;SN18700;19.06.1985;0
Oslo - Blindern;SN18700;20.06.1985;4
Oslo - Blindern;SN18700;21.06.1985;4,7
Oslo - Blindern;SN18700;22.06.1985;3,8
Oslo - Blindern;SN18700;23.06.1985;18,1
Oslo - Blindern;SN18700;24.06.1985;2,9
Oslo - Blindern;SN18700;25.06.1985;0
Oslo - Blindern;SN18700;26.06.1985;3
Oslo - Blindern;SN18700;27.06.1985;7,8
Oslo - Blindern;SN18700;28.06.1985;5,3
Oslo - Blindern;SN18700;29.06.1985;0,2
Oslo - Blindern;SN18700;30.06.1985;0,5
Oslo - Blindern;SN18700;01.07.1985;2,2
Oslo - Blindern;SN18700;02.07.1985;1,3
Oslo - Blindern;SN18700;03.07.1985;0,6
Oslo - Blindern;SN18700;04.07.1985;1,1
Oslo - Blindern;SN18700;05.07.1985;0
Oslo - Blindern;SN18700;06.07.1985;0
Oslo - Blindern;SN18700;07.07.1985;0
Oslo - Blindern;SN18700;08.07.1985;0,1
Oslo - Blindern;SN18700;09.07.1985;0
Oslo - Blindern;SN18700;10.07.1985;0
Oslo - Blindern;SN18700;11.07.1985;3,2
Oslo - Blindern;SN18700;12.07.1985;0,1
Oslo - Blindern;SN18700;13.07.1985;3,2
Oslo - Blindern;SN18700;14.07.1985;1,3
Oslo - Blindern;SN18700;15.07.1985;32
Oslo - Blindern;SN18700;16.07.1985;4,6
Oslo - Blindern;SN18700;17.07.1985;9,7
Oslo - Blindern;SN18700;18.07.1985;1,4
Oslo - Blindern;SN18700;19.07.1985;29,6
Oslo - Blindern;SN18700;20.07.1985;9,1
Oslo - Blindern;SN18700;21.07.1985;0
Oslo - Blindern;SN18700;22.07.1985;0,9
Oslo - Blindern;SN18700;23.07.1985;1,8
Oslo - Blindern;SN18700;24.07.1985;9,4
Oslo - Blindern;SN18700;25.07.1985;0
Oslo - Blindern;SN18700;26.07.1985;0
Oslo - Blindern;SN18700;27.07.1985;0
Oslo - Blindern;SN18700;28.07.1985;0
Oslo - Blindern;SN18700;29.07.1985;0
Oslo - Blindern;SN18700;30.07.1985;0
Oslo - Blindern;SN18700;31.07.1985;2,4
Oslo - Blindern;SN18700;01.08.1985;0,4
Oslo - Blindern;SN18700;02.08.1985;0,1
Oslo - Blindern;SN18700;03.08.1985;4,4
Oslo - Blindern;SN18700;04.08.1985;0,2
Oslo - Blindern;SN18700;05.08.1985;0
Oslo - Blindern;SN18700;06.08.1985;21,7
Oslo - Blindern;SN18700;07.08.1985;15,1
Oslo - Blindern;SN18700;08.08.1985;3,6
Oslo - Blindern;SN18700;09.08.1985;0
Oslo - Blindern;SN18700;10.08.1985;0
Oslo - Blindern;SN18700;11.08.1985;5,7
Oslo - Blindern;SN18700;12.08.1985;18,3
Oslo - Blindern;SN18700;13.08.1985;2,3
Oslo - Blindern;SN18700;14.08.1985;2,8
Oslo - Blindern;SN18700;15.08.1985;8,3
Oslo - Blindern;SN18700;16.08.1985;1,3
Oslo - Blindern;SN18700;17.08.1985;0
Oslo - Blindern;SN18700;18.08.1985;0
Oslo - Blindern;SN18700;19.08.1985;0
Oslo - Blindern;SN18700;20.08.1985;7,5
Oslo - Blindern;SN18700;21.08.1985;2
Oslo - Blindern;SN18700;22.08.1985;0,9
Oslo - Blindern;SN18700;23.08.1985;0,5
Oslo - Blindern;SN18700;24.08.1985;0
Oslo - Blindern;SN18700;25.08.1985;34,5
Oslo - Blindern;SN18700;26.08.1985;1,1
Oslo - Blindern;SN18700;27.08.1985;24,4
Oslo - Blindern;SN18700;28.08.1985;0
Oslo - Blindern;SN18700;29.08.1985;0
Oslo - Blindern;SN18700;30.08.1985;0
Oslo - Blindern;SN18700;31.08.1985;5,7
Oslo - Blindern;SN18700;01.09.1985;0
Oslo - Blindern;SN18700;02.09.1985;3
Oslo - Blindern;SN18700;03.09.1985;0
Oslo - Blindern;SN18700;04.09.1985;13,8
Oslo - Blindern;SN18700;05.09.1985;0,3
Oslo - Blindern;SN18700;06.09.1985;41,6
Oslo - Blindern;SN18700;07.09.1985;18,8
Oslo - Blindern;SN18700;08.09.1985;1,1
Oslo - Blindern;SN18700;09.09.1985;1,5
Oslo - Blindern;SN18700;10.09.1985;0
Oslo - Blindern;SN18700;11.09.1985;0
Oslo - Blindern;SN18700;12.09.1985;0
Oslo - Blindern;SN18700;13.09.1985;0,1
Oslo - Blindern;SN18700;14.09.1985;15,3
Oslo - Blindern;SN18700;15.09.1985;0,4
Oslo - Blindern;SN18700;16.09.1985;0
Oslo - Blindern;SN18700;17.09.1985;0
Oslo - Blindern;SN18700;18.09.1985;0
Oslo - Blindern;SN18700;19.09.1985;0,1
Oslo - Blindern;SN18700;20.09.1985;24,8
Oslo - Blindern;SN18700;21.09.1985;0,1
Oslo - Blindern;SN18700;22.09.1985;0
Oslo - Blindern;SN18700;23.09.1985;0
Oslo - Blindern;SN18700;24.09.1985;0
Oslo - Blindern;SN18700;25.09.1985;0
Oslo - Blindern;SN18700;26.09.1985;0
Oslo - Blindern;SN18700;27.09.1985;0,1
Oslo - Blindern;SN18700;28.09.1985;0
Oslo - Blindern;SN18700;29.09.1985;0
Oslo - Blindern;SN18700;30.09.1985;9,8
Oslo - Blindern;SN18700;01.10.1985;1,8
Oslo - Blindern;SN18700;02.10.1985;0
Oslo - Blindern;SN18700;03.10.1985;1,4
Oslo - Blindern;SN18700;04.10.1985;7,6
Oslo - Blindern;SN18700;05.10.1985;0
Oslo - Blindern;SN18700;06.10.1985;0
Oslo - Blindern;SN18700;07.10.1985;6,6
Oslo - Blindern;SN18700;08.10.1985;4,2
Oslo - Blindern;SN18700;09.10.1985;0,8
Oslo - Blindern;SN18700;10.10.1985;7,9
Oslo - Blindern;SN18700;11.10.1985;0,2
Oslo - Blindern;SN18700;12.10.1985;3,5
Oslo - Blindern;SN18700;13.10.1985;0
Oslo - Blindern;SN18700;14.10.1985;0,4
Oslo - Blindern;SN18700;15.10.1985;0
Oslo - Blindern;SN18700;16.10.1985;0
Oslo - Blindern;SN18700;17.10.1985;0
Oslo - Blindern;SN18700;18.10.1985;0,1
Oslo - Blindern;SN18700;19.10.1985;0
Oslo - Blindern;SN18700;20.10.1985;0
Oslo - Blindern;SN18700;21.10.1985;0
Oslo - Blindern;SN18700;22.10.1985;0
Oslo - Blindern;SN18700;23.10.1985;0
Oslo - Blindern;SN18700;24.10.1985;0
Oslo - Blindern;SN18700;25.10.1985;0
Oslo - Blindern;SN18700;26.10.1985;0
Oslo - Blindern;SN18700;27.10.1985;0
Oslo - Blindern;SN18700;28.10.1985;0
Oslo - Blindern;SN18700;29.10.1985;0
Oslo - Blindern;SN18700;30.10.1985;0
Oslo - Blindern;SN18700;31.10.1985;0
Oslo - Blindern;SN18700;01.11.1985;0
Oslo - Blindern;SN18700;02.11.1985;3,9
Oslo - Blindern;SN18700;03.11.1985;0
Oslo - Blindern;SN18700;04.11.1985;0
Oslo - Blindern;SN18700;05.11.1985;0
Oslo - Blindern;SN18700;06.11.1985;13,8
Oslo - Blindern;SN18700;07.11.1985;0,5
Oslo - Blindern;SN18700;08.11.1985;0
Oslo - Blindern;SN18700;09.11.1985;2
Oslo - Blindern;SN18700;10.11.1985;21,9
Oslo - Blindern;SN18700;11.11.1985;0
Oslo - Blindern;SN18700;12.11.1985;0
Oslo - Blindern;SN18700;13.11.1985;0
Oslo - Blindern;SN18700;14.11.1985;0
Oslo - Blindern;SN18700;15.11.1985;0
Oslo - Blindern;SN18700;16.11.1985;0
Oslo - Blindern;SN18700;17.11.1985;0
Oslo - Blindern;SN18700;18.11.1985;0
Oslo - Blindern;SN18700;19.11.1985;0,2
Oslo - Blindern;SN18700;20.11.1985;0
Oslo - Blindern;SN18700;21.11.1985;0
Oslo - Blindern;SN18700;22.11.1985;0
Oslo - Blindern;SN18700;23.11.1985;0
Oslo - Blindern;SN18700;24.11.1985;0
Oslo - Blindern;SN18700;25.11.1985;0
Oslo - Blindern;SN18700;26.11.1985;0
Oslo - Blindern;SN18700;27.11.1985;0,1
Oslo - Blindern;SN18700;28.11.1985;1,9
Oslo - Blindern;SN18700;29.11.1985;1,6
Oslo - Blindern;SN18700;30.11.1985;0
Oslo - Blindern;SN18700;01.12.1985;0
Oslo - Blindern;SN18700;02.12.1985;9,4
Oslo - Blindern;SN18700;03.12.1985;5,4
Oslo - Blindern;SN18700;04.12.1985;10,7
Oslo - Blindern;SN18700;05.12.1985;0
Oslo - Blindern;SN18700;06.12.1985;1
Oslo - Blindern;SN18700;07.12.1985;5,1
Oslo - Blindern;SN18700;08.12.1985;0
Oslo - Blindern;SN18700;09.12.1985;0
Oslo - Blindern;SN18700;10.12.1985;0
Oslo - Blindern;SN18700;11.12.1985;0
Oslo - Blindern;SN18700;12.12.1985;0,2
Oslo - Blindern;SN18700;13.12.1985;2,6
Oslo - Blindern;SN18700;14.12.1985;0
Oslo - Blindern;SN18700;15.12.1985;0,2
Oslo - Blindern;SN18700;16.12.1985;7,3
Oslo - Blindern;SN18700;17.12.1985;7,4
Oslo - Blindern;SN18700;18.12.1985;0,1
Oslo - Blindern;SN18700;19.12.1985;4,3
Oslo - Blindern;SN18700;20.12.1985;0
Oslo - Blindern;SN18700;21.12.1985;3,6
Oslo - Blindern;SN18700;22.12.1985;0,1
Oslo - Blindern;SN18700;23.12.1985;0
Oslo - Blindern;SN18700;24.12.1985;1,2
Oslo - Blindern;SN18700;25.12.1985;15
Oslo - Blindern;SN18700;26.12.1985;0
Oslo - Blindern;SN18700;27.12.1985;0
Oslo - Blindern;SN18700;28.12.1985;0
Oslo - Blindern;SN18700;29.12.1985;0
Oslo - Blindern;SN18700;30.12.1985;0
Oslo - Blindern;SN18700;31.12.1985;0,3
Oslo - Blindern;SN18700;01.01.1986;0
Oslo - Blindern;SN18700;02.01.1986;3,3
Oslo - Blindern;SN18700;03.01.1986;2,7
Oslo - Blindern;SN18700;04.01.1986;1,3
Oslo - Blindern;SN18700;05.01.1986;0,5
Oslo - Blindern;SN18700;06.01.1986;0,7
Oslo - Blindern;SN18700;07.01.1986;0
Oslo - Blindern;SN18700;08.01.1986;0
Oslo - Blindern;SN18700;09.01.1986;0
Oslo - Blindern;SN18700;10.01.1986;0
Oslo - Blindern;SN18700;11.01.1986;12,4
Oslo - Blindern;SN18700;12.01.1986;6,7
Oslo - Blindern;SN18700;13.01.1986;4,2
Oslo - Blindern;SN18700;14.01.1986;3
Oslo - Blindern;SN18700;15.01.1986;1,9
Oslo - Blindern;SN18700;16.01.1986;0
Oslo - Blindern;SN18700;17.01.1986;0
Oslo - Blindern;SN18700;18.01.1986;0,2
Oslo - Blindern;SN18700;19.01.1986;5,6
Oslo - Blindern;SN18700;20.01.1986;0
Oslo - Blindern;SN18700;21.01.1986;4,6
Oslo - Blindern;SN18700;22.01.1986;0,1
Oslo - Blindern;SN18700;23.01.1986;6
Oslo - Blindern;SN18700;24.01.1986;8,1
Oslo - Blindern;SN18700;25.01.1986;0
Oslo - Blindern;SN18700;26.01.1986;0
Oslo - Blindern;SN18700;27.01.1986;0
Oslo - Blindern;SN18700;28.01.1986;0
Oslo - Blindern;SN18700;29.01.1986;2,8
Oslo - Blindern;SN18700;30.01.1986;1,4
Oslo - Blindern;SN18700;31.01.1986;0
Oslo - Blindern;SN18700;01.02.1986;0,2
Oslo - Blindern;SN18700;02.02.1986;0,6
Oslo - Blindern;SN18700;03.02.1986;0,1
Oslo - Blindern;SN18700;04.02.1986;0
Oslo - Blindern;SN18700;05.02.1986;0
Oslo - Blindern;SN18700;06.02.1986;0
Oslo - Blindern;SN18700;07.02.1986;0
Oslo - Blindern;SN18700;08.02.1986;0
Oslo - Blindern;SN18700;09.02.1986;0
Oslo - Blindern;SN18700;10.02.1986;0
Oslo - Blindern;SN18700;11.02.1986;0
Oslo - Blindern;SN18700;12.02.1986;0
Oslo - Blindern;SN18700;13.02.1986;0
Oslo - Blindern;SN18700;14.02.1986;0
Oslo - Blindern;SN18700;15.02.1986;0
Oslo - Blindern;SN18700;16.02.1986;0
Oslo - Blindern;SN18700;17.02.1986;0
Oslo - Blindern;SN18700;18.02.1986;0
Oslo - Blindern;SN18700;19.02.1986;0
Oslo - Blindern;SN18700;20.02.1986;0
Oslo - Blindern;SN18700;21.02.1986;0
Oslo - Blindern;SN18700;22.02.1986;0
Oslo - Blindern;SN18700;23.02.1986;0
Oslo - Blindern;SN18700;24.02.1986;0,1
Oslo - Blindern;SN18700;25.02.1986;0
Oslo - Blindern;SN18700;26.02.1986;0
Oslo - Blindern;SN18700;27.02.1986;0
Oslo - Blindern;SN18700;28.02.1986;0
Oslo - Blindern;SN18700;01.03.1986;0
Oslo - Blindern;SN18700;02.03.1986;0
Oslo - Blindern;SN18700;03.03.1986;0
Oslo - Blindern;SN18700;04.03.1986;0
Oslo - Blindern;SN18700;05.03.1986;12,5
Oslo - Blindern;SN18700;06.03.1986;0,8
Oslo - Blindern;SN18700;07.03.1986;0
Oslo - Blindern;SN18700;08.03.1986;0
Oslo - Blindern;SN18700;09.03.1986;0
Oslo - Blindern;SN18700;10.03.1986;0
Oslo - Blindern;SN18700;11.03.1986;0,5
Oslo - Blindern;SN18700;12.03.1986;0
Oslo - Blindern;SN18700;13.03.1986;0
Oslo - Blindern;SN18700;14.03.1986;1,3
Oslo - Blindern;SN18700;15.03.1986;0,6
Oslo - Blindern;SN18700;16.03.1986;0,8
Oslo - Blindern;SN18700;17.03.1986;0,8
Oslo - Blindern;SN18700;18.03.1986;3,3
Oslo - Blindern;SN18700;19.03.1986;1,6
Oslo - Blindern;SN18700;20.03.1986;0
Oslo - Blindern;SN18700;21.03.1986;2,8
Oslo - Blindern;SN18700;22.03.1986;0,1
Oslo - Blindern;SN18700;23.03.1986;14,9
Oslo - Blindern;SN18700;24.03.1986;0
Oslo - Blindern;SN18700;25.03.1986;1,2
Oslo - Blindern;SN18700;26.03.1986;3,2
Oslo - Blindern;SN18700;27.03.1986;0
Oslo - Blindern;SN18700;28.03.1986;2,3
Oslo - Blindern;SN18700;29.03.1986;0
Oslo - Blindern;SN18700;30.03.1986;4
Oslo - Blindern;SN18700;31.03.1986;1,9
Oslo - Blindern;SN18700;01.04.1986;1,7
Oslo - Blindern;SN18700;02.04.1986;1,9
Oslo - Blindern;SN18700;03.04.1986;0
Oslo - Blindern;SN18700;04.04.1986;0
Oslo - Blindern;SN18700;05.04.1986;0
Oslo - Blindern;SN18700;06.04.1986;0
Oslo - Blindern;SN18700;07.04.1986;0
Oslo - Blindern;SN18700;08.04.1986;0
Oslo - Blindern;SN18700;09.04.1986;0
Oslo - Blindern;SN18700;10.04.1986;0
Oslo - Blindern;SN18700;11.04.1986;0
Oslo - Blindern;SN18700;12.04.1986;0
Oslo - Blindern;SN18700;13.04.1986;0,1
Oslo - Blindern;SN18700;14.04.1986;0
Oslo - Blindern;SN18700;15.04.1986;0
Oslo - Blindern;SN18700;16.04.1986;0
Oslo - Blindern;SN18700;17.04.1986;6,1
Oslo - Blindern;SN18700;18.04.1986;0,1
Oslo - Blindern;SN18700;19.04.1986;0
Oslo - Blindern;SN18700;20.04.1986;0
Oslo - Blindern;SN18700;21.04.1986;3,2
Oslo - Blindern;SN18700;22.04.1986;2,2
Oslo - Blindern;SN18700;23.04.1986;4,3
Oslo - Blindern;SN18700;24.04.1986;1,6
Oslo - Blindern;SN18700;25.04.1986;0,1
Oslo - Blindern;SN18700;26.04.1986;0
Oslo - Blindern;SN18700;27.04.1986;0
Oslo - Blindern;SN18700;28.04.1986;0
Oslo - Blindern;SN18700;29.04.1986;0,1
Oslo - Blindern;SN18700;30.04.1986;0
Oslo - Blindern;SN18700;01.05.1986;1,7
Oslo - Blindern;SN18700;02.05.1986;0
Oslo - Blindern;SN18700;03.05.1986;0
Oslo - Blindern;SN18700;04.05.1986;0
Oslo - Blindern;SN18700;05.05.1986;0
Oslo - Blindern;SN18700;06.05.1986;0
Oslo - Blindern;SN18700;07.05.1986;0
Oslo - Blindern;SN18700;08.05.1986;0,1
Oslo - Blindern;SN18700;09.05.1986;10,3
Oslo - Blindern;SN18700;10.05.1986;0
Oslo - Blindern;SN18700;11.05.1986;16,5
Oslo - Blindern;SN18700;12.05.1986;3,5
Oslo - Blindern;SN18700;13.05.1986;2,1
Oslo - Blindern;SN18700;14.05.1986;0
Oslo - Blindern;SN18700;15.05.1986;0,1
Oslo - Blindern;SN18700;16.05.1986;6,5
Oslo - Blindern;SN18700;17.05.1986;3,2
Oslo - Blindern;SN18700;18.05.1986;0
Oslo - Blindern;SN18700;19.05.1986;0,7
Oslo - Blindern;SN18700;20.05.1986;0
Oslo - Blindern;SN18700;21.05.1986;0
Oslo - Blindern;SN18700;22.05.1986;16
Oslo - Blindern;SN18700;23.05.1986;0,2
Oslo - Blindern;SN18700;24.05.1986;0,1
Oslo - Blindern;SN18700;25.05.1986;0
Oslo - Blindern;SN18700;26.05.1986;1,3
Oslo - Blindern;SN18700;27.05.1986;0,9
Oslo - Blindern;SN18700;28.05.1986;1,8
Oslo - Blindern;SN18700;29.05.1986;0
Oslo - Blindern;SN18700;30.05.1986;0
Oslo - Blindern;SN18700;31.05.1986;0
Oslo - Blindern;SN18700;01.06.1986;0
Oslo - Blindern;SN18700;02.06.1986;0
Oslo - Blindern;SN18700;03.06.1986;0
Oslo - Blindern;SN18700;04.06.1986;0,1
Oslo - Blindern;SN18700;05.06.1986;6,7
Oslo - Blindern;SN18700;06.06.1986;0
Oslo - Blindern;SN18700;07.06.1986;3
Oslo - Blindern;SN18700;08.06.1986;11,3
Oslo - Blindern;SN18700;09.06.1986;6,3
Oslo - Blindern;SN18700;10.06.1986;1,3
Oslo - Blindern;SN18700;11.06.1986;0
Oslo - Blindern;SN18700;12.06.1986;0,4
Oslo - Blindern;SN18700;13.06.1986;0
Oslo - Blindern;SN18700;14.06.1986;0
Oslo - Blindern;SN18700;15.06.1986;0
Oslo - Blindern;SN18700;16.06.1986;0
Oslo - Blindern;SN18700;17.06.1986;0
Oslo - Blindern;SN18700;18.06.1986;0
Oslo - Blindern;SN18700;19.06.1986;0,6
Oslo - Blindern;SN18700;20.06.1986;0,8
Oslo - Blindern;SN18700;21.06.1986;0
Oslo - Blindern;SN18700;22.06.1986;0
Oslo - Blindern;SN18700;23.06.1986;0
Oslo - Blindern;SN18700;24.06.1986;0
Oslo - Blindern;SN18700;25.06.1986;0
Oslo - Blindern;SN18700;26.06.1986;0
Oslo - Blindern;SN18700;27.06.1986;0
Oslo - Blindern;SN18700;28.06.1986;2,6
Oslo - Blindern;SN18700;29.06.1986;0
Oslo - Blindern;SN18700;30.06.1986;0
Oslo - Blindern;SN18700;01.07.1986;0
Oslo - Blindern;SN18700;02.07.1986;0
Oslo - Blindern;SN18700;03.07.1986;0
Oslo - Blindern;SN18700;04.07.1986;0
Oslo - Blindern;SN18700;05.07.1986;0
Oslo - Blindern;SN18700;06.07.1986;0,3
Oslo - Blindern;SN18700;07.07.1986;2
Oslo - Blindern;SN18700;08.07.1986;1
Oslo - Blindern;SN18700;09.07.1986;6,9
Oslo - Blindern;SN18700;10.07.1986;0
Oslo - Blindern;SN18700;11.07.1986;3,9
Oslo - Blindern;SN18700;12.07.1986;0,6
Oslo - Blindern;SN18700;13.07.1986;0,1
Oslo - Blindern;SN18700;14.07.1986;0
Oslo - Blindern;SN18700;15.07.1986;0
Oslo - Blindern;SN18700;16.07.1986;0
Oslo - Blindern;SN18700;17.07.1986;0,1
Oslo - Blindern;SN18700;18.07.1986;1,2
Oslo - Blindern;SN18700;19.07.1986;0
Oslo - Blindern;SN18700;20.07.1986;0
Oslo - Blindern;SN18700;21.07.1986;0
Oslo - Blindern;SN18700;22.07.1986;0
Oslo - Blindern;SN18700;23.07.1986;0
Oslo - Blindern;SN18700;24.07.1986;0
Oslo - Blindern;SN18700;25.07.1986;0
Oslo - Blindern;SN18700;26.07.1986;0
Oslo - Blindern;SN18700;27.07.1986;0
Oslo - Blindern;SN18700;28.07.1986;0
Oslo - Blindern;SN18700;29.07.1986;0
Oslo - Blindern;SN18700;30.07.1986;41,7
Oslo - Blindern;SN18700;31.07.1986;0,2
Oslo - Blindern;SN18700;01.08.1986;9,8
Oslo - Blindern;SN18700;02.08.1986;14,4
Oslo - Blindern;SN18700;03.08.1986;0,4
Oslo - Blindern;SN18700;04.08.1986;4,1
Oslo - Blindern;SN18700;05.08.1986;7,1
Oslo - Blindern;SN18700;06.08.1986;0,7
Oslo - Blindern;SN18700;07.08.1986;0
Oslo - Blindern;SN18700;08.08.1986;12,8
Oslo - Blindern;SN18700;09.08.1986;4,2
Oslo - Blindern;SN18700;10.08.1986;0,3
Oslo - Blindern;SN18700;11.08.1986;0,7
Oslo - Blindern;SN18700;12.08.1986;0
Oslo - Blindern;SN18700;13.08.1986;1,2
Oslo - Blindern;SN18700;14.08.1986;0
Oslo - Blindern;SN18700;15.08.1986;0,7
Oslo - Blindern;SN18700;16.08.1986;5,8
Oslo - Blindern;SN18700;17.08.1986;12,6
Oslo - Blindern;SN18700;18.08.1986;0,1
Oslo - Blindern;SN18700;19.08.1986;0
Oslo - Blindern;SN18700;20.08.1986;8,4
Oslo - Blindern;SN18700;21.08.1986;0
Oslo - Blindern;SN18700;22.08.1986;11,9
Oslo - Blindern;SN18700;23.08.1986;0,5
Oslo - Blindern;SN18700;24.08.1986;0
Oslo - Blindern;SN18700;25.08.1986;0,4
Oslo - Blindern;SN18700;26.08.1986;0,3
Oslo - Blindern;SN18700;27.08.1986;0
Oslo - Blindern;SN18700;28.08.1986;15,4
Oslo - Blindern;SN18700;29.08.1986;10,9
Oslo - Blindern;SN18700;30.08.1986;2,7
Oslo - Blindern;SN18700;31.08.1986;0,1
Oslo - Blindern;SN18700;01.09.1986;0
Oslo - Blindern;SN18700;02.09.1986;0
Oslo - Blindern;SN18700;03.09.1986;3
Oslo - Blindern;SN18700;04.09.1986;0
Oslo - Blindern;SN18700;05.09.1986;1,2
Oslo - Blindern;SN18700;06.09.1986;0
Oslo - Blindern;SN18700;07.09.1986;0,2
Oslo - Blindern;SN18700;08.09.1986;0
Oslo - Blindern;SN18700;09.09.1986;0
Oslo - Blindern;SN18700;10.09.1986;6,7
Oslo - Blindern;SN18700;11.09.1986;3,1
Oslo - Blindern;SN18700;12.09.1986;1,5
Oslo - Blindern;SN18700;13.09.1986;0
Oslo - Blindern;SN18700;14.09.1986;0
Oslo - Blindern;SN18700;15.09.1986;4,9
Oslo - Blindern;SN18700;16.09.1986;0,2
Oslo - Blindern;SN18700;17.09.1986;0
Oslo - Blindern;SN18700;18.09.1986;0,1
Oslo - Blindern;SN18700;19.09.1986;0
Oslo - Blindern;SN18700;20.09.1986;1,9
Oslo - Blindern;SN18700;21.09.1986;0
Oslo - Blindern;SN18700;22.09.1986;0
Oslo - Blindern;SN18700;23.09.1986;0
Oslo - Blindern;SN18700;24.09.1986;0
Oslo - Blindern;SN18700;25.09.1986;0
Oslo - Blindern;SN18700;26.09.1986;0
Oslo - Blindern;SN18700;27.09.1986;0
Oslo - Blindern;SN18700;28.09.1986;1,5
Oslo - Blindern;SN18700;29.09.1986;3
Oslo - Blindern;SN18700;30.09.1986;0,8
Oslo - Blindern;SN18700;01.10.1986;0,5
Oslo - Blindern;SN18700;02.10.1986;0,3
Oslo - Blindern;SN18700;03.10.1986;0
Oslo - Blindern;SN18700;04.10.1986;0
Oslo - Blindern;SN18700;05.10.1986;0
Oslo - Blindern;SN18700;06.10.1986;6
Oslo - Blindern;SN18700;07.10.1986;0,1
Oslo - Blindern;SN18700;08.10.1986;0
Oslo - Blindern;SN18700;09.10.1986;0
Oslo - Blindern;SN18700;10.10.1986;0,7
Oslo - Blindern;SN18700;11.10.1986;4,1
Oslo - Blindern;SN18700;12.10.1986;0,1
Oslo - Blindern;SN18700;13.10.1986;0,1
Oslo - Blindern;SN18700;14.10.1986;0,1
Oslo - Blindern;SN18700;15.10.1986;2,5
Oslo - Blindern;SN18700;16.10.1986;0,8
Oslo - Blindern;SN18700;17.10.1986;0
Oslo - Blindern;SN18700;18.10.1986;0
Oslo - Blindern;SN18700;19.10.1986;4,7
Oslo - Blindern;SN18700;20.10.1986;8,3
Oslo - Blindern;SN18700;21.10.1986;3,8
Oslo - Blindern;SN18700;22.10.1986;0,2
Oslo - Blindern;SN18700;23.10.1986;1,5
Oslo - Blindern;SN18700;24.10.1986;0,1
Oslo - Blindern;SN18700;25.10.1986;0,1
Oslo - Blindern;SN18700;26.10.1986;6,7
Oslo - Blindern;SN18700;27.10.1986;0,2
Oslo - Blindern;SN18700;28.10.1986;6,7
Oslo - Blindern;SN18700;29.10.1986;16,2
Oslo - Blindern;SN18700;30.10.1986;0,1
Oslo - Blindern;SN18700;31.10.1986;7,8
Oslo - Blindern;SN18700;01.11.1986;0
Oslo - Blindern;SN18700;02.11.1986;0
Oslo - Blindern;SN18700;03.11.1986;0
Oslo - Blindern;SN18700;04.11.1986;0,1
Oslo - Blindern;SN18700;05.11.1986;0,5
Oslo - Blindern;SN18700;06.11.1986;12,3
Oslo - Blindern;SN18700;07.11.1986;0
Oslo - Blindern;SN18700;08.11.1986;4,5
Oslo - Blindern;SN18700;09.11.1986;4,6
Oslo - Blindern;SN18700;10.11.1986;2,3
Oslo - Blindern;SN18700;11.11.1986;1,1
Oslo - Blindern;SN18700;12.11.1986;2,8
Oslo - Blindern;SN18700;13.11.1986;0,1
Oslo - Blindern;SN18700;14.11.1986;1,1
Oslo - Blindern;SN18700;15.11.1986;0,7
Oslo - Blindern;SN18700;16.11.1986;7,8
Oslo - Blindern;SN18700;17.11.1986;1,5
Oslo - Blindern;SN18700;18.11.1986;2
Oslo - Blindern;SN18700;19.11.1986;7,5
Oslo - Blindern;SN18700;20.11.1986;0,3
Oslo - Blindern;SN18700;21.11.1986;0,3
Oslo - Blindern;SN18700;22.11.1986;1
Oslo - Blindern;SN18700;23.11.1986;4,8
Oslo - Blindern;SN18700;24.11.1986;11,5
Oslo - Blindern;SN18700;25.11.1986;5
Oslo - Blindern;SN18700;26.11.1986;0,2
Oslo - Blindern;SN18700;27.11.1986;2,7
Oslo - Blindern;SN18700;28.11.1986;0,7
Oslo - Blindern;SN18700;29.11.1986;0
Oslo - Blindern;SN18700;30.11.1986;0
Oslo - Blindern;SN18700;01.12.1986;0,1
Oslo - Blindern;SN18700;02.12.1986;0,8
Oslo - Blindern;SN18700;03.12.1986;9
Oslo - Blindern;SN18700;04.12.1986;0,2
Oslo - Blindern;SN18700;05.12.1986;0
Oslo - Blindern;SN18700;06.12.1986;7
Oslo - Blindern;SN18700;07.12.1986;0
Oslo - Blindern;SN18700;08.12.1986;5
Oslo - Blindern;SN18700;09.12.1986;13,8
Oslo - Blindern;SN18700;10.12.1986;3,5
Oslo - Blindern;SN18700;11.12.1986;0,1
Oslo - Blindern;SN18700;12.12.1986;1,4
Oslo - Blindern;SN18700;13.12.1986;2,8
Oslo - Blindern;SN18700;14.12.1986;2,7
Oslo - Blindern;SN18700;15.12.1986;6,8
Oslo - Blindern;SN18700;16.12.1986;3,4
Oslo - Blindern;SN18700;17.12.1986;3,2
Oslo - Blindern;SN18700;18.12.1986;0,9
Oslo - Blindern;SN18700;19.12.1986;9,6
Oslo - Blindern;SN18700;20.12.1986;1,1
Oslo - Blindern;SN18700;21.12.1986;0
Oslo - Blindern;SN18700;22.12.1986;0
Oslo - Blindern;SN18700;23.12.1986;0
Oslo - Blindern;SN18700;24.12.1986;0
Oslo - Blindern;SN18700;25.12.1986;1,2
Oslo - Blindern;SN18700;26.12.1986;24,9
Oslo - Blindern;SN18700;27.12.1986;0,6
Oslo - Blindern;SN18700;28.12.1986;3,7
Oslo - Blindern;SN18700;29.12.1986;10,5
Oslo - Blindern;SN18700;30.12.1986;0
Oslo - Blindern;SN18700;31.12.1986;0
Oslo - Blindern;SN18700;01.01.1987;0
Oslo - Blindern;SN18700;02.01.1987;0
Oslo - Blindern;SN18700;03.01.1987;0
Oslo - Blindern;SN18700;04.01.1987;0,1
Oslo - Blindern;SN18700;05.01.1987;6,1
Oslo - Blindern;SN18700;06.01.1987;3,7
Oslo - Blindern;SN18700;07.01.1987;1,8
Oslo - Blindern;SN18700;08.01.1987;1
Oslo - Blindern;SN18700;09.01.1987;0,2
Oslo - Blindern;SN18700;10.01.1987;0
Oslo - Blindern;SN18700;11.01.1987;0
Oslo - Blindern;SN18700;12.01.1987;0
Oslo - Blindern;SN18700;13.01.1987;0
Oslo - Blindern;SN18700;14.01.1987;0
Oslo - Blindern;SN18700;15.01.1987;0
Oslo - Blindern;SN18700;16.01.1987;0
Oslo - Blindern;SN18700;17.01.1987;0
Oslo - Blindern;SN18700;18.01.1987;0
Oslo - Blindern;SN18700;19.01.1987;0,2
Oslo - Blindern;SN18700;20.01.1987;0,3
Oslo - Blindern;SN18700;21.01.1987;2,6
Oslo - Blindern;SN18700;22.01.1987;0
Oslo - Blindern;SN18700;23.01.1987;0
Oslo - Blindern;SN18700;24.01.1987;0,2
Oslo - Blindern;SN18700;25.01.1987;0
Oslo - Blindern;SN18700;26.01.1987;0
Oslo - Blindern;SN18700;27.01.1987;0
Oslo - Blindern;SN18700;28.01.1987;0
Oslo - Blindern;SN18700;29.01.1987;0,1
Oslo - Blindern;SN18700;30.01.1987;1
Oslo - Blindern;SN18700;31.01.1987;0
Oslo - Blindern;SN18700;01.02.1987;0
Oslo - Blindern;SN18700;02.02.1987;0
Oslo - Blindern;SN18700;03.02.1987;0,1
Oslo - Blindern;SN18700;04.02.1987;0
Oslo - Blindern;SN18700;05.02.1987;0
Oslo - Blindern;SN18700;06.02.1987;0
Oslo - Blindern;SN18700;07.02.1987;1
Oslo - Blindern;SN18700;08.02.1987;0
Oslo - Blindern;SN18700;09.02.1987;0
Oslo - Blindern;SN18700;10.02.1987;0
Oslo - Blindern;SN18700;11.02.1987;8,9
Oslo - Blindern;SN18700;12.02.1987;1,8
Oslo - Blindern;SN18700;13.02.1987;1,4
Oslo - Blindern;SN18700;14.02.1987;10,1
Oslo - Blindern;SN18700;15.02.1987;0
Oslo - Blindern;SN18700;16.02.1987;0
Oslo - Blindern;SN18700;17.02.1987;0
Oslo - Blindern;SN18700;18.02.1987;0
Oslo - Blindern;SN18700;19.02.1987;0
Oslo - Blindern;SN18700;20.02.1987;0
Oslo - Blindern;SN18700;21.02.1987;0
Oslo - Blindern;SN18700;22.02.1987;0
Oslo - Blindern;SN18700;23.02.1987;0
Oslo - Blindern;SN18700;24.02.1987;0
Oslo - Blindern;SN18700;25.02.1987;0,2
Oslo - Blindern;SN18700;26.02.1987;0,1
Oslo - Blindern;SN18700;27.02.1987;0
Oslo - Blindern;SN18700;28.02.1987;0
Oslo - Blindern;SN18700;01.03.1987;0
Oslo - Blindern;SN18700;02.03.1987;0
Oslo - Blindern;SN18700;03.03.1987;0
Oslo - Blindern;SN18700;04.03.1987;0
Oslo - Blindern;SN18700;05.03.1987;0
Oslo - Blindern;SN18700;06.03.1987;0
Oslo - Blindern;SN18700;07.03.1987;0
Oslo - Blindern;SN18700;08.03.1987;0
Oslo - Blindern;SN18700;09.03.1987;0
Oslo - Blindern;SN18700;10.03.1987;0
Oslo - Blindern;SN18700;11.03.1987;0
Oslo - Blindern;SN18700;12.03.1987;0
Oslo - Blindern;SN18700;13.03.1987;0
Oslo - Blindern;SN18700;14.03.1987;0
Oslo - Blindern;SN18700;15.03.1987;3,1
Oslo - Blindern;SN18700;16.03.1987;3,9
Oslo - Blindern;SN18700;17.03.1987;0,4
Oslo - Blindern;SN18700;18.03.1987;5,2
Oslo - Blindern;SN18700;19.03.1987;11,3
Oslo - Blindern;SN18700;20.03.1987;1,1
Oslo - Blindern;SN18700;21.03.1987;1,6
Oslo - Blindern;SN18700;22.03.1987;8,4
Oslo - Blindern;SN18700;23.03.1987;0,1
Oslo - Blindern;SN18700;24.03.1987;0
Oslo - Blindern;SN18700;25.03.1987;0
Oslo - Blindern;SN18700;26.03.1987;1,9
Oslo - Blindern;SN18700;27.03.1987;6,6
Oslo - Blindern;SN18700;28.03.1987;21
Oslo - Blindern;SN18700;29.03.1987;12,6
Oslo - Blindern;SN18700;30.03.1987;0
Oslo - Blindern;SN18700;31.03.1987;0
Oslo - Blindern;SN18700;01.04.1987;2,1
Oslo - Blindern;SN18700;02.04.1987;1
Oslo - Blindern;SN18700;03.04.1987;0,1
Oslo - Blindern;SN18700;04.04.1987;0
Oslo - Blindern;SN18700;05.04.1987;0
Oslo - Blindern;SN18700;06.04.1987;0
Oslo - Blindern;SN18700;07.04.1987;0
Oslo - Blindern;SN18700;08.04.1987;0
Oslo - Blindern;SN18700;09.04.1987;0
Oslo - Blindern;SN18700;10.04.1987;0,7
Oslo - Blindern;SN18700;11.04.1987;7,5
Oslo - Blindern;SN18700;12.04.1987;0,7
Oslo - Blindern;SN18700;13.04.1987;0
Oslo - Blindern;SN18700;14.04.1987;0
Oslo - Blindern;SN18700;15.04.1987;0
Oslo - Blindern;SN18700;16.04.1987;0
Oslo - Blindern;SN18700;17.04.1987;0
Oslo - Blindern;SN18700;18.04.1987;0
Oslo - Blindern;SN18700;19.04.1987;0
Oslo - Blindern;SN18700;20.04.1987;1,4
Oslo - Blindern;SN18700;21.04.1987;5,4
Oslo - Blindern;SN18700;22.04.1987;0
Oslo - Blindern;SN18700;23.04.1987;0
Oslo - Blindern;SN18700;24.04.1987;0
Oslo - Blindern;SN18700;25.04.1987;0
Oslo - Blindern;SN18700;26.04.1987;0
Oslo - Blindern;SN18700;27.04.1987;0
Oslo - Blindern;SN18700;28.04.1987;0,2
Oslo - Blindern;SN18700;29.04.1987;0
Oslo - Blindern;SN18700;30.04.1987;0
Oslo - Blindern;SN18700;01.05.1987;0
Oslo - Blindern;SN18700;02.05.1987;13,5
Oslo - Blindern;SN18700;03.05.1987;4,9
Oslo - Blindern;SN18700;04.05.1987;0,9
Oslo - Blindern;SN18700;05.05.1987;0
Oslo - Blindern;SN18700;06.05.1987;0
Oslo - Blindern;SN18700;07.05.1987;0
Oslo - Blindern;SN18700;08.05.1987;0
Oslo - Blindern;SN18700;09.05.1987;0
Oslo - Blindern;SN18700;10.05.1987;0,2
Oslo - Blindern;SN18700;11.05.1987;0,2
Oslo - Blindern;SN18700;12.05.1987;0,3
Oslo - Blindern;SN18700;13.05.1987;4,8
Oslo - Blindern;SN18700;14.05.1987;5,1
Oslo - Blindern;SN18700;15.05.1987;0,2
Oslo - Blindern;SN18700;16.05.1987;0
Oslo - Blindern;SN18700;17.05.1987;0,2
Oslo - Blindern;SN18700;18.05.1987;3,4
Oslo - Blindern;SN18700;19.05.1987;6,4
Oslo - Blindern;SN18700;20.05.1987;1,7
Oslo - Blindern;SN18700;21.05.1987;0
Oslo - Blindern;SN18700;22.05.1987;0
Oslo - Blindern;SN18700;23.05.1987;0
Oslo - Blindern;SN18700;24.05.1987;0
Oslo - Blindern;SN18700;25.05.1987;0
Oslo - Blindern;SN18700;26.05.1987;0
Oslo - Blindern;SN18700;27.05.1987;1
Oslo - Blindern;SN18700;28.05.1987;4,7
Oslo - Blindern;SN18700;29.05.1987;0,3
Oslo - Blindern;SN18700;30.05.1987;0
Oslo - Blindern;SN18700;31.05.1987;0
Oslo - Blindern;SN18700;01.06.1987;0,1
Oslo - Blindern;SN18700;02.06.1987;10,4
Oslo - Blindern;SN18700;03.06.1987;0,3
Oslo - Blindern;SN18700;04.06.1987;3,1
Oslo - Blindern;SN18700;05.06.1987;0
Oslo - Blindern;SN18700;06.06.1987;0
Oslo - Blindern;SN18700;07.06.1987;4,6
Oslo - Blindern;SN18700;08.06.1987;4,3
Oslo - Blindern;SN18700;09.06.1987;13,4
Oslo - Blindern;SN18700;10.06.1987;13,8
Oslo - Blindern;SN18700;11.06.1987;0,3
Oslo - Blindern;SN18700;12.06.1987;0,4
Oslo - Blindern;SN18700;13.06.1987;6
Oslo - Blindern;SN18700;14.06.1987;0
Oslo - Blindern;SN18700;15.06.1987;6,4
Oslo - Blindern;SN18700;16.06.1987;5,3
Oslo - Blindern;SN18700;17.06.1987;10,7
Oslo - Blindern;SN18700;18.06.1987;17
Oslo - Blindern;SN18700;19.06.1987;4,1
Oslo - Blindern;SN18700;20.06.1987;1,1
Oslo - Blindern;SN18700;21.06.1987;1,3
Oslo - Blindern;SN18700;22.06.1987;3,7
Oslo - Blindern;SN18700;23.06.1987;1,3
Oslo - Blindern;SN18700;24.06.1987;0
Oslo - Blindern;SN18700;25.06.1987;0,3
Oslo - Blindern;SN18700;26.06.1987;6,1
Oslo - Blindern;SN18700;27.06.1987;0,7
Oslo - Blindern;SN18700;28.06.1987;6,2
Oslo - Blindern;SN18700;29.06.1987;0
Oslo - Blindern;SN18700;30.06.1987;4,9
Oslo - Blindern;SN18700;01.07.1987;3,2
Oslo - Blindern;SN18700;02.07.1987;1,7
Oslo - Blindern;SN18700;03.07.1987;0
Oslo - Blindern;SN18700;04.07.1987;0
Oslo - Blindern;SN18700;05.07.1987;0
Oslo - Blindern;SN18700;06.07.1987;0
Oslo - Blindern;SN18700;07.07.1987;0
Oslo - Blindern;SN18700;08.07.1987;0,3
Oslo - Blindern;SN18700;09.07.1987;2,1
Oslo - Blindern;SN18700;10.07.1987;3,8
Oslo - Blindern;SN18700;11.07.1987;6,6
Oslo - Blindern;SN18700;12.07.1987;0
Oslo - Blindern;SN18700;13.07.1987;1,5
Oslo - Blindern;SN18700;14.07.1987;0
Oslo - Blindern;SN18700;15.07.1987;0
Oslo - Blindern;SN18700;16.07.1987;0
Oslo - Blindern;SN18700;17.07.1987;0
Oslo - Blindern;SN18700;18.07.1987;0
Oslo - Blindern;SN18700;19.07.1987;0
Oslo - Blindern;SN18700;20.07.1987;0,1
Oslo - Blindern;SN18700;21.07.1987;0
Oslo - Blindern;SN18700;22.07.1987;0
Oslo - Blindern;SN18700;23.07.1987;0
Oslo - Blindern;SN18700;24.07.1987;3,4
Oslo - Blindern;SN18700;25.07.1987;7,3
Oslo - Blindern;SN18700;26.07.1987;1,2
Oslo - Blindern;SN18700;27.07.1987;0,3
Oslo - Blindern;SN18700;28.07.1987;0,2
Oslo - Blindern;SN18700;29.07.1987;1
Oslo - Blindern;SN18700;30.07.1987;0
Oslo - Blindern;SN18700;31.07.1987;7,1
Oslo - Blindern;SN18700;01.08.1987;0,3
Oslo - Blindern;SN18700;02.08.1987;4,1
Oslo - Blindern;SN18700;03.08.1987;0,7
Oslo - Blindern;SN18700;04.08.1987;0
Oslo - Blindern;SN18700;05.08.1987;0,6
Oslo - Blindern;SN18700;06.08.1987;0
Oslo - Blindern;SN18700;07.08.1987;6,7
Oslo - Blindern;SN18700;08.08.1987;1,2
Oslo - Blindern;SN18700;09.08.1987;8,3
Oslo - Blindern;SN18700;10.08.1987;0,5
Oslo - Blindern;SN18700;11.08.1987;0
Oslo - Blindern;SN18700;12.08.1987;0
Oslo - Blindern;SN18700;13.08.1987;0
Oslo - Blindern;SN18700;14.08.1987;0
Oslo - Blindern;SN18700;15.08.1987;6,3
Oslo - Blindern;SN18700;16.08.1987;0,2
Oslo - Blindern;SN18700;17.08.1987;0
Oslo - Blindern;SN18700;18.08.1987;1
Oslo - Blindern;SN18700;19.08.1987;0,4
Oslo - Blindern;SN18700;20.08.1987;0
Oslo - Blindern;SN18700;21.08.1987;0,6
Oslo - Blindern;SN18700;22.08.1987;15,3
Oslo - Blindern;SN18700;23.08.1987;5,5
Oslo - Blindern;SN18700;24.08.1987;14,7
Oslo - Blindern;SN18700;25.08.1987;0
Oslo - Blindern;SN18700;26.08.1987;3,3
Oslo - Blindern;SN18700;27.08.1987;8,3
Oslo - Blindern;SN18700;28.08.1987;3,7
Oslo - Blindern;SN18700;29.08.1987;0
Oslo - Blindern;SN18700;30.08.1987;0
Oslo - Blindern;SN18700;31.08.1987;0,5
Oslo - Blindern;SN18700;01.09.1987;0
Oslo - Blindern;SN18700;02.09.1987;0
Oslo - Blindern;SN18700;03.09.1987;0
Oslo - Blindern;SN18700;04.09.1987;0
Oslo - Blindern;SN18700;05.09.1987;2,3
Oslo - Blindern;SN18700;06.09.1987;11,8
Oslo - Blindern;SN18700;07.09.1987;25,9
Oslo - Blindern;SN18700;08.09.1987;0,1
Oslo - Blindern;SN18700;09.09.1987;0,5
Oslo - Blindern;SN18700;10.09.1987;2,7
Oslo - Blindern;SN18700;11.09.1987;13,9
Oslo - Blindern;SN18700;12.09.1987;1,9
Oslo - Blindern;SN18700;13.09.1987;15,3
Oslo - Blindern;SN18700;14.09.1987;0,1
Oslo - Blindern;SN18700;15.09.1987;2,3
Oslo - Blindern;SN18700;16.09.1987;1,2
Oslo - Blindern;SN18700;17.09.1987;0
Oslo - Blindern;SN18700;18.09.1987;5,1
Oslo - Blindern;SN18700;19.09.1987;12,6
Oslo - Blindern;SN18700;20.09.1987;0
Oslo - Blindern;SN18700;21.09.1987;0
Oslo - Blindern;SN18700;22.09.1987;1,1
Oslo - Blindern;SN18700;23.09.1987;11,4
Oslo - Blindern;SN18700;24.09.1987;0
Oslo - Blindern;SN18700;25.09.1987;17,5
Oslo - Blindern;SN18700;26.09.1987;0
Oslo - Blindern;SN18700;27.09.1987;0,2
Oslo - Blindern;SN18700;28.09.1987;0
Oslo - Blindern;SN18700;29.09.1987;0
Oslo - Blindern;SN18700;30.09.1987;0
Oslo - Blindern;SN18700;01.10.1987;0
Oslo - Blindern;SN18700;02.10.1987;0
Oslo - Blindern;SN18700;03.10.1987;0
Oslo - Blindern;SN18700;04.10.1987;0
Oslo - Blindern;SN18700;05.10.1987;0
Oslo - Blindern;SN18700;06.10.1987;0,1
Oslo - Blindern;SN18700;07.10.1987;26,1
Oslo - Blindern;SN18700;08.10.1987;2,9
Oslo - Blindern;SN18700;09.10.1987;30,3
Oslo - Blindern;SN18700;10.10.1987;1,6
Oslo - Blindern;SN18700;11.10.1987;0
Oslo - Blindern;SN18700;12.10.1987;2,7
Oslo - Blindern;SN18700;13.10.1987;26,2
Oslo - Blindern;SN18700;14.10.1987;2
Oslo - Blindern;SN18700;15.10.1987;5,6
Oslo - Blindern;SN18700;16.10.1987;18,7
Oslo - Blindern;SN18700;17.10.1987;27
Oslo - Blindern;SN18700;18.10.1987;0
Oslo - Blindern;SN18700;19.10.1987;0
Oslo - Blindern;SN18700;20.10.1987;0,5
Oslo - Blindern;SN18700;21.10.1987;0,1
Oslo - Blindern;SN18700;22.10.1987;0
Oslo - Blindern;SN18700;23.10.1987;0,1
Oslo - Blindern;SN18700;24.10.1987;3,2
Oslo - Blindern;SN18700;25.10.1987;0,3
Oslo - Blindern;SN18700;26.10.1987;0
Oslo - Blindern;SN18700;27.10.1987;0,5
Oslo - Blindern;SN18700;28.10.1987;0
Oslo - Blindern;SN18700;29.10.1987;12,5
Oslo - Blindern;SN18700;30.10.1987;10,1
Oslo - Blindern;SN18700;31.10.1987;2
Oslo - Blindern;SN18700;01.11.1987;5,9
Oslo - Blindern;SN18700;02.11.1987;0
Oslo - Blindern;SN18700;03.11.1987;0
Oslo - Blindern;SN18700;04.11.1987;0,1
Oslo - Blindern;SN18700;05.11.1987;0,4
Oslo - Blindern;SN18700;06.11.1987;0
Oslo - Blindern;SN18700;07.11.1987;0
Oslo - Blindern;SN18700;08.11.1987;0
Oslo - Blindern;SN18700;09.11.1987;0
Oslo - Blindern;SN18700;10.11.1987;1,5
Oslo - Blindern;SN18700;11.11.1987;0
Oslo - Blindern;SN18700;12.11.1987;3,7
Oslo - Blindern;SN18700;13.11.1987;29,8
Oslo - Blindern;SN18700;14.11.1987;14,9
Oslo - Blindern;SN18700;15.11.1987;11,3
Oslo - Blindern;SN18700;16.11.1987;3
Oslo - Blindern;SN18700;17.11.1987;6,5
Oslo - Blindern;SN18700;18.11.1987;0
Oslo - Blindern;SN18700;19.11.1987;11,6
Oslo - Blindern;SN18700;20.11.1987;1,2
Oslo - Blindern;SN18700;21.11.1987;0
Oslo - Blindern;SN18700;22.11.1987;2,5
Oslo - Blindern;SN18700;23.11.1987;0,9
Oslo - Blindern;SN18700;24.11.1987;1,5
Oslo - Blindern;SN18700;25.11.1987;4,4
Oslo - Blindern;SN18700;26.11.1987;0
Oslo - Blindern;SN18700;27.11.1987;0,1
Oslo - Blindern;SN18700;28.11.1987;0
Oslo - Blindern;SN18700;29.11.1987;0
Oslo - Blindern;SN18700;30.11.1987;0
Oslo - Blindern;SN18700;01.12.1987;0
Oslo - Blindern;SN18700;02.12.1987;0
Oslo - Blindern;SN18700;03.12.1987;0
Oslo - Blindern;SN18700;04.12.1987;0
Oslo - Blindern;SN18700;05.12.1987;0
Oslo - Blindern;SN18700;06.12.1987;0
Oslo - Blindern;SN18700;07.12.1987;0
Oslo - Blindern;SN18700;08.12.1987;0
Oslo - Blindern;SN18700;09.12.1987;0
Oslo - Blindern;SN18700;10.12.1987;0
Oslo - Blindern;SN18700;11.12.1987;0
Oslo - Blindern;SN18700;12.12.1987;0
Oslo - Blindern;SN18700;13.12.1987;0
Oslo - Blindern;SN18700;14.12.1987;0
Oslo - Blindern;SN18700;15.12.1987;2,5
Oslo - Blindern;SN18700;16.12.1987;0,5
Oslo - Blindern;SN18700;17.12.1987;0
Oslo - Blindern;SN18700;18.12.1987;1,7
Oslo - Blindern;SN18700;19.12.1987;4,8
Oslo - Blindern;SN18700;20.12.1987;0
Oslo - Blindern;SN18700;21.12.1987;0,8
Oslo - Blindern;SN18700;22.12.1987;7,2
Oslo - Blindern;SN18700;23.12.1987;1
Oslo - Blindern;SN18700;24.12.1987;0
Oslo - Blindern;SN18700;25.12.1987;0,1
Oslo - Blindern;SN18700;26.12.1987;0
Oslo - Blindern;SN18700;27.12.1987;0,1
Oslo - Blindern;SN18700;28.12.1987;0,1
Oslo - Blindern;SN18700;29.12.1987;3,1
Oslo - Blindern;SN18700;30.12.1987;0,1
Oslo - Blindern;SN18700;31.12.1987;0
Oslo - Blindern;SN18700;01.01.1988;7,9
Oslo - Blindern;SN18700;02.01.1988;0,5
Oslo - Blindern;SN18700;03.01.1988;8,3
Oslo - Blindern;SN18700;04.01.1988;0,5
Oslo - Blindern;SN18700;05.01.1988;0
Oslo - Blindern;SN18700;06.01.1988;1,5
Oslo - Blindern;SN18700;07.01.1988;2,1
Oslo - Blindern;SN18700;08.01.1988;1,1
Oslo - Blindern;SN18700;09.01.1988;0
Oslo - Blindern;SN18700;10.01.1988;2,4
Oslo - Blindern;SN18700;11.01.1988;0
Oslo - Blindern;SN18700;12.01.1988;1,6
Oslo - Blindern;SN18700;13.01.1988;3,5
Oslo - Blindern;SN18700;14.01.1988;1,5
Oslo - Blindern;SN18700;15.01.1988;7,9
Oslo - Blindern;SN18700;16.01.1988;0,5
Oslo - Blindern;SN18700;17.01.1988;0,5
Oslo - Blindern;SN18700;18.01.1988;3,2
Oslo - Blindern;SN18700;19.01.1988;17,8
Oslo - Blindern;SN18700;20.01.1988;3,3
Oslo - Blindern;SN18700;21.01.1988;7,7
Oslo - Blindern;SN18700;22.01.1988;9,6
Oslo - Blindern;SN18700;23.01.1988;8,5
Oslo - Blindern;SN18700;24.01.1988;2,1
Oslo - Blindern;SN18700;25.01.1988;1,3
Oslo - Blindern;SN18700;26.01.1988;5,3
Oslo - Blindern;SN18700;27.01.1988;8,1
Oslo - Blindern;SN18700;28.01.1988;12,4
Oslo - Blindern;SN18700;29.01.1988;3,3
Oslo - Blindern;SN18700;30.01.1988;6,2
Oslo - Blindern;SN18700;31.01.1988;10,3
Oslo - Blindern;SN18700;01.02.1988;5,9
Oslo - Blindern;SN18700;02.02.1988;11,8
Oslo - Blindern;SN18700;03.02.1988;4
Oslo - Blindern;SN18700;04.02.1988;2,2
Oslo - Blindern;SN18700;05.02.1988;5,4
Oslo - Blindern;SN18700;06.02.1988;3,9
Oslo - Blindern;SN18700;07.02.1988;4,6
Oslo - Blindern;SN18700;08.02.1988;0
Oslo - Blindern;SN18700;09.02.1988;0
Oslo - Blindern;SN18700;10.02.1988;4,2
Oslo - Blindern;SN18700;11.02.1988;8,7
Oslo - Blindern;SN18700;12.02.1988;6
Oslo - Blindern;SN18700;13.02.1988;0
Oslo - Blindern;SN18700;14.02.1988;0,4
Oslo - Blindern;SN18700;15.02.1988;4,1
Oslo - Blindern;SN18700;16.02.1988;0,9
Oslo - Blindern;SN18700;17.02.1988;1
Oslo - Blindern;SN18700;18.02.1988;1,5
Oslo - Blindern;SN18700;19.02.1988;8,8
Oslo - Blindern;SN18700;20.02.1988;2,5
Oslo - Blindern;SN18700;21.02.1988;0
Oslo - Blindern;SN18700;22.02.1988;0,4
Oslo - Blindern;SN18700;23.02.1988;5,8
Oslo - Blindern;SN18700;24.02.1988;0,3
Oslo - Blindern;SN18700;25.02.1988;0,8
Oslo - Blindern;SN18700;26.02.1988;0,1
Oslo - Blindern;SN18700;27.02.1988;0
Oslo - Blindern;SN18700;28.02.1988;3,5
Oslo - Blindern;SN18700;29.02.1988;2
Oslo - Blindern;SN18700;01.03.1988;0,2
Oslo - Blindern;SN18700;02.03.1988;0
Oslo - Blindern;SN18700;03.03.1988;4
Oslo - Blindern;SN18700;04.03.1988;16,3
Oslo - Blindern;SN18700;05.03.1988;7,4
Oslo - Blindern;SN18700;06.03.1988;1
Oslo - Blindern;SN18700;07.03.1988;0
Oslo - Blindern;SN18700;08.03.1988;0
Oslo - Blindern;SN18700;09.03.1988;0
Oslo - Blindern;SN18700;10.03.1988;3,1
Oslo - Blindern;SN18700;11.03.1988;0,2
Oslo - Blindern;SN18700;12.03.1988;0
Oslo - Blindern;SN18700;13.03.1988;0
Oslo - Blindern;SN18700;14.03.1988;0
Oslo - Blindern;SN18700;15.03.1988;0
Oslo - Blindern;SN18700;16.03.1988;0
Oslo - Blindern;SN18700;17.03.1988;0
Oslo - Blindern;SN18700;18.03.1988;0
Oslo - Blindern;SN18700;19.03.1988;0
Oslo - Blindern;SN18700;20.03.1988;1,1
Oslo - Blindern;SN18700;21.03.1988;16,9
Oslo - Blindern;SN18700;22.03.1988;1,3
Oslo - Blindern;SN18700;23.03.1988;0,6
Oslo - Blindern;SN18700;24.03.1988;0,2
Oslo - Blindern;SN18700;25.03.1988;8,3
Oslo - Blindern;SN18700;26.03.1988;1,2
Oslo - Blindern;SN18700;27.03.1988;0
Oslo - Blindern;SN18700;28.03.1988;1,3
Oslo - Blindern;SN18700;29.03.1988;0,9
Oslo - Blindern;SN18700;30.03.1988;16,8
Oslo - Blindern;SN18700;31.03.1988;25,8
Oslo - Blindern;SN18700;01.04.1988;4,3
Oslo - Blindern;SN18700;02.04.1988;0,1
Oslo - Blindern;SN18700;03.04.1988;0
Oslo - Blindern;SN18700;04.04.1988;0
Oslo - Blindern;SN18700;05.04.1988;0
Oslo - Blindern;SN18700;06.04.1988;0
Oslo - Blindern;SN18700;07.04.1988;0,1
Oslo - Blindern;SN18700;08.04.1988;0,1
Oslo - Blindern;SN18700;09.04.1988;0
Oslo - Blindern;SN18700;10.04.1988;0
Oslo - Blindern;SN18700;11.04.1988;7,5
Oslo - Blindern;SN18700;12.04.1988;0
Oslo - Blindern;SN18700;13.04.1988;0
Oslo - Blindern;SN18700;14.04.1988;0
Oslo - Blindern;SN18700;15.04.1988;0
Oslo - Blindern;SN18700;16.04.1988;0
Oslo - Blindern;SN18700;17.04.1988;13,2
Oslo - Blindern;SN18700;18.04.1988;0,7
Oslo - Blindern;SN18700;19.04.1988;0
Oslo - Blindern;SN18700;20.04.1988;0
Oslo - Blindern;SN18700;21.04.1988;14,4
Oslo - Blindern;SN18700;22.04.1988;0,1
Oslo - Blindern;SN18700;23.04.1988;0
Oslo - Blindern;SN18700;24.04.1988;0
Oslo - Blindern;SN18700;25.04.1988;0
Oslo - Blindern;SN18700;26.04.1988;0
Oslo - Blindern;SN18700;27.04.1988;0
Oslo - Blindern;SN18700;28.04.1988;0
Oslo - Blindern;SN18700;29.04.1988;0
Oslo - Blindern;SN18700;30.04.1988;0,6
Oslo - Blindern;SN18700;01.05.1988;0,4
Oslo - Blindern;SN18700;02.05.1988;3,8
Oslo - Blindern;SN18700;03.05.1988;1,4
Oslo - Blindern;SN18700;04.05.1988;0
Oslo - Blindern;SN18700;05.05.1988;4,6
Oslo - Blindern;SN18700;06.05.1988;0,9
Oslo - Blindern;SN18700;07.05.1988;0
Oslo - Blindern;SN18700;08.05.1988;0
Oslo - Blindern;SN18700;09.05.1988;0
Oslo - Blindern;SN18700;10.05.1988;0
Oslo - Blindern;SN18700;11.05.1988;0
Oslo - Blindern;SN18700;12.05.1988;0
Oslo - Blindern;SN18700;13.05.1988;0
Oslo - Blindern;SN18700;14.05.1988;0
Oslo - Blindern;SN18700;15.05.1988;0
Oslo - Blindern;SN18700;16.05.1988;0
Oslo - Blindern;SN18700;17.05.1988;0
Oslo - Blindern;SN18700;18.05.1988;0
Oslo - Blindern;SN18700;19.05.1988;0,1
Oslo - Blindern;SN18700;20.05.1988;0
Oslo - Blindern;SN18700;21.05.1988;0
Oslo - Blindern;SN18700;22.05.1988;0
Oslo - Blindern;SN18700;23.05.1988;0,4
Oslo - Blindern;SN18700;24.05.1988;4,7
Oslo - Blindern;SN18700;25.05.1988;0
Oslo - Blindern;SN18700;26.05.1988;0
Oslo - Blindern;SN18700;27.05.1988;0
Oslo - Blindern;SN18700;28.05.1988;0
Oslo - Blindern;SN18700;29.05.1988;0
Oslo - Blindern;SN18700;30.05.1988;5,7
Oslo - Blindern;SN18700;31.05.1988;0,2
Oslo - Blindern;SN18700;01.06.1988;5,6
Oslo - Blindern;SN18700;02.06.1988;2,7
Oslo - Blindern;SN18700;03.06.1988;0
Oslo - Blindern;SN18700;04.06.1988;8,1
Oslo - Blindern;SN18700;05.06.1988;3,7
Oslo - Blindern;SN18700;06.06.1988;6,1
Oslo - Blindern;SN18700;07.06.1988;0
Oslo - Blindern;SN18700;08.06.1988;0
Oslo - Blindern;SN18700;09.06.1988;0
Oslo - Blindern;SN18700;10.06.1988;0
Oslo - Blindern;SN18700;11.06.1988;0
Oslo - Blindern;SN18700;12.06.1988;0
Oslo - Blindern;SN18700;13.06.1988;0
Oslo - Blindern;SN18700;14.06.1988;0
Oslo - Blindern;SN18700;15.06.1988;0
Oslo - Blindern;SN18700;16.06.1988;0
Oslo - Blindern;SN18700;17.06.1988;1
Oslo - Blindern;SN18700;18.06.1988;0
Oslo - Blindern;SN18700;19.06.1988;0
Oslo - Blindern;SN18700;20.06.1988;0,1
Oslo - Blindern;SN18700;21.06.1988;0
Oslo - Blindern;SN18700;22.06.1988;0
Oslo - Blindern;SN18700;23.06.1988;0
Oslo - Blindern;SN18700;24.06.1988;0
Oslo - Blindern;SN18700;25.06.1988;0
Oslo - Blindern;SN18700;26.06.1988;0
Oslo - Blindern;SN18700;27.06.1988;0
Oslo - Blindern;SN18700;28.06.1988;0,2
Oslo - Blindern;SN18700;29.06.1988;0,5
Oslo - Blindern;SN18700;30.06.1988;6,4
Oslo - Blindern;SN18700;01.07.1988;0,3
Oslo - Blindern;SN18700;02.07.1988;0,3
Oslo - Blindern;SN18700;03.07.1988;7,4
Oslo - Blindern;SN18700;04.07.1988;0,3
Oslo - Blindern;SN18700;05.07.1988;3,6
Oslo - Blindern;SN18700;06.07.1988;8,4
Oslo - Blindern;SN18700;07.07.1988;13,4
Oslo - Blindern;SN18700;08.07.1988;0,1
Oslo - Blindern;SN18700;09.07.1988;0,1
Oslo - Blindern;SN18700;10.07.1988;1,2
Oslo - Blindern;SN18700;11.07.1988;22,6
Oslo - Blindern;SN18700;12.07.1988;12,6
Oslo - Blindern;SN18700;13.07.1988;4,4
Oslo - Blindern;SN18700;14.07.1988;0
Oslo - Blindern;SN18700;15.07.1988;15,2
Oslo - Blindern;SN18700;16.07.1988;18,1
Oslo - Blindern;SN18700;17.07.1988;5,4
Oslo - Blindern;SN18700;18.07.1988;8,7
Oslo - Blindern;SN18700;19.07.1988;0
Oslo - Blindern;SN18700;20.07.1988;7,8
Oslo - Blindern;SN18700;21.07.1988;9,1
Oslo - Blindern;SN18700;22.07.1988;1,8
Oslo - Blindern;SN18700;23.07.1988;1
Oslo - Blindern;SN18700;24.07.1988;0
Oslo - Blindern;SN18700;25.07.1988;10,3
Oslo - Blindern;SN18700;26.07.1988;0
Oslo - Blindern;SN18700;27.07.1988;0
Oslo - Blindern;SN18700;28.07.1988;2,2
Oslo - Blindern;SN18700;29.07.1988;0
Oslo - Blindern;SN18700;30.07.1988;10,4
Oslo - Blindern;SN18700;31.07.1988;10,3
Oslo - Blindern;SN18700;01.08.1988;0,3
Oslo - Blindern;SN18700;02.08.1988;11,5
Oslo - Blindern;SN18700;03.08.1988;3,8
Oslo - Blindern;SN18700;04.08.1988;0
Oslo - Blindern;SN18700;05.08.1988;1
Oslo - Blindern;SN18700;06.08.1988;0
Oslo - Blindern;SN18700;07.08.1988;2
Oslo - Blindern;SN18700;08.08.1988;0
Oslo - Blindern;SN18700;09.08.1988;0
Oslo - Blindern;SN18700;10.08.1988;0
Oslo - Blindern;SN18700;11.08.1988;0
Oslo - Blindern;SN18700;12.08.1988;1,6
Oslo - Blindern;SN18700;13.08.1988;7,5
Oslo - Blindern;SN18700;14.08.1988;0,3
Oslo - Blindern;SN18700;15.08.1988;15,8
Oslo - Blindern;SN18700;16.08.1988;34
Oslo - Blindern;SN18700;17.08.1988;8,5
Oslo - Blindern;SN18700;18.08.1988;0
Oslo - Blindern;SN18700;19.08.1988;12,5
Oslo - Blindern;SN18700;20.08.1988;20,2
Oslo - Blindern;SN18700;21.08.1988;4,7
Oslo - Blindern;SN18700;22.08.1988;40,7
Oslo - Blindern;SN18700;23.08.1988;27,3
Oslo - Blindern;SN18700;24.08.1988;1,7
Oslo - Blindern;SN18700;25.08.1988;0
Oslo - Blindern;SN18700;26.08.1988;14,5
Oslo - Blindern;SN18700;27.08.1988;2,8
Oslo - Blindern;SN18700;28.08.1988;2,2
Oslo - Blindern;SN18700;29.08.1988;13,2
Oslo - Blindern;SN18700;30.08.1988;1,6
Oslo - Blindern;SN18700;31.08.1988;0
Oslo - Blindern;SN18700;01.09.1988;9,8
Oslo - Blindern;SN18700;02.09.1988;1,6
Oslo - Blindern;SN18700;03.09.1988;31,4
Oslo - Blindern;SN18700;04.09.1988;16,6
Oslo - Blindern;SN18700;05.09.1988;2
Oslo - Blindern;SN18700;06.09.1988;0
Oslo - Blindern;SN18700;07.09.1988;0
Oslo - Blindern;SN18700;08.09.1988;0
Oslo - Blindern;SN18700;09.09.1988;0
Oslo - Blindern;SN18700;10.09.1988;0
Oslo - Blindern;SN18700;11.09.1988;0
Oslo - Blindern;SN18700;12.09.1988;5,4
Oslo - Blindern;SN18700;13.09.1988;3,7
Oslo - Blindern;SN18700;14.09.1988;0,9
Oslo - Blindern;SN18700;15.09.1988;0
Oslo - Blindern;SN18700;16.09.1988;0
Oslo - Blindern;SN18700;17.09.1988;0
Oslo - Blindern;SN18700;18.09.1988;0
Oslo - Blindern;SN18700;19.09.1988;0
Oslo - Blindern;SN18700;20.09.1988;0
Oslo - Blindern;SN18700;21.09.1988;0
Oslo - Blindern;SN18700;22.09.1988;0,9
Oslo - Blindern;SN18700;23.09.1988;2,8
Oslo - Blindern;SN18700;24.09.1988;15,4
Oslo - Blindern;SN18700;25.09.1988;9,1
Oslo - Blindern;SN18700;26.09.1988;5,5
Oslo - Blindern;SN18700;27.09.1988;4
Oslo - Blindern;SN18700;28.09.1988;3,5
Oslo - Blindern;SN18700;29.09.1988;2,8
Oslo - Blindern;SN18700;30.09.1988;0
Oslo - Blindern;SN18700;01.10.1988;0
Oslo - Blindern;SN18700;02.10.1988;0
Oslo - Blindern;SN18700;03.10.1988;0
Oslo - Blindern;SN18700;04.10.1988;0
Oslo - Blindern;SN18700;05.10.1988;0,9
Oslo - Blindern;SN18700;06.10.1988;1
Oslo - Blindern;SN18700;07.10.1988;11,6
Oslo - Blindern;SN18700;08.10.1988;11,1
Oslo - Blindern;SN18700;09.10.1988;0
Oslo - Blindern;SN18700;10.10.1988;18,5
Oslo - Blindern;SN18700;11.10.1988;0,2
Oslo - Blindern;SN18700;12.10.1988;0
Oslo - Blindern;SN18700;13.10.1988;5,5
Oslo - Blindern;SN18700;14.10.1988;8,2
Oslo - Blindern;SN18700;15.10.1988;0
Oslo - Blindern;SN18700;16.10.1988;0
Oslo - Blindern;SN18700;17.10.1988;0,2
Oslo - Blindern;SN18700;18.10.1988;0
Oslo - Blindern;SN18700;19.10.1988;0
Oslo - Blindern;SN18700;20.10.1988;0
Oslo - Blindern;SN18700;21.10.1988;0
Oslo - Blindern;SN18700;22.10.1988;0
Oslo - Blindern;SN18700;23.10.1988;0,9
Oslo - Blindern;SN18700;24.10.1988;0
Oslo - Blindern;SN18700;25.10.1988;0
Oslo - Blindern;SN18700;26.10.1988;0
Oslo - Blindern;SN18700;27.10.1988;13,7
Oslo - Blindern;SN18700;28.10.1988;4,1
Oslo - Blindern;SN18700;29.10.1988;4
Oslo - Blindern;SN18700;30.10.1988;0
Oslo - Blindern;SN18700;31.10.1988;0
Oslo - Blindern;SN18700;01.11.1988;0
Oslo - Blindern;SN18700;02.11.1988;0
Oslo - Blindern;SN18700;03.11.1988;0
Oslo - Blindern;SN18700;04.11.1988;0
Oslo - Blindern;SN18700;05.11.1988;0
Oslo - Blindern;SN18700;06.11.1988;0
Oslo - Blindern;SN18700;07.11.1988;0
Oslo - Blindern;SN18700;08.11.1988;0
Oslo - Blindern;SN18700;09.11.1988;0
Oslo - Blindern;SN18700;10.11.1988;0,9
Oslo - Blindern;SN18700;11.11.1988;9,5
Oslo - Blindern;SN18700;12.11.1988;0
Oslo - Blindern;SN18700;13.11.1988;0,2
Oslo - Blindern;SN18700;14.11.1988;0
Oslo - Blindern;SN18700;15.11.1988;0,5
Oslo - Blindern;SN18700;16.11.1988;0
Oslo - Blindern;SN18700;17.11.1988;0
Oslo - Blindern;SN18700;18.11.1988;4,4
Oslo - Blindern;SN18700;19.11.1988;0
Oslo - Blindern;SN18700;20.11.1988;0
Oslo - Blindern;SN18700;21.11.1988;0
Oslo - Blindern;SN18700;22.11.1988;0
Oslo - Blindern;SN18700;23.11.1988;0
Oslo - Blindern;SN18700;24.11.1988;0
Oslo - Blindern;SN18700;25.11.1988;0
Oslo - Blindern;SN18700;26.11.1988;0,1
Oslo - Blindern;SN18700;27.11.1988;0,2
Oslo - Blindern;SN18700;28.11.1988;3
Oslo - Blindern;SN18700;29.11.1988;6,8
Oslo - Blindern;SN18700;30.11.1988;0
Oslo - Blindern;SN18700;01.12.1988;0
Oslo - Blindern;SN18700;02.12.1988;0
Oslo - Blindern;SN18700;03.12.1988;0
Oslo - Blindern;SN18700;04.12.1988;1,5
Oslo - Blindern;SN18700;05.12.1988;6,3
Oslo - Blindern;SN18700;06.12.1988;0,7
Oslo - Blindern;SN18700;07.12.1988;0
Oslo - Blindern;SN18700;08.12.1988;0
Oslo - Blindern;SN18700;09.12.1988;0
Oslo - Blindern;SN18700;10.12.1988;0
Oslo - Blindern;SN18700;11.12.1988;0,9
Oslo - Blindern;SN18700;12.12.1988;0,8
Oslo - Blindern;SN18700;13.12.1988;0
Oslo - Blindern;SN18700;14.12.1988;0
Oslo - Blindern;SN18700;15.12.1988;0
Oslo - Blindern;SN18700;16.12.1988;0
Oslo - Blindern;SN18700;17.12.1988;0,5
Oslo - Blindern;SN18700;18.12.1988;0,2
Oslo - Blindern;SN18700;19.12.1988;8,5
Oslo - Blindern;SN18700;20.12.1988;0
Oslo - Blindern;SN18700;21.12.1988;0
Oslo - Blindern;SN18700;22.12.1988;0
Oslo - Blindern;SN18700;23.12.1988;0,1
Oslo - Blindern;SN18700;24.12.1988;2,5
Oslo - Blindern;SN18700;25.12.1988;1,5
Oslo - Blindern;SN18700;26.12.1988;0,5
Oslo - Blindern;SN18700;27.12.1988;2,8
Oslo - Blindern;SN18700;28.12.1988;0,3
Oslo - Blindern;SN18700;29.12.1988;0,1
Oslo - Blindern;SN18700;30.12.1988;0
Oslo - Blindern;SN18700;31.12.1988;0
Oslo - Blindern;SN18700;01.01.1989;0
Oslo - Blindern;SN18700;02.01.1989;0
Oslo - Blindern;SN18700;03.01.1989;0,2
Oslo - Blindern;SN18700;04.01.1989;0
Oslo - Blindern;SN18700;05.01.1989;0,2
Oslo - Blindern;SN18700;06.01.1989;0
Oslo - Blindern;SN18700;07.01.1989;0
Oslo - Blindern;SN18700;08.01.1989;0
Oslo - Blindern;SN18700;09.01.1989;0
Oslo - Blindern;SN18700;10.01.1989;0
Oslo - Blindern;SN18700;11.01.1989;0
Oslo - Blindern;SN18700;12.01.1989;0
Oslo - Blindern;SN18700;13.01.1989;9
Oslo - Blindern;SN18700;14.01.1989;0,1
Oslo - Blindern;SN18700;15.01.1989;0,8
Oslo - Blindern;SN18700;16.01.1989;0
Oslo - Blindern;SN18700;17.01.1989;0
Oslo - Blindern;SN18700;18.01.1989;0
Oslo - Blindern;SN18700;19.01.1989;0
Oslo - Blindern;SN18700;20.01.1989;0
Oslo - Blindern;SN18700;21.01.1989;0
Oslo - Blindern;SN18700;22.01.1989;0,1
Oslo - Blindern;SN18700;23.01.1989;0,4
Oslo - Blindern;SN18700;24.01.1989;0,3
Oslo - Blindern;SN18700;25.01.1989;0
Oslo - Blindern;SN18700;26.01.1989;0
Oslo - Blindern;SN18700;27.01.1989;0
Oslo - Blindern;SN18700;28.01.1989;0
Oslo - Blindern;SN18700;29.01.1989;0
Oslo - Blindern;SN18700;30.01.1989;0
Oslo - Blindern;SN18700;31.01.1989;0
Oslo - Blindern;SN18700;01.02.1989;0
Oslo - Blindern;SN18700;02.02.1989;0
Oslo - Blindern;SN18700;03.02.1989;0
Oslo - Blindern;SN18700;04.02.1989;0
Oslo - Blindern;SN18700;05.02.1989;3,5
Oslo - Blindern;SN18700;06.02.1989;0
Oslo - Blindern;SN18700;07.02.1989;0
Oslo - Blindern;SN18700;08.02.1989;0,1
Oslo - Blindern;SN18700;09.02.1989;0
Oslo - Blindern;SN18700;10.02.1989;1
Oslo - Blindern;SN18700;11.02.1989;0,2
Oslo - Blindern;SN18700;12.02.1989;0,2
Oslo - Blindern;SN18700;13.02.1989;0
Oslo - Blindern;SN18700;14.02.1989;4
Oslo - Blindern;SN18700;15.02.1989;0,5
Oslo - Blindern;SN18700;16.02.1989;0
Oslo - Blindern;SN18700;17.02.1989;0
Oslo - Blindern;SN18700;18.02.1989;0,3
Oslo - Blindern;SN18700;19.02.1989;7,2
Oslo - Blindern;SN18700;20.02.1989;0
Oslo - Blindern;SN18700;21.02.1989;0
Oslo - Blindern;SN18700;22.02.1989;0
Oslo - Blindern;SN18700;23.02.1989;2,8
Oslo - Blindern;SN18700;24.02.1989;0
Oslo - Blindern;SN18700;25.02.1989;0
Oslo - Blindern;SN18700;26.02.1989;13,8
Oslo - Blindern;SN18700;27.02.1989;3,9
Oslo - Blindern;SN18700;28.02.1989;8,1
Oslo - Blindern;SN18700;01.03.1989;2,8
Oslo - Blindern;SN18700;02.03.1989;0
Oslo - Blindern;SN18700;03.03.1989;0
Oslo - Blindern;SN18700;04.03.1989;0
Oslo - Blindern;SN18700;05.03.1989;7,1
Oslo - Blindern;SN18700;06.03.1989;0,3
Oslo - Blindern;SN18700;07.03.1989;4,6
Oslo - Blindern;SN18700;08.03.1989;3,5
Oslo - Blindern;SN18700;09.03.1989;11,6
Oslo - Blindern;SN18700;10.03.1989;5,8
Oslo - Blindern;SN18700;11.03.1989;2
Oslo - Blindern;SN18700;12.03.1989;0
Oslo - Blindern;SN18700;13.03.1989;0
Oslo - Blindern;SN18700;14.03.1989;16
Oslo - Blindern;SN18700;15.03.1989;0
Oslo - Blindern;SN18700;16.03.1989;0,5
Oslo - Blindern;SN18700;17.03.1989;3,5
Oslo - Blindern;SN18700;18.03.1989;0
Oslo - Blindern;SN18700;19.03.1989;0
Oslo - Blindern;SN18700;20.03.1989;2,4
Oslo - Blindern;SN18700;21.03.1989;1,8
Oslo - Blindern;SN18700;22.03.1989;0
Oslo - Blindern;SN18700;23.03.1989;13,5
Oslo - Blindern;SN18700;24.03.1989;0,6
Oslo - Blindern;SN18700;25.03.1989;4,4
Oslo - Blindern;SN18700;26.03.1989;0
Oslo - Blindern;SN18700;27.03.1989;1,7
Oslo - Blindern;SN18700;28.03.1989;0
Oslo - Blindern;SN18700;29.03.1989;0,8
Oslo - Blindern;SN18700;30.03.1989;0,2
Oslo - Blindern;SN18700;31.03.1989;0
Oslo - Blindern;SN18700;01.04.1989;0
Oslo - Blindern;SN18700;02.04.1989;0
Oslo - Blindern;SN18700;03.04.1989;0
Oslo - Blindern;SN18700;04.04.1989;0
Oslo - Blindern;SN18700;05.04.1989;0
Oslo - Blindern;SN18700;06.04.1989;0
Oslo - Blindern;SN18700;07.04.1989;1,7
Oslo - Blindern;SN18700;08.04.1989;17,4
Oslo - Blindern;SN18700;09.04.1989;11,7
Oslo - Blindern;SN18700;10.04.1989;1,7
Oslo - Blindern;SN18700;11.04.1989;10,3
Oslo - Blindern;SN18700;12.04.1989;10,8
Oslo - Blindern;SN18700;13.04.1989;5,5
Oslo - Blindern;SN18700;14.04.1989;0,2
Oslo - Blindern;SN18700;15.04.1989;0
Oslo - Blindern;SN18700;16.04.1989;0
Oslo - Blindern;SN18700;17.04.1989;0
Oslo - Blindern;SN18700;18.04.1989;1,4
Oslo - Blindern;SN18700;19.04.1989;1,4
Oslo - Blindern;SN18700;20.04.1989;1,4
Oslo - Blindern;SN18700;21.04.1989;1,6
Oslo - Blindern;SN18700;22.04.1989;10,3
Oslo - Blindern;SN18700;23.04.1989;0
Oslo - Blindern;SN18700;24.04.1989;0
Oslo - Blindern;SN18700;25.04.1989;1,2
Oslo - Blindern;SN18700;26.04.1989;4,1
Oslo - Blindern;SN18700;27.04.1989;2
Oslo - Blindern;SN18700;28.04.1989;2,1
Oslo - Blindern;SN18700;29.04.1989;0
Oslo - Blindern;SN18700;30.04.1989;0
Oslo - Blindern;SN18700;01.05.1989;0
Oslo - Blindern;SN18700;02.05.1989;2,6
Oslo - Blindern;SN18700;03.05.1989;0
Oslo - Blindern;SN18700;04.05.1989;0
Oslo - Blindern;SN18700;05.05.1989;0
Oslo - Blindern;SN18700;06.05.1989;0
Oslo - Blindern;SN18700;07.05.1989;0
Oslo - Blindern;SN18700;08.05.1989;0
Oslo - Blindern;SN18700;09.05.1989;0
Oslo - Blindern;SN18700;10.05.1989;8,7
Oslo - Blindern;SN18700;11.05.1989;1,3
Oslo - Blindern;SN18700;12.05.1989;0
Oslo - Blindern;SN18700;13.05.1989;19,3
Oslo - Blindern;SN18700;14.05.1989;0,9
Oslo - Blindern;SN18700;15.05.1989;0,1
Oslo - Blindern;SN18700;16.05.1989;0
Oslo - Blindern;SN18700;17.05.1989;1,5
Oslo - Blindern;SN18700;18.05.1989;0
Oslo - Blindern;SN18700;19.05.1989;3,5
Oslo - Blindern;SN18700;20.05.1989;0
Oslo - Blindern;SN18700;21.05.1989;0
Oslo - Blindern;SN18700;22.05.1989;0
Oslo - Blindern;SN18700;23.05.1989;0
Oslo - Blindern;SN18700;24.05.1989;0
Oslo - Blindern;SN18700;25.05.1989;0
Oslo - Blindern;SN18700;26.05.1989;0
Oslo - Blindern;SN18700;27.05.1989;0
Oslo - Blindern;SN18700;28.05.1989;0
Oslo - Blindern;SN18700;29.05.1989;0,1
Oslo - Blindern;SN18700;30.05.1989;0
Oslo - Blindern;SN18700;31.05.1989;0
Oslo - Blindern;SN18700;01.06.1989;4,2
Oslo - Blindern;SN18700;02.06.1989;5
Oslo - Blindern;SN18700;03.06.1989;0,3
Oslo - Blindern;SN18700;04.06.1989;0
Oslo - Blindern;SN18700;05.06.1989;0,5
Oslo - Blindern;SN18700;06.06.1989;0,6
Oslo - Blindern;SN18700;07.06.1989;0,1
Oslo - Blindern;SN18700;08.06.1989;26
Oslo - Blindern;SN18700;09.06.1989;2,9
Oslo - Blindern;SN18700;10.06.1989;4,2
Oslo - Blindern;SN18700;11.06.1989;0
Oslo - Blindern;SN18700;12.06.1989;0
Oslo - Blindern;SN18700;13.06.1989;0
Oslo - Blindern;SN18700;14.06.1989;0
Oslo - Blindern;SN18700;15.06.1989;0
Oslo - Blindern;SN18700;16.06.1989;0
Oslo - Blindern;SN18700;17.06.1989;0
Oslo - Blindern;SN18700;18.06.1989;0
Oslo - Blindern;SN18700;19.06.1989;0
Oslo - Blindern;SN18700;20.06.1989;0
Oslo - Blindern;SN18700;21.06.1989;0,5
Oslo - Blindern;SN18700;22.06.1989;0
Oslo - Blindern;SN18700;23.06.1989;0
Oslo - Blindern;SN18700;24.06.1989;0
Oslo - Blindern;SN18700;25.06.1989;0
Oslo - Blindern;SN18700;26.06.1989;0
Oslo - Blindern;SN18700;27.06.1989;0
Oslo - Blindern;SN18700;28.06.1989;7,9
Oslo - Blindern;SN18700;29.06.1989;5,9
Oslo - Blindern;SN18700;30.06.1989;1,8
Oslo - Blindern;SN18700;01.07.1989;0
Oslo - Blindern;SN18700;02.07.1989;0
Oslo - Blindern;SN18700;03.07.1989;0
Oslo - Blindern;SN18700;04.07.1989;0
Oslo - Blindern;SN18700;05.07.1989;0
Oslo - Blindern;SN18700;06.07.1989;0
Oslo - Blindern;SN18700;07.07.1989;0
Oslo - Blindern;SN18700;08.07.1989;0
Oslo - Blindern;SN18700;09.07.1989;0
Oslo - Blindern;SN18700;10.07.1989;0
Oslo - Blindern;SN18700;11.07.1989;0
Oslo - Blindern;SN18700;12.07.1989;0
Oslo - Blindern;SN18700;13.07.1989;0,2
Oslo - Blindern;SN18700;14.07.1989;33
Oslo - Blindern;SN18700;15.07.1989;0
Oslo - Blindern;SN18700;16.07.1989;1
Oslo - Blindern;SN18700;17.07.1989;0
Oslo - Blindern;SN18700;18.07.1989;8,3
Oslo - Blindern;SN18700;19.07.1989;0
Oslo - Blindern;SN18700;20.07.1989;0
Oslo - Blindern;SN18700;21.07.1989;0
Oslo - Blindern;SN18700;22.07.1989;0
Oslo - Blindern;SN18700;23.07.1989;0
Oslo - Blindern;SN18700;24.07.1989;0
Oslo - Blindern;SN18700;25.07.1989;0
Oslo - Blindern;SN18700;26.07.1989;0
Oslo - Blindern;SN18700;27.07.1989;4,8
Oslo - Blindern;SN18700;28.07.1989;0,9
Oslo - Blindern;SN18700;29.07.1989;0
Oslo - Blindern;SN18700;30.07.1989;1,2
Oslo - Blindern;SN18700;31.07.1989;9,1
Oslo - Blindern;SN18700;01.08.1989;59,8
Oslo - Blindern;SN18700;02.08.1989;2,4
Oslo - Blindern;SN18700;03.08.1989;2,6
Oslo - Blindern;SN18700;04.08.1989;0,1
Oslo - Blindern;SN18700;05.08.1989;3,1
Oslo - Blindern;SN18700;06.08.1989;3,7
Oslo - Blindern;SN18700;07.08.1989;2,5
Oslo - Blindern;SN18700;08.08.1989;0
Oslo - Blindern;SN18700;09.08.1989;20
Oslo - Blindern;SN18700;10.08.1989;3,4
Oslo - Blindern;SN18700;11.08.1989;21,4
Oslo - Blindern;SN18700;12.08.1989;8,5
Oslo - Blindern;SN18700;13.08.1989;6
Oslo - Blindern;SN18700;14.08.1989;0
Oslo - Blindern;SN18700;15.08.1989;19,7
Oslo - Blindern;SN18700;16.08.1989;8,1
Oslo - Blindern;SN18700;17.08.1989;0
Oslo - Blindern;SN18700;18.08.1989;4,8
Oslo - Blindern;SN18700;19.08.1989;0,5
Oslo - Blindern;SN18700;20.08.1989;0
Oslo - Blindern;SN18700;21.08.1989;8,9
Oslo - Blindern;SN18700;22.08.1989;0,2
Oslo - Blindern;SN18700;23.08.1989;0
Oslo - Blindern;SN18700;24.08.1989;0
Oslo - Blindern;SN18700;25.08.1989;1,3
Oslo - Blindern;SN18700;26.08.1989;0,5
Oslo - Blindern;SN18700;27.08.1989;0
Oslo - Blindern;SN18700;28.08.1989;0
Oslo - Blindern;SN18700;29.08.1989;0
Oslo - Blindern;SN18700;30.08.1989;0,3
Oslo - Blindern;SN18700;31.08.1989;0
Oslo - Blindern;SN18700;01.09.1989;17,3
Oslo - Blindern;SN18700;02.09.1989;0
Oslo - Blindern;SN18700;03.09.1989;0
Oslo - Blindern;SN18700;04.09.1989;0
Oslo - Blindern;SN18700;05.09.1989;0
Oslo - Blindern;SN18700;06.09.1989;0,8
Oslo - Blindern;SN18700;07.09.1989;0
Oslo - Blindern;SN18700;08.09.1989;0,3
Oslo - Blindern;SN18700;09.09.1989;0,2
Oslo - Blindern;SN18700;10.09.1989;0
Oslo - Blindern;SN18700;11.09.1989;0
Oslo - Blindern;SN18700;12.09.1989;0
Oslo - Blindern;SN18700;13.09.1989;0
Oslo - Blindern;SN18700;14.09.1989;0
Oslo - Blindern;SN18700;15.09.1989;12,4
Oslo - Blindern;SN18700;16.09.1989;0
Oslo - Blindern;SN18700;17.09.1989;1,5
Oslo - Blindern;SN18700;18.09.1989;0,4
Oslo - Blindern;SN18700;19.09.1989;6,9
Oslo - Blindern;SN18700;20.09.1989;4,5
Oslo - Blindern;SN18700;21.09.1989;0
Oslo - Blindern;SN18700;22.09.1989;0
Oslo - Blindern;SN18700;23.09.1989;0,4
Oslo - Blindern;SN18700;24.09.1989;0,4
Oslo - Blindern;SN18700;25.09.1989;0,1
Oslo - Blindern;SN18700;26.09.1989;8
Oslo - Blindern;SN18700;27.09.1989;0
Oslo - Blindern;SN18700;28.09.1989;0
Oslo - Blindern;SN18700;29.09.1989;0
Oslo - Blindern;SN18700;30.09.1989;0
Oslo - Blindern;SN18700;01.10.1989;0
Oslo - Blindern;SN18700;02.10.1989;0
Oslo - Blindern;SN18700;03.10.1989;0
Oslo - Blindern;SN18700;04.10.1989;0
Oslo - Blindern;SN18700;05.10.1989;0
Oslo - Blindern;SN18700;06.10.1989;0
Oslo - Blindern;SN18700;07.10.1989;6,5
Oslo - Blindern;SN18700;08.10.1989;3,5
Oslo - Blindern;SN18700;09.10.1989;1,1
Oslo - Blindern;SN18700;10.10.1989;0,7
Oslo - Blindern;SN18700;11.10.1989;4,3
Oslo - Blindern;SN18700;12.10.1989;0
Oslo - Blindern;SN18700;13.10.1989;0
Oslo - Blindern;SN18700;14.10.1989;0
Oslo - Blindern;SN18700;15.10.1989;3
Oslo - Blindern;SN18700;16.10.1989;3
Oslo - Blindern;SN18700;17.10.1989;4,3
Oslo - Blindern;SN18700;18.10.1989;0
Oslo - Blindern;SN18700;19.10.1989;1
Oslo - Blindern;SN18700;20.10.1989;0,5
Oslo - Blindern;SN18700;21.10.1989;10,5
Oslo - Blindern;SN18700;22.10.1989;3,5
Oslo - Blindern;SN18700;23.10.1989;2,2
Oslo - Blindern;SN18700;24.10.1989;0
Oslo - Blindern;SN18700;25.10.1989;0
Oslo - Blindern;SN18700;26.10.1989;0
Oslo - Blindern;SN18700;27.10.1989;0
Oslo - Blindern;SN18700;28.10.1989;0,5
Oslo - Blindern;SN18700;29.10.1989;1,8
Oslo - Blindern;SN18700;30.10.1989;10,3
Oslo - Blindern;SN18700;31.10.1989;2,5
Oslo - Blindern;SN18700;01.11.1989;2,6
Oslo - Blindern;SN18700;02.11.1989;6,9
Oslo - Blindern;SN18700;03.11.1989;3,5
Oslo - Blindern;SN18700;04.11.1989;10
Oslo - Blindern;SN18700;05.11.1989;17,4
Oslo - Blindern;SN18700;06.11.1989;1,4
Oslo - Blindern;SN18700;07.11.1989;5,1
Oslo - Blindern;SN18700;08.11.1989;0,2
Oslo - Blindern;SN18700;09.11.1989;5,8
Oslo - Blindern;SN18700;10.11.1989;8,3
Oslo - Blindern;SN18700;11.11.1989;9,5
Oslo - Blindern;SN18700;12.11.1989;2,4
Oslo - Blindern;SN18700;13.11.1989;0
Oslo - Blindern;SN18700;14.11.1989;0
Oslo - Blindern;SN18700;15.11.1989;0
Oslo - Blindern;SN18700;16.11.1989;0
Oslo - Blindern;SN18700;17.11.1989;0
Oslo - Blindern;SN18700;18.11.1989;0
Oslo - Blindern;SN18700;19.11.1989;0
Oslo - Blindern;SN18700;20.11.1989;0
Oslo - Blindern;SN18700;21.11.1989;0
Oslo - Blindern;SN18700;22.11.1989;0
Oslo - Blindern;SN18700;23.11.1989;0
Oslo - Blindern;SN18700;24.11.1989;0,2
Oslo - Blindern;SN18700;25.11.1989;0
Oslo - Blindern;SN18700;26.11.1989;0
Oslo - Blindern;SN18700;27.11.1989;0
Oslo - Blindern;SN18700;28.11.1989;0,2
Oslo - Blindern;SN18700;29.11.1989;0
Oslo - Blindern;SN18700;30.11.1989;0
Oslo - Blindern;SN18700;01.12.1989;0
Oslo - Blindern;SN18700;02.12.1989;0
Oslo - Blindern;SN18700;03.12.1989;0
Oslo - Blindern;SN18700;04.12.1989;0
Oslo - Blindern;SN18700;05.12.1989;0
Oslo - Blindern;SN18700;06.12.1989;0
Oslo - Blindern;SN18700;07.12.1989;0
Oslo - Blindern;SN18700;08.12.1989;0
Oslo - Blindern;SN18700;09.12.1989;0,1
Oslo - Blindern;SN18700;10.12.1989;0
Oslo - Blindern;SN18700;11.12.1989;0
Oslo - Blindern;SN18700;12.12.1989;0
Oslo - Blindern;SN18700;13.12.1989;0
Oslo - Blindern;SN18700;14.12.1989;0
Oslo - Blindern;SN18700;15.12.1989;0
Oslo - Blindern;SN18700;16.12.1989;0,3
Oslo - Blindern;SN18700;17.12.1989;2
Oslo - Blindern;SN18700;18.12.1989;8
Oslo - Blindern;SN18700;19.12.1989;0,3
Oslo - Blindern;SN18700;20.12.1989;0
Oslo - Blindern;SN18700;21.12.1989;0,5
Oslo - Blindern;SN18700;22.12.1989;0,6
Oslo - Blindern;SN18700;23.12.1989;16,1
Oslo - Blindern;SN18700;24.12.1989;0
Oslo - Blindern;SN18700;25.12.1989;4,8
Oslo - Blindern;SN18700;26.12.1989;0,4
Oslo - Blindern;SN18700;27.12.1989;0
Oslo - Blindern;SN18700;28.12.1989;0
Oslo - Blindern;SN18700;29.12.1989;0
Oslo - Blindern;SN18700;30.12.1989;0
Oslo - Blindern;SN18700;31.12.1989;0
Oslo - Blindern;SN18700;01.01.1990;0
Oslo - Blindern;SN18700;02.01.1990;0
Oslo - Blindern;SN18700;03.01.1990;0
Oslo - Blindern;SN18700;04.01.1990;0,3
Oslo - Blindern;SN18700;05.01.1990;1
Oslo - Blindern;SN18700;06.01.1990;0,1
Oslo - Blindern;SN18700;07.01.1990;6,5
Oslo - Blindern;SN18700;08.01.1990;0,5
Oslo - Blindern;SN18700;09.01.1990;0
Oslo - Blindern;SN18700;10.01.1990;0
Oslo - Blindern;SN18700;11.01.1990;4
Oslo - Blindern;SN18700;12.01.1990;0
Oslo - Blindern;SN18700;13.01.1990;0
Oslo - Blindern;SN18700;14.01.1990;0
Oslo - Blindern;SN18700;15.01.1990;1,6
Oslo - Blindern;SN18700;16.01.1990;0,3
Oslo - Blindern;SN18700;17.01.1990;2,5
Oslo - Blindern;SN18700;18.01.1990;0
Oslo - Blindern;SN18700;19.01.1990;0
Oslo - Blindern;SN18700;20.01.1990;0,6
Oslo - Blindern;SN18700;21.01.1990;0
Oslo - Blindern;SN18700;22.01.1990;0,7
Oslo - Blindern;SN18700;23.01.1990;4,3
Oslo - Blindern;SN18700;24.01.1990;11,7
Oslo - Blindern;SN18700;25.01.1990;0
Oslo - Blindern;SN18700;26.01.1990;4,6
Oslo - Blindern;SN18700;27.01.1990;1,9
Oslo - Blindern;SN18700;28.01.1990;0
Oslo - Blindern;SN18700;29.01.1990;21,9
Oslo - Blindern;SN18700;30.01.1990;5,4
Oslo - Blindern;SN18700;31.01.1990;9,3
Oslo - Blindern;SN18700;01.02.1990;14,2
Oslo - Blindern;SN18700;02.02.1990;2,5
Oslo - Blindern;SN18700;03.02.1990;5,7
Oslo - Blindern;SN18700;04.02.1990;2,5
Oslo - Blindern;SN18700;05.02.1990;0,4
Oslo - Blindern;SN18700;06.02.1990;0
Oslo - Blindern;SN18700;07.02.1990;1,6
Oslo - Blindern;SN18700;08.02.1990;5,3
Oslo - Blindern;SN18700;09.02.1990;0
Oslo - Blindern;SN18700;10.02.1990;0
Oslo - Blindern;SN18700;11.02.1990;1,7
Oslo - Blindern;SN18700;12.02.1990;3,3
Oslo - Blindern;SN18700;13.02.1990;3
Oslo - Blindern;SN18700;14.02.1990;12,3
Oslo - Blindern;SN18700;15.02.1990;2,2
Oslo - Blindern;SN18700;16.02.1990;0
Oslo - Blindern;SN18700;17.02.1990;0
Oslo - Blindern;SN18700;18.02.1990;7,5
Oslo - Blindern;SN18700;19.02.1990;0
Oslo - Blindern;SN18700;20.02.1990;0,5
Oslo - Blindern;SN18700;21.02.1990;0
Oslo - Blindern;SN18700;22.02.1990;4,6
Oslo - Blindern;SN18700;23.02.1990;0
Oslo - Blindern;SN18700;24.02.1990;0
Oslo - Blindern;SN18700;25.02.1990;11,5
Oslo - Blindern;SN18700;26.02.1990;3,7
Oslo - Blindern;SN18700;27.02.1990;4,5
Oslo - Blindern;SN18700;28.02.1990;0
Oslo - Blindern;SN18700;01.03.1990;0
Oslo - Blindern;SN18700;02.03.1990;0
Oslo - Blindern;SN18700;03.03.1990;0
Oslo - Blindern;SN18700;04.03.1990;0
Oslo - Blindern;SN18700;05.03.1990;0
Oslo - Blindern;SN18700;06.03.1990;0
Oslo - Blindern;SN18700;07.03.1990;0
Oslo - Blindern;SN18700;08.03.1990;1,4
Oslo - Blindern;SN18700;09.03.1990;3
Oslo - Blindern;SN18700;10.03.1990;0,5
Oslo - Blindern;SN18700;11.03.1990;0,1
Oslo - Blindern;SN18700;12.03.1990;8,3
Oslo - Blindern;SN18700;13.03.1990;0
Oslo - Blindern;SN18700;14.03.1990;0,9
Oslo - Blindern;SN18700;15.03.1990;3,2
Oslo - Blindern;SN18700;16.03.1990;0
Oslo - Blindern;SN18700;17.03.1990;0
Oslo - Blindern;SN18700;18.03.1990;0
Oslo - Blindern;SN18700;19.03.1990;0
Oslo - Blindern;SN18700;20.03.1990;0
Oslo - Blindern;SN18700;21.03.1990;2,1
Oslo - Blindern;SN18700;22.03.1990;0,9
Oslo - Blindern;SN18700;23.03.1990;0
Oslo - Blindern;SN18700;24.03.1990;0
Oslo - Blindern;SN18700;25.03.1990;0
Oslo - Blindern;SN18700;26.03.1990;0
Oslo - Blindern;SN18700;27.03.1990;0
Oslo - Blindern;SN18700;28.03.1990;0
Oslo - Blindern;SN18700;29.03.1990;0
Oslo - Blindern;SN18700;30.03.1990;0
Oslo - Blindern;SN18700;31.03.1990;0
Oslo - Blindern;SN18700;01.04.1990;0
Oslo - Blindern;SN18700;02.04.1990;0,1
Oslo - Blindern;SN18700;03.04.1990;19,4
Oslo - Blindern;SN18700;04.04.1990;4,3
Oslo - Blindern;SN18700;05.04.1990;0
Oslo - Blindern;SN18700;06.04.1990;0
Oslo - Blindern;SN18700;07.04.1990;0
Oslo - Blindern;SN18700;08.04.1990;0
Oslo - Blindern;SN18700;09.04.1990;0
Oslo - Blindern;SN18700;10.04.1990;0
Oslo - Blindern;SN18700;11.04.1990;10,7
Oslo - Blindern;SN18700;12.04.1990;0
Oslo - Blindern;SN18700;13.04.1990;0
Oslo - Blindern;SN18700;14.04.1990;0,1
Oslo - Blindern;SN18700;15.04.1990;8,8
Oslo - Blindern;SN18700;16.04.1990;1,1
Oslo - Blindern;SN18700;17.04.1990;2,8
Oslo - Blindern;SN18700;18.04.1990;4,8
Oslo - Blindern;SN18700;19.04.1990;6,4
Oslo - Blindern;SN18700;20.04.1990;0
Oslo - Blindern;SN18700;21.04.1990;0,6
Oslo - Blindern;SN18700;22.04.1990;0
Oslo - Blindern;SN18700;23.04.1990;0
Oslo - Blindern;SN18700;24.04.1990;0
Oslo - Blindern;SN18700;25.04.1990;0
Oslo - Blindern;SN18700;26.04.1990;0
Oslo - Blindern;SN18700;27.04.1990;2,3
Oslo - Blindern;SN18700;28.04.1990;0
Oslo - Blindern;SN18700;29.04.1990;1,5
Oslo - Blindern;SN18700;30.04.1990;0
Oslo - Blindern;SN18700;01.05.1990;0
Oslo - Blindern;SN18700;02.05.1990;0
Oslo - Blindern;SN18700;03.05.1990;0
Oslo - Blindern;SN18700;04.05.1990;0
Oslo - Blindern;SN18700;05.05.1990;0
Oslo - Blindern;SN18700;06.05.1990;0
Oslo - Blindern;SN18700;07.05.1990;0
Oslo - Blindern;SN18700;08.05.1990;0
Oslo - Blindern;SN18700;09.05.1990;0
Oslo - Blindern;SN18700;10.05.1990;0
Oslo - Blindern;SN18700;11.05.1990;0
Oslo - Blindern;SN18700;12.05.1990;0
Oslo - Blindern;SN18700;13.05.1990;0
Oslo - Blindern;SN18700;14.05.1990;0
Oslo - Blindern;SN18700;15.05.1990;0
Oslo - Blindern;SN18700;16.05.1990;0
Oslo - Blindern;SN18700;17.05.1990;0,1
Oslo - Blindern;SN18700;18.05.1990;0
Oslo - Blindern;SN18700;19.05.1990;0
Oslo - Blindern;SN18700;20.05.1990;0
Oslo - Blindern;SN18700;21.05.1990;0
Oslo - Blindern;SN18700;22.05.1990;0
Oslo - Blindern;SN18700;23.05.1990;5,4
Oslo - Blindern;SN18700;24.05.1990;4
Oslo - Blindern;SN18700;25.05.1990;0
Oslo - Blindern;SN18700;26.05.1990;0
Oslo - Blindern;SN18700;27.05.1990;0
Oslo - Blindern;SN18700;28.05.1990;0,4
Oslo - Blindern;SN18700;29.05.1990;0
Oslo - Blindern;SN18700;30.05.1990;0
Oslo - Blindern;SN18700;31.05.1990;0
Oslo - Blindern;SN18700;01.06.1990;1
Oslo - Blindern;SN18700;02.06.1990;1,2
Oslo - Blindern;SN18700;03.06.1990;5,4
Oslo - Blindern;SN18700;04.06.1990;0
Oslo - Blindern;SN18700;05.06.1990;0,9
Oslo - Blindern;SN18700;06.06.1990;0,1
Oslo - Blindern;SN18700;07.06.1990;2,5
Oslo - Blindern;SN18700;08.06.1990;3,8
Oslo - Blindern;SN18700;09.06.1990;0
Oslo - Blindern;SN18700;10.06.1990;0
Oslo - Blindern;SN18700;11.06.1990;0
Oslo - Blindern;SN18700;12.06.1990;0
Oslo - Blindern;SN18700;13.06.1990;0
Oslo - Blindern;SN18700;14.06.1990;0
Oslo - Blindern;SN18700;15.06.1990;0
Oslo - Blindern;SN18700;16.06.1990;0,1
Oslo - Blindern;SN18700;17.06.1990;0,2
Oslo - Blindern;SN18700;18.06.1990;4,7
Oslo - Blindern;SN18700;19.06.1990;0,2
Oslo - Blindern;SN18700;20.06.1990;11
Oslo - Blindern;SN18700;21.06.1990;1,9
Oslo - Blindern;SN18700;22.06.1990;32,9
Oslo - Blindern;SN18700;23.06.1990;7,9
Oslo - Blindern;SN18700;24.06.1990;1,3
Oslo - Blindern;SN18700;25.06.1990;0,3
Oslo - Blindern;SN18700;26.06.1990;3,9
Oslo - Blindern;SN18700;27.06.1990;0
Oslo - Blindern;SN18700;28.06.1990;0
Oslo - Blindern;SN18700;29.06.1990;10
Oslo - Blindern;SN18700;30.06.1990;0
Oslo - Blindern;SN18700;01.07.1990;0
Oslo - Blindern;SN18700;02.07.1990;11,7
Oslo - Blindern;SN18700;03.07.1990;3,4
Oslo - Blindern;SN18700;04.07.1990;0
Oslo - Blindern;SN18700;05.07.1990;3,9
Oslo - Blindern;SN18700;06.07.1990;0,5
Oslo - Blindern;SN18700;07.07.1990;2,2
Oslo - Blindern;SN18700;08.07.1990;0
Oslo - Blindern;SN18700;09.07.1990;15
Oslo - Blindern;SN18700;10.07.1990;0,3
Oslo - Blindern;SN18700;11.07.1990;0
Oslo - Blindern;SN18700;12.07.1990;0,2
Oslo - Blindern;SN18700;13.07.1990;0
Oslo - Blindern;SN18700;14.07.1990;0
Oslo - Blindern;SN18700;15.07.1990;0
Oslo - Blindern;SN18700;16.07.1990;0
Oslo - Blindern;SN18700;17.07.1990;0
Oslo - Blindern;SN18700;18.07.1990;0
Oslo - Blindern;SN18700;19.07.1990;0
Oslo - Blindern;SN18700;20.07.1990;0
Oslo - Blindern;SN18700;21.07.1990;3,5
Oslo - Blindern;SN18700;22.07.1990;4,1
Oslo - Blindern;SN18700;23.07.1990;0
Oslo - Blindern;SN18700;24.07.1990;0,1
Oslo - Blindern;SN18700;25.07.1990;0,1
Oslo - Blindern;SN18700;26.07.1990;0
Oslo - Blindern;SN18700;27.07.1990;0
Oslo - Blindern;SN18700;28.07.1990;0
Oslo - Blindern;SN18700;29.07.1990;6,8
Oslo - Blindern;SN18700;30.07.1990;8,5
Oslo - Blindern;SN18700;31.07.1990;3,9
Oslo - Blindern;SN18700;01.08.1990;0
Oslo - Blindern;SN18700;02.08.1990;0
Oslo - Blindern;SN18700;03.08.1990;0
Oslo - Blindern;SN18700;04.08.1990;1
Oslo - Blindern;SN18700;05.08.1990;0
Oslo - Blindern;SN18700;06.08.1990;8,1
Oslo - Blindern;SN18700;07.08.1990;0
Oslo - Blindern;SN18700;08.08.1990;1
Oslo - Blindern;SN18700;09.08.1990;0,2
Oslo - Blindern;SN18700;10.08.1990;0
Oslo - Blindern;SN18700;11.08.1990;0
Oslo - Blindern;SN18700;12.08.1990;0
Oslo - Blindern;SN18700;13.08.1990;3,1
Oslo - Blindern;SN18700;14.08.1990;0
Oslo - Blindern;SN18700;15.08.1990;2,1
Oslo - Blindern;SN18700;16.08.1990;9,2
Oslo - Blindern;SN18700;17.08.1990;8
Oslo - Blindern;SN18700;18.08.1990;10
Oslo - Blindern;SN18700;19.08.1990;3,5
Oslo - Blindern;SN18700;20.08.1990;6,5
Oslo - Blindern;SN18700;21.08.1990;0,4
Oslo - Blindern;SN18700;22.08.1990;0
Oslo - Blindern;SN18700;23.08.1990;0,2
Oslo - Blindern;SN18700;24.08.1990;1
Oslo - Blindern;SN18700;25.08.1990;0,6
Oslo - Blindern;SN18700;26.08.1990;0
Oslo - Blindern;SN18700;27.08.1990;0
Oslo - Blindern;SN18700;28.08.1990;3,1
Oslo - Blindern;SN18700;29.08.1990;1,6
Oslo - Blindern;SN18700;30.08.1990;0
Oslo - Blindern;SN18700;31.08.1990;3,5
Oslo - Blindern;SN18700;01.09.1990;21,4
Oslo - Blindern;SN18700;02.09.1990;0
Oslo - Blindern;SN18700;03.09.1990;0
Oslo - Blindern;SN18700;04.09.1990;0,7
Oslo - Blindern;SN18700;05.09.1990;0
Oslo - Blindern;SN18700;06.09.1990;0
Oslo - Blindern;SN18700;07.09.1990;0
Oslo - Blindern;SN18700;08.09.1990;0
Oslo - Blindern;SN18700;09.09.1990;0
Oslo - Blindern;SN18700;10.09.1990;0
Oslo - Blindern;SN18700;11.09.1990;0
Oslo - Blindern;SN18700;12.09.1990;0
Oslo - Blindern;SN18700;13.09.1990;0
Oslo - Blindern;SN18700;14.09.1990;0
Oslo - Blindern;SN18700;15.09.1990;0
Oslo - Blindern;SN18700;16.09.1990;0
Oslo - Blindern;SN18700;17.09.1990;0
Oslo - Blindern;SN18700;18.09.1990;13,5
Oslo - Blindern;SN18700;19.09.1990;17,5
Oslo - Blindern;SN18700;20.09.1990;3
Oslo - Blindern;SN18700;21.09.1990;0
Oslo - Blindern;SN18700;22.09.1990;0,4
Oslo - Blindern;SN18700;23.09.1990;2
Oslo - Blindern;SN18700;24.09.1990;0,1
Oslo - Blindern;SN18700;25.09.1990;0
Oslo - Blindern;SN18700;26.09.1990;0
Oslo - Blindern;SN18700;27.09.1990;0
Oslo - Blindern;SN18700;28.09.1990;0
Oslo - Blindern;SN18700;29.09.1990;1,2
Oslo - Blindern;SN18700;30.09.1990;0
Oslo - Blindern;SN18700;01.10.1990;0
Oslo - Blindern;SN18700;02.10.1990;0
Oslo - Blindern;SN18700;03.10.1990;4,6
Oslo - Blindern;SN18700;04.10.1990;4,1
Oslo - Blindern;SN18700;05.10.1990;0,1
Oslo - Blindern;SN18700;06.10.1990;10,4
Oslo - Blindern;SN18700;07.10.1990;9,5
Oslo - Blindern;SN18700;08.10.1990;5,5
Oslo - Blindern;SN18700;09.10.1990;2,5
Oslo - Blindern;SN18700;10.10.1990;0,3
Oslo - Blindern;SN18700;11.10.1990;0
Oslo - Blindern;SN18700;12.10.1990;0
Oslo - Blindern;SN18700;13.10.1990;0,5
Oslo - Blindern;SN18700;14.10.1990;0,5
Oslo - Blindern;SN18700;15.10.1990;0,1
Oslo - Blindern;SN18700;16.10.1990;0,1
Oslo - Blindern;SN18700;17.10.1990;1,2
Oslo - Blindern;SN18700;18.10.1990;0
Oslo - Blindern;SN18700;19.10.1990;0
Oslo - Blindern;SN18700;20.10.1990;0
Oslo - Blindern;SN18700;21.10.1990;0
Oslo - Blindern;SN18700;22.10.1990;0
Oslo - Blindern;SN18700;23.10.1990;0
Oslo - Blindern;SN18700;24.10.1990;0
Oslo - Blindern;SN18700;25.10.1990;0
Oslo - Blindern;SN18700;26.10.1990;0
Oslo - Blindern;SN18700;27.10.1990;0
Oslo - Blindern;SN18700;28.10.1990;8,9
Oslo - Blindern;SN18700;29.10.1990;2
Oslo - Blindern;SN18700;30.10.1990;19,8
Oslo - Blindern;SN18700;31.10.1990;7,3
Oslo - Blindern;SN18700;01.11.1990;0
Oslo - Blindern;SN18700;02.11.1990;3,5
Oslo - Blindern;SN18700;03.11.1990;0
Oslo - Blindern;SN18700;04.11.1990;0,3
Oslo - Blindern;SN18700;05.11.1990;0
Oslo - Blindern;SN18700;06.11.1990;0
Oslo - Blindern;SN18700;07.11.1990;0
Oslo - Blindern;SN18700;08.11.1990;0
Oslo - Blindern;SN18700;09.11.1990;0
Oslo - Blindern;SN18700;10.11.1990;0
Oslo - Blindern;SN18700;11.11.1990;0
Oslo - Blindern;SN18700;12.11.1990;0
Oslo - Blindern;SN18700;13.11.1990;0
Oslo - Blindern;SN18700;14.11.1990;11,1
Oslo - Blindern;SN18700;15.11.1990;6
Oslo - Blindern;SN18700;16.11.1990;5,2
Oslo - Blindern;SN18700;17.11.1990;6
Oslo - Blindern;SN18700;18.11.1990;0
Oslo - Blindern;SN18700;19.11.1990;0
Oslo - Blindern;SN18700;20.11.1990;0
Oslo - Blindern;SN18700;21.11.1990;0,2
Oslo - Blindern;SN18700;22.11.1990;0
Oslo - Blindern;SN18700;23.11.1990;4
Oslo - Blindern;SN18700;24.11.1990;0
Oslo - Blindern;SN18700;25.11.1990;11,5
Oslo - Blindern;SN18700;26.11.1990;0
Oslo - Blindern;SN18700;27.11.1990;0
Oslo - Blindern;SN18700;28.11.1990;0
Oslo - Blindern;SN18700;29.11.1990;0
Oslo - Blindern;SN18700;30.11.1990;0
Oslo - Blindern;SN18700;01.12.1990;0
Oslo - Blindern;SN18700;02.12.1990;0
Oslo - Blindern;SN18700;03.12.1990;0
Oslo - Blindern;SN18700;04.12.1990;0
Oslo - Blindern;SN18700;05.12.1990;0
Oslo - Blindern;SN18700;06.12.1990;0
Oslo - Blindern;SN18700;07.12.1990;1
Oslo - Blindern;SN18700;08.12.1990;0,1
Oslo - Blindern;SN18700;09.12.1990;2
Oslo - Blindern;SN18700;10.12.1990;0
Oslo - Blindern;SN18700;11.12.1990;0
Oslo - Blindern;SN18700;12.12.1990;3,8
Oslo - Blindern;SN18700;13.12.1990;1,2
Oslo - Blindern;SN18700;14.12.1990;0
Oslo - Blindern;SN18700;15.12.1990;0
Oslo - Blindern;SN18700;16.12.1990;0,1
Oslo - Blindern;SN18700;17.12.1990;0
Oslo - Blindern;SN18700;18.12.1990;2,3
Oslo - Blindern;SN18700;19.12.1990;0,8
Oslo - Blindern;SN18700;20.12.1990;5,4
Oslo - Blindern;SN18700;21.12.1990;0
Oslo - Blindern;SN18700;22.12.1990;0
Oslo - Blindern;SN18700;23.12.1990;6,9
Oslo - Blindern;SN18700;24.12.1990;7,2
Oslo - Blindern;SN18700;25.12.1990;12,1
Oslo - Blindern;SN18700;26.12.1990;8,7
Oslo - Blindern;SN18700;27.12.1990;13
Oslo - Blindern;SN18700;28.12.1990;6
Oslo - Blindern;SN18700;29.12.1990;11,5
Oslo - Blindern;SN18700;30.12.1990;5
Oslo - Blindern;SN18700;31.12.1990;0
Oslo - Blindern;SN18700;01.01.1991;5,4
Oslo - Blindern;SN18700;02.01.1991;1,8
Oslo - Blindern;SN18700;03.01.1991;8,7
Oslo - Blindern;SN18700;04.01.1991;0
Oslo - Blindern;SN18700;05.01.1991;5,7
Oslo - Blindern;SN18700;06.01.1991;6,2
Oslo - Blindern;SN18700;07.01.1991;5,5
Oslo - Blindern;SN18700;08.01.1991;2,4
Oslo - Blindern;SN18700;09.01.1991;3,6
Oslo - Blindern;SN18700;10.01.1991;8,1
Oslo - Blindern;SN18700;11.01.1991;10
Oslo - Blindern;SN18700;12.01.1991;0
Oslo - Blindern;SN18700;13.01.1991;0
Oslo - Blindern;SN18700;14.01.1991;0
Oslo - Blindern;SN18700;15.01.1991;0
Oslo - Blindern;SN18700;16.01.1991;0
Oslo - Blindern;SN18700;17.01.1991;0
Oslo - Blindern;SN18700;18.01.1991;0
Oslo - Blindern;SN18700;19.01.1991;0,8
Oslo - Blindern;SN18700;20.01.1991;0,2
Oslo - Blindern;SN18700;21.01.1991;0,2
Oslo - Blindern;SN18700;22.01.1991;0
Oslo - Blindern;SN18700;23.01.1991;0
Oslo - Blindern;SN18700;24.01.1991;0
Oslo - Blindern;SN18700;25.01.1991;0
Oslo - Blindern;SN18700;26.01.1991;0
Oslo - Blindern;SN18700;27.01.1991;0
Oslo - Blindern;SN18700;28.01.1991;0
Oslo - Blindern;SN18700;29.01.1991;0
Oslo - Blindern;SN18700;30.01.1991;0
Oslo - Blindern;SN18700;31.01.1991;0,7
Oslo - Blindern;SN18700;01.02.1991;0,1
Oslo - Blindern;SN18700;02.02.1991;0,1
Oslo - Blindern;SN18700;03.02.1991;0,1
Oslo - Blindern;SN18700;04.02.1991;0
Oslo - Blindern;SN18700;05.02.1991;0
Oslo - Blindern;SN18700;06.02.1991;0
Oslo - Blindern;SN18700;07.02.1991;0
Oslo - Blindern;SN18700;08.02.1991;0
Oslo - Blindern;SN18700;09.02.1991;0,9
Oslo - Blindern;SN18700;10.02.1991;3,6
Oslo - Blindern;SN18700;11.02.1991;2,2
Oslo - Blindern;SN18700;12.02.1991;0
Oslo - Blindern;SN18700;13.02.1991;0
Oslo - Blindern;SN18700;14.02.1991;0
Oslo - Blindern;SN18700;15.02.1991;0
Oslo - Blindern;SN18700;16.02.1991;0,9
Oslo - Blindern;SN18700;17.02.1991;0
Oslo - Blindern;SN18700;18.02.1991;0
Oslo - Blindern;SN18700;19.02.1991;0
Oslo - Blindern;SN18700;20.02.1991;0
Oslo - Blindern;SN18700;21.02.1991;0
Oslo - Blindern;SN18700;22.02.1991;3,6
Oslo - Blindern;SN18700;23.02.1991;9,6
Oslo - Blindern;SN18700;24.02.1991;3
Oslo - Blindern;SN18700;25.02.1991;0
Oslo - Blindern;SN18700;26.02.1991;0
Oslo - Blindern;SN18700;27.02.1991;0
Oslo - Blindern;SN18700;28.02.1991;0
Oslo - Blindern;SN18700;01.03.1991;0
Oslo - Blindern;SN18700;02.03.1991;1,2
Oslo - Blindern;SN18700;03.03.1991;0,8
Oslo - Blindern;SN18700;04.03.1991;3,8
Oslo - Blindern;SN18700;05.03.1991;0
Oslo - Blindern;SN18700;06.03.1991;0,4
Oslo - Blindern;SN18700;07.03.1991;12,7
Oslo - Blindern;SN18700;08.03.1991;4,4
Oslo - Blindern;SN18700;09.03.1991;0
Oslo - Blindern;SN18700;10.03.1991;0
Oslo - Blindern;SN18700;11.03.1991;1,6
Oslo - Blindern;SN18700;12.03.1991;0
Oslo - Blindern;SN18700;13.03.1991;0,1
Oslo - Blindern;SN18700;14.03.1991;9,2
Oslo - Blindern;SN18700;15.03.1991;0,3
Oslo - Blindern;SN18700;16.03.1991;0
Oslo - Blindern;SN18700;17.03.1991;7,6
Oslo - Blindern;SN18700;18.03.1991;0,7
Oslo - Blindern;SN18700;19.03.1991;2,3
Oslo - Blindern;SN18700;20.03.1991;12,8
Oslo - Blindern;SN18700;21.03.1991;0,3
Oslo - Blindern;SN18700;22.03.1991;5,5
Oslo - Blindern;SN18700;23.03.1991;0
Oslo - Blindern;SN18700;24.03.1991;0
Oslo - Blindern;SN18700;25.03.1991;0
Oslo - Blindern;SN18700;26.03.1991;0
Oslo - Blindern;SN18700;27.03.1991;0
Oslo - Blindern;SN18700;28.03.1991;0
Oslo - Blindern;SN18700;29.03.1991;0
Oslo - Blindern;SN18700;30.03.1991;0
Oslo - Blindern;SN18700;31.03.1991;0
Oslo - Blindern;SN18700;01.04.1991;0
Oslo - Blindern;SN18700;02.04.1991;4,4
Oslo - Blindern;SN18700;03.04.1991;0
Oslo - Blindern;SN18700;04.04.1991;0
Oslo - Blindern;SN18700;05.04.1991;1
Oslo - Blindern;SN18700;06.04.1991;1,6
Oslo - Blindern;SN18700;07.04.1991;0
Oslo - Blindern;SN18700;08.04.1991;3,1
Oslo - Blindern;SN18700;09.04.1991;0,4
Oslo - Blindern;SN18700;10.04.1991;0
Oslo - Blindern;SN18700;11.04.1991;11,4
Oslo - Blindern;SN18700;12.04.1991;0
Oslo - Blindern;SN18700;13.04.1991;0
Oslo - Blindern;SN18700;14.04.1991;0
Oslo - Blindern;SN18700;15.04.1991;0
Oslo - Blindern;SN18700;16.04.1991;0
Oslo - Blindern;SN18700;17.04.1991;0
Oslo - Blindern;SN18700;18.04.1991;0
Oslo - Blindern;SN18700;19.04.1991;0
Oslo - Blindern;SN18700;20.04.1991;0
Oslo - Blindern;SN18700;21.04.1991;0
Oslo - Blindern;SN18700;22.04.1991;0,1
Oslo - Blindern;SN18700;23.04.1991;0
Oslo - Blindern;SN18700;24.04.1991;0
Oslo - Blindern;SN18700;25.04.1991;0
Oslo - Blindern;SN18700;26.04.1991;0
Oslo - Blindern;SN18700;27.04.1991;0
Oslo - Blindern;SN18700;28.04.1991;0,2
Oslo - Blindern;SN18700;29.04.1991;0
Oslo - Blindern;SN18700;30.04.1991;0
Oslo - Blindern;SN18700;01.05.1991;1,1
Oslo - Blindern;SN18700;02.05.1991;0
Oslo - Blindern;SN18700;03.05.1991;0
Oslo - Blindern;SN18700;04.05.1991;0
Oslo - Blindern;SN18700;05.05.1991;0
Oslo - Blindern;SN18700;06.05.1991;0
Oslo - Blindern;SN18700;07.05.1991;0
Oslo - Blindern;SN18700;08.05.1991;0
Oslo - Blindern;SN18700;09.05.1991;0
Oslo - Blindern;SN18700;10.05.1991;0
Oslo - Blindern;SN18700;11.05.1991;0
Oslo - Blindern;SN18700;12.05.1991;0,8
Oslo - Blindern;SN18700;13.05.1991;0
Oslo - Blindern;SN18700;14.05.1991;0,1
Oslo - Blindern;SN18700;15.05.1991;0,2
Oslo - Blindern;SN18700;16.05.1991;0
Oslo - Blindern;SN18700;17.05.1991;0
Oslo - Blindern;SN18700;18.05.1991;0
Oslo - Blindern;SN18700;19.05.1991;0
Oslo - Blindern;SN18700;20.05.1991;0,5
Oslo - Blindern;SN18700;21.05.1991;0
Oslo - Blindern;SN18700;22.05.1991;0
Oslo - Blindern;SN18700;23.05.1991;0
Oslo - Blindern;SN18700;24.05.1991;0
Oslo - Blindern;SN18700;25.05.1991;0
Oslo - Blindern;SN18700;26.05.1991;0
Oslo - Blindern;SN18700;27.05.1991;0
Oslo - Blindern;SN18700;28.05.1991;0
Oslo - Blindern;SN18700;29.05.1991;0
Oslo - Blindern;SN18700;30.05.1991;0
Oslo - Blindern;SN18700;31.05.1991;0
Oslo - Blindern;SN18700;01.06.1991;0
Oslo - Blindern;SN18700;02.06.1991;0
Oslo - Blindern;SN18700;03.06.1991;0
Oslo - Blindern;SN18700;04.06.1991;0
Oslo - Blindern;SN18700;05.06.1991;0
Oslo - Blindern;SN18700;06.06.1991;2,6
Oslo - Blindern;SN18700;07.06.1991;0
Oslo - Blindern;SN18700;08.06.1991;0,8
Oslo - Blindern;SN18700;09.06.1991;1,7
Oslo - Blindern;SN18700;10.06.1991;1,5
Oslo - Blindern;SN18700;11.06.1991;4,3
Oslo - Blindern;SN18700;12.06.1991;6,6
Oslo - Blindern;SN18700;13.06.1991;3,5
Oslo - Blindern;SN18700;14.06.1991;2,1
Oslo - Blindern;SN18700;15.06.1991;4,3
Oslo - Blindern;SN18700;16.06.1991;0,6
Oslo - Blindern;SN18700;17.06.1991;0
Oslo - Blindern;SN18700;18.06.1991;0,4
Oslo - Blindern;SN18700;19.06.1991;18,4
Oslo - Blindern;SN18700;20.06.1991;13,5
Oslo - Blindern;SN18700;21.06.1991;17,2
Oslo - Blindern;SN18700;22.06.1991;0
Oslo - Blindern;SN18700;23.06.1991;3,5
Oslo - Blindern;SN18700;24.06.1991;4
Oslo - Blindern;SN18700;25.06.1991;0,3
Oslo - Blindern;SN18700;26.06.1991;0
Oslo - Blindern;SN18700;27.06.1991;1,3
Oslo - Blindern;SN18700;28.06.1991;7,7
Oslo - Blindern;SN18700;29.06.1991;0,6
Oslo - Blindern;SN18700;30.06.1991;2
Oslo - Blindern;SN18700;01.07.1991;0
Oslo - Blindern;SN18700;02.07.1991;0
Oslo - Blindern;SN18700;03.07.1991;0
Oslo - Blindern;SN18700;04.07.1991;0
Oslo - Blindern;SN18700;05.07.1991;0
Oslo - Blindern;SN18700;06.07.1991;0
Oslo - Blindern;SN18700;07.07.1991;0
Oslo - Blindern;SN18700;08.07.1991;0
Oslo - Blindern;SN18700;09.07.1991;0
Oslo - Blindern;SN18700;10.07.1991;1
Oslo - Blindern;SN18700;11.07.1991;0
Oslo - Blindern;SN18700;12.07.1991;0
Oslo - Blindern;SN18700;13.07.1991;3,2
Oslo - Blindern;SN18700;14.07.1991;5,4
Oslo - Blindern;SN18700;15.07.1991;3
Oslo - Blindern;SN18700;16.07.1991;0,8
Oslo - Blindern;SN18700;17.07.1991;10,1
Oslo - Blindern;SN18700;18.07.1991;5,7
Oslo - Blindern;SN18700;19.07.1991;6,5
Oslo - Blindern;SN18700;20.07.1991;1,6
Oslo - Blindern;SN18700;21.07.1991;5,4
Oslo - Blindern;SN18700;22.07.1991;0
Oslo - Blindern;SN18700;23.07.1991;0
Oslo - Blindern;SN18700;24.07.1991;0
Oslo - Blindern;SN18700;25.07.1991;0
Oslo - Blindern;SN18700;26.07.1991;0,1
Oslo - Blindern;SN18700;27.07.1991;0
Oslo - Blindern;SN18700;28.07.1991;0
Oslo - Blindern;SN18700;29.07.1991;0
Oslo - Blindern;SN18700;30.07.1991;0
Oslo - Blindern;SN18700;31.07.1991;0
Oslo - Blindern;SN18700;01.08.1991;0
Oslo - Blindern;SN18700;02.08.1991;0
Oslo - Blindern;SN18700;03.08.1991;0,4
Oslo - Blindern;SN18700;04.08.1991;1,8
Oslo - Blindern;SN18700;05.08.1991;0
Oslo - Blindern;SN18700;06.08.1991;4
Oslo - Blindern;SN18700;07.08.1991;1,5
Oslo - Blindern;SN18700;08.08.1991;0,3
Oslo - Blindern;SN18700;09.08.1991;0
Oslo - Blindern;SN18700;10.08.1991;0,6
Oslo - Blindern;SN18700;11.08.1991;0
Oslo - Blindern;SN18700;12.08.1991;0
Oslo - Blindern;SN18700;13.08.1991;3
Oslo - Blindern;SN18700;14.08.1991;0
Oslo - Blindern;SN18700;15.08.1991;0
Oslo - Blindern;SN18700;16.08.1991;4
Oslo - Blindern;SN18700;17.08.1991;2
Oslo - Blindern;SN18700;18.08.1991;6,7
Oslo - Blindern;SN18700;19.08.1991;0
Oslo - Blindern;SN18700;20.08.1991;0
Oslo - Blindern;SN18700;21.08.1991;0,1
Oslo - Blindern;SN18700;22.08.1991;0
Oslo - Blindern;SN18700;23.08.1991;0
Oslo - Blindern;SN18700;24.08.1991;1,6
Oslo - Blindern;SN18700;25.08.1991;6,7
Oslo - Blindern;SN18700;26.08.1991;0
Oslo - Blindern;SN18700;27.08.1991;0
Oslo - Blindern;SN18700;28.08.1991;0
Oslo - Blindern;SN18700;29.08.1991;0
Oslo - Blindern;SN18700;30.08.1991;0
Oslo - Blindern;SN18700;31.08.1991;0
Oslo - Blindern;SN18700;01.09.1991;0
Oslo - Blindern;SN18700;02.09.1991;0
Oslo - Blindern;SN18700;03.09.1991;0
Oslo - Blindern;SN18700;04.09.1991;0
Oslo - Blindern;SN18700;05.09.1991;0
Oslo - Blindern;SN18700;06.09.1991;0
Oslo - Blindern;SN18700;07.09.1991;0
Oslo - Blindern;SN18700;08.09.1991;0
Oslo - Blindern;SN18700;09.09.1991;0
Oslo - Blindern;SN18700;10.09.1991;0
Oslo - Blindern;SN18700;11.09.1991;3,1
Oslo - Blindern;SN18700;12.09.1991;0
Oslo - Blindern;SN18700;13.09.1991;0
Oslo - Blindern;SN18700;14.09.1991;12,5
Oslo - Blindern;SN18700;15.09.1991;16,7
Oslo - Blindern;SN18700;16.09.1991;0
Oslo - Blindern;SN18700;17.09.1991;0
Oslo - Blindern;SN18700;18.09.1991;2,4
Oslo - Blindern;SN18700;19.09.1991;8,1
Oslo - Blindern;SN18700;20.09.1991;0
Oslo - Blindern;SN18700;21.09.1991;0
Oslo - Blindern;SN18700;22.09.1991;1,1
Oslo - Blindern;SN18700;23.09.1991;12,9
Oslo - Blindern;SN18700;24.09.1991;2,9
Oslo - Blindern;SN18700;25.09.1991;6,6
Oslo - Blindern;SN18700;26.09.1991;0
Oslo - Blindern;SN18700;27.09.1991;0
Oslo - Blindern;SN18700;28.09.1991;0
Oslo - Blindern;SN18700;29.09.1991;0
Oslo - Blindern;SN18700;30.09.1991;4
Oslo - Blindern;SN18700;01.10.1991;20,7
Oslo - Blindern;SN18700;02.10.1991;11
Oslo - Blindern;SN18700;03.10.1991;0
Oslo - Blindern;SN18700;04.10.1991;4,2
Oslo - Blindern;SN18700;05.10.1991;0
Oslo - Blindern;SN18700;06.10.1991;12,9
Oslo - Blindern;SN18700;07.10.1991;0,1
Oslo - Blindern;SN18700;08.10.1991;0
Oslo - Blindern;SN18700;09.10.1991;0
Oslo - Blindern;SN18700;10.10.1991;0
Oslo - Blindern;SN18700;11.10.1991;0
Oslo - Blindern;SN18700;12.10.1991;0,2
Oslo - Blindern;SN18700;13.10.1991;0
Oslo - Blindern;SN18700;14.10.1991;0
Oslo - Blindern;SN18700;15.10.1991;0,1
Oslo - Blindern;SN18700;16.10.1991;0
Oslo - Blindern;SN18700;17.10.1991;10,2
Oslo - Blindern;SN18700;18.10.1991;2,2
Oslo - Blindern;SN18700;19.10.1991;0
Oslo - Blindern;SN18700;20.10.1991;0
Oslo - Blindern;SN18700;21.10.1991;0
Oslo - Blindern;SN18700;22.10.1991;0
Oslo - Blindern;SN18700;23.10.1991;0
Oslo - Blindern;SN18700;24.10.1991;0
Oslo - Blindern;SN18700;25.10.1991;0
Oslo - Blindern;SN18700;26.10.1991;0
Oslo - Blindern;SN18700;27.10.1991;0
Oslo - Blindern;SN18700;28.10.1991;0,3
Oslo - Blindern;SN18700;29.10.1991;0
Oslo - Blindern;SN18700;30.10.1991;0,5
Oslo - Blindern;SN18700;31.10.1991;0
Oslo - Blindern;SN18700;01.11.1991;0
Oslo - Blindern;SN18700;02.11.1991;11,8
Oslo - Blindern;SN18700;03.11.1991;13,5
Oslo - Blindern;SN18700;04.11.1991;27,2
Oslo - Blindern;SN18700;05.11.1991;4,5
Oslo - Blindern;SN18700;06.11.1991;5,1
Oslo - Blindern;SN18700;07.11.1991;12
Oslo - Blindern;SN18700;08.11.1991;0,2
Oslo - Blindern;SN18700;09.11.1991;0,1
Oslo - Blindern;SN18700;10.11.1991;0
Oslo - Blindern;SN18700;11.11.1991;2,7
Oslo - Blindern;SN18700;12.11.1991;3,7
Oslo - Blindern;SN18700;13.11.1991;5,2
Oslo - Blindern;SN18700;14.11.1991;3,1
Oslo - Blindern;SN18700;15.11.1991;8,9
Oslo - Blindern;SN18700;16.11.1991;0
Oslo - Blindern;SN18700;17.11.1991;0
Oslo - Blindern;SN18700;18.11.1991;0
Oslo - Blindern;SN18700;19.11.1991;0
Oslo - Blindern;SN18700;20.11.1991;0
Oslo - Blindern;SN18700;21.11.1991;0
Oslo - Blindern;SN18700;22.11.1991;7,2
Oslo - Blindern;SN18700;23.11.1991;1,4
Oslo - Blindern;SN18700;24.11.1991;0,2
Oslo - Blindern;SN18700;25.11.1991;0,1
Oslo - Blindern;SN18700;26.11.1991;0,9
Oslo - Blindern;SN18700;27.11.1991;5,6
Oslo - Blindern;SN18700;28.11.1991;0
Oslo - Blindern;SN18700;29.11.1991;1,8
Oslo - Blindern;SN18700;30.11.1991;0,2
Oslo - Blindern;SN18700;01.12.1991;0,2
Oslo - Blindern;SN18700;02.12.1991;0,1
Oslo - Blindern;SN18700;03.12.1991;0
Oslo - Blindern;SN18700;04.12.1991;0
Oslo - Blindern;SN18700;05.12.1991;0
Oslo - Blindern;SN18700;06.12.1991;0
Oslo - Blindern;SN18700;07.12.1991;0
Oslo - Blindern;SN18700;08.12.1991;0
Oslo - Blindern;SN18700;09.12.1991;0
Oslo - Blindern;SN18700;10.12.1991;1
Oslo - Blindern;SN18700;11.12.1991;0
Oslo - Blindern;SN18700;12.12.1991;0
Oslo - Blindern;SN18700;13.12.1991;0
Oslo - Blindern;SN18700;14.12.1991;0
Oslo - Blindern;SN18700;15.12.1991;0
Oslo - Blindern;SN18700;16.12.1991;0
Oslo - Blindern;SN18700;17.12.1991;0,2
Oslo - Blindern;SN18700;18.12.1991;1,7
Oslo - Blindern;SN18700;19.12.1991;0
Oslo - Blindern;SN18700;20.12.1991;6,5
Oslo - Blindern;SN18700;21.12.1991;0
Oslo - Blindern;SN18700;22.12.1991;0
Oslo - Blindern;SN18700;23.12.1991;4,3
Oslo - Blindern;SN18700;24.12.1991;0
Oslo - Blindern;SN18700;25.12.1991;0
Oslo - Blindern;SN18700;26.12.1991;5,6
Oslo - Blindern;SN18700;27.12.1991;1,5
Oslo - Blindern;SN18700;28.12.1991;0
Oslo - Blindern;SN18700;29.12.1991;0
Oslo - Blindern;SN18700;30.12.1991;0
Oslo - Blindern;SN18700;31.12.1991;0
Oslo - Blindern;SN18700;01.01.1992;0
Oslo - Blindern;SN18700;02.01.1992;0
Oslo - Blindern;SN18700;03.01.1992;0
Oslo - Blindern;SN18700;04.01.1992;0
Oslo - Blindern;SN18700;05.01.1992;0
Oslo - Blindern;SN18700;06.01.1992;0
Oslo - Blindern;SN18700;07.01.1992;4,7
Oslo - Blindern;SN18700;08.01.1992;0,2
Oslo - Blindern;SN18700;09.01.1992;0
Oslo - Blindern;SN18700;10.01.1992;0
Oslo - Blindern;SN18700;11.01.1992;0
Oslo - Blindern;SN18700;12.01.1992;0
Oslo - Blindern;SN18700;13.01.1992;0
Oslo - Blindern;SN18700;14.01.1992;0,3
Oslo - Blindern;SN18700;15.01.1992;0
Oslo - Blindern;SN18700;16.01.1992;0
Oslo - Blindern;SN18700;17.01.1992;0
Oslo - Blindern;SN18700;18.01.1992;0
Oslo - Blindern;SN18700;19.01.1992;8,6
Oslo - Blindern;SN18700;20.01.1992;0,3
Oslo - Blindern;SN18700;21.01.1992;0
Oslo - Blindern;SN18700;22.01.1992;0
Oslo - Blindern;SN18700;23.01.1992;0
Oslo - Blindern;SN18700;24.01.1992;0
Oslo - Blindern;SN18700;25.01.1992;0
Oslo - Blindern;SN18700;26.01.1992;0
Oslo - Blindern;SN18700;27.01.1992;0
Oslo - Blindern;SN18700;28.01.1992;0
Oslo - Blindern;SN18700;29.01.1992;0
Oslo - Blindern;SN18700;30.01.1992;0,1
Oslo - Blindern;SN18700;31.01.1992;0
Oslo - Blindern;SN18700;01.02.1992;0,2
Oslo - Blindern;SN18700;02.02.1992;0
Oslo - Blindern;SN18700;03.02.1992;0,7
Oslo - Blindern;SN18700;04.02.1992;0
Oslo - Blindern;SN18700;05.02.1992;0
Oslo - Blindern;SN18700;06.02.1992;0
Oslo - Blindern;SN18700;07.02.1992;0,2
Oslo - Blindern;SN18700;08.02.1992;0
Oslo - Blindern;SN18700;09.02.1992;0,6
Oslo - Blindern;SN18700;10.02.1992;2,9
Oslo - Blindern;SN18700;11.02.1992;7,9
Oslo - Blindern;SN18700;12.02.1992;0
Oslo - Blindern;SN18700;13.02.1992;2,9
Oslo - Blindern;SN18700;14.02.1992;4
Oslo - Blindern;SN18700;15.02.1992;2,4
Oslo - Blindern;SN18700;16.02.1992;0,2
Oslo - Blindern;SN18700;17.02.1992;0
Oslo - Blindern;SN18700;18.02.1992;0
Oslo - Blindern;SN18700;19.02.1992;0
Oslo - Blindern;SN18700;20.02.1992;0
Oslo - Blindern;SN18700;21.02.1992;0
Oslo - Blindern;SN18700;22.02.1992;0
Oslo - Blindern;SN18700;23.02.1992;0
Oslo - Blindern;SN18700;24.02.1992;0
Oslo - Blindern;SN18700;25.02.1992;0
Oslo - Blindern;SN18700;26.02.1992;0
Oslo - Blindern;SN18700;27.02.1992;0,3
Oslo - Blindern;SN18700;28.02.1992;0
Oslo - Blindern;SN18700;29.02.1992;0
Oslo - Blindern;SN18700;01.03.1992;0
Oslo - Blindern;SN18700;02.03.1992;6,7
Oslo - Blindern;SN18700;03.03.1992;4,2
Oslo - Blindern;SN18700;04.03.1992;0
Oslo - Blindern;SN18700;05.03.1992;0
Oslo - Blindern;SN18700;06.03.1992;1
Oslo - Blindern;SN18700;07.03.1992;2,5
Oslo - Blindern;SN18700;08.03.1992;0
Oslo - Blindern;SN18700;09.03.1992;1,4
Oslo - Blindern;SN18700;10.03.1992;0,2
Oslo - Blindern;SN18700;11.03.1992;3,2
Oslo - Blindern;SN18700;12.03.1992;0,7
Oslo - Blindern;SN18700;13.03.1992;5
Oslo - Blindern;SN18700;14.03.1992;0,3
Oslo - Blindern;SN18700;15.03.1992;0
Oslo - Blindern;SN18700;16.03.1992;0
Oslo - Blindern;SN18700;17.03.1992;2,5
Oslo - Blindern;SN18700;18.03.1992;0
Oslo - Blindern;SN18700;19.03.1992;2
Oslo - Blindern;SN18700;20.03.1992;8,7
Oslo - Blindern;SN18700;21.03.1992;3,5
Oslo - Blindern;SN18700;22.03.1992;11,7
Oslo - Blindern;SN18700;23.03.1992;6,7
Oslo - Blindern;SN18700;24.03.1992;0
Oslo - Blindern;SN18700;25.03.1992;0
Oslo - Blindern;SN18700;26.03.1992;6,5
Oslo - Blindern;SN18700;27.03.1992;1,3
Oslo - Blindern;SN18700;28.03.1992;0,3
Oslo - Blindern;SN18700;29.03.1992;0
Oslo - Blindern;SN18700;30.03.1992;0
Oslo - Blindern;SN18700;31.03.1992;0,3
Oslo - Blindern;SN18700;01.04.1992;0
Oslo - Blindern;SN18700;02.04.1992;1,6
Oslo - Blindern;SN18700;03.04.1992;4,9
Oslo - Blindern;SN18700;04.04.1992;2,7
Oslo - Blindern;SN18700;05.04.1992;0,1
Oslo - Blindern;SN18700;06.04.1992;0,8
Oslo - Blindern;SN18700;07.04.1992;0,1
Oslo - Blindern;SN18700;08.04.1992;0
Oslo - Blindern;SN18700;09.04.1992;0
Oslo - Blindern;SN18700;10.04.1992;0
Oslo - Blindern;SN18700;11.04.1992;1,2
Oslo - Blindern;SN18700;12.04.1992;0
Oslo - Blindern;SN18700;13.04.1992;1
Oslo - Blindern;SN18700;14.04.1992;15,3
Oslo - Blindern;SN18700;15.04.1992;0
Oslo - Blindern;SN18700;16.04.1992;0
Oslo - Blindern;SN18700;17.04.1992;0
Oslo - Blindern;SN18700;18.04.1992;2
Oslo - Blindern;SN18700;19.04.1992;2,5
Oslo - Blindern;SN18700;20.04.1992;0
Oslo - Blindern;SN18700;21.04.1992;0
Oslo - Blindern;SN18700;22.04.1992;0
Oslo - Blindern;SN18700;23.04.1992;0
Oslo - Blindern;SN18700;24.04.1992;0
Oslo - Blindern;SN18700;25.04.1992;6,1
Oslo - Blindern;SN18700;26.04.1992;9
Oslo - Blindern;SN18700;27.04.1992;6,3
Oslo - Blindern;SN18700;28.04.1992;5,6
Oslo - Blindern;SN18700;29.04.1992;0
Oslo - Blindern;SN18700;30.04.1992;0
Oslo - Blindern;SN18700;01.05.1992;4,9
Oslo - Blindern;SN18700;02.05.1992;18,1
Oslo - Blindern;SN18700;03.05.1992;0,1
Oslo - Blindern;SN18700;04.05.1992;0
Oslo - Blindern;SN18700;05.05.1992;0,3
Oslo - Blindern;SN18700;06.05.1992;0
Oslo - Blindern;SN18700;07.05.1992;0
Oslo - Blindern;SN18700;08.05.1992;0
Oslo - Blindern;SN18700;09.05.1992;0,2
Oslo - Blindern;SN18700;10.05.1992;0
Oslo - Blindern;SN18700;11.05.1992;0
Oslo - Blindern;SN18700;12.05.1992;0
Oslo - Blindern;SN18700;13.05.1992;12,5
Oslo - Blindern;SN18700;14.05.1992;0
Oslo - Blindern;SN18700;15.05.1992;0
Oslo - Blindern;SN18700;16.05.1992;0
Oslo - Blindern;SN18700;17.05.1992;0
Oslo - Blindern;SN18700;18.05.1992;0
Oslo - Blindern;SN18700;19.05.1992;0
Oslo - Blindern;SN18700;20.05.1992;0
Oslo - Blindern;SN18700;21.05.1992;0
Oslo - Blindern;SN18700;22.05.1992;0
Oslo - Blindern;SN18700;23.05.1992;0
Oslo - Blindern;SN18700;24.05.1992;0
Oslo - Blindern;SN18700;25.05.1992;0
Oslo - Blindern;SN18700;26.05.1992;0
Oslo - Blindern;SN18700;27.05.1992;0
Oslo - Blindern;SN18700;28.05.1992;0
Oslo - Blindern;SN18700;29.05.1992;0
Oslo - Blindern;SN18700;30.05.1992;0
Oslo - Blindern;SN18700;31.05.1992;0
Oslo - Blindern;SN18700;01.06.1992;0
Oslo - Blindern;SN18700;02.06.1992;0
Oslo - Blindern;SN18700;03.06.1992;0
Oslo - Blindern;SN18700;04.06.1992;0
Oslo - Blindern;SN18700;05.06.1992;0
Oslo - Blindern;SN18700;06.06.1992;0
Oslo - Blindern;SN18700;07.06.1992;31,8
Oslo - Blindern;SN18700;08.06.1992;0
Oslo - Blindern;SN18700;09.06.1992;1
Oslo - Blindern;SN18700;10.06.1992;0
Oslo - Blindern;SN18700;11.06.1992;0
Oslo - Blindern;SN18700;12.06.1992;0,3
Oslo - Blindern;SN18700;13.06.1992;2,7
Oslo - Blindern;SN18700;14.06.1992;0
Oslo - Blindern;SN18700;15.06.1992;0
Oslo - Blindern;SN18700;16.06.1992;0
Oslo - Blindern;SN18700;17.06.1992;0
Oslo - Blindern;SN18700;18.06.1992;0
Oslo - Blindern;SN18700;19.06.1992;0
Oslo - Blindern;SN18700;20.06.1992;0
Oslo - Blindern;SN18700;21.06.1992;0
Oslo - Blindern;SN18700;22.06.1992;0,2
Oslo - Blindern;SN18700;23.06.1992;0
Oslo - Blindern;SN18700;24.06.1992;0
Oslo - Blindern;SN18700;25.06.1992;0
Oslo - Blindern;SN18700;26.06.1992;0
Oslo - Blindern;SN18700;27.06.1992;0
Oslo - Blindern;SN18700;28.06.1992;0
Oslo - Blindern;SN18700;29.06.1992;0
Oslo - Blindern;SN18700;30.06.1992;1,5
Oslo - Blindern;SN18700;01.07.1992;1
Oslo - Blindern;SN18700;02.07.1992;3,6
Oslo - Blindern;SN18700;03.07.1992;0
Oslo - Blindern;SN18700;04.07.1992;0
Oslo - Blindern;SN18700;05.07.1992;0
Oslo - Blindern;SN18700;06.07.1992;0
Oslo - Blindern;SN18700;07.07.1992;0
Oslo - Blindern;SN18700;08.07.1992;0
Oslo - Blindern;SN18700;09.07.1992;0
Oslo - Blindern;SN18700;10.07.1992;0
Oslo - Blindern;SN18700;11.07.1992;6,3
Oslo - Blindern;SN18700;12.07.1992;0
Oslo - Blindern;SN18700;13.07.1992;4,4
Oslo - Blindern;SN18700;14.07.1992;6,1
Oslo - Blindern;SN18700;15.07.1992;7,7
Oslo - Blindern;SN18700;16.07.1992;0
Oslo - Blindern;SN18700;17.07.1992;0
Oslo - Blindern;SN18700;18.07.1992;11,1
Oslo - Blindern;SN18700;19.07.1992;0,1
Oslo - Blindern;SN18700;20.07.1992;9,2
Oslo - Blindern;SN18700;21.07.1992;0
Oslo - Blindern;SN18700;22.07.1992;18,3
Oslo - Blindern;SN18700;23.07.1992;2,1
Oslo - Blindern;SN18700;24.07.1992;0
Oslo - Blindern;SN18700;25.07.1992;1,3
Oslo - Blindern;SN18700;26.07.1992;0
Oslo - Blindern;SN18700;27.07.1992;10,8
Oslo - Blindern;SN18700;28.07.1992;6,7
Oslo - Blindern;SN18700;29.07.1992;0
Oslo - Blindern;SN18700;30.07.1992;0
Oslo - Blindern;SN18700;31.07.1992;0
Oslo - Blindern;SN18700;01.08.1992;0
Oslo - Blindern;SN18700;02.08.1992;1,7
Oslo - Blindern;SN18700;03.08.1992;3
Oslo - Blindern;SN18700;04.08.1992;8,8
Oslo - Blindern;SN18700;05.08.1992;0,7
Oslo - Blindern;SN18700;06.08.1992;1,2
Oslo - Blindern;SN18700;07.08.1992;0
Oslo - Blindern;SN18700;08.08.1992;0
Oslo - Blindern;SN18700;09.08.1992;0
Oslo - Blindern;SN18700;10.08.1992;2,7
Oslo - Blindern;SN18700;11.08.1992;7,2
Oslo - Blindern;SN18700;12.08.1992;2,4
Oslo - Blindern;SN18700;13.08.1992;13,2
Oslo - Blindern;SN18700;14.08.1992;8,9
Oslo - Blindern;SN18700;15.08.1992;1,5
Oslo - Blindern;SN18700;16.08.1992;0
Oslo - Blindern;SN18700;17.08.1992;21,4
Oslo - Blindern;SN18700;18.08.1992;5,5
Oslo - Blindern;SN18700;19.08.1992;0,1
Oslo - Blindern;SN18700;20.08.1992;0
Oslo - Blindern;SN18700;21.08.1992;0
Oslo - Blindern;SN18700;22.08.1992;3,3
Oslo - Blindern;SN18700;23.08.1992;0,4
Oslo - Blindern;SN18700;24.08.1992;22,1
Oslo - Blindern;SN18700;25.08.1992;8,3
Oslo - Blindern;SN18700;26.08.1992;0,1
Oslo - Blindern;SN18700;27.08.1992;0,6
Oslo - Blindern;SN18700;28.08.1992;14
Oslo - Blindern;SN18700;29.08.1992;6,4
Oslo - Blindern;SN18700;30.08.1992;0
Oslo - Blindern;SN18700;31.08.1992;1,8
Oslo - Blindern;SN18700;01.09.1992;6
Oslo - Blindern;SN18700;02.09.1992;0
Oslo - Blindern;SN18700;03.09.1992;7,4
Oslo - Blindern;SN18700;04.09.1992;4,5
Oslo - Blindern;SN18700;05.09.1992;3
Oslo - Blindern;SN18700;06.09.1992;0
Oslo - Blindern;SN18700;07.09.1992;0
Oslo - Blindern;SN18700;08.09.1992;0,6
Oslo - Blindern;SN18700;09.09.1992;1,5
Oslo - Blindern;SN18700;10.09.1992;0,4
Oslo - Blindern;SN18700;11.09.1992;0
Oslo - Blindern;SN18700;12.09.1992;7,5
Oslo - Blindern;SN18700;13.09.1992;3
Oslo - Blindern;SN18700;14.09.1992;1,3
Oslo - Blindern;SN18700;15.09.1992;20,7
Oslo - Blindern;SN18700;16.09.1992;4
Oslo - Blindern;SN18700;17.09.1992;0
Oslo - Blindern;SN18700;18.09.1992;0
Oslo - Blindern;SN18700;19.09.1992;0
Oslo - Blindern;SN18700;20.09.1992;0
Oslo - Blindern;SN18700;21.09.1992;0
Oslo - Blindern;SN18700;22.09.1992;1,6
Oslo - Blindern;SN18700;23.09.1992;0
Oslo - Blindern;SN18700;24.09.1992;0,8
Oslo - Blindern;SN18700;25.09.1992;1,4
Oslo - Blindern;SN18700;26.09.1992;0,3
Oslo - Blindern;SN18700;27.09.1992;0
Oslo - Blindern;SN18700;28.09.1992;0
Oslo - Blindern;SN18700;29.09.1992;0
Oslo - Blindern;SN18700;30.09.1992;0
Oslo - Blindern;SN18700;01.10.1992;0
Oslo - Blindern;SN18700;02.10.1992;0
Oslo - Blindern;SN18700;03.10.1992;0
Oslo - Blindern;SN18700;04.10.1992;0
Oslo - Blindern;SN18700;05.10.1992;0
Oslo - Blindern;SN18700;06.10.1992;0
Oslo - Blindern;SN18700;07.10.1992;0
Oslo - Blindern;SN18700;08.10.1992;0
Oslo - Blindern;SN18700;09.10.1992;1
Oslo - Blindern;SN18700;10.10.1992;0
Oslo - Blindern;SN18700;11.10.1992;0
Oslo - Blindern;SN18700;12.10.1992;0
Oslo - Blindern;SN18700;13.10.1992;0,2
Oslo - Blindern;SN18700;14.10.1992;0
Oslo - Blindern;SN18700;15.10.1992;0
Oslo - Blindern;SN18700;16.10.1992;0,9
Oslo - Blindern;SN18700;17.10.1992;0
Oslo - Blindern;SN18700;18.10.1992;0
Oslo - Blindern;SN18700;19.10.1992;9,5
Oslo - Blindern;SN18700;20.10.1992;7,6
Oslo - Blindern;SN18700;21.10.1992;0
Oslo - Blindern;SN18700;22.10.1992;0
Oslo - Blindern;SN18700;23.10.1992;0,3
Oslo - Blindern;SN18700;24.10.1992;4,4
Oslo - Blindern;SN18700;25.10.1992;0,3
Oslo - Blindern;SN18700;26.10.1992;2
Oslo - Blindern;SN18700;27.10.1992;0,5
Oslo - Blindern;SN18700;28.10.1992;0,1
Oslo - Blindern;SN18700;29.10.1992;1
Oslo - Blindern;SN18700;30.10.1992;0,4
Oslo - Blindern;SN18700;31.10.1992;6,5
Oslo - Blindern;SN18700;01.11.1992;0
Oslo - Blindern;SN18700;02.11.1992;7,6
Oslo - Blindern;SN18700;03.11.1992;18,6
Oslo - Blindern;SN18700;04.11.1992;0
Oslo - Blindern;SN18700;05.11.1992;0
Oslo - Blindern;SN18700;06.11.1992;14
Oslo - Blindern;SN18700;07.11.1992;0,7
Oslo - Blindern;SN18700;08.11.1992;0
Oslo - Blindern;SN18700;09.11.1992;0
Oslo - Blindern;SN18700;10.11.1992;0,9
Oslo - Blindern;SN18700;11.11.1992;10,8
Oslo - Blindern;SN18700;12.11.1992;7,4
Oslo - Blindern;SN18700;13.11.1992;7,6
Oslo - Blindern;SN18700;14.11.1992;0
Oslo - Blindern;SN18700;15.11.1992;0
Oslo - Blindern;SN18700;16.11.1992;0
Oslo - Blindern;SN18700;17.11.1992;0,3
Oslo - Blindern;SN18700;18.11.1992;2,9
Oslo - Blindern;SN18700;19.11.1992;8
Oslo - Blindern;SN18700;20.11.1992;7,4
Oslo - Blindern;SN18700;21.11.1992;0
Oslo - Blindern;SN18700;22.11.1992;0
Oslo - Blindern;SN18700;23.11.1992;0,2
Oslo - Blindern;SN18700;24.11.1992;17,5
Oslo - Blindern;SN18700;25.11.1992;0,3
Oslo - Blindern;SN18700;26.11.1992;19,5
Oslo - Blindern;SN18700;27.11.1992;0,1
Oslo - Blindern;SN18700;28.11.1992;6,7
Oslo - Blindern;SN18700;29.11.1992;10,5
Oslo - Blindern;SN18700;30.11.1992;0
Oslo - Blindern;SN18700;01.12.1992;6,9
Oslo - Blindern;SN18700;02.12.1992;4
Oslo - Blindern;SN18700;03.12.1992;11,8
Oslo - Blindern;SN18700;04.12.1992;14,1
Oslo - Blindern;SN18700;05.12.1992;0
Oslo - Blindern;SN18700;06.12.1992;0,5
Oslo - Blindern;SN18700;07.12.1992;0
Oslo - Blindern;SN18700;08.12.1992;0
Oslo - Blindern;SN18700;09.12.1992;0
Oslo - Blindern;SN18700;10.12.1992;0
Oslo - Blindern;SN18700;11.12.1992;0,3
Oslo - Blindern;SN18700;12.12.1992;0
Oslo - Blindern;SN18700;13.12.1992;0
Oslo - Blindern;SN18700;14.12.1992;8,4
Oslo - Blindern;SN18700;15.12.1992;0,6
Oslo - Blindern;SN18700;16.12.1992;0
Oslo - Blindern;SN18700;17.12.1992;0,2
Oslo - Blindern;SN18700;18.12.1992;0
Oslo - Blindern;SN18700;19.12.1992;4,9
Oslo - Blindern;SN18700;20.12.1992;0
Oslo - Blindern;SN18700;21.12.1992;0
Oslo - Blindern;SN18700;22.12.1992;0
Oslo - Blindern;SN18700;23.12.1992;0
Oslo - Blindern;SN18700;24.12.1992;0
Oslo - Blindern;SN18700;25.12.1992;0
Oslo - Blindern;SN18700;26.12.1992;0
Oslo - Blindern;SN18700;27.12.1992;0
Oslo - Blindern;SN18700;28.12.1992;0
Oslo - Blindern;SN18700;29.12.1992;0
Oslo - Blindern;SN18700;30.12.1992;0
Oslo - Blindern;SN18700;31.12.1992;0,1
Oslo - Blindern;SN18700;01.01.1993;0
Oslo - Blindern;SN18700;02.01.1993;0
Oslo - Blindern;SN18700;03.01.1993;0
Oslo - Blindern;SN18700;04.01.1993;0
Oslo - Blindern;SN18700;05.01.1993;0
Oslo - Blindern;SN18700;06.01.1993;7,2
Oslo - Blindern;SN18700;07.01.1993;0
Oslo - Blindern;SN18700;08.01.1993;0,3
Oslo - Blindern;SN18700;09.01.1993;0,3
Oslo - Blindern;SN18700;10.01.1993;6,5
Oslo - Blindern;SN18700;11.01.1993;5,3
Oslo - Blindern;SN18700;12.01.1993;0,5
Oslo - Blindern;SN18700;13.01.1993;0
Oslo - Blindern;SN18700;14.01.1993;5,4
Oslo - Blindern;SN18700;15.01.1993;0
Oslo - Blindern;SN18700;16.01.1993;4,4
Oslo - Blindern;SN18700;17.01.1993;0
Oslo - Blindern;SN18700;18.01.1993;0
Oslo - Blindern;SN18700;19.01.1993;0
Oslo - Blindern;SN18700;20.01.1993;0
Oslo - Blindern;SN18700;21.01.1993;5,8
Oslo - Blindern;SN18700;22.01.1993;0,2
Oslo - Blindern;SN18700;23.01.1993;0
Oslo - Blindern;SN18700;24.01.1993;5,8
Oslo - Blindern;SN18700;25.01.1993;2,5
Oslo - Blindern;SN18700;26.01.1993;0
Oslo - Blindern;SN18700;27.01.1993;0
Oslo - Blindern;SN18700;28.01.1993;0
Oslo - Blindern;SN18700;29.01.1993;0
Oslo - Blindern;SN18700;30.01.1993;0
Oslo - Blindern;SN18700;31.01.1993;0
Oslo - Blindern;SN18700;01.02.1993;0
Oslo - Blindern;SN18700;02.02.1993;0
Oslo - Blindern;SN18700;03.02.1993;0
Oslo - Blindern;SN18700;04.02.1993;0
Oslo - Blindern;SN18700;05.02.1993;0
Oslo - Blindern;SN18700;06.02.1993;0
Oslo - Blindern;SN18700;07.02.1993;0
Oslo - Blindern;SN18700;08.02.1993;0
Oslo - Blindern;SN18700;09.02.1993;0
Oslo - Blindern;SN18700;10.02.1993;0
Oslo - Blindern;SN18700;11.02.1993;0,3
Oslo - Blindern;SN18700;12.02.1993;0,1
Oslo - Blindern;SN18700;13.02.1993;0,1
Oslo - Blindern;SN18700;14.02.1993;0
Oslo - Blindern;SN18700;15.02.1993;0,4
Oslo - Blindern;SN18700;16.02.1993;0
Oslo - Blindern;SN18700;17.02.1993;1,3
Oslo - Blindern;SN18700;18.02.1993;0
Oslo - Blindern;SN18700;19.02.1993;0
Oslo - Blindern;SN18700;20.02.1993;0
Oslo - Blindern;SN18700;21.02.1993;5,3
Oslo - Blindern;SN18700;22.02.1993;0
Oslo - Blindern;SN18700;23.02.1993;0
Oslo - Blindern;SN18700;24.02.1993;0
Oslo - Blindern;SN18700;25.02.1993;0
Oslo - Blindern;SN18700;26.02.1993;0,9
Oslo - Blindern;SN18700;27.02.1993;13,5
Oslo - Blindern;SN18700;28.02.1993;22,5
Oslo - Blindern;SN18700;01.03.1993;0,6
Oslo - Blindern;SN18700;02.03.1993;0
Oslo - Blindern;SN18700;03.03.1993;0
Oslo - Blindern;SN18700;04.03.1993;0
Oslo - Blindern;SN18700;05.03.1993;0,5
Oslo - Blindern;SN18700;06.03.1993;0
Oslo - Blindern;SN18700;07.03.1993;0
Oslo - Blindern;SN18700;08.03.1993;0
Oslo - Blindern;SN18700;09.03.1993;0
Oslo - Blindern;SN18700;10.03.1993;0
Oslo - Blindern;SN18700;11.03.1993;0
Oslo - Blindern;SN18700;12.03.1993;0
Oslo - Blindern;SN18700;13.03.1993;0
Oslo - Blindern;SN18700;14.03.1993;0
Oslo - Blindern;SN18700;15.03.1993;0
Oslo - Blindern;SN18700;16.03.1993;0,2
Oslo - Blindern;SN18700;17.03.1993;0
Oslo - Blindern;SN18700;18.03.1993;0
Oslo - Blindern;SN18700;19.03.1993;0
Oslo - Blindern;SN18700;20.03.1993;0
Oslo - Blindern;SN18700;21.03.1993;0
Oslo - Blindern;SN18700;22.03.1993;0
Oslo - Blindern;SN18700;23.03.1993;3,6
Oslo - Blindern;SN18700;24.03.1993;0
Oslo - Blindern;SN18700;25.03.1993;0
Oslo - Blindern;SN18700;26.03.1993;0
Oslo - Blindern;SN18700;27.03.1993;0
Oslo - Blindern;SN18700;28.03.1993;0
Oslo - Blindern;SN18700;29.03.1993;0
Oslo - Blindern;SN18700;30.03.1993;0
Oslo - Blindern;SN18700;31.03.1993;0
Oslo - Blindern;SN18700;01.04.1993;0,2
Oslo - Blindern;SN18700;02.04.1993;0
Oslo - Blindern;SN18700;03.04.1993;0
Oslo - Blindern;SN18700;04.04.1993;0
Oslo - Blindern;SN18700;05.04.1993;0,8
Oslo - Blindern;SN18700;06.04.1993;3,6
Oslo - Blindern;SN18700;07.04.1993;1,9
Oslo - Blindern;SN18700;08.04.1993;0
Oslo - Blindern;SN18700;09.04.1993;0
Oslo - Blindern;SN18700;10.04.1993;0
Oslo - Blindern;SN18700;11.04.1993;0
Oslo - Blindern;SN18700;12.04.1993;0
Oslo - Blindern;SN18700;13.04.1993;0
Oslo - Blindern;SN18700;14.04.1993;0
Oslo - Blindern;SN18700;15.04.1993;0
Oslo - Blindern;SN18700;16.04.1993;0
Oslo - Blindern;SN18700;17.04.1993;1,1
Oslo - Blindern;SN18700;18.04.1993;0
Oslo - Blindern;SN18700;19.04.1993;0
Oslo - Blindern;SN18700;20.04.1993;0
Oslo - Blindern;SN18700;21.04.1993;3,8
Oslo - Blindern;SN18700;22.04.1993;12,8
Oslo - Blindern;SN18700;23.04.1993;0
Oslo - Blindern;SN18700;24.04.1993;7,6
Oslo - Blindern;SN18700;25.04.1993;0
Oslo - Blindern;SN18700;26.04.1993;0
Oslo - Blindern;SN18700;27.04.1993;0
Oslo - Blindern;SN18700;28.04.1993;0
Oslo - Blindern;SN18700;29.04.1993;0
Oslo - Blindern;SN18700;30.04.1993;0
Oslo - Blindern;SN18700;01.05.1993;0
Oslo - Blindern;SN18700;02.05.1993;0
Oslo - Blindern;SN18700;03.05.1993;8,2
Oslo - Blindern;SN18700;04.05.1993;5,4
Oslo - Blindern;SN18700;05.05.1993;1,2
Oslo - Blindern;SN18700;06.05.1993;0,5
Oslo - Blindern;SN18700;07.05.1993;5,5
Oslo - Blindern;SN18700;08.05.1993;9
Oslo - Blindern;SN18700;09.05.1993;0
Oslo - Blindern;SN18700;10.05.1993;0
Oslo - Blindern;SN18700;11.05.1993;0
Oslo - Blindern;SN18700;12.05.1993;0
Oslo - Blindern;SN18700;13.05.1993;0
Oslo - Blindern;SN18700;14.05.1993;0
Oslo - Blindern;SN18700;15.05.1993;7,1
Oslo - Blindern;SN18700;16.05.1993;0,5
Oslo - Blindern;SN18700;17.05.1993;0
Oslo - Blindern;SN18700;18.05.1993;0
Oslo - Blindern;SN18700;19.05.1993;0
Oslo - Blindern;SN18700;20.05.1993;0
Oslo - Blindern;SN18700;21.05.1993;0,9
Oslo - Blindern;SN18700;22.05.1993;0
Oslo - Blindern;SN18700;23.05.1993;0
Oslo - Blindern;SN18700;24.05.1993;0
Oslo - Blindern;SN18700;25.05.1993;10,4
Oslo - Blindern;SN18700;26.05.1993;0
Oslo - Blindern;SN18700;27.05.1993;0
Oslo - Blindern;SN18700;28.05.1993;0
Oslo - Blindern;SN18700;29.05.1993;0
Oslo - Blindern;SN18700;30.05.1993;0
Oslo - Blindern;SN18700;31.05.1993;10
Oslo - Blindern;SN18700;01.06.1993;0,2
Oslo - Blindern;SN18700;02.06.1993;3,2
Oslo - Blindern;SN18700;03.06.1993;0
Oslo - Blindern;SN18700;04.06.1993;0
Oslo - Blindern;SN18700;05.06.1993;0
Oslo - Blindern;SN18700;06.06.1993;0
Oslo - Blindern;SN18700;07.06.1993;0
Oslo - Blindern;SN18700;08.06.1993;0
Oslo - Blindern;SN18700;09.06.1993;0
Oslo - Blindern;SN18700;10.06.1993;0
Oslo - Blindern;SN18700;11.06.1993;0
Oslo - Blindern;SN18700;12.06.1993;0
Oslo - Blindern;SN18700;13.06.1993;7,4
Oslo - Blindern;SN18700;14.06.1993;4,5
Oslo - Blindern;SN18700;15.06.1993;6,9
Oslo - Blindern;SN18700;16.06.1993;0
Oslo - Blindern;SN18700;17.06.1993;0
Oslo - Blindern;SN18700;18.06.1993;0
Oslo - Blindern;SN18700;19.06.1993;0
Oslo - Blindern;SN18700;20.06.1993;6,8
Oslo - Blindern;SN18700;21.06.1993;0
Oslo - Blindern;SN18700;22.06.1993;0,1
Oslo - Blindern;SN18700;23.06.1993;0
Oslo - Blindern;SN18700;24.06.1993;0
Oslo - Blindern;SN18700;25.06.1993;0,7
Oslo - Blindern;SN18700;26.06.1993;0
Oslo - Blindern;SN18700;27.06.1993;0
Oslo - Blindern;SN18700;28.06.1993;0,1
Oslo - Blindern;SN18700;29.06.1993;0
Oslo - Blindern;SN18700;30.06.1993;0
Oslo - Blindern;SN18700;01.07.1993;0
Oslo - Blindern;SN18700;02.07.1993;0
Oslo - Blindern;SN18700;03.07.1993;0,1
Oslo - Blindern;SN18700;04.07.1993;0
Oslo - Blindern;SN18700;05.07.1993;0
Oslo - Blindern;SN18700;06.07.1993;0
Oslo - Blindern;SN18700;07.07.1993;1,9
Oslo - Blindern;SN18700;08.07.1993;0
Oslo - Blindern;SN18700;09.07.1993;6
Oslo - Blindern;SN18700;10.07.1993;3,5
Oslo - Blindern;SN18700;11.07.1993;3,1
Oslo - Blindern;SN18700;12.07.1993;4,2
Oslo - Blindern;SN18700;13.07.1993;22,5
Oslo - Blindern;SN18700;14.07.1993;0,8
Oslo - Blindern;SN18700;15.07.1993;5,7
Oslo - Blindern;SN18700;16.07.1993;3,2
Oslo - Blindern;SN18700;17.07.1993;0
Oslo - Blindern;SN18700;18.07.1993;0
Oslo - Blindern;SN18700;19.07.1993;0,1
Oslo - Blindern;SN18700;20.07.1993;1
Oslo - Blindern;SN18700;21.07.1993;1,8
Oslo - Blindern;SN18700;22.07.1993;10,4
Oslo - Blindern;SN18700;23.07.1993;15,5
Oslo - Blindern;SN18700;24.07.1993;6
Oslo - Blindern;SN18700;25.07.1993;0
Oslo - Blindern;SN18700;26.07.1993;0
Oslo - Blindern;SN18700;27.07.1993;12,3
Oslo - Blindern;SN18700;28.07.1993;0,1
Oslo - Blindern;SN18700;29.07.1993;0,3
Oslo - Blindern;SN18700;30.07.1993;1,3
Oslo - Blindern;SN18700;31.07.1993;2,9
Oslo - Blindern;SN18700;01.08.1993;0
Oslo - Blindern;SN18700;02.08.1993;0,5
Oslo - Blindern;SN18700;03.08.1993;0
Oslo - Blindern;SN18700;04.08.1993;29,7
Oslo - Blindern;SN18700;05.08.1993;0,3
Oslo - Blindern;SN18700;06.08.1993;0
Oslo - Blindern;SN18700;07.08.1993;2,4
Oslo - Blindern;SN18700;08.08.1993;0,5
Oslo - Blindern;SN18700;09.08.1993;0
Oslo - Blindern;SN18700;10.08.1993;26,2
Oslo - Blindern;SN18700;11.08.1993;6,4
Oslo - Blindern;SN18700;12.08.1993;7
Oslo - Blindern;SN18700;13.08.1993;4,3
Oslo - Blindern;SN18700;14.08.1993;0,3
Oslo - Blindern;SN18700;15.08.1993;0
Oslo - Blindern;SN18700;16.08.1993;5
Oslo - Blindern;SN18700;17.08.1993;12,7
Oslo - Blindern;SN18700;18.08.1993;0,2
Oslo - Blindern;SN18700;19.08.1993;0
Oslo - Blindern;SN18700;20.08.1993;0
Oslo - Blindern;SN18700;21.08.1993;0
Oslo - Blindern;SN18700;22.08.1993;0
Oslo - Blindern;SN18700;23.08.1993;7,9
Oslo - Blindern;SN18700;24.08.1993;1,3
Oslo - Blindern;SN18700;25.08.1993;0
Oslo - Blindern;SN18700;26.08.1993;0,2
Oslo - Blindern;SN18700;27.08.1993;0,2
Oslo - Blindern;SN18700;28.08.1993;0
Oslo - Blindern;SN18700;29.08.1993;0
Oslo - Blindern;SN18700;30.08.1993;8,2
Oslo - Blindern;SN18700;31.08.1993;0
Oslo - Blindern;SN18700;01.09.1993;0
Oslo - Blindern;SN18700;02.09.1993;3,1
Oslo - Blindern;SN18700;03.09.1993;3,5
Oslo - Blindern;SN18700;04.09.1993;0
Oslo - Blindern;SN18700;05.09.1993;0
Oslo - Blindern;SN18700;06.09.1993;0
Oslo - Blindern;SN18700;07.09.1993;0
Oslo - Blindern;SN18700;08.09.1993;0
Oslo - Blindern;SN18700;09.09.1993;0
Oslo - Blindern;SN18700;10.09.1993;0
Oslo - Blindern;SN18700;11.09.1993;0
Oslo - Blindern;SN18700;12.09.1993;0
Oslo - Blindern;SN18700;13.09.1993;0
Oslo - Blindern;SN18700;14.09.1993;0
Oslo - Blindern;SN18700;15.09.1993;0
Oslo - Blindern;SN18700;16.09.1993;0
Oslo - Blindern;SN18700;17.09.1993;0
Oslo - Blindern;SN18700;18.09.1993;0
Oslo - Blindern;SN18700;19.09.1993;0
Oslo - Blindern;SN18700;20.09.1993;0
Oslo - Blindern;SN18700;21.09.1993;4,1
Oslo - Blindern;SN18700;22.09.1993;10,2
Oslo - Blindern;SN18700;23.09.1993;0
Oslo - Blindern;SN18700;24.09.1993;0
Oslo - Blindern;SN18700;25.09.1993;0
Oslo - Blindern;SN18700;26.09.1993;5,9
Oslo - Blindern;SN18700;27.09.1993;1,6
Oslo - Blindern;SN18700;28.09.1993;0
Oslo - Blindern;SN18700;29.09.1993;0
Oslo - Blindern;SN18700;30.09.1993;0
Oslo - Blindern;SN18700;01.10.1993;0
Oslo - Blindern;SN18700;02.10.1993;0
Oslo - Blindern;SN18700;03.10.1993;4,4
Oslo - Blindern;SN18700;04.10.1993;7,3
Oslo - Blindern;SN18700;05.10.1993;6,8
Oslo - Blindern;SN18700;06.10.1993;2,5
Oslo - Blindern;SN18700;07.10.1993;25,2
Oslo - Blindern;SN18700;08.10.1993;4,5
Oslo - Blindern;SN18700;09.10.1993;7,6
Oslo - Blindern;SN18700;10.10.1993;21
Oslo - Blindern;SN18700;11.10.1993;2,9
Oslo - Blindern;SN18700;12.10.1993;3
Oslo - Blindern;SN18700;13.10.1993;14,7
Oslo - Blindern;SN18700;14.10.1993;0
Oslo - Blindern;SN18700;15.10.1993;0
Oslo - Blindern;SN18700;16.10.1993;6,7
Oslo - Blindern;SN18700;17.10.1993;0
Oslo - Blindern;SN18700;18.10.1993;0
Oslo - Blindern;SN18700;19.10.1993;0
Oslo - Blindern;SN18700;20.10.1993;0
Oslo - Blindern;SN18700;21.10.1993;23,5
Oslo - Blindern;SN18700;22.10.1993;2,3
Oslo - Blindern;SN18700;23.10.1993;0
Oslo - Blindern;SN18700;24.10.1993;0
Oslo - Blindern;SN18700;25.10.1993;0
Oslo - Blindern;SN18700;26.10.1993;0
Oslo - Blindern;SN18700;27.10.1993;0
Oslo - Blindern;SN18700;28.10.1993;0
Oslo - Blindern;SN18700;29.10.1993;0
Oslo - Blindern;SN18700;30.10.1993;0
Oslo - Blindern;SN18700;31.10.1993;0
Oslo - Blindern;SN18700;01.11.1993;0,1
Oslo - Blindern;SN18700;02.11.1993;0
Oslo - Blindern;SN18700;03.11.1993;0
Oslo - Blindern;SN18700;04.11.1993;0
Oslo - Blindern;SN18700;05.11.1993;0
Oslo - Blindern;SN18700;06.11.1993;0,1
Oslo - Blindern;SN18700;07.11.1993;0
Oslo - Blindern;SN18700;08.11.1993;0
Oslo - Blindern;SN18700;09.11.1993;0
Oslo - Blindern;SN18700;10.11.1993;4,3
Oslo - Blindern;SN18700;11.11.1993;3
Oslo - Blindern;SN18700;12.11.1993;4,5
Oslo - Blindern;SN18700;13.11.1993;18,7
Oslo - Blindern;SN18700;14.11.1993;22,8
Oslo - Blindern;SN18700;15.11.1993;11,1
Oslo - Blindern;SN18700;16.11.1993;0
Oslo - Blindern;SN18700;17.11.1993;0
Oslo - Blindern;SN18700;18.11.1993;0
Oslo - Blindern;SN18700;19.11.1993;0
Oslo - Blindern;SN18700;20.11.1993;0
Oslo - Blindern;SN18700;21.11.1993;0,1
Oslo - Blindern;SN18700;22.11.1993;0,5
Oslo - Blindern;SN18700;23.11.1993;3,6
Oslo - Blindern;SN18700;24.11.1993;9,3
Oslo - Blindern;SN18700;25.11.1993;19,7
Oslo - Blindern;SN18700;26.11.1993;3,7
Oslo - Blindern;SN18700;27.11.1993;2,8
Oslo - Blindern;SN18700;28.11.1993;0
Oslo - Blindern;SN18700;29.11.1993;0
Oslo - Blindern;SN18700;30.11.1993;0,1
Oslo - Blindern;SN18700;01.12.1993;0,4
Oslo - Blindern;SN18700;02.12.1993;8,9
Oslo - Blindern;SN18700;03.12.1993;4,3
Oslo - Blindern;SN18700;04.12.1993;5,9
Oslo - Blindern;SN18700;05.12.1993;3,7
Oslo - Blindern;SN18700;06.12.1993;0
Oslo - Blindern;SN18700;07.12.1993;0,4
Oslo - Blindern;SN18700;08.12.1993;2,2
Oslo - Blindern;SN18700;09.12.1993;0
Oslo - Blindern;SN18700;10.12.1993;0
Oslo - Blindern;SN18700;11.12.1993;2,6
Oslo - Blindern;SN18700;12.12.1993;0
Oslo - Blindern;SN18700;13.12.1993;0
Oslo - Blindern;SN18700;14.12.1993;0
Oslo - Blindern;SN18700;15.12.1993;1,4
Oslo - Blindern;SN18700;16.12.1993;0,3
Oslo - Blindern;SN18700;17.12.1993;0,6
Oslo - Blindern;SN18700;18.12.1993;0
Oslo - Blindern;SN18700;19.12.1993;2,2
Oslo - Blindern;SN18700;20.12.1993;9,5
Oslo - Blindern;SN18700;21.12.1993;0
Oslo - Blindern;SN18700;22.12.1993;0
Oslo - Blindern;SN18700;23.12.1993;0
Oslo - Blindern;SN18700;24.12.1993;7,8
Oslo - Blindern;SN18700;25.12.1993;3,1
Oslo - Blindern;SN18700;26.12.1993;0,1
Oslo - Blindern;SN18700;27.12.1993;0
Oslo - Blindern;SN18700;28.12.1993;0
Oslo - Blindern;SN18700;29.12.1993;4,5
Oslo - Blindern;SN18700;30.12.1993;8,1
Oslo - Blindern;SN18700;31.12.1993;0,9
Oslo - Blindern;SN18700;01.01.1994;0
Oslo - Blindern;SN18700;02.01.1994;0
Oslo - Blindern;SN18700;03.01.1994;0
Oslo - Blindern;SN18700;04.01.1994;0,1
Oslo - Blindern;SN18700;05.01.1994;5,4
Oslo - Blindern;SN18700;06.01.1994;5,3
Oslo - Blindern;SN18700;07.01.1994;0,6
Oslo - Blindern;SN18700;08.01.1994;8,4
Oslo - Blindern;SN18700;09.01.1994;0
Oslo - Blindern;SN18700;10.01.1994;0,6
Oslo - Blindern;SN18700;11.01.1994;0,1
Oslo - Blindern;SN18700;12.01.1994;2,6
Oslo - Blindern;SN18700;13.01.1994;17,3
Oslo - Blindern;SN18700;14.01.1994;0,8
Oslo - Blindern;SN18700;15.01.1994;0
Oslo - Blindern;SN18700;16.01.1994;0
Oslo - Blindern;SN18700;17.01.1994;0
Oslo - Blindern;SN18700;18.01.1994;0
Oslo - Blindern;SN18700;19.01.1994;9,6
Oslo - Blindern;SN18700;20.01.1994;0,2
Oslo - Blindern;SN18700;21.01.1994;0
Oslo - Blindern;SN18700;22.01.1994;0
Oslo - Blindern;SN18700;23.01.1994;0
Oslo - Blindern;SN18700;24.01.1994;0
Oslo - Blindern;SN18700;25.01.1994;0
Oslo - Blindern;SN18700;26.01.1994;3,7
Oslo - Blindern;SN18700;27.01.1994;4,3
Oslo - Blindern;SN18700;28.01.1994;0,4
Oslo - Blindern;SN18700;29.01.1994;0,3
Oslo - Blindern;SN18700;30.01.1994;6
Oslo - Blindern;SN18700;31.01.1994;0
Oslo - Blindern;SN18700;01.02.1994;0
Oslo - Blindern;SN18700;02.02.1994;8,1
Oslo - Blindern;SN18700;03.02.1994;2,9
Oslo - Blindern;SN18700;04.02.1994;0
Oslo - Blindern;SN18700;05.02.1994;0
Oslo - Blindern;SN18700;06.02.1994;1,2
Oslo - Blindern;SN18700;07.02.1994;0,1
Oslo - Blindern;SN18700;08.02.1994;0,7
Oslo - Blindern;SN18700;09.02.1994;0,2
Oslo - Blindern;SN18700;10.02.1994;3,9
Oslo - Blindern;SN18700;11.02.1994;0,5
Oslo - Blindern;SN18700;12.02.1994;0,4
Oslo - Blindern;SN18700;13.02.1994;0,4
Oslo - Blindern;SN18700;14.02.1994;0
Oslo - Blindern;SN18700;15.02.1994;0
Oslo - Blindern;SN18700;16.02.1994;0
Oslo - Blindern;SN18700;17.02.1994;0
Oslo - Blindern;SN18700;18.02.1994;0
Oslo - Blindern;SN18700;19.02.1994;0
Oslo - Blindern;SN18700;20.02.1994;0
Oslo - Blindern;SN18700;21.02.1994;0
Oslo - Blindern;SN18700;22.02.1994;0
Oslo - Blindern;SN18700;23.02.1994;0
Oslo - Blindern;SN18700;24.02.1994;0
Oslo - Blindern;SN18700;25.02.1994;0,1
Oslo - Blindern;SN18700;26.02.1994;0
Oslo - Blindern;SN18700;27.02.1994;0
Oslo - Blindern;SN18700;28.02.1994;0
Oslo - Blindern;SN18700;01.03.1994;0
Oslo - Blindern;SN18700;02.03.1994;0
Oslo - Blindern;SN18700;03.03.1994;2,5
Oslo - Blindern;SN18700;04.03.1994;7,7
Oslo - Blindern;SN18700;05.03.1994;2,4
Oslo - Blindern;SN18700;06.03.1994;8,4
Oslo - Blindern;SN18700;07.03.1994;0
Oslo - Blindern;SN18700;08.03.1994;0
Oslo - Blindern;SN18700;09.03.1994;0,1
Oslo - Blindern;SN18700;10.03.1994;0
Oslo - Blindern;SN18700;11.03.1994;0
Oslo - Blindern;SN18700;12.03.1994;0
Oslo - Blindern;SN18700;13.03.1994;0
Oslo - Blindern;SN18700;14.03.1994;3,8
Oslo - Blindern;SN18700;15.03.1994;0
Oslo - Blindern;SN18700;16.03.1994;0
Oslo - Blindern;SN18700;17.03.1994;0
Oslo - Blindern;SN18700;18.03.1994;0
Oslo - Blindern;SN18700;19.03.1994;0
Oslo - Blindern;SN18700;20.03.1994;0
Oslo - Blindern;SN18700;21.03.1994;0
Oslo - Blindern;SN18700;22.03.1994;0
Oslo - Blindern;SN18700;23.03.1994;4,2
Oslo - Blindern;SN18700;24.03.1994;13,9
Oslo - Blindern;SN18700;25.03.1994;0
Oslo - Blindern;SN18700;26.03.1994;0
Oslo - Blindern;SN18700;27.03.1994;0
Oslo - Blindern;SN18700;28.03.1994;0
Oslo - Blindern;SN18700;29.03.1994;5,9
Oslo - Blindern;SN18700;30.03.1994;0
Oslo - Blindern;SN18700;31.03.1994;0
Oslo - Blindern;SN18700;01.04.1994;26,4
Oslo - Blindern;SN18700;02.04.1994;13,7
Oslo - Blindern;SN18700;03.04.1994;8,2
Oslo - Blindern;SN18700;04.04.1994;1
Oslo - Blindern;SN18700;05.04.1994;11
Oslo - Blindern;SN18700;06.04.1994;0,9
Oslo - Blindern;SN18700;07.04.1994;3,5
Oslo - Blindern;SN18700;08.04.1994;0
Oslo - Blindern;SN18700;09.04.1994;0
Oslo - Blindern;SN18700;10.04.1994;0
Oslo - Blindern;SN18700;11.04.1994;0
Oslo - Blindern;SN18700;12.04.1994;0
Oslo - Blindern;SN18700;13.04.1994;0
Oslo - Blindern;SN18700;14.04.1994;0
Oslo - Blindern;SN18700;15.04.1994;0
Oslo - Blindern;SN18700;16.04.1994;0
Oslo - Blindern;SN18700;17.04.1994;0
Oslo - Blindern;SN18700;18.04.1994;0
Oslo - Blindern;SN18700;19.04.1994;0
Oslo - Blindern;SN18700;20.04.1994;0
Oslo - Blindern;SN18700;21.04.1994;1,8
Oslo - Blindern;SN18700;22.04.1994;6,1
Oslo - Blindern;SN18700;23.04.1994;1,5
Oslo - Blindern;SN18700;24.04.1994;0
Oslo - Blindern;SN18700;25.04.1994;0
Oslo - Blindern;SN18700;26.04.1994;0
Oslo - Blindern;SN18700;27.04.1994;0
Oslo - Blindern;SN18700;28.04.1994;1,2
Oslo - Blindern;SN18700;29.04.1994;3,8
Oslo - Blindern;SN18700;30.04.1994;2,7
Oslo - Blindern;SN18700;01.05.1994;0,6
Oslo - Blindern;SN18700;02.05.1994;0
Oslo - Blindern;SN18700;03.05.1994;0
Oslo - Blindern;SN18700;04.05.1994;0
Oslo - Blindern;SN18700;05.05.1994;0
Oslo - Blindern;SN18700;06.05.1994;0
Oslo - Blindern;SN18700;07.05.1994;0
Oslo - Blindern;SN18700;08.05.1994;0
Oslo - Blindern;SN18700;09.05.1994;0
Oslo - Blindern;SN18700;10.05.1994;0
Oslo - Blindern;SN18700;11.05.1994;0
Oslo - Blindern;SN18700;12.05.1994;0
Oslo - Blindern;SN18700;13.05.1994;0
Oslo - Blindern;SN18700;14.05.1994;0
Oslo - Blindern;SN18700;15.05.1994;0
Oslo - Blindern;SN18700;16.05.1994;0
Oslo - Blindern;SN18700;17.05.1994;0
Oslo - Blindern;SN18700;18.05.1994;0
Oslo - Blindern;SN18700;19.05.1994;0
Oslo - Blindern;SN18700;20.05.1994;0
Oslo - Blindern;SN18700;21.05.1994;0
Oslo - Blindern;SN18700;22.05.1994;0
Oslo - Blindern;SN18700;23.05.1994;0
Oslo - Blindern;SN18700;24.05.1994;0
Oslo - Blindern;SN18700;25.05.1994;0
Oslo - Blindern;SN18700;26.05.1994;0
Oslo - Blindern;SN18700;27.05.1994;0
Oslo - Blindern;SN18700;28.05.1994;0
Oslo - Blindern;SN18700;29.05.1994;0
Oslo - Blindern;SN18700;30.05.1994;0,1
Oslo - Blindern;SN18700;31.05.1994;0
Oslo - Blindern;SN18700;01.06.1994;0
Oslo - Blindern;SN18700;02.06.1994;0
Oslo - Blindern;SN18700;03.06.1994;0
Oslo - Blindern;SN18700;04.06.1994;0
Oslo - Blindern;SN18700;05.06.1994;0
Oslo - Blindern;SN18700;06.06.1994;1
Oslo - Blindern;SN18700;07.06.1994;0,4
Oslo - Blindern;SN18700;08.06.1994;0
Oslo - Blindern;SN18700;09.06.1994;0
Oslo - Blindern;SN18700;10.06.1994;0
Oslo - Blindern;SN18700;11.06.1994;2,6
Oslo - Blindern;SN18700;12.06.1994;0
Oslo - Blindern;SN18700;13.06.1994;0
Oslo - Blindern;SN18700;14.06.1994;0
Oslo - Blindern;SN18700;15.06.1994;0
Oslo - Blindern;SN18700;16.06.1994;0
Oslo - Blindern;SN18700;17.06.1994;0,9
Oslo - Blindern;SN18700;18.06.1994;0
Oslo - Blindern;SN18700;19.06.1994;8
Oslo - Blindern;SN18700;20.06.1994;0
Oslo - Blindern;SN18700;21.06.1994;0
Oslo - Blindern;SN18700;22.06.1994;9,6
Oslo - Blindern;SN18700;23.06.1994;0
Oslo - Blindern;SN18700;24.06.1994;0
Oslo - Blindern;SN18700;25.06.1994;0
Oslo - Blindern;SN18700;26.06.1994;5,5
Oslo - Blindern;SN18700;27.06.1994;0,6
Oslo - Blindern;SN18700;28.06.1994;0
Oslo - Blindern;SN18700;29.06.1994;0
Oslo - Blindern;SN18700;30.06.1994;19,6
Oslo - Blindern;SN18700;01.07.1994;0
Oslo - Blindern;SN18700;02.07.1994;0
Oslo - Blindern;SN18700;03.07.1994;0
Oslo - Blindern;SN18700;04.07.1994;0
Oslo - Blindern;SN18700;05.07.1994;0
Oslo - Blindern;SN18700;06.07.1994;0
Oslo - Blindern;SN18700;07.07.1994;0
Oslo - Blindern;SN18700;08.07.1994;1
Oslo - Blindern;SN18700;09.07.1994;1,6
Oslo - Blindern;SN18700;10.07.1994;0
Oslo - Blindern;SN18700;11.07.1994;0
Oslo - Blindern;SN18700;12.07.1994;0
Oslo - Blindern;SN18700;13.07.1994;0
Oslo - Blindern;SN18700;14.07.1994;0
Oslo - Blindern;SN18700;15.07.1994;0
Oslo - Blindern;SN18700;16.07.1994;0,2
Oslo - Blindern;SN18700;17.07.1994;0,5
Oslo - Blindern;SN18700;18.07.1994;0
Oslo - Blindern;SN18700;19.07.1994;0
Oslo - Blindern;SN18700;20.07.1994;0
Oslo - Blindern;SN18700;21.07.1994;0
Oslo - Blindern;SN18700;22.07.1994;0
Oslo - Blindern;SN18700;23.07.1994;0
Oslo - Blindern;SN18700;24.07.1994;0
Oslo - Blindern;SN18700;25.07.1994;0
Oslo - Blindern;SN18700;26.07.1994;0
Oslo - Blindern;SN18700;27.07.1994;0
Oslo - Blindern;SN18700;28.07.1994;0
Oslo - Blindern;SN18700;29.07.1994;11,2
Oslo - Blindern;SN18700;30.07.1994;0
Oslo - Blindern;SN18700;31.07.1994;0
Oslo - Blindern;SN18700;01.08.1994;0
Oslo - Blindern;SN18700;02.08.1994;0
Oslo - Blindern;SN18700;03.08.1994;4,7
Oslo - Blindern;SN18700;04.08.1994;0
Oslo - Blindern;SN18700;05.08.1994;0
Oslo - Blindern;SN18700;06.08.1994;8
Oslo - Blindern;SN18700;07.08.1994;0
Oslo - Blindern;SN18700;08.08.1994;0
Oslo - Blindern;SN18700;09.08.1994;0
Oslo - Blindern;SN18700;10.08.1994;0
Oslo - Blindern;SN18700;11.08.1994;0
Oslo - Blindern;SN18700;12.08.1994;0
Oslo - Blindern;SN18700;13.08.1994;0
Oslo - Blindern;SN18700;14.08.1994;47,9
Oslo - Blindern;SN18700;15.08.1994;6,5
Oslo - Blindern;SN18700;16.08.1994;0
Oslo - Blindern;SN18700;17.08.1994;0
Oslo - Blindern;SN18700;18.08.1994;4,6
Oslo - Blindern;SN18700;19.08.1994;0,8
Oslo - Blindern;SN18700;20.08.1994;26
Oslo - Blindern;SN18700;21.08.1994;20,1
Oslo - Blindern;SN18700;22.08.1994;0
Oslo - Blindern;SN18700;23.08.1994;0
Oslo - Blindern;SN18700;24.08.1994;0
Oslo - Blindern;SN18700;25.08.1994;1,1
Oslo - Blindern;SN18700;26.08.1994;4,3
Oslo - Blindern;SN18700;27.08.1994;15,6
Oslo - Blindern;SN18700;28.08.1994;7
Oslo - Blindern;SN18700;29.08.1994;0,3
Oslo - Blindern;SN18700;30.08.1994;0,3
Oslo - Blindern;SN18700;31.08.1994;0
Oslo - Blindern;SN18700;01.09.1994;0
Oslo - Blindern;SN18700;02.09.1994;0
Oslo - Blindern;SN18700;03.09.1994;0
Oslo - Blindern;SN18700;04.09.1994;1,5
Oslo - Blindern;SN18700;05.09.1994;0,2
Oslo - Blindern;SN18700;06.09.1994;0,4
Oslo - Blindern;SN18700;07.09.1994;1,8
Oslo - Blindern;SN18700;08.09.1994;2,2
Oslo - Blindern;SN18700;09.09.1994;1,1
Oslo - Blindern;SN18700;10.09.1994;30,7
Oslo - Blindern;SN18700;11.09.1994;14,1
Oslo - Blindern;SN18700;12.09.1994;0,4
Oslo - Blindern;SN18700;13.09.1994;0,2
Oslo - Blindern;SN18700;14.09.1994;0,5
Oslo - Blindern;SN18700;15.09.1994;0,5
Oslo - Blindern;SN18700;16.09.1994;18,7
Oslo - Blindern;SN18700;17.09.1994;0,3
Oslo - Blindern;SN18700;18.09.1994;0
Oslo - Blindern;SN18700;19.09.1994;0
Oslo - Blindern;SN18700;20.09.1994;0
Oslo - Blindern;SN18700;21.09.1994;0
Oslo - Blindern;SN18700;22.09.1994;0
Oslo - Blindern;SN18700;23.09.1994;0
Oslo - Blindern;SN18700;24.09.1994;0,1
Oslo - Blindern;SN18700;25.09.1994;0
Oslo - Blindern;SN18700;26.09.1994;0
Oslo - Blindern;SN18700;27.09.1994;0,1
Oslo - Blindern;SN18700;28.09.1994;7,2
Oslo - Blindern;SN18700;29.09.1994;0
Oslo - Blindern;SN18700;30.09.1994;0
Oslo - Blindern;SN18700;01.10.1994;5,5
Oslo - Blindern;SN18700;02.10.1994;0
Oslo - Blindern;SN18700;03.10.1994;0
Oslo - Blindern;SN18700;04.10.1994;0
Oslo - Blindern;SN18700;05.10.1994;0
Oslo - Blindern;SN18700;06.10.1994;0
Oslo - Blindern;SN18700;07.10.1994;1,9
Oslo - Blindern;SN18700;08.10.1994;0
Oslo - Blindern;SN18700;09.10.1994;0
Oslo - Blindern;SN18700;10.10.1994;0
Oslo - Blindern;SN18700;11.10.1994;0,1
Oslo - Blindern;SN18700;12.10.1994;0
Oslo - Blindern;SN18700;13.10.1994;0
Oslo - Blindern;SN18700;14.10.1994;0
Oslo - Blindern;SN18700;15.10.1994;0
Oslo - Blindern;SN18700;16.10.1994;0
Oslo - Blindern;SN18700;17.10.1994;0
Oslo - Blindern;SN18700;18.10.1994;0
Oslo - Blindern;SN18700;19.10.1994;0
Oslo - Blindern;SN18700;20.10.1994;0
Oslo - Blindern;SN18700;21.10.1994;0
Oslo - Blindern;SN18700;22.10.1994;0
Oslo - Blindern;SN18700;23.10.1994;7,4
Oslo - Blindern;SN18700;24.10.1994;12,7
Oslo - Blindern;SN18700;25.10.1994;3,6
Oslo - Blindern;SN18700;26.10.1994;2,2
Oslo - Blindern;SN18700;27.10.1994;3,1
Oslo - Blindern;SN18700;28.10.1994;0,2
Oslo - Blindern;SN18700;29.10.1994;2,1
Oslo - Blindern;SN18700;30.10.1994;4
Oslo - Blindern;SN18700;31.10.1994;0,8
Oslo - Blindern;SN18700;01.11.1994;12,4
Oslo - Blindern;SN18700;02.11.1994;0,8
Oslo - Blindern;SN18700;03.11.1994;0
Oslo - Blindern;SN18700;04.11.1994;0
Oslo - Blindern;SN18700;05.11.1994;0
Oslo - Blindern;SN18700;06.11.1994;0
Oslo - Blindern;SN18700;07.11.1994;0,6
Oslo - Blindern;SN18700;08.11.1994;0,3
Oslo - Blindern;SN18700;09.11.1994;0,7
Oslo - Blindern;SN18700;10.11.1994;1,5
Oslo - Blindern;SN18700;11.11.1994;1,2
Oslo - Blindern;SN18700;12.11.1994;0
Oslo - Blindern;SN18700;13.11.1994;0
Oslo - Blindern;SN18700;14.11.1994;9
Oslo - Blindern;SN18700;15.11.1994;6,5
Oslo - Blindern;SN18700;16.11.1994;0
Oslo - Blindern;SN18700;17.11.1994;0
Oslo - Blindern;SN18700;18.11.1994;0
Oslo - Blindern;SN18700;19.11.1994;0
Oslo - Blindern;SN18700;20.11.1994;7,7
Oslo - Blindern;SN18700;21.11.1994;0
Oslo - Blindern;SN18700;22.11.1994;0
Oslo - Blindern;SN18700;23.11.1994;0
Oslo - Blindern;SN18700;24.11.1994;0
Oslo - Blindern;SN18700;25.11.1994;0
Oslo - Blindern;SN18700;26.11.1994;0,3
Oslo - Blindern;SN18700;27.11.1994;0
Oslo - Blindern;SN18700;28.11.1994;0
Oslo - Blindern;SN18700;29.11.1994;0
Oslo - Blindern;SN18700;30.11.1994;0
Oslo - Blindern;SN18700;01.12.1994;0,3
Oslo - Blindern;SN18700;02.12.1994;0
Oslo - Blindern;SN18700;03.12.1994;0
Oslo - Blindern;SN18700;04.12.1994;3,4
Oslo - Blindern;SN18700;05.12.1994;3
Oslo - Blindern;SN18700;06.12.1994;1
Oslo - Blindern;SN18700;07.12.1994;6,9
Oslo - Blindern;SN18700;08.12.1994;4,7
Oslo - Blindern;SN18700;09.12.1994;10,4
Oslo - Blindern;SN18700;10.12.1994;0,1
Oslo - Blindern;SN18700;11.12.1994;0
Oslo - Blindern;SN18700;12.12.1994;0,2
Oslo - Blindern;SN18700;13.12.1994;0
Oslo - Blindern;SN18700;14.12.1994;0
Oslo - Blindern;SN18700;15.12.1994;0
Oslo - Blindern;SN18700;16.12.1994;3
Oslo - Blindern;SN18700;17.12.1994;2,6
Oslo - Blindern;SN18700;18.12.1994;5,6
Oslo - Blindern;SN18700;19.12.1994;15,4
Oslo - Blindern;SN18700;20.12.1994;1,2
Oslo - Blindern;SN18700;21.12.1994;0
Oslo - Blindern;SN18700;22.12.1994;0
Oslo - Blindern;SN18700;23.12.1994;0
Oslo - Blindern;SN18700;24.12.1994;0
Oslo - Blindern;SN18700;25.12.1994;0
Oslo - Blindern;SN18700;26.12.1994;1,1
Oslo - Blindern;SN18700;27.12.1994;1,8
Oslo - Blindern;SN18700;28.12.1994;3,5
Oslo - Blindern;SN18700;29.12.1994;6,5
Oslo - Blindern;SN18700;30.12.1994;0,1
Oslo - Blindern;SN18700;31.12.1994;0,5
Oslo - Blindern;SN18700;01.01.1995;8,1
Oslo - Blindern;SN18700;02.01.1995;0,1
Oslo - Blindern;SN18700;03.01.1995;0
Oslo - Blindern;SN18700;04.01.1995;0
Oslo - Blindern;SN18700;05.01.1995;0
Oslo - Blindern;SN18700;06.01.1995;0,7
Oslo - Blindern;SN18700;07.01.1995;1,3
Oslo - Blindern;SN18700;08.01.1995;5,4
Oslo - Blindern;SN18700;09.01.1995;0,2
Oslo - Blindern;SN18700;10.01.1995;10
Oslo - Blindern;SN18700;11.01.1995;0,7
Oslo - Blindern;SN18700;12.01.1995;0
Oslo - Blindern;SN18700;13.01.1995;0
Oslo - Blindern;SN18700;14.01.1995;3,5
Oslo - Blindern;SN18700;15.01.1995;0
Oslo - Blindern;SN18700;16.01.1995;0
Oslo - Blindern;SN18700;17.01.1995;0
Oslo - Blindern;SN18700;18.01.1995;6,5
Oslo - Blindern;SN18700;19.01.1995;12,8
Oslo - Blindern;SN18700;20.01.1995;10,1
Oslo - Blindern;SN18700;21.01.1995;35,5
Oslo - Blindern;SN18700;22.01.1995;4,5
Oslo - Blindern;SN18700;23.01.1995;11
Oslo - Blindern;SN18700;24.01.1995;0
Oslo - Blindern;SN18700;25.01.1995;0
Oslo - Blindern;SN18700;26.01.1995;0
Oslo - Blindern;SN18700;27.01.1995;0
Oslo - Blindern;SN18700;28.01.1995;0
Oslo - Blindern;SN18700;29.01.1995;0
Oslo - Blindern;SN18700;30.01.1995;0
Oslo - Blindern;SN18700;31.01.1995;0
Oslo - Blindern;SN18700;01.02.1995;24,5
Oslo - Blindern;SN18700;02.02.1995;0
Oslo - Blindern;SN18700;03.02.1995;0
Oslo - Blindern;SN18700;04.02.1995;2,4
Oslo - Blindern;SN18700;05.02.1995;0
Oslo - Blindern;SN18700;06.02.1995;1,5
Oslo - Blindern;SN18700;07.02.1995;0,6
Oslo - Blindern;SN18700;08.02.1995;0
Oslo - Blindern;SN18700;09.02.1995;0
Oslo - Blindern;SN18700;10.02.1995;0
Oslo - Blindern;SN18700;11.02.1995;0
Oslo - Blindern;SN18700;12.02.1995;3,6
Oslo - Blindern;SN18700;13.02.1995;6
Oslo - Blindern;SN18700;14.02.1995;3,3
Oslo - Blindern;SN18700;15.02.1995;10,4
Oslo - Blindern;SN18700;16.02.1995;4,1
Oslo - Blindern;SN18700;17.02.1995;0,3
Oslo - Blindern;SN18700;18.02.1995;9,1
Oslo - Blindern;SN18700;19.02.1995;0
Oslo - Blindern;SN18700;20.02.1995;5,5
Oslo - Blindern;SN18700;21.02.1995;1,8
Oslo - Blindern;SN18700;22.02.1995;5,2
Oslo - Blindern;SN18700;23.02.1995;2,3
Oslo - Blindern;SN18700;24.02.1995;0,1
Oslo - Blindern;SN18700;25.02.1995;0
Oslo - Blindern;SN18700;26.02.1995;0
Oslo - Blindern;SN18700;27.02.1995;0
Oslo - Blindern;SN18700;28.02.1995;2,1
Oslo - Blindern;SN18700;01.03.1995;0
Oslo - Blindern;SN18700;02.03.1995;0
Oslo - Blindern;SN18700;03.03.1995;0
Oslo - Blindern;SN18700;04.03.1995;0,2
Oslo - Blindern;SN18700;05.03.1995;0,6
Oslo - Blindern;SN18700;06.03.1995;4,7
Oslo - Blindern;SN18700;07.03.1995;2,1
Oslo - Blindern;SN18700;08.03.1995;0
Oslo - Blindern;SN18700;09.03.1995;0
Oslo - Blindern;SN18700;10.03.1995;0,1
Oslo - Blindern;SN18700;11.03.1995;0
Oslo - Blindern;SN18700;12.03.1995;0
Oslo - Blindern;SN18700;13.03.1995;0,4
Oslo - Blindern;SN18700;14.03.1995;0,2
Oslo - Blindern;SN18700;15.03.1995;0,6
Oslo - Blindern;SN18700;16.03.1995;5,2
Oslo - Blindern;SN18700;17.03.1995;2,3
Oslo - Blindern;SN18700;18.03.1995;9,5
Oslo - Blindern;SN18700;19.03.1995;0
Oslo - Blindern;SN18700;20.03.1995;0
Oslo - Blindern;SN18700;21.03.1995;0
Oslo - Blindern;SN18700;22.03.1995;0
Oslo - Blindern;SN18700;23.03.1995;0
Oslo - Blindern;SN18700;24.03.1995;0
Oslo - Blindern;SN18700;25.03.1995;0
Oslo - Blindern;SN18700;26.03.1995;0
Oslo - Blindern;SN18700;27.03.1995;6
Oslo - Blindern;SN18700;28.03.1995;0
Oslo - Blindern;SN18700;29.03.1995;0
Oslo - Blindern;SN18700;30.03.1995;0
Oslo - Blindern;SN18700;31.03.1995;11,5
Oslo - Blindern;SN18700;01.04.1995;4,1
Oslo - Blindern;SN18700;02.04.1995;0
Oslo - Blindern;SN18700;03.04.1995;0
Oslo - Blindern;SN18700;04.04.1995;0
Oslo - Blindern;SN18700;05.04.1995;0
Oslo - Blindern;SN18700;06.04.1995;0,3
Oslo - Blindern;SN18700;07.04.1995;6
Oslo - Blindern;SN18700;08.04.1995;3,3
Oslo - Blindern;SN18700;09.04.1995;0
Oslo - Blindern;SN18700;10.04.1995;0
Oslo - Blindern;SN18700;11.04.1995;1,2
Oslo - Blindern;SN18700;12.04.1995;0,9
Oslo - Blindern;SN18700;13.04.1995;0
Oslo - Blindern;SN18700;14.04.1995;0
Oslo - Blindern;SN18700;15.04.1995;3,5
Oslo - Blindern;SN18700;16.04.1995;5
Oslo - Blindern;SN18700;17.04.1995;0,1
Oslo - Blindern;SN18700;18.04.1995;1,9
Oslo - Blindern;SN18700;19.04.1995;0
Oslo - Blindern;SN18700;20.04.1995;0
Oslo - Blindern;SN18700;21.04.1995;0,8
Oslo - Blindern;SN18700;22.04.1995;0
Oslo - Blindern;SN18700;23.04.1995;0
Oslo - Blindern;SN18700;24.04.1995;0
Oslo - Blindern;SN18700;25.04.1995;0
Oslo - Blindern;SN18700;26.04.1995;8,3
Oslo - Blindern;SN18700;27.04.1995;3,7
Oslo - Blindern;SN18700;28.04.1995;2,1
Oslo - Blindern;SN18700;29.04.1995;0
Oslo - Blindern;SN18700;30.04.1995;0
Oslo - Blindern;SN18700;01.05.1995;0
Oslo - Blindern;SN18700;02.05.1995;0
Oslo - Blindern;SN18700;03.05.1995;0
Oslo - Blindern;SN18700;04.05.1995;0
Oslo - Blindern;SN18700;05.05.1995;0
Oslo - Blindern;SN18700;06.05.1995;0
Oslo - Blindern;SN18700;07.05.1995;0
Oslo - Blindern;SN18700;08.05.1995;0
Oslo - Blindern;SN18700;09.05.1995;0
Oslo - Blindern;SN18700;10.05.1995;0
Oslo - Blindern;SN18700;11.05.1995;0
Oslo - Blindern;SN18700;12.05.1995;1,5
Oslo - Blindern;SN18700;13.05.1995;0
Oslo - Blindern;SN18700;14.05.1995;0
Oslo - Blindern;SN18700;15.05.1995;0,6
Oslo - Blindern;SN18700;16.05.1995;4,5
Oslo - Blindern;SN18700;17.05.1995;0
Oslo - Blindern;SN18700;18.05.1995;0
Oslo - Blindern;SN18700;19.05.1995;0,1
Oslo - Blindern;SN18700;20.05.1995;0
Oslo - Blindern;SN18700;21.05.1995;4
Oslo - Blindern;SN18700;22.05.1995;0
Oslo - Blindern;SN18700;23.05.1995;0
Oslo - Blindern;SN18700;24.05.1995;0
Oslo - Blindern;SN18700;25.05.1995;0
Oslo - Blindern;SN18700;26.05.1995;0
Oslo - Blindern;SN18700;27.05.1995;0
Oslo - Blindern;SN18700;28.05.1995;3,3
Oslo - Blindern;SN18700;29.05.1995;12,3
Oslo - Blindern;SN18700;30.05.1995;3,7
Oslo - Blindern;SN18700;31.05.1995;7
Oslo - Blindern;SN18700;01.06.1995;10,2
Oslo - Blindern;SN18700;02.06.1995;18,4
Oslo - Blindern;SN18700;03.06.1995;0
Oslo - Blindern;SN18700;04.06.1995;0
Oslo - Blindern;SN18700;05.06.1995;0,5
Oslo - Blindern;SN18700;06.06.1995;0,3
Oslo - Blindern;SN18700;07.06.1995;0
Oslo - Blindern;SN18700;08.06.1995;3,3
Oslo - Blindern;SN18700;09.06.1995;15,6
Oslo - Blindern;SN18700;10.06.1995;4,8
Oslo - Blindern;SN18700;11.06.1995;1,2
Oslo - Blindern;SN18700;12.06.1995;11,9
Oslo - Blindern;SN18700;13.06.1995;1,8
Oslo - Blindern;SN18700;14.06.1995;7
Oslo - Blindern;SN18700;15.06.1995;8,4
Oslo - Blindern;SN18700;16.06.1995;0
Oslo - Blindern;SN18700;17.06.1995;0,1
Oslo - Blindern;SN18700;18.06.1995;3
Oslo - Blindern;SN18700;19.06.1995;8,7
Oslo - Blindern;SN18700;20.06.1995;0
Oslo - Blindern;SN18700;21.06.1995;0
Oslo - Blindern;SN18700;22.06.1995;0,8
Oslo - Blindern;SN18700;23.06.1995;0
Oslo - Blindern;SN18700;24.06.1995;0
Oslo - Blindern;SN18700;25.06.1995;0
Oslo - Blindern;SN18700;26.06.1995;0
Oslo - Blindern;SN18700;27.06.1995;0
Oslo - Blindern;SN18700;28.06.1995;0
Oslo - Blindern;SN18700;29.06.1995;0
Oslo - Blindern;SN18700;30.06.1995;0
Oslo - Blindern;SN18700;01.07.1995;12,9
Oslo - Blindern;SN18700;02.07.1995;0
Oslo - Blindern;SN18700;03.07.1995;0
Oslo - Blindern;SN18700;04.07.1995;2,6
Oslo - Blindern;SN18700;05.07.1995;0,5
Oslo - Blindern;SN18700;06.07.1995;0,1
Oslo - Blindern;SN18700;07.07.1995;2,6
Oslo - Blindern;SN18700;08.07.1995;0,8
Oslo - Blindern;SN18700;09.07.1995;0
Oslo - Blindern;SN18700;10.07.1995;0
Oslo - Blindern;SN18700;11.07.1995;0
Oslo - Blindern;SN18700;12.07.1995;0
Oslo - Blindern;SN18700;13.07.1995;0
Oslo - Blindern;SN18700;14.07.1995;0
Oslo - Blindern;SN18700;15.07.1995;38,4
Oslo - Blindern;SN18700;16.07.1995;18,4
Oslo - Blindern;SN18700;17.07.1995;10,5
Oslo - Blindern;SN18700;18.07.1995;0
Oslo - Blindern;SN18700;19.07.1995;4
Oslo - Blindern;SN18700;20.07.1995;0,1
Oslo - Blindern;SN18700;21.07.1995;2
Oslo - Blindern;SN18700;22.07.1995;5
Oslo - Blindern;SN18700;23.07.1995;3
Oslo - Blindern;SN18700;24.07.1995;1
Oslo - Blindern;SN18700;25.07.1995;0,4
Oslo - Blindern;SN18700;26.07.1995;0
Oslo - Blindern;SN18700;27.07.1995;0
Oslo - Blindern;SN18700;28.07.1995;0
Oslo - Blindern;SN18700;29.07.1995;0
Oslo - Blindern;SN18700;30.07.1995;0
Oslo - Blindern;SN18700;31.07.1995;0
Oslo - Blindern;SN18700;01.08.1995;0
Oslo - Blindern;SN18700;02.08.1995;0
Oslo - Blindern;SN18700;03.08.1995;3,5
Oslo - Blindern;SN18700;04.08.1995;0
Oslo - Blindern;SN18700;05.08.1995;0
Oslo - Blindern;SN18700;06.08.1995;0
Oslo - Blindern;SN18700;07.08.1995;0
Oslo - Blindern;SN18700;08.08.1995;0,4
Oslo - Blindern;SN18700;09.08.1995;0
Oslo - Blindern;SN18700;10.08.1995;0
Oslo - Blindern;SN18700;11.08.1995;0
Oslo - Blindern;SN18700;12.08.1995;0
Oslo - Blindern;SN18700;13.08.1995;0
Oslo - Blindern;SN18700;14.08.1995;0
Oslo - Blindern;SN18700;15.08.1995;0
Oslo - Blindern;SN18700;16.08.1995;0
Oslo - Blindern;SN18700;17.08.1995;0
Oslo - Blindern;SN18700;18.08.1995;0
Oslo - Blindern;SN18700;19.08.1995;0
Oslo - Blindern;SN18700;20.08.1995;0
Oslo - Blindern;SN18700;21.08.1995;0
Oslo - Blindern;SN18700;22.08.1995;0
Oslo - Blindern;SN18700;23.08.1995;0
Oslo - Blindern;SN18700;24.08.1995;3,6
Oslo - Blindern;SN18700;25.08.1995;0,2
Oslo - Blindern;SN18700;26.08.1995;6,5
Oslo - Blindern;SN18700;27.08.1995;0
Oslo - Blindern;SN18700;28.08.1995;0
Oslo - Blindern;SN18700;29.08.1995;0
Oslo - Blindern;SN18700;30.08.1995;0
Oslo - Blindern;SN18700;31.08.1995;0
Oslo - Blindern;SN18700;01.09.1995;0
Oslo - Blindern;SN18700;02.09.1995;3,2
Oslo - Blindern;SN18700;03.09.1995;6,4
Oslo - Blindern;SN18700;04.09.1995;22,7
Oslo - Blindern;SN18700;05.09.1995;5,8
Oslo - Blindern;SN18700;06.09.1995;6,1
Oslo - Blindern;SN18700;07.09.1995;3,5
Oslo - Blindern;SN18700;08.09.1995;0
Oslo - Blindern;SN18700;09.09.1995;0,1
Oslo - Blindern;SN18700;10.09.1995;1,3
Oslo - Blindern;SN18700;11.09.1995;4,6
Oslo - Blindern;SN18700;12.09.1995;0,1
Oslo - Blindern;SN18700;13.09.1995;0
Oslo - Blindern;SN18700;14.09.1995;0,4
Oslo - Blindern;SN18700;15.09.1995;0
Oslo - Blindern;SN18700;16.09.1995;2,3
Oslo - Blindern;SN18700;17.09.1995;0
Oslo - Blindern;SN18700;18.09.1995;0
Oslo - Blindern;SN18700;19.09.1995;0
Oslo - Blindern;SN18700;20.09.1995;0
Oslo - Blindern;SN18700;21.09.1995;0
Oslo - Blindern;SN18700;22.09.1995;0
Oslo - Blindern;SN18700;23.09.1995;0,1
Oslo - Blindern;SN18700;24.09.1995;0,9
Oslo - Blindern;SN18700;25.09.1995;14
Oslo - Blindern;SN18700;26.09.1995;0
Oslo - Blindern;SN18700;27.09.1995;0
Oslo - Blindern;SN18700;28.09.1995;4,7
Oslo - Blindern;SN18700;29.09.1995;13,5
Oslo - Blindern;SN18700;30.09.1995;1,2
Oslo - Blindern;SN18700;01.10.1995;0
Oslo - Blindern;SN18700;02.10.1995;0,9
Oslo - Blindern;SN18700;03.10.1995;1,5
Oslo - Blindern;SN18700;04.10.1995;0
Oslo - Blindern;SN18700;05.10.1995;7,7
Oslo - Blindern;SN18700;06.10.1995;12,4
Oslo - Blindern;SN18700;07.10.1995;3,7
Oslo - Blindern;SN18700;08.10.1995;5,6
Oslo - Blindern;SN18700;09.10.1995;0
Oslo - Blindern;SN18700;10.10.1995;0
Oslo - Blindern;SN18700;11.10.1995;0
Oslo - Blindern;SN18700;12.10.1995;0,2
Oslo - Blindern;SN18700;13.10.1995;0
Oslo - Blindern;SN18700;14.10.1995;0
Oslo - Blindern;SN18700;15.10.1995;0
Oslo - Blindern;SN18700;16.10.1995;0,2
Oslo - Blindern;SN18700;17.10.1995;0,1
Oslo - Blindern;SN18700;18.10.1995;5,4
Oslo - Blindern;SN18700;19.10.1995;0
Oslo - Blindern;SN18700;20.10.1995;0
Oslo - Blindern;SN18700;21.10.1995;0
Oslo - Blindern;SN18700;22.10.1995;0
Oslo - Blindern;SN18700;23.10.1995;2,3
Oslo - Blindern;SN18700;24.10.1995;0
Oslo - Blindern;SN18700;25.10.1995;0,1
Oslo - Blindern;SN18700;26.10.1995;4,4
Oslo - Blindern;SN18700;27.10.1995;0
Oslo - Blindern;SN18700;28.10.1995;5,2
Oslo - Blindern;SN18700;29.10.1995;0
Oslo - Blindern;SN18700;30.10.1995;0
Oslo - Blindern;SN18700;31.10.1995;1,3
Oslo - Blindern;SN18700;01.11.1995;5,6
Oslo - Blindern;SN18700;02.11.1995;0,1
Oslo - Blindern;SN18700;03.11.1995;0,5
Oslo - Blindern;SN18700;04.11.1995;0
Oslo - Blindern;SN18700;05.11.1995;0
Oslo - Blindern;SN18700;06.11.1995;0,8
Oslo - Blindern;SN18700;07.11.1995;0
Oslo - Blindern;SN18700;08.11.1995;0
Oslo - Blindern;SN18700;09.11.1995;3,8
Oslo - Blindern;SN18700;10.11.1995;0
Oslo - Blindern;SN18700;11.11.1995;0
Oslo - Blindern;SN18700;12.11.1995;0
Oslo - Blindern;SN18700;13.11.1995;0
Oslo - Blindern;SN18700;14.11.1995;0
Oslo - Blindern;SN18700;15.11.1995;0,2
Oslo - Blindern;SN18700;16.11.1995;0
Oslo - Blindern;SN18700;17.11.1995;0
Oslo - Blindern;SN18700;18.11.1995;0
Oslo - Blindern;SN18700;19.11.1995;0
Oslo - Blindern;SN18700;20.11.1995;0
Oslo - Blindern;SN18700;21.11.1995;0
Oslo - Blindern;SN18700;22.11.1995;0
Oslo - Blindern;SN18700;23.11.1995;4
Oslo - Blindern;SN18700;24.11.1995;1,2
Oslo - Blindern;SN18700;25.11.1995;1,4
Oslo - Blindern;SN18700;26.11.1995;0,1
Oslo - Blindern;SN18700;27.11.1995;0,1
Oslo - Blindern;SN18700;28.11.1995;2,5
Oslo - Blindern;SN18700;29.11.1995;0,4
Oslo - Blindern;SN18700;30.11.1995;0
Oslo - Blindern;SN18700;01.12.1995;0
Oslo - Blindern;SN18700;02.12.1995;0
Oslo - Blindern;SN18700;03.12.1995;0
Oslo - Blindern;SN18700;04.12.1995;0,2
Oslo - Blindern;SN18700;05.12.1995;0
Oslo - Blindern;SN18700;06.12.1995;0
Oslo - Blindern;SN18700;07.12.1995;0,1
Oslo - Blindern;SN18700;08.12.1995;4,6
Oslo - Blindern;SN18700;09.12.1995;3,8
Oslo - Blindern;SN18700;10.12.1995;0
Oslo - Blindern;SN18700;11.12.1995;0
Oslo - Blindern;SN18700;12.12.1995;0
Oslo - Blindern;SN18700;13.12.1995;0
Oslo - Blindern;SN18700;14.12.1995;0
Oslo - Blindern;SN18700;15.12.1995;0
Oslo - Blindern;SN18700;16.12.1995;0
Oslo - Blindern;SN18700;17.12.1995;0
Oslo - Blindern;SN18700;18.12.1995;0
Oslo - Blindern;SN18700;19.12.1995;0,1
Oslo - Blindern;SN18700;20.12.1995;0
Oslo - Blindern;SN18700;21.12.1995;0
Oslo - Blindern;SN18700;22.12.1995;0
Oslo - Blindern;SN18700;23.12.1995;0
Oslo - Blindern;SN18700;24.12.1995;0
Oslo - Blindern;SN18700;25.12.1995;0
Oslo - Blindern;SN18700;26.12.1995;0
Oslo - Blindern;SN18700;27.12.1995;0
Oslo - Blindern;SN18700;28.12.1995;0
Oslo - Blindern;SN18700;29.12.1995;0
Oslo - Blindern;SN18700;30.12.1995;0
Oslo - Blindern;SN18700;31.12.1995;0,6
Oslo - Blindern;SN18700;01.01.1996;0,1
Oslo - Blindern;SN18700;02.01.1996;0,1
Oslo - Blindern;SN18700;03.01.1996;0
Oslo - Blindern;SN18700;04.01.1996;0
Oslo - Blindern;SN18700;05.01.1996;0,2
Oslo - Blindern;SN18700;06.01.1996;0,2
Oslo - Blindern;SN18700;07.01.1996;3,1
Oslo - Blindern;SN18700;08.01.1996;3
Oslo - Blindern;SN18700;09.01.1996;5,3
Oslo - Blindern;SN18700;10.01.1996;3,9
Oslo - Blindern;SN18700;11.01.1996;7,8
Oslo - Blindern;SN18700;12.01.1996;1,1
Oslo - Blindern;SN18700;13.01.1996;1,6
Oslo - Blindern;SN18700;14.01.1996;8,6
Oslo - Blindern;SN18700;15.01.1996;0,7
Oslo - Blindern;SN18700;16.01.1996;1
Oslo - Blindern;SN18700;17.01.1996;0,1
Oslo - Blindern;SN18700;18.01.1996;0
Oslo - Blindern;SN18700;19.01.1996;0,1
Oslo - Blindern;SN18700;20.01.1996;0,2
Oslo - Blindern;SN18700;21.01.1996;0
Oslo - Blindern;SN18700;22.01.1996;0
Oslo - Blindern;SN18700;23.01.1996;0
Oslo - Blindern;SN18700;24.01.1996;0,1
Oslo - Blindern;SN18700;25.01.1996;0,3
Oslo - Blindern;SN18700;26.01.1996;0
Oslo - Blindern;SN18700;27.01.1996;0
Oslo - Blindern;SN18700;28.01.1996;0
Oslo - Blindern;SN18700;29.01.1996;0
Oslo - Blindern;SN18700;30.01.1996;0
Oslo - Blindern;SN18700;31.01.1996;0
Oslo - Blindern;SN18700;01.02.1996;0
Oslo - Blindern;SN18700;02.02.1996;0
Oslo - Blindern;SN18700;03.02.1996;0,1
Oslo - Blindern;SN18700;04.02.1996;0
Oslo - Blindern;SN18700;05.02.1996;0
Oslo - Blindern;SN18700;06.02.1996;0,8
Oslo - Blindern;SN18700;07.02.1996;2,3
Oslo - Blindern;SN18700;08.02.1996;0,2
Oslo - Blindern;SN18700;09.02.1996;0
Oslo - Blindern;SN18700;10.02.1996;0,7
Oslo - Blindern;SN18700;11.02.1996;0
Oslo - Blindern;SN18700;12.02.1996;0,3
Oslo - Blindern;SN18700;13.02.1996;0
Oslo - Blindern;SN18700;14.02.1996;0
Oslo - Blindern;SN18700;15.02.1996;0,5
Oslo - Blindern;SN18700;16.02.1996;0
Oslo - Blindern;SN18700;17.02.1996;14,3
Oslo - Blindern;SN18700;18.02.1996;0
Oslo - Blindern;SN18700;19.02.1996;0
Oslo - Blindern;SN18700;20.02.1996;0
Oslo - Blindern;SN18700;21.02.1996;0
Oslo - Blindern;SN18700;22.02.1996;0
Oslo - Blindern;SN18700;23.02.1996;0
Oslo - Blindern;SN18700;24.02.1996;0,4
Oslo - Blindern;SN18700;25.02.1996;0
Oslo - Blindern;SN18700;26.02.1996;13,9
Oslo - Blindern;SN18700;27.02.1996;0
Oslo - Blindern;SN18700;28.02.1996;0
Oslo - Blindern;SN18700;29.02.1996;0
Oslo - Blindern;SN18700;01.03.1996;0
Oslo - Blindern;SN18700;02.03.1996;0
Oslo - Blindern;SN18700;03.03.1996;0
Oslo - Blindern;SN18700;04.03.1996;0
Oslo - Blindern;SN18700;05.03.1996;0
Oslo - Blindern;SN18700;06.03.1996;0
Oslo - Blindern;SN18700;07.03.1996;0
Oslo - Blindern;SN18700;08.03.1996;0
Oslo - Blindern;SN18700;09.03.1996;0
Oslo - Blindern;SN18700;10.03.1996;0
Oslo - Blindern;SN18700;11.03.1996;0
Oslo - Blindern;SN18700;12.03.1996;0
Oslo - Blindern;SN18700;13.03.1996;0
Oslo - Blindern;SN18700;14.03.1996;0
Oslo - Blindern;SN18700;15.03.1996;0,2
Oslo - Blindern;SN18700;16.03.1996;0
Oslo - Blindern;SN18700;17.03.1996;0
Oslo - Blindern;SN18700;18.03.1996;0
Oslo - Blindern;SN18700;19.03.1996;0
Oslo - Blindern;SN18700;20.03.1996;0
Oslo - Blindern;SN18700;21.03.1996;0
Oslo - Blindern;SN18700;22.03.1996;0
Oslo - Blindern;SN18700;23.03.1996;0
Oslo - Blindern;SN18700;24.03.1996;0
Oslo - Blindern;SN18700;25.03.1996;0
Oslo - Blindern;SN18700;26.03.1996;0
Oslo - Blindern;SN18700;27.03.1996;0
Oslo - Blindern;SN18700;28.03.1996;0
Oslo - Blindern;SN18700;29.03.1996;0
Oslo - Blindern;SN18700;30.03.1996;0
Oslo - Blindern;SN18700;31.03.1996;0
Oslo - Blindern;SN18700;01.04.1996;0,2
Oslo - Blindern;SN18700;02.04.1996;0
Oslo - Blindern;SN18700;03.04.1996;0
Oslo - Blindern;SN18700;04.04.1996;0
Oslo - Blindern;SN18700;05.04.1996;0
Oslo - Blindern;SN18700;06.04.1996;0
Oslo - Blindern;SN18700;07.04.1996;0
Oslo - Blindern;SN18700;08.04.1996;0
Oslo - Blindern;SN18700;09.04.1996;0
Oslo - Blindern;SN18700;10.04.1996;0,3
Oslo - Blindern;SN18700;11.04.1996;0
Oslo - Blindern;SN18700;12.04.1996;0
Oslo - Blindern;SN18700;13.04.1996;0
Oslo - Blindern;SN18700;14.04.1996;0
Oslo - Blindern;SN18700;15.04.1996;0
Oslo - Blindern;SN18700;16.04.1996;0
Oslo - Blindern;SN18700;17.04.1996;0
Oslo - Blindern;SN18700;18.04.1996;0
Oslo - Blindern;SN18700;19.04.1996;0
Oslo - Blindern;SN18700;20.04.1996;0,4
Oslo - Blindern;SN18700;21.04.1996;1,5
Oslo - Blindern;SN18700;22.04.1996;0,8
Oslo - Blindern;SN18700;23.04.1996;0,2
Oslo - Blindern;SN18700;24.04.1996;0
Oslo - Blindern;SN18700;25.04.1996;4
Oslo - Blindern;SN18700;26.04.1996;8,8
Oslo - Blindern;SN18700;27.04.1996;0
Oslo - Blindern;SN18700;28.04.1996;6,7
Oslo - Blindern;SN18700;29.04.1996;0
Oslo - Blindern;SN18700;30.04.1996;1,7
Oslo - Blindern;SN18700;01.05.1996;4
Oslo - Blindern;SN18700;02.05.1996;0
Oslo - Blindern;SN18700;03.05.1996;2,6
Oslo - Blindern;SN18700;04.05.1996;9
Oslo - Blindern;SN18700;05.05.1996;4,2
Oslo - Blindern;SN18700;06.05.1996;8,3
Oslo - Blindern;SN18700;07.05.1996;0,1
Oslo - Blindern;SN18700;08.05.1996;0
Oslo - Blindern;SN18700;09.05.1996;0,3
Oslo - Blindern;SN18700;10.05.1996;0
Oslo - Blindern;SN18700;11.05.1996;0,4
Oslo - Blindern;SN18700;12.05.1996;1
Oslo - Blindern;SN18700;13.05.1996;1,1
Oslo - Blindern;SN18700;14.05.1996;0
Oslo - Blindern;SN18700;15.05.1996;17
Oslo - Blindern;SN18700;16.05.1996;1,9
Oslo - Blindern;SN18700;17.05.1996;0
Oslo - Blindern;SN18700;18.05.1996;0
Oslo - Blindern;SN18700;19.05.1996;7,4
Oslo - Blindern;SN18700;20.05.1996;0,5
Oslo - Blindern;SN18700;21.05.1996;0
Oslo - Blindern;SN18700;22.05.1996;0
Oslo - Blindern;SN18700;23.05.1996;0
Oslo - Blindern;SN18700;24.05.1996;1,8
Oslo - Blindern;SN18700;25.05.1996;2,6
Oslo - Blindern;SN18700;26.05.1996;2
Oslo - Blindern;SN18700;27.05.1996;0
Oslo - Blindern;SN18700;28.05.1996;2,4
Oslo - Blindern;SN18700;29.05.1996;0,1
Oslo - Blindern;SN18700;30.05.1996;5,9
Oslo - Blindern;SN18700;31.05.1996;0,3
Oslo - Blindern;SN18700;01.06.1996;4,2
Oslo - Blindern;SN18700;02.06.1996;0
Oslo - Blindern;SN18700;03.06.1996;0
Oslo - Blindern;SN18700;04.06.1996;0
Oslo - Blindern;SN18700;05.06.1996;0,6
Oslo - Blindern;SN18700;06.06.1996;0
Oslo - Blindern;SN18700;07.06.1996;1,5
Oslo - Blindern;SN18700;08.06.1996;0
Oslo - Blindern;SN18700;09.06.1996;2,4
Oslo - Blindern;SN18700;10.06.1996;0
Oslo - Blindern;SN18700;11.06.1996;0
Oslo - Blindern;SN18700;12.06.1996;7,5
Oslo - Blindern;SN18700;13.06.1996;9,2
Oslo - Blindern;SN18700;14.06.1996;0
Oslo - Blindern;SN18700;15.06.1996;0,1
Oslo - Blindern;SN18700;16.06.1996;0
Oslo - Blindern;SN18700;17.06.1996;0
Oslo - Blindern;SN18700;18.06.1996;15,4
Oslo - Blindern;SN18700;19.06.1996;0,7
Oslo - Blindern;SN18700;20.06.1996;0
Oslo - Blindern;SN18700;21.06.1996;0,4
Oslo - Blindern;SN18700;22.06.1996;1,3
Oslo - Blindern;SN18700;23.06.1996;0,2
Oslo - Blindern;SN18700;24.06.1996;0
Oslo - Blindern;SN18700;25.06.1996;0
Oslo - Blindern;SN18700;26.06.1996;0
Oslo - Blindern;SN18700;27.06.1996;1,5
Oslo - Blindern;SN18700;28.06.1996;0,7
Oslo - Blindern;SN18700;29.06.1996;0
Oslo - Blindern;SN18700;30.06.1996;0,1
Oslo - Blindern;SN18700;01.07.1996;4,4
Oslo - Blindern;SN18700;02.07.1996;2,3
Oslo - Blindern;SN18700;03.07.1996;2
Oslo - Blindern;SN18700;04.07.1996;1,5
Oslo - Blindern;SN18700;05.07.1996;12,3
Oslo - Blindern;SN18700;06.07.1996;2,8
Oslo - Blindern;SN18700;07.07.1996;3,4
Oslo - Blindern;SN18700;08.07.1996;4,4
Oslo - Blindern;SN18700;09.07.1996;1,5
Oslo - Blindern;SN18700;10.07.1996;0,2
Oslo - Blindern;SN18700;11.07.1996;0
Oslo - Blindern;SN18700;12.07.1996;0
Oslo - Blindern;SN18700;13.07.1996;0
Oslo - Blindern;SN18700;14.07.1996;2,5
Oslo - Blindern;SN18700;15.07.1996;0
Oslo - Blindern;SN18700;16.07.1996;0
Oslo - Blindern;SN18700;17.07.1996;0
Oslo - Blindern;SN18700;18.07.1996;0
Oslo - Blindern;SN18700;19.07.1996;0
Oslo - Blindern;SN18700;20.07.1996;0
Oslo - Blindern;SN18700;21.07.1996;0
Oslo - Blindern;SN18700;22.07.1996;0
Oslo - Blindern;SN18700;23.07.1996;0
Oslo - Blindern;SN18700;24.07.1996;0
Oslo - Blindern;SN18700;25.07.1996;0
Oslo - Blindern;SN18700;26.07.1996;0
Oslo - Blindern;SN18700;27.07.1996;0
Oslo - Blindern;SN18700;28.07.1996;0
Oslo - Blindern;SN18700;29.07.1996;0
Oslo - Blindern;SN18700;30.07.1996;0
Oslo - Blindern;SN18700;31.07.1996;0
Oslo - Blindern;SN18700;01.08.1996;0,1
Oslo - Blindern;SN18700;02.08.1996;6,2
Oslo - Blindern;SN18700;03.08.1996;0,1
Oslo - Blindern;SN18700;04.08.1996;0
Oslo - Blindern;SN18700;05.08.1996;0
Oslo - Blindern;SN18700;06.08.1996;0
Oslo - Blindern;SN18700;07.08.1996;0
Oslo - Blindern;SN18700;08.08.1996;0
Oslo - Blindern;SN18700;09.08.1996;13,8
Oslo - Blindern;SN18700;10.08.1996;0,1
Oslo - Blindern;SN18700;11.08.1996;0
Oslo - Blindern;SN18700;12.08.1996;0
Oslo - Blindern;SN18700;13.08.1996;0
Oslo - Blindern;SN18700;14.08.1996;0
Oslo - Blindern;SN18700;15.08.1996;0,9
Oslo - Blindern;SN18700;16.08.1996;0
Oslo - Blindern;SN18700;17.08.1996;0
Oslo - Blindern;SN18700;18.08.1996;0
Oslo - Blindern;SN18700;19.08.1996;0
Oslo - Blindern;SN18700;20.08.1996;0
Oslo - Blindern;SN18700;21.08.1996;0
Oslo - Blindern;SN18700;22.08.1996;0,9
Oslo - Blindern;SN18700;23.08.1996;0,9
Oslo - Blindern;SN18700;24.08.1996;0
Oslo - Blindern;SN18700;25.08.1996;33,9
Oslo - Blindern;SN18700;26.08.1996;1,1
Oslo - Blindern;SN18700;27.08.1996;0,1
Oslo - Blindern;SN18700;28.08.1996;0
Oslo - Blindern;SN18700;29.08.1996;0
Oslo - Blindern;SN18700;30.08.1996;6,3
Oslo - Blindern;SN18700;31.08.1996;10,4
Oslo - Blindern;SN18700;01.09.1996;0
Oslo - Blindern;SN18700;02.09.1996;0
Oslo - Blindern;SN18700;03.09.1996;0
Oslo - Blindern;SN18700;04.09.1996;0
Oslo - Blindern;SN18700;05.09.1996;0
Oslo - Blindern;SN18700;06.09.1996;0
Oslo - Blindern;SN18700;07.09.1996;0
Oslo - Blindern;SN18700;08.09.1996;0
Oslo - Blindern;SN18700;09.09.1996;0,3
Oslo - Blindern;SN18700;10.09.1996;0
Oslo - Blindern;SN18700;11.09.1996;0
Oslo - Blindern;SN18700;12.09.1996;14
Oslo - Blindern;SN18700;13.09.1996;15
Oslo - Blindern;SN18700;14.09.1996;14,1
Oslo - Blindern;SN18700;15.09.1996;0
Oslo - Blindern;SN18700;16.09.1996;0
Oslo - Blindern;SN18700;17.09.1996;0
Oslo - Blindern;SN18700;18.09.1996;0
Oslo - Blindern;SN18700;19.09.1996;0
Oslo - Blindern;SN18700;20.09.1996;0
Oslo - Blindern;SN18700;21.09.1996;0
Oslo - Blindern;SN18700;22.09.1996;0
Oslo - Blindern;SN18700;23.09.1996;0
Oslo - Blindern;SN18700;24.09.1996;0
Oslo - Blindern;SN18700;25.09.1996;0
Oslo - Blindern;SN18700;26.09.1996;0
Oslo - Blindern;SN18700;27.09.1996;0,5
Oslo - Blindern;SN18700;28.09.1996;36
Oslo - Blindern;SN18700;29.09.1996;2,7
Oslo - Blindern;SN18700;30.09.1996;13
Oslo - Blindern;SN18700;01.10.1996;0,1
Oslo - Blindern;SN18700;02.10.1996;0
Oslo - Blindern;SN18700;03.10.1996;0
Oslo - Blindern;SN18700;04.10.1996;12,6
Oslo - Blindern;SN18700;05.10.1996;0,5
Oslo - Blindern;SN18700;06.10.1996;3,2
Oslo - Blindern;SN18700;07.10.1996;0
Oslo - Blindern;SN18700;08.10.1996;0,4
Oslo - Blindern;SN18700;09.10.1996;0
Oslo - Blindern;SN18700;10.10.1996;1,5
Oslo - Blindern;SN18700;11.10.1996;0
Oslo - Blindern;SN18700;12.10.1996;0
Oslo - Blindern;SN18700;13.10.1996;1,8
Oslo - Blindern;SN18700;14.10.1996;0,1
Oslo - Blindern;SN18700;15.10.1996;0
Oslo - Blindern;SN18700;16.10.1996;0
Oslo - Blindern;SN18700;17.10.1996;7,2
Oslo - Blindern;SN18700;18.10.1996;26,5
Oslo - Blindern;SN18700;19.10.1996;0,1
Oslo - Blindern;SN18700;20.10.1996;5,8
Oslo - Blindern;SN18700;21.10.1996;0
Oslo - Blindern;SN18700;22.10.1996;1,2
Oslo - Blindern;SN18700;23.10.1996;0
Oslo - Blindern;SN18700;24.10.1996;0
Oslo - Blindern;SN18700;25.10.1996;0
Oslo - Blindern;SN18700;26.10.1996;0
Oslo - Blindern;SN18700;27.10.1996;11,6
Oslo - Blindern;SN18700;28.10.1996;12,5
Oslo - Blindern;SN18700;29.10.1996;8,6
Oslo - Blindern;SN18700;30.10.1996;13,3
Oslo - Blindern;SN18700;31.10.1996;0
Oslo - Blindern;SN18700;01.11.1996;12,7
Oslo - Blindern;SN18700;02.11.1996;0,8
Oslo - Blindern;SN18700;03.11.1996;0
Oslo - Blindern;SN18700;04.11.1996;4
Oslo - Blindern;SN18700;05.11.1996;7,1
Oslo - Blindern;SN18700;06.11.1996;16,8
Oslo - Blindern;SN18700;07.11.1996;12,6
Oslo - Blindern;SN18700;08.11.1996;0
Oslo - Blindern;SN18700;09.11.1996;6,4
Oslo - Blindern;SN18700;10.11.1996;0
Oslo - Blindern;SN18700;11.11.1996;2,7
Oslo - Blindern;SN18700;12.11.1996;0
Oslo - Blindern;SN18700;13.11.1996;2,1
Oslo - Blindern;SN18700;14.11.1996;0
Oslo - Blindern;SN18700;15.11.1996;0
Oslo - Blindern;SN18700;16.11.1996;0
Oslo - Blindern;SN18700;17.11.1996;0
Oslo - Blindern;SN18700;18.11.1996;6,3
Oslo - Blindern;SN18700;19.11.1996;6,2
Oslo - Blindern;SN18700;20.11.1996;1,6
Oslo - Blindern;SN18700;21.11.1996;2,3
Oslo - Blindern;SN18700;22.11.1996;4,5
Oslo - Blindern;SN18700;23.11.1996;0,4
Oslo - Blindern;SN18700;24.11.1996;0,5
Oslo - Blindern;SN18700;25.11.1996;0,8
Oslo - Blindern;SN18700;26.11.1996;5,3
Oslo - Blindern;SN18700;27.11.1996;0
Oslo - Blindern;SN18700;28.11.1996;0
Oslo - Blindern;SN18700;29.11.1996;0
Oslo - Blindern;SN18700;30.11.1996;0,6
Oslo - Blindern;SN18700;01.12.1996;0
Oslo - Blindern;SN18700;02.12.1996;3,1
Oslo - Blindern;SN18700;03.12.1996;1,2
Oslo - Blindern;SN18700;04.12.1996;2,1
Oslo - Blindern;SN18700;05.12.1996;23,8
Oslo - Blindern;SN18700;06.12.1996;0
Oslo - Blindern;SN18700;07.12.1996;0
Oslo - Blindern;SN18700;08.12.1996;1,4
Oslo - Blindern;SN18700;09.12.1996;1,2
Oslo - Blindern;SN18700;10.12.1996;0
Oslo - Blindern;SN18700;11.12.1996;0
Oslo - Blindern;SN18700;12.12.1996;0
Oslo - Blindern;SN18700;13.12.1996;0,9
Oslo - Blindern;SN18700;14.12.1996;0
Oslo - Blindern;SN18700;15.12.1996;0
Oslo - Blindern;SN18700;16.12.1996;0
Oslo - Blindern;SN18700;17.12.1996;0
Oslo - Blindern;SN18700;18.12.1996;11,5
Oslo - Blindern;SN18700;19.12.1996;0,8
Oslo - Blindern;SN18700;20.12.1996;0
Oslo - Blindern;SN18700;21.12.1996;0
Oslo - Blindern;SN18700;22.12.1996;0
Oslo - Blindern;SN18700;23.12.1996;0
Oslo - Blindern;SN18700;24.12.1996;0
Oslo - Blindern;SN18700;25.12.1996;0
Oslo - Blindern;SN18700;26.12.1996;0
Oslo - Blindern;SN18700;27.12.1996;0
Oslo - Blindern;SN18700;28.12.1996;0
Oslo - Blindern;SN18700;29.12.1996;0,1
Oslo - Blindern;SN18700;30.12.1996;0
Oslo - Blindern;SN18700;31.12.1996;0
Oslo - Blindern;SN18700;01.01.1997;0
Oslo - Blindern;SN18700;02.01.1997;0
Oslo - Blindern;SN18700;03.01.1997;0
Oslo - Blindern;SN18700;04.01.1997;0
Oslo - Blindern;SN18700;05.01.1997;0
Oslo - Blindern;SN18700;06.01.1997;0
Oslo - Blindern;SN18700;07.01.1997;0
Oslo - Blindern;SN18700;08.01.1997;0
Oslo - Blindern;SN18700;09.01.1997;0
Oslo - Blindern;SN18700;10.01.1997;0
Oslo - Blindern;SN18700;11.01.1997;0
Oslo - Blindern;SN18700;12.01.1997;7,9
Oslo - Blindern;SN18700;13.01.1997;5,3
Oslo - Blindern;SN18700;14.01.1997;0
Oslo - Blindern;SN18700;15.01.1997;0
Oslo - Blindern;SN18700;16.01.1997;0
Oslo - Blindern;SN18700;17.01.1997;0,1
Oslo - Blindern;SN18700;18.01.1997;1,7
Oslo - Blindern;SN18700;19.01.1997;1,8
Oslo - Blindern;SN18700;20.01.1997;0
Oslo - Blindern;SN18700;21.01.1997;0
Oslo - Blindern;SN18700;22.01.1997;0
Oslo - Blindern;SN18700;23.01.1997;3,3
Oslo - Blindern;SN18700;24.01.1997;0
Oslo - Blindern;SN18700;25.01.1997;0
Oslo - Blindern;SN18700;26.01.1997;0
Oslo - Blindern;SN18700;27.01.1997;0
Oslo - Blindern;SN18700;28.01.1997;0
Oslo - Blindern;SN18700;29.01.1997;0
Oslo - Blindern;SN18700;30.01.1997;0
Oslo - Blindern;SN18700;31.01.1997;0
Oslo - Blindern;SN18700;01.02.1997;0
Oslo - Blindern;SN18700;02.02.1997;0
Oslo - Blindern;SN18700;03.02.1997;1,4
Oslo - Blindern;SN18700;04.02.1997;0
Oslo - Blindern;SN18700;05.02.1997;0
Oslo - Blindern;SN18700;06.02.1997;0
Oslo - Blindern;SN18700;07.02.1997;0,1
Oslo - Blindern;SN18700;08.02.1997;0
Oslo - Blindern;SN18700;09.02.1997;0
Oslo - Blindern;SN18700;10.02.1997;3,4
Oslo - Blindern;SN18700;11.02.1997;4,9
Oslo - Blindern;SN18700;12.02.1997;0
Oslo - Blindern;SN18700;13.02.1997;0
Oslo - Blindern;SN18700;14.02.1997;0
Oslo - Blindern;SN18700;15.02.1997;0
Oslo - Blindern;SN18700;16.02.1997;0
Oslo - Blindern;SN18700;17.02.1997;0
Oslo - Blindern;SN18700;18.02.1997;8,3
Oslo - Blindern;SN18700;19.02.1997;23,3
Oslo - Blindern;SN18700;20.02.1997;5,6
Oslo - Blindern;SN18700;21.02.1997;6,5
Oslo - Blindern;SN18700;22.02.1997;0
Oslo - Blindern;SN18700;23.02.1997;0
Oslo - Blindern;SN18700;24.02.1997;0,9
Oslo - Blindern;SN18700;25.02.1997;7,1
Oslo - Blindern;SN18700;26.02.1997;6,3
Oslo - Blindern;SN18700;27.02.1997;0
Oslo - Blindern;SN18700;28.02.1997;0,7
Oslo - Blindern;SN18700;01.03.1997;0,3
Oslo - Blindern;SN18700;02.03.1997;0
Oslo - Blindern;SN18700;03.03.1997;0
Oslo - Blindern;SN18700;04.03.1997;0
Oslo - Blindern;SN18700;05.03.1997;0
Oslo - Blindern;SN18700;06.03.1997;0
Oslo - Blindern;SN18700;07.03.1997;0
Oslo - Blindern;SN18700;08.03.1997;0
Oslo - Blindern;SN18700;09.03.1997;0
Oslo - Blindern;SN18700;10.03.1997;0
Oslo - Blindern;SN18700;11.03.1997;0
Oslo - Blindern;SN18700;12.03.1997;0
Oslo - Blindern;SN18700;13.03.1997;0
Oslo - Blindern;SN18700;14.03.1997;0
Oslo - Blindern;SN18700;15.03.1997;0
Oslo - Blindern;SN18700;16.03.1997;0
Oslo - Blindern;SN18700;17.03.1997;0
Oslo - Blindern;SN18700;18.03.1997;0
Oslo - Blindern;SN18700;19.03.1997;0
Oslo - Blindern;SN18700;20.03.1997;0
Oslo - Blindern;SN18700;21.03.1997;0
Oslo - Blindern;SN18700;22.03.1997;0
Oslo - Blindern;SN18700;23.03.1997;0
Oslo - Blindern;SN18700;24.03.1997;0
Oslo - Blindern;SN18700;25.03.1997;0,1
Oslo - Blindern;SN18700;26.03.1997;3,3
Oslo - Blindern;SN18700;27.03.1997;7,8
Oslo - Blindern;SN18700;28.03.1997;0
Oslo - Blindern;SN18700;29.03.1997;0
Oslo - Blindern;SN18700;30.03.1997;0
Oslo - Blindern;SN18700;31.03.1997;0
Oslo - Blindern;SN18700;01.04.1997;0
Oslo - Blindern;SN18700;02.04.1997;0
Oslo - Blindern;SN18700;03.04.1997;0
Oslo - Blindern;SN18700;04.04.1997;0
Oslo - Blindern;SN18700;05.04.1997;0
Oslo - Blindern;SN18700;06.04.1997;0
Oslo - Blindern;SN18700;07.04.1997;0
Oslo - Blindern;SN18700;08.04.1997;0,6
Oslo - Blindern;SN18700;09.04.1997;0
Oslo - Blindern;SN18700;10.04.1997;0
Oslo - Blindern;SN18700;11.04.1997;0,9
Oslo - Blindern;SN18700;12.04.1997;0
Oslo - Blindern;SN18700;13.04.1997;0
Oslo - Blindern;SN18700;14.04.1997;0
Oslo - Blindern;SN18700;15.04.1997;0
Oslo - Blindern;SN18700;16.04.1997;0
Oslo - Blindern;SN18700;17.04.1997;0
Oslo - Blindern;SN18700;18.04.1997;0
Oslo - Blindern;SN18700;19.04.1997;0
Oslo - Blindern;SN18700;20.04.1997;0
Oslo - Blindern;SN18700;21.04.1997;0
Oslo - Blindern;SN18700;22.04.1997;0,9
Oslo - Blindern;SN18700;23.04.1997;0
Oslo - Blindern;SN18700;24.04.1997;0,1
Oslo - Blindern;SN18700;25.04.1997;0,1
Oslo - Blindern;SN18700;26.04.1997;0
Oslo - Blindern;SN18700;27.04.1997;0
Oslo - Blindern;SN18700;28.04.1997;0
Oslo - Blindern;SN18700;29.04.1997;0,3
Oslo - Blindern;SN18700;30.04.1997;0
Oslo - Blindern;SN18700;01.05.1997;0
Oslo - Blindern;SN18700;02.05.1997;0
Oslo - Blindern;SN18700;03.05.1997;0
Oslo - Blindern;SN18700;04.05.1997;0
Oslo - Blindern;SN18700;05.05.1997;5,3
Oslo - Blindern;SN18700;06.05.1997;6,9
Oslo - Blindern;SN18700;07.05.1997;10,4
Oslo - Blindern;SN18700;08.05.1997;2,7
Oslo - Blindern;SN18700;09.05.1997;0
Oslo - Blindern;SN18700;10.05.1997;6,8
Oslo - Blindern;SN18700;11.05.1997;7,2
Oslo - Blindern;SN18700;12.05.1997;5,6
Oslo - Blindern;SN18700;13.05.1997;4,8
Oslo - Blindern;SN18700;14.05.1997;0
Oslo - Blindern;SN18700;15.05.1997;0
Oslo - Blindern;SN18700;16.05.1997;0
Oslo - Blindern;SN18700;17.05.1997;0
Oslo - Blindern;SN18700;18.05.1997;0
Oslo - Blindern;SN18700;19.05.1997;0
Oslo - Blindern;SN18700;20.05.1997;0
Oslo - Blindern;SN18700;21.05.1997;0
Oslo - Blindern;SN18700;22.05.1997;0,3
Oslo - Blindern;SN18700;23.05.1997;4,9
Oslo - Blindern;SN18700;24.05.1997;0
Oslo - Blindern;SN18700;25.05.1997;0,1
Oslo - Blindern;SN18700;26.05.1997;2,6
Oslo - Blindern;SN18700;27.05.1997;0,5
Oslo - Blindern;SN18700;28.05.1997;3,9
Oslo - Blindern;SN18700;29.05.1997;0,6
Oslo - Blindern;SN18700;30.05.1997;0,2
Oslo - Blindern;SN18700;31.05.1997;0
Oslo - Blindern;SN18700;01.06.1997;0
Oslo - Blindern;SN18700;02.06.1997;0
Oslo - Blindern;SN18700;03.06.1997;0
Oslo - Blindern;SN18700;04.06.1997;0
Oslo - Blindern;SN18700;05.06.1997;0
Oslo - Blindern;SN18700;06.06.1997;0
Oslo - Blindern;SN18700;07.06.1997;0
Oslo - Blindern;SN18700;08.06.1997;0
Oslo - Blindern;SN18700;09.06.1997;0
Oslo - Blindern;SN18700;10.06.1997;0
Oslo - Blindern;SN18700;11.06.1997;0
Oslo - Blindern;SN18700;12.06.1997;0
Oslo - Blindern;SN18700;13.06.1997;0
Oslo - Blindern;SN18700;14.06.1997;0,3
Oslo - Blindern;SN18700;15.06.1997;0
Oslo - Blindern;SN18700;16.06.1997;13,5
Oslo - Blindern;SN18700;17.06.1997;0
Oslo - Blindern;SN18700;18.06.1997;0,7
Oslo - Blindern;SN18700;19.06.1997;0,3
Oslo - Blindern;SN18700;20.06.1997;0
Oslo - Blindern;SN18700;21.06.1997;2,5
Oslo - Blindern;SN18700;22.06.1997;6,9
Oslo - Blindern;SN18700;23.06.1997;18,5
Oslo - Blindern;SN18700;24.06.1997;3,9
Oslo - Blindern;SN18700;25.06.1997;0
Oslo - Blindern;SN18700;26.06.1997;0,3
Oslo - Blindern;SN18700;27.06.1997;3
Oslo - Blindern;SN18700;28.06.1997;0
Oslo - Blindern;SN18700;29.06.1997;17,2
Oslo - Blindern;SN18700;30.06.1997;0
Oslo - Blindern;SN18700;01.07.1997;0,2
Oslo - Blindern;SN18700;02.07.1997;12,5
Oslo - Blindern;SN18700;03.07.1997;0
Oslo - Blindern;SN18700;04.07.1997;0
Oslo - Blindern;SN18700;05.07.1997;0
Oslo - Blindern;SN18700;06.07.1997;0
Oslo - Blindern;SN18700;07.07.1997;2,3
Oslo - Blindern;SN18700;08.07.1997;0
Oslo - Blindern;SN18700;09.07.1997;0
Oslo - Blindern;SN18700;10.07.1997;0
Oslo - Blindern;SN18700;11.07.1997;0
Oslo - Blindern;SN18700;12.07.1997;0
Oslo - Blindern;SN18700;13.07.1997;1,6
Oslo - Blindern;SN18700;14.07.1997;0
Oslo - Blindern;SN18700;15.07.1997;0
Oslo - Blindern;SN18700;16.07.1997;0,6
Oslo - Blindern;SN18700;17.07.1997;0,2
Oslo - Blindern;SN18700;18.07.1997;0
Oslo - Blindern;SN18700;19.07.1997;0
Oslo - Blindern;SN18700;20.07.1997;0
Oslo - Blindern;SN18700;21.07.1997;0
Oslo - Blindern;SN18700;22.07.1997;0
Oslo - Blindern;SN18700;23.07.1997;0
Oslo - Blindern;SN18700;24.07.1997;0
Oslo - Blindern;SN18700;25.07.1997;2,5
Oslo - Blindern;SN18700;26.07.1997;6,5
Oslo - Blindern;SN18700;27.07.1997;1,3
Oslo - Blindern;SN18700;28.07.1997;9,7
Oslo - Blindern;SN18700;29.07.1997;0,9
Oslo - Blindern;SN18700;30.07.1997;0
Oslo - Blindern;SN18700;31.07.1997;4,5
Oslo - Blindern;SN18700;01.08.1997;14,4
Oslo - Blindern;SN18700;02.08.1997;0,8
Oslo - Blindern;SN18700;03.08.1997;2,4
Oslo - Blindern;SN18700;04.08.1997;0
Oslo - Blindern;SN18700;05.08.1997;0
Oslo - Blindern;SN18700;06.08.1997;0
Oslo - Blindern;SN18700;07.08.1997;0
Oslo - Blindern;SN18700;08.08.1997;0
Oslo - Blindern;SN18700;09.08.1997;0
Oslo - Blindern;SN18700;10.08.1997;0,6
Oslo - Blindern;SN18700;11.08.1997;0
Oslo - Blindern;SN18700;12.08.1997;0
Oslo - Blindern;SN18700;13.08.1997;0
Oslo - Blindern;SN18700;14.08.1997;0
Oslo - Blindern;SN18700;15.08.1997;0
Oslo - Blindern;SN18700;16.08.1997;0
Oslo - Blindern;SN18700;17.08.1997;0
Oslo - Blindern;SN18700;18.08.1997;0
Oslo - Blindern;SN18700;19.08.1997;0
Oslo - Blindern;SN18700;20.08.1997;0
Oslo - Blindern;SN18700;21.08.1997;0
Oslo - Blindern;SN18700;22.08.1997;0
Oslo - Blindern;SN18700;23.08.1997;5,1
Oslo - Blindern;SN18700;24.08.1997;6
Oslo - Blindern;SN18700;25.08.1997;0,1
Oslo - Blindern;SN18700;26.08.1997;14,2
Oslo - Blindern;SN18700;27.08.1997;0
Oslo - Blindern;SN18700;28.08.1997;8,9
Oslo - Blindern;SN18700;29.08.1997;0
Oslo - Blindern;SN18700;30.08.1997;0
Oslo - Blindern;SN18700;31.08.1997;0,2
Oslo - Blindern;SN18700;01.09.1997;0
Oslo - Blindern;SN18700;02.09.1997;3
Oslo - Blindern;SN18700;03.09.1997;31,4
Oslo - Blindern;SN18700;04.09.1997;0
Oslo - Blindern;SN18700;05.09.1997;18,1
Oslo - Blindern;SN18700;06.09.1997;1,5
Oslo - Blindern;SN18700;07.09.1997;0
Oslo - Blindern;SN18700;08.09.1997;1
Oslo - Blindern;SN18700;09.09.1997;0
Oslo - Blindern;SN18700;10.09.1997;0
Oslo - Blindern;SN18700;11.09.1997;0
Oslo - Blindern;SN18700;12.09.1997;13,9
Oslo - Blindern;SN18700;13.09.1997;12,9
Oslo - Blindern;SN18700;14.09.1997;0
Oslo - Blindern;SN18700;15.09.1997;0
Oslo - Blindern;SN18700;16.09.1997;5,9
Oslo - Blindern;SN18700;17.09.1997;1,7
Oslo - Blindern;SN18700;18.09.1997;0
Oslo - Blindern;SN18700;19.09.1997;0
Oslo - Blindern;SN18700;20.09.1997;0
Oslo - Blindern;SN18700;21.09.1997;0,4
Oslo - Blindern;SN18700;22.09.1997;0
Oslo - Blindern;SN18700;23.09.1997;0
Oslo - Blindern;SN18700;24.09.1997;0
Oslo - Blindern;SN18700;25.09.1997;0
Oslo - Blindern;SN18700;26.09.1997;0
Oslo - Blindern;SN18700;27.09.1997;0
Oslo - Blindern;SN18700;28.09.1997;0
Oslo - Blindern;SN18700;29.09.1997;0
Oslo - Blindern;SN18700;30.09.1997;2,5
Oslo - Blindern;SN18700;01.10.1997;0
Oslo - Blindern;SN18700;02.10.1997;14,5
Oslo - Blindern;SN18700;03.10.1997;0
Oslo - Blindern;SN18700;04.10.1997;1,1
Oslo - Blindern;SN18700;05.10.1997;0
Oslo - Blindern;SN18700;06.10.1997;0,2
Oslo - Blindern;SN18700;07.10.1997;2,8
Oslo - Blindern;SN18700;08.10.1997;24,1
Oslo - Blindern;SN18700;09.10.1997;0,4
Oslo - Blindern;SN18700;10.10.1997;1,4
Oslo - Blindern;SN18700;11.10.1997;2
Oslo - Blindern;SN18700;12.10.1997;0
Oslo - Blindern;SN18700;13.10.1997;0
Oslo - Blindern;SN18700;14.10.1997;0
Oslo - Blindern;SN18700;15.10.1997;0
Oslo - Blindern;SN18700;16.10.1997;0
Oslo - Blindern;SN18700;17.10.1997;1,3
Oslo - Blindern;SN18700;18.10.1997;24,8
Oslo - Blindern;SN18700;19.10.1997;0
Oslo - Blindern;SN18700;20.10.1997;0
Oslo - Blindern;SN18700;21.10.1997;0
Oslo - Blindern;SN18700;22.10.1997;0
Oslo - Blindern;SN18700;23.10.1997;0
Oslo - Blindern;SN18700;24.10.1997;0
Oslo - Blindern;SN18700;25.10.1997;0
Oslo - Blindern;SN18700;26.10.1997;0
Oslo - Blindern;SN18700;27.10.1997;0
Oslo - Blindern;SN18700;28.10.1997;0
Oslo - Blindern;SN18700;29.10.1997;0
Oslo - Blindern;SN18700;30.10.1997;0
Oslo - Blindern;SN18700;31.10.1997;0,2
Oslo - Blindern;SN18700;01.11.1997;0
Oslo - Blindern;SN18700;02.11.1997;0
Oslo - Blindern;SN18700;03.11.1997;0,1
Oslo - Blindern;SN18700;04.11.1997;0
Oslo - Blindern;SN18700;05.11.1997;0
Oslo - Blindern;SN18700;06.11.1997;4,3
Oslo - Blindern;SN18700;07.11.1997;1,5
Oslo - Blindern;SN18700;08.11.1997;15,3
Oslo - Blindern;SN18700;09.11.1997;3,4
Oslo - Blindern;SN18700;10.11.1997;5,3
Oslo - Blindern;SN18700;11.11.1997;4
Oslo - Blindern;SN18700;12.11.1997;4,9
Oslo - Blindern;SN18700;13.11.1997;4,9
Oslo - Blindern;SN18700;14.11.1997;0
Oslo - Blindern;SN18700;15.11.1997;1,6
Oslo - Blindern;SN18700;16.11.1997;0,5
Oslo - Blindern;SN18700;17.11.1997;0,2
Oslo - Blindern;SN18700;18.11.1997;0
Oslo - Blindern;SN18700;19.11.1997;0
Oslo - Blindern;SN18700;20.11.1997;0,1
Oslo - Blindern;SN18700;21.11.1997;1,9
Oslo - Blindern;SN18700;22.11.1997;0
Oslo - Blindern;SN18700;23.11.1997;0
Oslo - Blindern;SN18700;24.11.1997;0
Oslo - Blindern;SN18700;25.11.1997;0
Oslo - Blindern;SN18700;26.11.1997;0,1
Oslo - Blindern;SN18700;27.11.1997;0
Oslo - Blindern;SN18700;28.11.1997;0
Oslo - Blindern;SN18700;29.11.1997;0
Oslo - Blindern;SN18700;30.11.1997;0,6
Oslo - Blindern;SN18700;01.12.1997;5,5
Oslo - Blindern;SN18700;02.12.1997;3,1
Oslo - Blindern;SN18700;03.12.1997;1,9
Oslo - Blindern;SN18700;04.12.1997;0
Oslo - Blindern;SN18700;05.12.1997;0
Oslo - Blindern;SN18700;06.12.1997;0
Oslo - Blindern;SN18700;07.12.1997;0
Oslo - Blindern;SN18700;08.12.1997;2,9
Oslo - Blindern;SN18700;09.12.1997;2,8
Oslo - Blindern;SN18700;10.12.1997;4,9
Oslo - Blindern;SN18700;11.12.1997;4,7
Oslo - Blindern;SN18700;12.12.1997;1
Oslo - Blindern;SN18700;13.12.1997;0
Oslo - Blindern;SN18700;14.12.1997;0,6
Oslo - Blindern;SN18700;15.12.1997;0
Oslo - Blindern;SN18700;16.12.1997;1,2
Oslo - Blindern;SN18700;17.12.1997;0,2
Oslo - Blindern;SN18700;18.12.1997;0
Oslo - Blindern;SN18700;19.12.1997;0
Oslo - Blindern;SN18700;20.12.1997;0,1
Oslo - Blindern;SN18700;21.12.1997;0
Oslo - Blindern;SN18700;22.12.1997;0
Oslo - Blindern;SN18700;23.12.1997;0
Oslo - Blindern;SN18700;24.12.1997;0
Oslo - Blindern;SN18700;25.12.1997;3,6
Oslo - Blindern;SN18700;26.12.1997;3
Oslo - Blindern;SN18700;27.12.1997;0,4
Oslo - Blindern;SN18700;28.12.1997;0
Oslo - Blindern;SN18700;29.12.1997;0,6
Oslo - Blindern;SN18700;30.12.1997;1,5
Oslo - Blindern;SN18700;31.12.1997;7,1
Oslo - Blindern;SN18700;01.01.1998;7,1
Oslo - Blindern;SN18700;02.01.1998;0,9
Oslo - Blindern;SN18700;03.01.1998;0
Oslo - Blindern;SN18700;04.01.1998;1,9
Oslo - Blindern;SN18700;05.01.1998;2,5
Oslo - Blindern;SN18700;06.01.1998;0,2
Oslo - Blindern;SN18700;07.01.1998;0
Oslo - Blindern;SN18700;08.01.1998;0
Oslo - Blindern;SN18700;09.01.1998;0,1
Oslo - Blindern;SN18700;10.01.1998;4,2
Oslo - Blindern;SN18700;11.01.1998;0,2
Oslo - Blindern;SN18700;12.01.1998;0,4
Oslo - Blindern;SN18700;13.01.1998;0,2
Oslo - Blindern;SN18700;14.01.1998;7,6
Oslo - Blindern;SN18700;15.01.1998;10,6
Oslo - Blindern;SN18700;16.01.1998;7,3
Oslo - Blindern;SN18700;17.01.1998;1,1
Oslo - Blindern;SN18700;18.01.1998;0
Oslo - Blindern;SN18700;19.01.1998;0,3
Oslo - Blindern;SN18700;20.01.1998;0,2
Oslo - Blindern;SN18700;21.01.1998;0
Oslo - Blindern;SN18700;22.01.1998;0
Oslo - Blindern;SN18700;23.01.1998;0,9
Oslo - Blindern;SN18700;24.01.1998;1,5
Oslo - Blindern;SN18700;25.01.1998;0
Oslo - Blindern;SN18700;26.01.1998;0
Oslo - Blindern;SN18700;27.01.1998;0
Oslo - Blindern;SN18700;28.01.1998;0
Oslo - Blindern;SN18700;29.01.1998;0
Oslo - Blindern;SN18700;30.01.1998;0
Oslo - Blindern;SN18700;31.01.1998;0
Oslo - Blindern;SN18700;01.02.1998;0
Oslo - Blindern;SN18700;02.02.1998;0
Oslo - Blindern;SN18700;03.02.1998;5,4
Oslo - Blindern;SN18700;04.02.1998;4,2
Oslo - Blindern;SN18700;05.02.1998;1,6
Oslo - Blindern;SN18700;06.02.1998;0,1
Oslo - Blindern;SN18700;07.02.1998;0,1
Oslo - Blindern;SN18700;08.02.1998;0,1
Oslo - Blindern;SN18700;09.02.1998;0,1
Oslo - Blindern;SN18700;10.02.1998;0
Oslo - Blindern;SN18700;11.02.1998;0
Oslo - Blindern;SN18700;12.02.1998;2,4
Oslo - Blindern;SN18700;13.02.1998;0
Oslo - Blindern;SN18700;14.02.1998;1,7
Oslo - Blindern;SN18700;15.02.1998;0
Oslo - Blindern;SN18700;16.02.1998;2,7
Oslo - Blindern;SN18700;17.02.1998;5,8
Oslo - Blindern;SN18700;18.02.1998;0
Oslo - Blindern;SN18700;19.02.1998;0
Oslo - Blindern;SN18700;20.02.1998;0
Oslo - Blindern;SN18700;21.02.1998;0
Oslo - Blindern;SN18700;22.02.1998;1,2
Oslo - Blindern;SN18700;23.02.1998;0
Oslo - Blindern;SN18700;24.02.1998;0
Oslo - Blindern;SN18700;25.02.1998;0,1
Oslo - Blindern;SN18700;26.02.1998;0
Oslo - Blindern;SN18700;27.02.1998;0
Oslo - Blindern;SN18700;28.02.1998;0
Oslo - Blindern;SN18700;01.03.1998;0
Oslo - Blindern;SN18700;02.03.1998;0
Oslo - Blindern;SN18700;03.03.1998;0
Oslo - Blindern;SN18700;04.03.1998;0,3
Oslo - Blindern;SN18700;05.03.1998;0,1
Oslo - Blindern;SN18700;06.03.1998;16
Oslo - Blindern;SN18700;07.03.1998;2,4
Oslo - Blindern;SN18700;08.03.1998;0
Oslo - Blindern;SN18700;09.03.1998;0
Oslo - Blindern;SN18700;10.03.1998;0
Oslo - Blindern;SN18700;11.03.1998;0,2
Oslo - Blindern;SN18700;12.03.1998;6,6
Oslo - Blindern;SN18700;13.03.1998;0
Oslo - Blindern;SN18700;14.03.1998;0
Oslo - Blindern;SN18700;15.03.1998;0
Oslo - Blindern;SN18700;16.03.1998;0,1
Oslo - Blindern;SN18700;17.03.1998;0
Oslo - Blindern;SN18700;18.03.1998;0
Oslo - Blindern;SN18700;19.03.1998;0
Oslo - Blindern;SN18700;20.03.1998;0
Oslo - Blindern;SN18700;21.03.1998;0
Oslo - Blindern;SN18700;22.03.1998;0
Oslo - Blindern;SN18700;23.03.1998;0,2
Oslo - Blindern;SN18700;24.03.1998;0
Oslo - Blindern;SN18700;25.03.1998;0,1
Oslo - Blindern;SN18700;26.03.1998;0,2
Oslo - Blindern;SN18700;27.03.1998;12,9
Oslo - Blindern;SN18700;28.03.1998;0
Oslo - Blindern;SN18700;29.03.1998;0
Oslo - Blindern;SN18700;30.03.1998;0,4
Oslo - Blindern;SN18700;31.03.1998;7,4
Oslo - Blindern;SN18700;01.04.1998;0,7
Oslo - Blindern;SN18700;02.04.1998;0
Oslo - Blindern;SN18700;03.04.1998;0
Oslo - Blindern;SN18700;04.04.1998;0
Oslo - Blindern;SN18700;05.04.1998;5,3
Oslo - Blindern;SN18700;06.04.1998;0
Oslo - Blindern;SN18700;07.04.1998;0
Oslo - Blindern;SN18700;08.04.1998;0
Oslo - Blindern;SN18700;09.04.1998;0,1
Oslo - Blindern;SN18700;10.04.1998;9,8
Oslo - Blindern;SN18700;11.04.1998;1,7
Oslo - Blindern;SN18700;12.04.1998;2,6
Oslo - Blindern;SN18700;13.04.1998;2,1
Oslo - Blindern;SN18700;14.04.1998;1,6
Oslo - Blindern;SN18700;15.04.1998;17,1
Oslo - Blindern;SN18700;16.04.1998;2,7
Oslo - Blindern;SN18700;17.04.1998;10,4
Oslo - Blindern;SN18700;18.04.1998;0
Oslo - Blindern;SN18700;19.04.1998;0
Oslo - Blindern;SN18700;20.04.1998;0
Oslo - Blindern;SN18700;21.04.1998;0
Oslo - Blindern;SN18700;22.04.1998;0
Oslo - Blindern;SN18700;23.04.1998;0
Oslo - Blindern;SN18700;24.04.1998;0,8
Oslo - Blindern;SN18700;25.04.1998;5,5
Oslo - Blindern;SN18700;26.04.1998;13,6
Oslo - Blindern;SN18700;27.04.1998;8,6
Oslo - Blindern;SN18700;28.04.1998;0
Oslo - Blindern;SN18700;29.04.1998;4
Oslo - Blindern;SN18700;30.04.1998;4
Oslo - Blindern;SN18700;01.05.1998;0,4
Oslo - Blindern;SN18700;02.05.1998;6,7
Oslo - Blindern;SN18700;03.05.1998;0
Oslo - Blindern;SN18700;04.05.1998;0
Oslo - Blindern;SN18700;05.05.1998;0
Oslo - Blindern;SN18700;06.05.1998;0
Oslo - Blindern;SN18700;07.05.1998;0
Oslo - Blindern;SN18700;08.05.1998;0
Oslo - Blindern;SN18700;09.05.1998;0
Oslo - Blindern;SN18700;10.05.1998;5,4
Oslo - Blindern;SN18700;11.05.1998;0,1
Oslo - Blindern;SN18700;12.05.1998;0
Oslo - Blindern;SN18700;13.05.1998;0
Oslo - Blindern;SN18700;14.05.1998;0
Oslo - Blindern;SN18700;15.05.1998;0
Oslo - Blindern;SN18700;16.05.1998;0
Oslo - Blindern;SN18700;17.05.1998;0
Oslo - Blindern;SN18700;18.05.1998;0
Oslo - Blindern;SN18700;19.05.1998;0
Oslo - Blindern;SN18700;20.05.1998;0
Oslo - Blindern;SN18700;21.05.1998;0
Oslo - Blindern;SN18700;22.05.1998;0,1
Oslo - Blindern;SN18700;23.05.1998;0
Oslo - Blindern;SN18700;24.05.1998;0
Oslo - Blindern;SN18700;25.05.1998;6,1
Oslo - Blindern;SN18700;26.05.1998;0
Oslo - Blindern;SN18700;27.05.1998;0
Oslo - Blindern;SN18700;28.05.1998;0
Oslo - Blindern;SN18700;29.05.1998;0
Oslo - Blindern;SN18700;30.05.1998;0
Oslo - Blindern;SN18700;31.05.1998;0
Oslo - Blindern;SN18700;01.06.1998;0
Oslo - Blindern;SN18700;02.06.1998;1,5
Oslo - Blindern;SN18700;03.06.1998;6,5
Oslo - Blindern;SN18700;04.06.1998;12,8
Oslo - Blindern;SN18700;05.06.1998;0,5
Oslo - Blindern;SN18700;06.06.1998;0
Oslo - Blindern;SN18700;07.06.1998;5
Oslo - Blindern;SN18700;08.06.1998;10,3
Oslo - Blindern;SN18700;09.06.1998;1,4
Oslo - Blindern;SN18700;10.06.1998;5
Oslo - Blindern;SN18700;11.06.1998;2,6
Oslo - Blindern;SN18700;12.06.1998;0
Oslo - Blindern;SN18700;13.06.1998;0
Oslo - Blindern;SN18700;14.06.1998;0,8
Oslo - Blindern;SN18700;15.06.1998;0
Oslo - Blindern;SN18700;16.06.1998;0,1
Oslo - Blindern;SN18700;17.06.1998;20,1
Oslo - Blindern;SN18700;18.06.1998;13,5
Oslo - Blindern;SN18700;19.06.1998;1,1
Oslo - Blindern;SN18700;20.06.1998;0
Oslo - Blindern;SN18700;21.06.1998;0
Oslo - Blindern;SN18700;22.06.1998;0
Oslo - Blindern;SN18700;23.06.1998;3
Oslo - Blindern;SN18700;24.06.1998;0,3
Oslo - Blindern;SN18700;25.06.1998;0
Oslo - Blindern;SN18700;26.06.1998;1,3
Oslo - Blindern;SN18700;27.06.1998;1,1
Oslo - Blindern;SN18700;28.06.1998;11,1
Oslo - Blindern;SN18700;29.06.1998;22,2
Oslo - Blindern;SN18700;30.06.1998;0
Oslo - Blindern;SN18700;01.07.1998;0
Oslo - Blindern;SN18700;02.07.1998;4,2
Oslo - Blindern;SN18700;03.07.1998;0,2
Oslo - Blindern;SN18700;04.07.1998;0
Oslo - Blindern;SN18700;05.07.1998;0,4
Oslo - Blindern;SN18700;06.07.1998;0
Oslo - Blindern;SN18700;07.07.1998;0
Oslo - Blindern;SN18700;08.07.1998;6,6
Oslo - Blindern;SN18700;09.07.1998;0
Oslo - Blindern;SN18700;10.07.1998;2,5
Oslo - Blindern;SN18700;11.07.1998;0
Oslo - Blindern;SN18700;12.07.1998;11,8
Oslo - Blindern;SN18700;13.07.1998;1,7
Oslo - Blindern;SN18700;14.07.1998;3,2
Oslo - Blindern;SN18700;15.07.1998;9,3
Oslo - Blindern;SN18700;16.07.1998;3
Oslo - Blindern;SN18700;17.07.1998;0
Oslo - Blindern;SN18700;18.07.1998;0,5
Oslo - Blindern;SN18700;19.07.1998;16,3
Oslo - Blindern;SN18700;20.07.1998;0,5
Oslo - Blindern;SN18700;21.07.1998;0
Oslo - Blindern;SN18700;22.07.1998;0,2
Oslo - Blindern;SN18700;23.07.1998;0
Oslo - Blindern;SN18700;24.07.1998;7,5
Oslo - Blindern;SN18700;25.07.1998;1,6
Oslo - Blindern;SN18700;26.07.1998;4
Oslo - Blindern;SN18700;27.07.1998;0,2
Oslo - Blindern;SN18700;28.07.1998;0
Oslo - Blindern;SN18700;29.07.1998;4,6
Oslo - Blindern;SN18700;30.07.1998;0
Oslo - Blindern;SN18700;31.07.1998;0,4
Oslo - Blindern;SN18700;01.08.1998;4,6
Oslo - Blindern;SN18700;02.08.1998;27
Oslo - Blindern;SN18700;03.08.1998;0
Oslo - Blindern;SN18700;04.08.1998;10
Oslo - Blindern;SN18700;05.08.1998;0,1
Oslo - Blindern;SN18700;06.08.1998;0,2
Oslo - Blindern;SN18700;07.08.1998;0,2
Oslo - Blindern;SN18700;08.08.1998;0
Oslo - Blindern;SN18700;09.08.1998;0,4
Oslo - Blindern;SN18700;10.08.1998;0
Oslo - Blindern;SN18700;11.08.1998;0
Oslo - Blindern;SN18700;12.08.1998;0
Oslo - Blindern;SN18700;13.08.1998;15,7
Oslo - Blindern;SN18700;14.08.1998;6,9
Oslo - Blindern;SN18700;15.08.1998;1
Oslo - Blindern;SN18700;16.08.1998;11,8
Oslo - Blindern;SN18700;17.08.1998;0
Oslo - Blindern;SN18700;18.08.1998;13,5
Oslo - Blindern;SN18700;19.08.1998;0
Oslo - Blindern;SN18700;20.08.1998;0
Oslo - Blindern;SN18700;21.08.1998;5,9
Oslo - Blindern;SN18700;22.08.1998;3,7
Oslo - Blindern;SN18700;23.08.1998;0
Oslo - Blindern;SN18700;24.08.1998;0
Oslo - Blindern;SN18700;25.08.1998;0
Oslo - Blindern;SN18700;26.08.1998;7
Oslo - Blindern;SN18700;27.08.1998;0,1
Oslo - Blindern;SN18700;28.08.1998;2,7
Oslo - Blindern;SN18700;29.08.1998;0
Oslo - Blindern;SN18700;30.08.1998;0,1
Oslo - Blindern;SN18700;31.08.1998;1,8
Oslo - Blindern;SN18700;01.09.1998;0
Oslo - Blindern;SN18700;02.09.1998;0
Oslo - Blindern;SN18700;03.09.1998;0
Oslo - Blindern;SN18700;04.09.1998;0
Oslo - Blindern;SN18700;05.09.1998;0
Oslo - Blindern;SN18700;06.09.1998;0
Oslo - Blindern;SN18700;07.09.1998;0
Oslo - Blindern;SN18700;08.09.1998;0,1
Oslo - Blindern;SN18700;09.09.1998;5,5
Oslo - Blindern;SN18700;10.09.1998;24,3
Oslo - Blindern;SN18700;11.09.1998;2,5
Oslo - Blindern;SN18700;12.09.1998;5,7
Oslo - Blindern;SN18700;13.09.1998;13,8
Oslo - Blindern;SN18700;14.09.1998;9,1
Oslo - Blindern;SN18700;15.09.1998;2,4
Oslo - Blindern;SN18700;16.09.1998;0,5
Oslo - Blindern;SN18700;17.09.1998;11,4
Oslo - Blindern;SN18700;18.09.1998;0
Oslo - Blindern;SN18700;19.09.1998;0
Oslo - Blindern;SN18700;20.09.1998;0
Oslo - Blindern;SN18700;21.09.1998;0
Oslo - Blindern;SN18700;22.09.1998;0
Oslo - Blindern;SN18700;23.09.1998;0
Oslo - Blindern;SN18700;24.09.1998;0
Oslo - Blindern;SN18700;25.09.1998;1,5
Oslo - Blindern;SN18700;26.09.1998;0
Oslo - Blindern;SN18700;27.09.1998;0
Oslo - Blindern;SN18700;28.09.1998;0
Oslo - Blindern;SN18700;29.09.1998;0,3
Oslo - Blindern;SN18700;30.09.1998;1,1
Oslo - Blindern;SN18700;01.10.1998;0
Oslo - Blindern;SN18700;02.10.1998;0
Oslo - Blindern;SN18700;03.10.1998;0,1
Oslo - Blindern;SN18700;04.10.1998;0
Oslo - Blindern;SN18700;05.10.1998;0
Oslo - Blindern;SN18700;06.10.1998;0
Oslo - Blindern;SN18700;07.10.1998;0
Oslo - Blindern;SN18700;08.10.1998;0
Oslo - Blindern;SN18700;09.10.1998;0
Oslo - Blindern;SN18700;10.10.1998;4
Oslo - Blindern;SN18700;11.10.1998;3,5
Oslo - Blindern;SN18700;12.10.1998;0,1
Oslo - Blindern;SN18700;13.10.1998;0
Oslo - Blindern;SN18700;14.10.1998;4
Oslo - Blindern;SN18700;15.10.1998;11,3
Oslo - Blindern;SN18700;16.10.1998;0
Oslo - Blindern;SN18700;17.10.1998;0
Oslo - Blindern;SN18700;18.10.1998;10
Oslo - Blindern;SN18700;19.10.1998;0
Oslo - Blindern;SN18700;20.10.1998;0,4
Oslo - Blindern;SN18700;21.10.1998;0
Oslo - Blindern;SN18700;22.10.1998;10
Oslo - Blindern;SN18700;23.10.1998;2,5
Oslo - Blindern;SN18700;24.10.1998;10,8
Oslo - Blindern;SN18700;25.10.1998;4,7
Oslo - Blindern;SN18700;26.10.1998;25,8
Oslo - Blindern;SN18700;27.10.1998;8,6
Oslo - Blindern;SN18700;28.10.1998;6,1
Oslo - Blindern;SN18700;29.10.1998;0,2
Oslo - Blindern;SN18700;30.10.1998;0
Oslo - Blindern;SN18700;31.10.1998;0
Oslo - Blindern;SN18700;01.11.1998;1,2
Oslo - Blindern;SN18700;02.11.1998;0
Oslo - Blindern;SN18700;03.11.1998;0
Oslo - Blindern;SN18700;04.11.1998;0
Oslo - Blindern;SN18700;05.11.1998;0
Oslo - Blindern;SN18700;06.11.1998;0,3
Oslo - Blindern;SN18700;07.11.1998;0
Oslo - Blindern;SN18700;08.11.1998;0
Oslo - Blindern;SN18700;09.11.1998;0
Oslo - Blindern;SN18700;10.11.1998;3,9
Oslo - Blindern;SN18700;11.11.1998;14,6
Oslo - Blindern;SN18700;12.11.1998;0,5
Oslo - Blindern;SN18700;13.11.1998;0
Oslo - Blindern;SN18700;14.11.1998;0
Oslo - Blindern;SN18700;15.11.1998;0,1
Oslo - Blindern;SN18700;16.11.1998;0
Oslo - Blindern;SN18700;17.11.1998;0
Oslo - Blindern;SN18700;18.11.1998;0
Oslo - Blindern;SN18700;19.11.1998;0
Oslo - Blindern;SN18700;20.11.1998;0
Oslo - Blindern;SN18700;21.11.1998;0
Oslo - Blindern;SN18700;22.11.1998;2,9
Oslo - Blindern;SN18700;23.11.1998;0
Oslo - Blindern;SN18700;24.11.1998;0
Oslo - Blindern;SN18700;25.11.1998;1,4
Oslo - Blindern;SN18700;26.11.1998;3,5
Oslo - Blindern;SN18700;27.11.1998;3,3
Oslo - Blindern;SN18700;28.11.1998;0
Oslo - Blindern;SN18700;29.11.1998;0,4
Oslo - Blindern;SN18700;30.11.1998;0,9
Oslo - Blindern;SN18700;01.12.1998;0,2
Oslo - Blindern;SN18700;02.12.1998;0
Oslo - Blindern;SN18700;03.12.1998;0
Oslo - Blindern;SN18700;04.12.1998;0
Oslo - Blindern;SN18700;05.12.1998;2,7
Oslo - Blindern;SN18700;06.12.1998;0
Oslo - Blindern;SN18700;07.12.1998;0
Oslo - Blindern;SN18700;08.12.1998;0
Oslo - Blindern;SN18700;09.12.1998;0
Oslo - Blindern;SN18700;10.12.1998;0,5
Oslo - Blindern;SN18700;11.12.1998;1,5
Oslo - Blindern;SN18700;12.12.1998;0,1
Oslo - Blindern;SN18700;13.12.1998;0,3
Oslo - Blindern;SN18700;14.12.1998;0
Oslo - Blindern;SN18700;15.12.1998;2,8
Oslo - Blindern;SN18700;16.12.1998;0
Oslo - Blindern;SN18700;17.12.1998;0
Oslo - Blindern;SN18700;18.12.1998;0
Oslo - Blindern;SN18700;19.12.1998;0
Oslo - Blindern;SN18700;20.12.1998;0
Oslo - Blindern;SN18700;21.12.1998;0
Oslo - Blindern;SN18700;22.12.1998;0
Oslo - Blindern;SN18700;23.12.1998;0,7
Oslo - Blindern;SN18700;24.12.1998;8,4
Oslo - Blindern;SN18700;25.12.1998;6
Oslo - Blindern;SN18700;26.12.1998;2
Oslo - Blindern;SN18700;27.12.1998;10
Oslo - Blindern;SN18700;28.12.1998;6,6
Oslo - Blindern;SN18700;29.12.1998;1,5
Oslo - Blindern;SN18700;30.12.1998;0
Oslo - Blindern;SN18700;31.12.1998;0,2
Oslo - Blindern;SN18700;01.01.1999;1,3
Oslo - Blindern;SN18700;02.01.1999;2,7
Oslo - Blindern;SN18700;03.01.1999;15,7
Oslo - Blindern;SN18700;04.01.1999;5,5
Oslo - Blindern;SN18700;05.01.1999;7,2
Oslo - Blindern;SN18700;06.01.1999;0,3
Oslo - Blindern;SN18700;07.01.1999;10,2
Oslo - Blindern;SN18700;08.01.1999;0
Oslo - Blindern;SN18700;09.01.1999;0
Oslo - Blindern;SN18700;10.01.1999;0
Oslo - Blindern;SN18700;11.01.1999;0
Oslo - Blindern;SN18700;12.01.1999;0
Oslo - Blindern;SN18700;13.01.1999;0
Oslo - Blindern;SN18700;14.01.1999;0,2
Oslo - Blindern;SN18700;15.01.1999;1,4
Oslo - Blindern;SN18700;16.01.1999;10,1
Oslo - Blindern;SN18700;17.01.1999;8,5
Oslo - Blindern;SN18700;18.01.1999;0
Oslo - Blindern;SN18700;19.01.1999;1
Oslo - Blindern;SN18700;20.01.1999;2,8
Oslo - Blindern;SN18700;21.01.1999;2,4
Oslo - Blindern;SN18700;22.01.1999;0
Oslo - Blindern;SN18700;23.01.1999;0
Oslo - Blindern;SN18700;24.01.1999;6
Oslo - Blindern;SN18700;25.01.1999;0,7
Oslo - Blindern;SN18700;26.01.1999;0
Oslo - Blindern;SN18700;27.01.1999;1,5
Oslo - Blindern;SN18700;28.01.1999;1,2
Oslo - Blindern;SN18700;29.01.1999;0
Oslo - Blindern;SN18700;30.01.1999;0
Oslo - Blindern;SN18700;31.01.1999;13,3
Oslo - Blindern;SN18700;01.02.1999;0
Oslo - Blindern;SN18700;02.02.1999;0
Oslo - Blindern;SN18700;03.02.1999;0
Oslo - Blindern;SN18700;04.02.1999;3,9
Oslo - Blindern;SN18700;05.02.1999;0
Oslo - Blindern;SN18700;06.02.1999;0
Oslo - Blindern;SN18700;07.02.1999;0
Oslo - Blindern;SN18700;08.02.1999;0
Oslo - Blindern;SN18700;09.02.1999;0
Oslo - Blindern;SN18700;10.02.1999;1
Oslo - Blindern;SN18700;11.02.1999;0
Oslo - Blindern;SN18700;12.02.1999;0
Oslo - Blindern;SN18700;13.02.1999;0
Oslo - Blindern;SN18700;14.02.1999;0,2
Oslo - Blindern;SN18700;15.02.1999;0
Oslo - Blindern;SN18700;16.02.1999;0
Oslo - Blindern;SN18700;17.02.1999;0
Oslo - Blindern;SN18700;18.02.1999;0
Oslo - Blindern;SN18700;19.02.1999;0,7
Oslo - Blindern;SN18700;20.02.1999;18,2
Oslo - Blindern;SN18700;21.02.1999;0
Oslo - Blindern;SN18700;22.02.1999;5,1
Oslo - Blindern;SN18700;23.02.1999;0
Oslo - Blindern;SN18700;24.02.1999;0
Oslo - Blindern;SN18700;25.02.1999;0
Oslo - Blindern;SN18700;26.02.1999;4,1
Oslo - Blindern;SN18700;27.02.1999;0
Oslo - Blindern;SN18700;28.02.1999;4,1
Oslo - Blindern;SN18700;01.03.1999;10,1
Oslo - Blindern;SN18700;02.03.1999;0
Oslo - Blindern;SN18700;03.03.1999;0
Oslo - Blindern;SN18700;04.03.1999;11,2
Oslo - Blindern;SN18700;05.03.1999;11,4
Oslo - Blindern;SN18700;06.03.1999;8,6
Oslo - Blindern;SN18700;07.03.1999;7,1
Oslo - Blindern;SN18700;08.03.1999;6,3
Oslo - Blindern;SN18700;09.03.1999;1
Oslo - Blindern;SN18700;10.03.1999;0,1
Oslo - Blindern;SN18700;11.03.1999;0
Oslo - Blindern;SN18700;12.03.1999;0
Oslo - Blindern;SN18700;13.03.1999;0
Oslo - Blindern;SN18700;14.03.1999;2,7
Oslo - Blindern;SN18700;15.03.1999;3
Oslo - Blindern;SN18700;16.03.1999;0,1
Oslo - Blindern;SN18700;17.03.1999;20,2
Oslo - Blindern;SN18700;18.03.1999;0,3
Oslo - Blindern;SN18700;19.03.1999;9,2
Oslo - Blindern;SN18700;20.03.1999;0
Oslo - Blindern;SN18700;21.03.1999;0
Oslo - Blindern;SN18700;22.03.1999;18,2
Oslo - Blindern;SN18700;23.03.1999;0
Oslo - Blindern;SN18700;24.03.1999;0
Oslo - Blindern;SN18700;25.03.1999;5,6
Oslo - Blindern;SN18700;26.03.1999;5,4
Oslo - Blindern;SN18700;27.03.1999;6,1
Oslo - Blindern;SN18700;28.03.1999;0,4
Oslo - Blindern;SN18700;29.03.1999;0
Oslo - Blindern;SN18700;30.03.1999;2,1
Oslo - Blindern;SN18700;31.03.1999;2,1
Oslo - Blindern;SN18700;01.04.1999;0,1
Oslo - Blindern;SN18700;02.04.1999;0
Oslo - Blindern;SN18700;03.04.1999;0
Oslo - Blindern;SN18700;04.04.1999;0
Oslo - Blindern;SN18700;05.04.1999;0
Oslo - Blindern;SN18700;06.04.1999;4,2
Oslo - Blindern;SN18700;07.04.1999;9,9
Oslo - Blindern;SN18700;08.04.1999;0,5
Oslo - Blindern;SN18700;09.04.1999;0,2
Oslo - Blindern;SN18700;10.04.1999;0
Oslo - Blindern;SN18700;11.04.1999;0
Oslo - Blindern;SN18700;12.04.1999;0
Oslo - Blindern;SN18700;13.04.1999;7,4
Oslo - Blindern;SN18700;14.04.1999;8,9
Oslo - Blindern;SN18700;15.04.1999;1,2
Oslo - Blindern;SN18700;16.04.1999;2
Oslo - Blindern;SN18700;17.04.1999;1,1
Oslo - Blindern;SN18700;18.04.1999;0
Oslo - Blindern;SN18700;19.04.1999;4,9
Oslo - Blindern;SN18700;20.04.1999;0
Oslo - Blindern;SN18700;21.04.1999;0,1
Oslo - Blindern;SN18700;22.04.1999;6
Oslo - Blindern;SN18700;23.04.1999;0,3
Oslo - Blindern;SN18700;24.04.1999;0
Oslo - Blindern;SN18700;25.04.1999;0
Oslo - Blindern;SN18700;26.04.1999;0
Oslo - Blindern;SN18700;27.04.1999;0
Oslo - Blindern;SN18700;28.04.1999;0
Oslo - Blindern;SN18700;29.04.1999;0
Oslo - Blindern;SN18700;30.04.1999;0
Oslo - Blindern;SN18700;01.05.1999;0,1
Oslo - Blindern;SN18700;02.05.1999;0
Oslo - Blindern;SN18700;03.05.1999;0
Oslo - Blindern;SN18700;04.05.1999;0
Oslo - Blindern;SN18700;05.05.1999;0
Oslo - Blindern;SN18700;06.05.1999;0
Oslo - Blindern;SN18700;07.05.1999;0
Oslo - Blindern;SN18700;08.05.1999;0
Oslo - Blindern;SN18700;09.05.1999;4,5
Oslo - Blindern;SN18700;10.05.1999;5
Oslo - Blindern;SN18700;11.05.1999;0,6
Oslo - Blindern;SN18700;12.05.1999;3,1
Oslo - Blindern;SN18700;13.05.1999;0,8
Oslo - Blindern;SN18700;14.05.1999;12,2
Oslo - Blindern;SN18700;15.05.1999;2,1
Oslo - Blindern;SN18700;16.05.1999;0
Oslo - Blindern;SN18700;17.05.1999;0
Oslo - Blindern;SN18700;18.05.1999;0
Oslo - Blindern;SN18700;19.05.1999;0
Oslo - Blindern;SN18700;20.05.1999;0
Oslo - Blindern;SN18700;21.05.1999;0
Oslo - Blindern;SN18700;22.05.1999;4,4
Oslo - Blindern;SN18700;23.05.1999;0
Oslo - Blindern;SN18700;24.05.1999;0,2
Oslo - Blindern;SN18700;25.05.1999;0,8
Oslo - Blindern;SN18700;26.05.1999;0
Oslo - Blindern;SN18700;27.05.1999;0,6
Oslo - Blindern;SN18700;28.05.1999;0
Oslo - Blindern;SN18700;29.05.1999;6,8
Oslo - Blindern;SN18700;30.05.1999;0
Oslo - Blindern;SN18700;31.05.1999;0
Oslo - Blindern;SN18700;01.06.1999;0
Oslo - Blindern;SN18700;02.06.1999;0
Oslo - Blindern;SN18700;03.06.1999;0
Oslo - Blindern;SN18700;04.06.1999;10
Oslo - Blindern;SN18700;05.06.1999;5,3
Oslo - Blindern;SN18700;06.06.1999;6,5
Oslo - Blindern;SN18700;07.06.1999;0,6
Oslo - Blindern;SN18700;08.06.1999;2,5
Oslo - Blindern;SN18700;09.06.1999;1,5
Oslo - Blindern;SN18700;10.06.1999;9,4
Oslo - Blindern;SN18700;11.06.1999;5,1
Oslo - Blindern;SN18700;12.06.1999;0
Oslo - Blindern;SN18700;13.06.1999;6,9
Oslo - Blindern;SN18700;14.06.1999;10,1
Oslo - Blindern;SN18700;15.06.1999;0
Oslo - Blindern;SN18700;16.06.1999;0
Oslo - Blindern;SN18700;17.06.1999;0
Oslo - Blindern;SN18700;18.06.1999;8,9
Oslo - Blindern;SN18700;19.06.1999;0
Oslo - Blindern;SN18700;20.06.1999;15,5
Oslo - Blindern;SN18700;21.06.1999;2,9
Oslo - Blindern;SN18700;22.06.1999;4,6
Oslo - Blindern;SN18700;23.06.1999;2,4
Oslo - Blindern;SN18700;24.06.1999;3,9
Oslo - Blindern;SN18700;25.06.1999;0,6
Oslo - Blindern;SN18700;26.06.1999;0,4
Oslo - Blindern;SN18700;27.06.1999;8,4
Oslo - Blindern;SN18700;28.06.1999;5,4
Oslo - Blindern;SN18700;29.06.1999;26,7
Oslo - Blindern;SN18700;30.06.1999;5,3
Oslo - Blindern;SN18700;01.07.1999;0,1
Oslo - Blindern;SN18700;02.07.1999;2,5
Oslo - Blindern;SN18700;03.07.1999;4,1
Oslo - Blindern;SN18700;04.07.1999;0
Oslo - Blindern;SN18700;05.07.1999;4,1
Oslo - Blindern;SN18700;06.07.1999;0
Oslo - Blindern;SN18700;07.07.1999;0
Oslo - Blindern;SN18700;08.07.1999;0
Oslo - Blindern;SN18700;09.07.1999;0
Oslo - Blindern;SN18700;10.07.1999;0
Oslo - Blindern;SN18700;11.07.1999;0
Oslo - Blindern;SN18700;12.07.1999;0
Oslo - Blindern;SN18700;13.07.1999;0
Oslo - Blindern;SN18700;14.07.1999;0
Oslo - Blindern;SN18700;15.07.1999;23,2
Oslo - Blindern;SN18700;16.07.1999;0
Oslo - Blindern;SN18700;17.07.1999;8,9
Oslo - Blindern;SN18700;18.07.1999;0
Oslo - Blindern;SN18700;19.07.1999;0
Oslo - Blindern;SN18700;20.07.1999;0,1
Oslo - Blindern;SN18700;21.07.1999;13,6
Oslo - Blindern;SN18700;22.07.1999;3,7
Oslo - Blindern;SN18700;23.07.1999;3,5
Oslo - Blindern;SN18700;24.07.1999;2,5
Oslo - Blindern;SN18700;25.07.1999;0
Oslo - Blindern;SN18700;26.07.1999;0
Oslo - Blindern;SN18700;27.07.1999;0
Oslo - Blindern;SN18700;28.07.1999;0
Oslo - Blindern;SN18700;29.07.1999;0
Oslo - Blindern;SN18700;30.07.1999;0
Oslo - Blindern;SN18700;31.07.1999;0
Oslo - Blindern;SN18700;01.08.1999;0
Oslo - Blindern;SN18700;02.08.1999;0
Oslo - Blindern;SN18700;03.08.1999;0
Oslo - Blindern;SN18700;04.08.1999;0
Oslo - Blindern;SN18700;05.08.1999;0
Oslo - Blindern;SN18700;06.08.1999;0
Oslo - Blindern;SN18700;07.08.1999;0
Oslo - Blindern;SN18700;08.08.1999;0
Oslo - Blindern;SN18700;09.08.1999;2,3
Oslo - Blindern;SN18700;10.08.1999;0
Oslo - Blindern;SN18700;11.08.1999;0
Oslo - Blindern;SN18700;12.08.1999;0
Oslo - Blindern;SN18700;13.08.1999;0
Oslo - Blindern;SN18700;14.08.1999;0
Oslo - Blindern;SN18700;15.08.1999;0
Oslo - Blindern;SN18700;16.08.1999;0
Oslo - Blindern;SN18700;17.08.1999;0
Oslo - Blindern;SN18700;18.08.1999;0
Oslo - Blindern;SN18700;19.08.1999;0
Oslo - Blindern;SN18700;20.08.1999;0
Oslo - Blindern;SN18700;21.08.1999;0
Oslo - Blindern;SN18700;22.08.1999;0
Oslo - Blindern;SN18700;23.08.1999;0
Oslo - Blindern;SN18700;24.08.1999;0
Oslo - Blindern;SN18700;25.08.1999;0
Oslo - Blindern;SN18700;26.08.1999;0
Oslo - Blindern;SN18700;27.08.1999;16,1
Oslo - Blindern;SN18700;28.08.1999;1,4
Oslo - Blindern;SN18700;29.08.1999;0
Oslo - Blindern;SN18700;30.08.1999;0
Oslo - Blindern;SN18700;31.08.1999;10,6
Oslo - Blindern;SN18700;01.09.1999;0
Oslo - Blindern;SN18700;02.09.1999;0,2
Oslo - Blindern;SN18700;03.09.1999;0
Oslo - Blindern;SN18700;04.09.1999;0
Oslo - Blindern;SN18700;05.09.1999;0
Oslo - Blindern;SN18700;06.09.1999;0
Oslo - Blindern;SN18700;07.09.1999;0
Oslo - Blindern;SN18700;08.09.1999;0,8
Oslo - Blindern;SN18700;09.09.1999;0
Oslo - Blindern;SN18700;10.09.1999;0,3
Oslo - Blindern;SN18700;11.09.1999;0
Oslo - Blindern;SN18700;12.09.1999;0
Oslo - Blindern;SN18700;13.09.1999;0
Oslo - Blindern;SN18700;14.09.1999;0
Oslo - Blindern;SN18700;15.09.1999;1,5
Oslo - Blindern;SN18700;16.09.1999;1,9
Oslo - Blindern;SN18700;17.09.1999;1
Oslo - Blindern;SN18700;18.09.1999;8,3
Oslo - Blindern;SN18700;19.09.1999;5,6
Oslo - Blindern;SN18700;20.09.1999;13,8
Oslo - Blindern;SN18700;21.09.1999;0
Oslo - Blindern;SN18700;22.09.1999;16
Oslo - Blindern;SN18700;23.09.1999;20,9
Oslo - Blindern;SN18700;24.09.1999;0,2
Oslo - Blindern;SN18700;25.09.1999;14
Oslo - Blindern;SN18700;26.09.1999;45,5
Oslo - Blindern;SN18700;27.09.1999;23,9
Oslo - Blindern;SN18700;28.09.1999;7,5
Oslo - Blindern;SN18700;29.09.1999;1,9
Oslo - Blindern;SN18700;30.09.1999;0
Oslo - Blindern;SN18700;01.10.1999;0
Oslo - Blindern;SN18700;02.10.1999;9,5
Oslo - Blindern;SN18700;03.10.1999;18,6
Oslo - Blindern;SN18700;04.10.1999;7,2
Oslo - Blindern;SN18700;05.10.1999;25,2
Oslo - Blindern;SN18700;06.10.1999;0
Oslo - Blindern;SN18700;07.10.1999;0
Oslo - Blindern;SN18700;08.10.1999;0,3
Oslo - Blindern;SN18700;09.10.1999;0
Oslo - Blindern;SN18700;10.10.1999;0
Oslo - Blindern;SN18700;11.10.1999;6,2
Oslo - Blindern;SN18700;12.10.1999;0
Oslo - Blindern;SN18700;13.10.1999;0
Oslo - Blindern;SN18700;14.10.1999;0
Oslo - Blindern;SN18700;15.10.1999;0
Oslo - Blindern;SN18700;16.10.1999;0
Oslo - Blindern;SN18700;17.10.1999;0
Oslo - Blindern;SN18700;18.10.1999;0
Oslo - Blindern;SN18700;19.10.1999;0
Oslo - Blindern;SN18700;20.10.1999;0
Oslo - Blindern;SN18700;21.10.1999;0
Oslo - Blindern;SN18700;22.10.1999;0
Oslo - Blindern;SN18700;23.10.1999;0
Oslo - Blindern;SN18700;24.10.1999;16
Oslo - Blindern;SN18700;25.10.1999;3,6
Oslo - Blindern;SN18700;26.10.1999;7,8
Oslo - Blindern;SN18700;27.10.1999;0
Oslo - Blindern;SN18700;28.10.1999;2,9
Oslo - Blindern;SN18700;29.10.1999;0
Oslo - Blindern;SN18700;30.10.1999;0
Oslo - Blindern;SN18700;31.10.1999;0,5
Oslo - Blindern;SN18700;01.11.1999;4,5
Oslo - Blindern;SN18700;02.11.1999;3
Oslo - Blindern;SN18700;03.11.1999;0
Oslo - Blindern;SN18700;04.11.1999;0
Oslo - Blindern;SN18700;05.11.1999;0
Oslo - Blindern;SN18700;06.11.1999;0
Oslo - Blindern;SN18700;07.11.1999;0,2
Oslo - Blindern;SN18700;08.11.1999;0,9
Oslo - Blindern;SN18700;09.11.1999;2,8
Oslo - Blindern;SN18700;10.11.1999;0
Oslo - Blindern;SN18700;11.11.1999;0
Oslo - Blindern;SN18700;12.11.1999;0
Oslo - Blindern;SN18700;13.11.1999;0
Oslo - Blindern;SN18700;14.11.1999;0
Oslo - Blindern;SN18700;15.11.1999;0
Oslo - Blindern;SN18700;16.11.1999;2,2
Oslo - Blindern;SN18700;17.11.1999;0
Oslo - Blindern;SN18700;18.11.1999;0,5
Oslo - Blindern;SN18700;19.11.1999;2,8
Oslo - Blindern;SN18700;20.11.1999;0
Oslo - Blindern;SN18700;21.11.1999;0
Oslo - Blindern;SN18700;22.11.1999;1,5
Oslo - Blindern;SN18700;23.11.1999;5,5
Oslo - Blindern;SN18700;24.11.1999;0,2
Oslo - Blindern;SN18700;25.11.1999;3,6
Oslo - Blindern;SN18700;26.11.1999;0,3
Oslo - Blindern;SN18700;27.11.1999;0,1
Oslo - Blindern;SN18700;28.11.1999;0
Oslo - Blindern;SN18700;29.11.1999;0,1
Oslo - Blindern;SN18700;30.11.1999;0
Oslo - Blindern;SN18700;01.12.1999;0,1
Oslo - Blindern;SN18700;02.12.1999;0
Oslo - Blindern;SN18700;03.12.1999;0
Oslo - Blindern;SN18700;04.12.1999;0
Oslo - Blindern;SN18700;05.12.1999;0
Oslo - Blindern;SN18700;06.12.1999;0
Oslo - Blindern;SN18700;07.12.1999;12,9
Oslo - Blindern;SN18700;08.12.1999;0
Oslo - Blindern;SN18700;09.12.1999;5,1
Oslo - Blindern;SN18700;10.12.1999;3,7
Oslo - Blindern;SN18700;11.12.1999;0,3
Oslo - Blindern;SN18700;12.12.1999;1
Oslo - Blindern;SN18700;13.12.1999;0,8
Oslo - Blindern;SN18700;14.12.1999;0
Oslo - Blindern;SN18700;15.12.1999;0
Oslo - Blindern;SN18700;16.12.1999;0
Oslo - Blindern;SN18700;17.12.1999;1,7
Oslo - Blindern;SN18700;18.12.1999;4,3
Oslo - Blindern;SN18700;19.12.1999;0
Oslo - Blindern;SN18700;20.12.1999;0
Oslo - Blindern;SN18700;21.12.1999;0
Oslo - Blindern;SN18700;22.12.1999;0,7
Oslo - Blindern;SN18700;23.12.1999;6,5
Oslo - Blindern;SN18700;24.12.1999;4,7
Oslo - Blindern;SN18700;25.12.1999;15,3
Oslo - Blindern;SN18700;26.12.1999;8,9
Oslo - Blindern;SN18700;27.12.1999;0
Oslo - Blindern;SN18700;28.12.1999;1,5
Oslo - Blindern;SN18700;29.12.1999;0
Oslo - Blindern;SN18700;30.12.1999;0
Oslo - Blindern;SN18700;31.12.1999;0
Oslo - Blindern;SN18700;01.01.2000;2,6
Oslo - Blindern;SN18700;02.01.2000;6
Oslo - Blindern;SN18700;03.01.2000;0
Oslo - Blindern;SN18700;04.01.2000;0
Oslo - Blindern;SN18700;05.01.2000;0
Oslo - Blindern;SN18700;06.01.2000;0,6
Oslo - Blindern;SN18700;07.01.2000;1,3
Oslo - Blindern;SN18700;08.01.2000;0
Oslo - Blindern;SN18700;09.01.2000;0
Oslo - Blindern;SN18700;10.01.2000;0
Oslo - Blindern;SN18700;11.01.2000;0
Oslo - Blindern;SN18700;12.01.2000;0
Oslo - Blindern;SN18700;13.01.2000;0
Oslo - Blindern;SN18700;14.01.2000;0
Oslo - Blindern;SN18700;15.01.2000;0
Oslo - Blindern;SN18700;16.01.2000;0,6
Oslo - Blindern;SN18700;17.01.2000;0
Oslo - Blindern;SN18700;18.01.2000;0
Oslo - Blindern;SN18700;19.01.2000;0
Oslo - Blindern;SN18700;20.01.2000;0
Oslo - Blindern;SN18700;21.01.2000;1,8
Oslo - Blindern;SN18700;22.01.2000;4,6
Oslo - Blindern;SN18700;23.01.2000;3,2
Oslo - Blindern;SN18700;24.01.2000;0
Oslo - Blindern;SN18700;25.01.2000;0
Oslo - Blindern;SN18700;26.01.2000;0
Oslo - Blindern;SN18700;27.01.2000;0
Oslo - Blindern;SN18700;28.01.2000;0
Oslo - Blindern;SN18700;29.01.2000;4,6
Oslo - Blindern;SN18700;30.01.2000;2,5
Oslo - Blindern;SN18700;31.01.2000;0
Oslo - Blindern;SN18700;01.02.2000;0
Oslo - Blindern;SN18700;02.02.2000;3,1
Oslo - Blindern;SN18700;03.02.2000;0
Oslo - Blindern;SN18700;04.02.2000;0
Oslo - Blindern;SN18700;05.02.2000;0
Oslo - Blindern;SN18700;06.02.2000;0
Oslo - Blindern;SN18700;07.02.2000;1,4
Oslo - Blindern;SN18700;08.02.2000;0,1
Oslo - Blindern;SN18700;09.02.2000;0
Oslo - Blindern;SN18700;10.02.2000;0
Oslo - Blindern;SN18700;11.02.2000;0,1
Oslo - Blindern;SN18700;12.02.2000;0
Oslo - Blindern;SN18700;13.02.2000;12
Oslo - Blindern;SN18700;14.02.2000;0
Oslo - Blindern;SN18700;15.02.2000;3
Oslo - Blindern;SN18700;16.02.2000;0
Oslo - Blindern;SN18700;17.02.2000;0
Oslo - Blindern;SN18700;18.02.2000;0
Oslo - Blindern;SN18700;19.02.2000;0
Oslo - Blindern;SN18700;20.02.2000;0
Oslo - Blindern;SN18700;21.02.2000;0
Oslo - Blindern;SN18700;22.02.2000;0,4
Oslo - Blindern;SN18700;23.02.2000;0
Oslo - Blindern;SN18700;24.02.2000;4,3
Oslo - Blindern;SN18700;25.02.2000;8,3
Oslo - Blindern;SN18700;26.02.2000;0
Oslo - Blindern;SN18700;27.02.2000;0
Oslo - Blindern;SN18700;28.02.2000;0,5
Oslo - Blindern;SN18700;29.02.2000;0
Oslo - Blindern;SN18700;01.03.2000;3,6
Oslo - Blindern;SN18700;02.03.2000;0
Oslo - Blindern;SN18700;03.03.2000;12,6
Oslo - Blindern;SN18700;04.03.2000;0
Oslo - Blindern;SN18700;05.03.2000;0
Oslo - Blindern;SN18700;06.03.2000;0,1
Oslo - Blindern;SN18700;07.03.2000;0
Oslo - Blindern;SN18700;08.03.2000;0
Oslo - Blindern;SN18700;09.03.2000;5,3
Oslo - Blindern;SN18700;10.03.2000;0
Oslo - Blindern;SN18700;11.03.2000;3,5
Oslo - Blindern;SN18700;12.03.2000;0,2
Oslo - Blindern;SN18700;13.03.2000;0
Oslo - Blindern;SN18700;14.03.2000;0
Oslo - Blindern;SN18700;15.03.2000;0
Oslo - Blindern;SN18700;16.03.2000;0
Oslo - Blindern;SN18700;17.03.2000;1,2
Oslo - Blindern;SN18700;18.03.2000;1,1
Oslo - Blindern;SN18700;19.03.2000;0
Oslo - Blindern;SN18700;20.03.2000;0
Oslo - Blindern;SN18700;21.03.2000;0
Oslo - Blindern;SN18700;22.03.2000;0
Oslo - Blindern;SN18700;23.03.2000;0
Oslo - Blindern;SN18700;24.03.2000;0
Oslo - Blindern;SN18700;25.03.2000;0
Oslo - Blindern;SN18700;26.03.2000;0
Oslo - Blindern;SN18700;27.03.2000;0,1
Oslo - Blindern;SN18700;28.03.2000;0
Oslo - Blindern;SN18700;29.03.2000;0
Oslo - Blindern;SN18700;30.03.2000;0
Oslo - Blindern;SN18700;31.03.2000;0
Oslo - Blindern;SN18700;01.04.2000;0
Oslo - Blindern;SN18700;02.04.2000;1,5
Oslo - Blindern;SN18700;03.04.2000;4,6
Oslo - Blindern;SN18700;04.04.2000;21,8
Oslo - Blindern;SN18700;05.04.2000;6,5
Oslo - Blindern;SN18700;06.04.2000;0
Oslo - Blindern;SN18700;07.04.2000;0
Oslo - Blindern;SN18700;08.04.2000;0
Oslo - Blindern;SN18700;09.04.2000;0
Oslo - Blindern;SN18700;10.04.2000;0
Oslo - Blindern;SN18700;11.04.2000;0
Oslo - Blindern;SN18700;12.04.2000;1,3
Oslo - Blindern;SN18700;13.04.2000;1,1
Oslo - Blindern;SN18700;14.04.2000;1,9
Oslo - Blindern;SN18700;15.04.2000;4,3
Oslo - Blindern;SN18700;16.04.2000;6,1
Oslo - Blindern;SN18700;17.04.2000;7,9
Oslo - Blindern;SN18700;18.04.2000;4,9
Oslo - Blindern;SN18700;19.04.2000;0,7
Oslo - Blindern;SN18700;20.04.2000;0
Oslo - Blindern;SN18700;21.04.2000;0,9
Oslo - Blindern;SN18700;22.04.2000;5,7
Oslo - Blindern;SN18700;23.04.2000;3,6
Oslo - Blindern;SN18700;24.04.2000;1
Oslo - Blindern;SN18700;25.04.2000;0,2
Oslo - Blindern;SN18700;26.04.2000;0
Oslo - Blindern;SN18700;27.04.2000;0
Oslo - Blindern;SN18700;28.04.2000;2,3
Oslo - Blindern;SN18700;29.04.2000;0
Oslo - Blindern;SN18700;30.04.2000;0
Oslo - Blindern;SN18700;01.05.2000;2,3
Oslo - Blindern;SN18700;02.05.2000;6
Oslo - Blindern;SN18700;03.05.2000;6,6
Oslo - Blindern;SN18700;04.05.2000;0
Oslo - Blindern;SN18700;05.05.2000;0
Oslo - Blindern;SN18700;06.05.2000;0
Oslo - Blindern;SN18700;07.05.2000;0
Oslo - Blindern;SN18700;08.05.2000;0
Oslo - Blindern;SN18700;09.05.2000;0
Oslo - Blindern;SN18700;10.05.2000;0
Oslo - Blindern;SN18700;11.05.2000;0
Oslo - Blindern;SN18700;12.05.2000;0
Oslo - Blindern;SN18700;13.05.2000;0
Oslo - Blindern;SN18700;14.05.2000;0
Oslo - Blindern;SN18700;15.05.2000;0
Oslo - Blindern;SN18700;16.05.2000;0
Oslo - Blindern;SN18700;17.05.2000;0
Oslo - Blindern;SN18700;18.05.2000;2,9
Oslo - Blindern;SN18700;19.05.2000;0
Oslo - Blindern;SN18700;20.05.2000;3,4
Oslo - Blindern;SN18700;21.05.2000;0
Oslo - Blindern;SN18700;22.05.2000;0
Oslo - Blindern;SN18700;23.05.2000;0
Oslo - Blindern;SN18700;24.05.2000;16
Oslo - Blindern;SN18700;25.05.2000;4,8
Oslo - Blindern;SN18700;26.05.2000;9,5
Oslo - Blindern;SN18700;27.05.2000;9,7
Oslo - Blindern;SN18700;28.05.2000;12,4
Oslo - Blindern;SN18700;29.05.2000;6,6
Oslo - Blindern;SN18700;30.05.2000;11,6
Oslo - Blindern;SN18700;31.05.2000;2,5
Oslo - Blindern;SN18700;01.06.2000;1,4
Oslo - Blindern;SN18700;02.06.2000;11,9
Oslo - Blindern;SN18700;03.06.2000;0,5
Oslo - Blindern;SN18700;04.06.2000;0
Oslo - Blindern;SN18700;05.06.2000;0
Oslo - Blindern;SN18700;06.06.2000;0
Oslo - Blindern;SN18700;07.06.2000;0
Oslo - Blindern;SN18700;08.06.2000;0,7
Oslo - Blindern;SN18700;09.06.2000;0
Oslo - Blindern;SN18700;10.06.2000;0
Oslo - Blindern;SN18700;11.06.2000;7,1
Oslo - Blindern;SN18700;12.06.2000;0
Oslo - Blindern;SN18700;13.06.2000;0
Oslo - Blindern;SN18700;14.06.2000;3,5
Oslo - Blindern;SN18700;15.06.2000;0,1
Oslo - Blindern;SN18700;16.06.2000;0
Oslo - Blindern;SN18700;17.06.2000;0,1
Oslo - Blindern;SN18700;18.06.2000;0,4
Oslo - Blindern;SN18700;19.06.2000;0,3
Oslo - Blindern;SN18700;20.06.2000;0
Oslo - Blindern;SN18700;21.06.2000;0
Oslo - Blindern;SN18700;22.06.2000;4,2
Oslo - Blindern;SN18700;23.06.2000;2
Oslo - Blindern;SN18700;24.06.2000;27,3
Oslo - Blindern;SN18700;25.06.2000;2,6
Oslo - Blindern;SN18700;26.06.2000;1,1
Oslo - Blindern;SN18700;27.06.2000;2,4
Oslo - Blindern;SN18700;28.06.2000;0,8
Oslo - Blindern;SN18700;29.06.2000;1,3
Oslo - Blindern;SN18700;30.06.2000;7,6
Oslo - Blindern;SN18700;01.07.2000;4,3
Oslo - Blindern;SN18700;02.07.2000;1,5
Oslo - Blindern;SN18700;03.07.2000;1,8
Oslo - Blindern;SN18700;04.07.2000;0
Oslo - Blindern;SN18700;05.07.2000;0
Oslo - Blindern;SN18700;06.07.2000;0
Oslo - Blindern;SN18700;07.07.2000;0,1
Oslo - Blindern;SN18700;08.07.2000;3
Oslo - Blindern;SN18700;09.07.2000;0
Oslo - Blindern;SN18700;10.07.2000;1,3
Oslo - Blindern;SN18700;11.07.2000;15,7
Oslo - Blindern;SN18700;12.07.2000;7,9
Oslo - Blindern;SN18700;13.07.2000;0
Oslo - Blindern;SN18700;14.07.2000;0,1
Oslo - Blindern;SN18700;15.07.2000;1,4
Oslo - Blindern;SN18700;16.07.2000;0
Oslo - Blindern;SN18700;17.07.2000;4,9
Oslo - Blindern;SN18700;18.07.2000;0
Oslo - Blindern;SN18700;19.07.2000;8,8
Oslo - Blindern;SN18700;20.07.2000;0
Oslo - Blindern;SN18700;21.07.2000;0
Oslo - Blindern;SN18700;22.07.2000;0
Oslo - Blindern;SN18700;23.07.2000;0
Oslo - Blindern;SN18700;24.07.2000;1,3
Oslo - Blindern;SN18700;25.07.2000;2,3
Oslo - Blindern;SN18700;26.07.2000;3,6
Oslo - Blindern;SN18700;27.07.2000;11,6
Oslo - Blindern;SN18700;28.07.2000;1,1
Oslo - Blindern;SN18700;29.07.2000;0
Oslo - Blindern;SN18700;30.07.2000;0
Oslo - Blindern;SN18700;31.07.2000;0
Oslo - Blindern;SN18700;01.08.2000;0
Oslo - Blindern;SN18700;02.08.2000;0
Oslo - Blindern;SN18700;03.08.2000;27
Oslo - Blindern;SN18700;04.08.2000;4
Oslo - Blindern;SN18700;05.08.2000;0,3
Oslo - Blindern;SN18700;06.08.2000;0
Oslo - Blindern;SN18700;07.08.2000;0
Oslo - Blindern;SN18700;08.08.2000;0
Oslo - Blindern;SN18700;09.08.2000;0
Oslo - Blindern;SN18700;10.08.2000;0
Oslo - Blindern;SN18700;11.08.2000;12,4
Oslo - Blindern;SN18700;12.08.2000;3,3
Oslo - Blindern;SN18700;13.08.2000;0
Oslo - Blindern;SN18700;14.08.2000;0
Oslo - Blindern;SN18700;15.08.2000;11,4
Oslo - Blindern;SN18700;16.08.2000;0
Oslo - Blindern;SN18700;17.08.2000;0
Oslo - Blindern;SN18700;18.08.2000;13,5
Oslo - Blindern;SN18700;19.08.2000;0
Oslo - Blindern;SN18700;20.08.2000;19
Oslo - Blindern;SN18700;21.08.2000;21,4
Oslo - Blindern;SN18700;22.08.2000;5,3
Oslo - Blindern;SN18700;23.08.2000;0
Oslo - Blindern;SN18700;24.08.2000;0,3
Oslo - Blindern;SN18700;25.08.2000;4
Oslo - Blindern;SN18700;26.08.2000;0
Oslo - Blindern;SN18700;27.08.2000;0
Oslo - Blindern;SN18700;28.08.2000;0
Oslo - Blindern;SN18700;29.08.2000;6,1
Oslo - Blindern;SN18700;30.08.2000;12
Oslo - Blindern;SN18700;31.08.2000;7,5
Oslo - Blindern;SN18700;01.09.2000;3,6
Oslo - Blindern;SN18700;02.09.2000;0
Oslo - Blindern;SN18700;03.09.2000;0
Oslo - Blindern;SN18700;04.09.2000;0
Oslo - Blindern;SN18700;05.09.2000;0
Oslo - Blindern;SN18700;06.09.2000;0
Oslo - Blindern;SN18700;07.09.2000;15,8
Oslo - Blindern;SN18700;08.09.2000;13,1
Oslo - Blindern;SN18700;09.09.2000;0
Oslo - Blindern;SN18700;10.09.2000;0
Oslo - Blindern;SN18700;11.09.2000;0
Oslo - Blindern;SN18700;12.09.2000;0
Oslo - Blindern;SN18700;13.09.2000;0
Oslo - Blindern;SN18700;14.09.2000;0
Oslo - Blindern;SN18700;15.09.2000;0
Oslo - Blindern;SN18700;16.09.2000;0
Oslo - Blindern;SN18700;17.09.2000;0
Oslo - Blindern;SN18700;18.09.2000;0
Oslo - Blindern;SN18700;19.09.2000;0
Oslo - Blindern;SN18700;20.09.2000;0
Oslo - Blindern;SN18700;21.09.2000;0
Oslo - Blindern;SN18700;22.09.2000;0
Oslo - Blindern;SN18700;23.09.2000;0
Oslo - Blindern;SN18700;24.09.2000;0
Oslo - Blindern;SN18700;25.09.2000;0
Oslo - Blindern;SN18700;26.09.2000;0
Oslo - Blindern;SN18700;27.09.2000;0
Oslo - Blindern;SN18700;28.09.2000;15,5
Oslo - Blindern;SN18700;29.09.2000;5,4
Oslo - Blindern;SN18700;30.09.2000;1
Oslo - Blindern;SN18700;01.10.2000;0
Oslo - Blindern;SN18700;02.10.2000;0,1
Oslo - Blindern;SN18700;03.10.2000;12,6
Oslo - Blindern;SN18700;04.10.2000;0
Oslo - Blindern;SN18700;05.10.2000;5,2
Oslo - Blindern;SN18700;06.10.2000;5
Oslo - Blindern;SN18700;07.10.2000;2,6
Oslo - Blindern;SN18700;08.10.2000;2,1
Oslo - Blindern;SN18700;09.10.2000;6,7
Oslo - Blindern;SN18700;10.10.2000;35,8
Oslo - Blindern;SN18700;11.10.2000;22,5
Oslo - Blindern;SN18700;12.10.2000;13,2
Oslo - Blindern;SN18700;13.10.2000;3,7
Oslo - Blindern;SN18700;14.10.2000;1,5
Oslo - Blindern;SN18700;15.10.2000;0,1
Oslo - Blindern;SN18700;16.10.2000;0
Oslo - Blindern;SN18700;17.10.2000;0,2
Oslo - Blindern;SN18700;18.10.2000;0,2
Oslo - Blindern;SN18700;19.10.2000;0
Oslo - Blindern;SN18700;20.10.2000;4,6
Oslo - Blindern;SN18700;21.10.2000;4,8
Oslo - Blindern;SN18700;22.10.2000;8,4
Oslo - Blindern;SN18700;23.10.2000;0,2
Oslo - Blindern;SN18700;24.10.2000;7,2
Oslo - Blindern;SN18700;25.10.2000;2,1
Oslo - Blindern;SN18700;26.10.2000;1,9
Oslo - Blindern;SN18700;27.10.2000;4,6
Oslo - Blindern;SN18700;28.10.2000;0,1
Oslo - Blindern;SN18700;29.10.2000;7,5
Oslo - Blindern;SN18700;30.10.2000;10,4
Oslo - Blindern;SN18700;31.10.2000;30
Oslo - Blindern;SN18700;01.11.2000;0
Oslo - Blindern;SN18700;02.11.2000;17,5
Oslo - Blindern;SN18700;03.11.2000;2,7
Oslo - Blindern;SN18700;04.11.2000;11,4
Oslo - Blindern;SN18700;05.11.2000;7,6
Oslo - Blindern;SN18700;06.11.2000;2
Oslo - Blindern;SN18700;07.11.2000;0
Oslo - Blindern;SN18700;08.11.2000;34,5
Oslo - Blindern;SN18700;09.11.2000;12,5
Oslo - Blindern;SN18700;10.11.2000;7,4
Oslo - Blindern;SN18700;11.11.2000;14,5
Oslo - Blindern;SN18700;12.11.2000;7,4
Oslo - Blindern;SN18700;13.11.2000;16,7
Oslo - Blindern;SN18700;14.11.2000;7,1
Oslo - Blindern;SN18700;15.11.2000;0,1
Oslo - Blindern;SN18700;16.11.2000;7,8
Oslo - Blindern;SN18700;17.11.2000;0,4
Oslo - Blindern;SN18700;18.11.2000;20,2
Oslo - Blindern;SN18700;19.11.2000;17,2
Oslo - Blindern;SN18700;20.11.2000;12,8
Oslo - Blindern;SN18700;21.11.2000;11,3
Oslo - Blindern;SN18700;22.11.2000;27,6
Oslo - Blindern;SN18700;23.11.2000;6
Oslo - Blindern;SN18700;24.11.2000;6,7
Oslo - Blindern;SN18700;25.11.2000;10,6
Oslo - Blindern;SN18700;26.11.2000;0,1
Oslo - Blindern;SN18700;27.11.2000;2,3
Oslo - Blindern;SN18700;28.11.2000;8,4
Oslo - Blindern;SN18700;29.11.2000;3,2
Oslo - Blindern;SN18700;30.11.2000;3,1
Oslo - Blindern;SN18700;01.12.2000;7,8
Oslo - Blindern;SN18700;02.12.2000;10,2
Oslo - Blindern;SN18700;03.12.2000;3
Oslo - Blindern;SN18700;04.12.2000;0
Oslo - Blindern;SN18700;05.12.2000;1,2
Oslo - Blindern;SN18700;06.12.2000;0
Oslo - Blindern;SN18700;07.12.2000;3,7
Oslo - Blindern;SN18700;08.12.2000;10
Oslo - Blindern;SN18700;09.12.2000;6
Oslo - Blindern;SN18700;10.12.2000;5,6
Oslo - Blindern;SN18700;11.12.2000;2,2
Oslo - Blindern;SN18700;12.12.2000;2,6
Oslo - Blindern;SN18700;13.12.2000;8
Oslo - Blindern;SN18700;14.12.2000;9,4
Oslo - Blindern;SN18700;15.12.2000;2,6
Oslo - Blindern;SN18700;16.12.2000;0
Oslo - Blindern;SN18700;17.12.2000;0,1
Oslo - Blindern;SN18700;18.12.2000;0
Oslo - Blindern;SN18700;19.12.2000;0
Oslo - Blindern;SN18700;20.12.2000;0
Oslo - Blindern;SN18700;21.12.2000;0
Oslo - Blindern;SN18700;22.12.2000;0
Oslo - Blindern;SN18700;23.12.2000;0
Oslo - Blindern;SN18700;24.12.2000;0
Oslo - Blindern;SN18700;25.12.2000;0
Oslo - Blindern;SN18700;26.12.2000;0
Oslo - Blindern;SN18700;27.12.2000;1,3
Oslo - Blindern;SN18700;28.12.2000;0,7
Oslo - Blindern;SN18700;29.12.2000;9
Oslo - Blindern;SN18700;30.12.2000;9,6
Oslo - Blindern;SN18700;31.12.2000;0
Oslo - Blindern;SN18700;01.01.2001;0
Oslo - Blindern;SN18700;02.01.2001;6,7
Oslo - Blindern;SN18700;03.01.2001;2,2
Oslo - Blindern;SN18700;04.01.2001;8,8
Oslo - Blindern;SN18700;05.01.2001;2,2
Oslo - Blindern;SN18700;06.01.2001;8,5
Oslo - Blindern;SN18700;07.01.2001;8,4
Oslo - Blindern;SN18700;08.01.2001;1,9
Oslo - Blindern;SN18700;09.01.2001;0,4
Oslo - Blindern;SN18700;10.01.2001;0
Oslo - Blindern;SN18700;11.01.2001;0
Oslo - Blindern;SN18700;12.01.2001;0,1
Oslo - Blindern;SN18700;13.01.2001;0
Oslo - Blindern;SN18700;14.01.2001;0
Oslo - Blindern;SN18700;15.01.2001;0
Oslo - Blindern;SN18700;16.01.2001;0
Oslo - Blindern;SN18700;17.01.2001;0
Oslo - Blindern;SN18700;18.01.2001;0
Oslo - Blindern;SN18700;19.01.2001;0,3
Oslo - Blindern;SN18700;20.01.2001;0
Oslo - Blindern;SN18700;21.01.2001;0
Oslo - Blindern;SN18700;22.01.2001;0,9
Oslo - Blindern;SN18700;23.01.2001;2,9
Oslo - Blindern;SN18700;24.01.2001;5,5
Oslo - Blindern;SN18700;25.01.2001;19,4
Oslo - Blindern;SN18700;26.01.2001;4,4
Oslo - Blindern;SN18700;27.01.2001;2
Oslo - Blindern;SN18700;28.01.2001;3,2
Oslo - Blindern;SN18700;29.01.2001;0
Oslo - Blindern;SN18700;30.01.2001;0
Oslo - Blindern;SN18700;31.01.2001;0
Oslo - Blindern;SN18700;01.02.2001;0
Oslo - Blindern;SN18700;02.02.2001;0
Oslo - Blindern;SN18700;03.02.2001;0,1
Oslo - Blindern;SN18700;04.02.2001;0
Oslo - Blindern;SN18700;05.02.2001;0
Oslo - Blindern;SN18700;06.02.2001;0
Oslo - Blindern;SN18700;07.02.2001;5,5
Oslo - Blindern;SN18700;08.02.2001;4
Oslo - Blindern;SN18700;09.02.2001;0
Oslo - Blindern;SN18700;10.02.2001;0
Oslo - Blindern;SN18700;11.02.2001;3,5
Oslo - Blindern;SN18700;12.02.2001;10,3
Oslo - Blindern;SN18700;13.02.2001;0
Oslo - Blindern;SN18700;14.02.2001;0
Oslo - Blindern;SN18700;15.02.2001;0
Oslo - Blindern;SN18700;16.02.2001;0
Oslo - Blindern;SN18700;17.02.2001;0
Oslo - Blindern;SN18700;18.02.2001;0
Oslo - Blindern;SN18700;19.02.2001;0
Oslo - Blindern;SN18700;20.02.2001;0
Oslo - Blindern;SN18700;21.02.2001;0
Oslo - Blindern;SN18700;22.02.2001;0
Oslo - Blindern;SN18700;23.02.2001;0
Oslo - Blindern;SN18700;24.02.2001;0
Oslo - Blindern;SN18700;25.02.2001;0,1
Oslo - Blindern;SN18700;26.02.2001;1,3
Oslo - Blindern;SN18700;27.02.2001;1,2
Oslo - Blindern;SN18700;28.02.2001;0,2
Oslo - Blindern;SN18700;01.03.2001;0,9
Oslo - Blindern;SN18700;02.03.2001;0
Oslo - Blindern;SN18700;03.03.2001;0,1
Oslo - Blindern;SN18700;04.03.2001;0
Oslo - Blindern;SN18700;05.03.2001;0
Oslo - Blindern;SN18700;06.03.2001;0
Oslo - Blindern;SN18700;07.03.2001;0
Oslo - Blindern;SN18700;08.03.2001;0
Oslo - Blindern;SN18700;09.03.2001;0
Oslo - Blindern;SN18700;10.03.2001;7,4
Oslo - Blindern;SN18700;11.03.2001;0,9
Oslo - Blindern;SN18700;12.03.2001;4
Oslo - Blindern;SN18700;13.03.2001;17
Oslo - Blindern;SN18700;14.03.2001;0,1
Oslo - Blindern;SN18700;15.03.2001;0,6
Oslo - Blindern;SN18700;16.03.2001;1,9
Oslo - Blindern;SN18700;17.03.2001;5,2
Oslo - Blindern;SN18700;18.03.2001;0
Oslo - Blindern;SN18700;19.03.2001;0
Oslo - Blindern;SN18700;20.03.2001;0
Oslo - Blindern;SN18700;21.03.2001;0
Oslo - Blindern;SN18700;22.03.2001;0
Oslo - Blindern;SN18700;23.03.2001;0
Oslo - Blindern;SN18700;24.03.2001;0
Oslo - Blindern;SN18700;25.03.2001;0
Oslo - Blindern;SN18700;26.03.2001;0
Oslo - Blindern;SN18700;27.03.2001;0
Oslo - Blindern;SN18700;28.03.2001;0
Oslo - Blindern;SN18700;29.03.2001;0
Oslo - Blindern;SN18700;30.03.2001;3,2
Oslo - Blindern;SN18700;31.03.2001;0,5
Oslo - Blindern;SN18700;01.04.2001;4,1
Oslo - Blindern;SN18700;02.04.2001;0
Oslo - Blindern;SN18700;03.04.2001;0,1
Oslo - Blindern;SN18700;04.04.2001;3,6
Oslo - Blindern;SN18700;05.04.2001;17,4
Oslo - Blindern;SN18700;06.04.2001;1,9
Oslo - Blindern;SN18700;07.04.2001;2
Oslo - Blindern;SN18700;08.04.2001;1,6
Oslo - Blindern;SN18700;09.04.2001;4
Oslo - Blindern;SN18700;10.04.2001;0
Oslo - Blindern;SN18700;11.04.2001;0
Oslo - Blindern;SN18700;12.04.2001;0
Oslo - Blindern;SN18700;13.04.2001;0
Oslo - Blindern;SN18700;14.04.2001;0
Oslo - Blindern;SN18700;15.04.2001;4,4
Oslo - Blindern;SN18700;16.04.2001;0,5
Oslo - Blindern;SN18700;17.04.2001;0,1
Oslo - Blindern;SN18700;18.04.2001;0
Oslo - Blindern;SN18700;19.04.2001;15,2
Oslo - Blindern;SN18700;20.04.2001;0
Oslo - Blindern;SN18700;21.04.2001;0
Oslo - Blindern;SN18700;22.04.2001;0
Oslo - Blindern;SN18700;23.04.2001;0
Oslo - Blindern;SN18700;24.04.2001;6
Oslo - Blindern;SN18700;25.04.2001;3,6
Oslo - Blindern;SN18700;26.04.2001;9,3
Oslo - Blindern;SN18700;27.04.2001;7,9
Oslo - Blindern;SN18700;28.04.2001;0
Oslo - Blindern;SN18700;29.04.2001;2,5
Oslo - Blindern;SN18700;30.04.2001;0
Oslo - Blindern;SN18700;01.05.2001;10,3
Oslo - Blindern;SN18700;02.05.2001;0
Oslo - Blindern;SN18700;03.05.2001;0
Oslo - Blindern;SN18700;04.05.2001;0
Oslo - Blindern;SN18700;05.05.2001;0
Oslo - Blindern;SN18700;06.05.2001;0
Oslo - Blindern;SN18700;07.05.2001;0
Oslo - Blindern;SN18700;08.05.2001;0
Oslo - Blindern;SN18700;09.05.2001;0
Oslo - Blindern;SN18700;10.05.2001;0
Oslo - Blindern;SN18700;11.05.2001;0
Oslo - Blindern;SN18700;12.05.2001;0
Oslo - Blindern;SN18700;13.05.2001;0
Oslo - Blindern;SN18700;14.05.2001;0
Oslo - Blindern;SN18700;15.05.2001;0
Oslo - Blindern;SN18700;16.05.2001;0
Oslo - Blindern;SN18700;17.05.2001;15,1
Oslo - Blindern;SN18700;18.05.2001;13
Oslo - Blindern;SN18700;19.05.2001;4,8
Oslo - Blindern;SN18700;20.05.2001;0
Oslo - Blindern;SN18700;21.05.2001;0,6
Oslo - Blindern;SN18700;22.05.2001;0
Oslo - Blindern;SN18700;23.05.2001;0
Oslo - Blindern;SN18700;24.05.2001;0
Oslo - Blindern;SN18700;25.05.2001;0
Oslo - Blindern;SN18700;26.05.2001;0
Oslo - Blindern;SN18700;27.05.2001;0
Oslo - Blindern;SN18700;28.05.2001;0
Oslo - Blindern;SN18700;29.05.2001;16,1
Oslo - Blindern;SN18700;30.05.2001;22,1
Oslo - Blindern;SN18700;31.05.2001;1
Oslo - Blindern;SN18700;01.06.2001;0
Oslo - Blindern;SN18700;02.06.2001;0
Oslo - Blindern;SN18700;03.06.2001;0
Oslo - Blindern;SN18700;04.06.2001;0
Oslo - Blindern;SN18700;05.06.2001;0
Oslo - Blindern;SN18700;06.06.2001;0
Oslo - Blindern;SN18700;07.06.2001;0,2
Oslo - Blindern;SN18700;08.06.2001;15,5
Oslo - Blindern;SN18700;09.06.2001;6,6
Oslo - Blindern;SN18700;10.06.2001;0
Oslo - Blindern;SN18700;11.06.2001;0,1
Oslo - Blindern;SN18700;12.06.2001;0,3
Oslo - Blindern;SN18700;13.06.2001;0
Oslo - Blindern;SN18700;14.06.2001;0
Oslo - Blindern;SN18700;15.06.2001;3,4
Oslo - Blindern;SN18700;16.06.2001;0
Oslo - Blindern;SN18700;17.06.2001;0
Oslo - Blindern;SN18700;18.06.2001;1,9
Oslo - Blindern;SN18700;19.06.2001;0
Oslo - Blindern;SN18700;20.06.2001;0
Oslo - Blindern;SN18700;21.06.2001;8,4
Oslo - Blindern;SN18700;22.06.2001;6,1
Oslo - Blindern;SN18700;23.06.2001;0
Oslo - Blindern;SN18700;24.06.2001;0
Oslo - Blindern;SN18700;25.06.2001;0,5
Oslo - Blindern;SN18700;26.06.2001;0
Oslo - Blindern;SN18700;27.06.2001;0
Oslo - Blindern;SN18700;28.06.2001;0
Oslo - Blindern;SN18700;29.06.2001;2
Oslo - Blindern;SN18700;30.06.2001;0
Oslo - Blindern;SN18700;01.07.2001;11
Oslo - Blindern;SN18700;02.07.2001;3,5
Oslo - Blindern;SN18700;03.07.2001;0
Oslo - Blindern;SN18700;04.07.2001;0
Oslo - Blindern;SN18700;05.07.2001;0
Oslo - Blindern;SN18700;06.07.2001;0
Oslo - Blindern;SN18700;07.07.2001;0
Oslo - Blindern;SN18700;08.07.2001;1
Oslo - Blindern;SN18700;09.07.2001;16,9
Oslo - Blindern;SN18700;10.07.2001;0,4
Oslo - Blindern;SN18700;11.07.2001;0
Oslo - Blindern;SN18700;12.07.2001;16,5
Oslo - Blindern;SN18700;13.07.2001;4,6
Oslo - Blindern;SN18700;14.07.2001;0,5
Oslo - Blindern;SN18700;15.07.2001;0
Oslo - Blindern;SN18700;16.07.2001;9,8
Oslo - Blindern;SN18700;17.07.2001;6,5
Oslo - Blindern;SN18700;18.07.2001;0,1
Oslo - Blindern;SN18700;19.07.2001;0
Oslo - Blindern;SN18700;20.07.2001;0,1
Oslo - Blindern;SN18700;21.07.2001;0,3
Oslo - Blindern;SN18700;22.07.2001;2,5
Oslo - Blindern;SN18700;23.07.2001;8,5
Oslo - Blindern;SN18700;24.07.2001;0
Oslo - Blindern;SN18700;25.07.2001;0
Oslo - Blindern;SN18700;26.07.2001;0
Oslo - Blindern;SN18700;27.07.2001;0
Oslo - Blindern;SN18700;28.07.2001;0
Oslo - Blindern;SN18700;29.07.2001;0
Oslo - Blindern;SN18700;30.07.2001;0,1
Oslo - Blindern;SN18700;31.07.2001;0
Oslo - Blindern;SN18700;01.08.2001;0
Oslo - Blindern;SN18700;02.08.2001;0
Oslo - Blindern;SN18700;03.08.2001;0
Oslo - Blindern;SN18700;04.08.2001;18,3
Oslo - Blindern;SN18700;05.08.2001;4,5
Oslo - Blindern;SN18700;06.08.2001;12,1
Oslo - Blindern;SN18700;07.08.2001;0
Oslo - Blindern;SN18700;08.08.2001;0
Oslo - Blindern;SN18700;09.08.2001;10,3
Oslo - Blindern;SN18700;10.08.2001;0,1
Oslo - Blindern;SN18700;11.08.2001;8,9
Oslo - Blindern;SN18700;12.08.2001;7,4
Oslo - Blindern;SN18700;13.08.2001;6,1
Oslo - Blindern;SN18700;14.08.2001;1
Oslo - Blindern;SN18700;15.08.2001;0
Oslo - Blindern;SN18700;16.08.2001;0
Oslo - Blindern;SN18700;17.08.2001;11,7
Oslo - Blindern;SN18700;18.08.2001;0
Oslo - Blindern;SN18700;19.08.2001;0
Oslo - Blindern;SN18700;20.08.2001;6,4
Oslo - Blindern;SN18700;21.08.2001;0,8
Oslo - Blindern;SN18700;22.08.2001;0
Oslo - Blindern;SN18700;23.08.2001;0
Oslo - Blindern;SN18700;24.08.2001;0
Oslo - Blindern;SN18700;25.08.2001;0
Oslo - Blindern;SN18700;26.08.2001;4,4
Oslo - Blindern;SN18700;27.08.2001;0,1
Oslo - Blindern;SN18700;28.08.2001;0,7
Oslo - Blindern;SN18700;29.08.2001;0
Oslo - Blindern;SN18700;30.08.2001;0
Oslo - Blindern;SN18700;31.08.2001;0
Oslo - Blindern;SN18700;01.09.2001;5,8
Oslo - Blindern;SN18700;02.09.2001;3,2
Oslo - Blindern;SN18700;03.09.2001;2,7
Oslo - Blindern;SN18700;04.09.2001;2,1
Oslo - Blindern;SN18700;05.09.2001;1
Oslo - Blindern;SN18700;06.09.2001;0
Oslo - Blindern;SN18700;07.09.2001;0
Oslo - Blindern;SN18700;08.09.2001;0
Oslo - Blindern;SN18700;09.09.2001;1,4
Oslo - Blindern;SN18700;10.09.2001;10,6
Oslo - Blindern;SN18700;11.09.2001;10,2
Oslo - Blindern;SN18700;12.09.2001;0,4
Oslo - Blindern;SN18700;13.09.2001;0
Oslo - Blindern;SN18700;14.09.2001;1,7
Oslo - Blindern;SN18700;15.09.2001;5,2
Oslo - Blindern;SN18700;16.09.2001;1,9
Oslo - Blindern;SN18700;17.09.2001;4,6
Oslo - Blindern;SN18700;18.09.2001;0
Oslo - Blindern;SN18700;19.09.2001;0
Oslo - Blindern;SN18700;20.09.2001;14,7
Oslo - Blindern;SN18700;21.09.2001;0
Oslo - Blindern;SN18700;22.09.2001;1,4
Oslo - Blindern;SN18700;23.09.2001;0
Oslo - Blindern;SN18700;24.09.2001;0
Oslo - Blindern;SN18700;25.09.2001;0
Oslo - Blindern;SN18700;26.09.2001;0
Oslo - Blindern;SN18700;27.09.2001;0
Oslo - Blindern;SN18700;28.09.2001;0
Oslo - Blindern;SN18700;29.09.2001;0
Oslo - Blindern;SN18700;30.09.2001;0
Oslo - Blindern;SN18700;01.10.2001;11,9
Oslo - Blindern;SN18700;02.10.2001;14,3
Oslo - Blindern;SN18700;03.10.2001;0
Oslo - Blindern;SN18700;04.10.2001;3,6
Oslo - Blindern;SN18700;05.10.2001;0
Oslo - Blindern;SN18700;06.10.2001;0
Oslo - Blindern;SN18700;07.10.2001;20
Oslo - Blindern;SN18700;08.10.2001;18
Oslo - Blindern;SN18700;09.10.2001;9,5
Oslo - Blindern;SN18700;10.10.2001;27,8
Oslo - Blindern;SN18700;11.10.2001;8,5
Oslo - Blindern;SN18700;12.10.2001;4,3
Oslo - Blindern;SN18700;13.10.2001;0
Oslo - Blindern;SN18700;14.10.2001;0,1
Oslo - Blindern;SN18700;15.10.2001;0
Oslo - Blindern;SN18700;16.10.2001;3,9
Oslo - Blindern;SN18700;17.10.2001;5,8
Oslo - Blindern;SN18700;18.10.2001;0
Oslo - Blindern;SN18700;19.10.2001;0
Oslo - Blindern;SN18700;20.10.2001;0
Oslo - Blindern;SN18700;21.10.2001;0
Oslo - Blindern;SN18700;22.10.2001;0,1
Oslo - Blindern;SN18700;23.10.2001;0
Oslo - Blindern;SN18700;24.10.2001;0
Oslo - Blindern;SN18700;25.10.2001;2,3
Oslo - Blindern;SN18700;26.10.2001;2,7
Oslo - Blindern;SN18700;27.10.2001;5,7
Oslo - Blindern;SN18700;28.10.2001;1,7
Oslo - Blindern;SN18700;29.10.2001;0
Oslo - Blindern;SN18700;30.10.2001;3,8
Oslo - Blindern;SN18700;31.10.2001;5,3
Oslo - Blindern;SN18700;01.11.2001;11,4
Oslo - Blindern;SN18700;02.11.2001;0
Oslo - Blindern;SN18700;03.11.2001;0
Oslo - Blindern;SN18700;04.11.2001;0
Oslo - Blindern;SN18700;05.11.2001;1
Oslo - Blindern;SN18700;06.11.2001;0
Oslo - Blindern;SN18700;07.11.2001;0
Oslo - Blindern;SN18700;08.11.2001;0
Oslo - Blindern;SN18700;09.11.2001;0,5
Oslo - Blindern;SN18700;10.11.2001;0
Oslo - Blindern;SN18700;11.11.2001;0,4
Oslo - Blindern;SN18700;12.11.2001;0
Oslo - Blindern;SN18700;13.11.2001;0
Oslo - Blindern;SN18700;14.11.2001;0
Oslo - Blindern;SN18700;15.11.2001;0
Oslo - Blindern;SN18700;16.11.2001;0
Oslo - Blindern;SN18700;17.11.2001;0
Oslo - Blindern;SN18700;18.11.2001;0
Oslo - Blindern;SN18700;19.11.2001;0
Oslo - Blindern;SN18700;20.11.2001;0
Oslo - Blindern;SN18700;21.11.2001;0
Oslo - Blindern;SN18700;22.11.2001;0
Oslo - Blindern;SN18700;23.11.2001;0
Oslo - Blindern;SN18700;24.11.2001;0
Oslo - Blindern;SN18700;25.11.2001;0,2
Oslo - Blindern;SN18700;26.11.2001;17,1
Oslo - Blindern;SN18700;27.11.2001;0
Oslo - Blindern;SN18700;28.11.2001;0,7
Oslo - Blindern;SN18700;29.11.2001;0,1
Oslo - Blindern;SN18700;30.11.2001;5,9
Oslo - Blindern;SN18700;01.12.2001;2,6
Oslo - Blindern;SN18700;02.12.2001;6,1
Oslo - Blindern;SN18700;03.12.2001;0,8
Oslo - Blindern;SN18700;04.12.2001;4,3
Oslo - Blindern;SN18700;05.12.2001;3,5
Oslo - Blindern;SN18700;06.12.2001;2
Oslo - Blindern;SN18700;07.12.2001;0
Oslo - Blindern;SN18700;08.12.2001;0,1
Oslo - Blindern;SN18700;09.12.2001;0,8
Oslo - Blindern;SN18700;10.12.2001;0,1
Oslo - Blindern;SN18700;11.12.2001;0
Oslo - Blindern;SN18700;12.12.2001;0
Oslo - Blindern;SN18700;13.12.2001;0
Oslo - Blindern;SN18700;14.12.2001;1,4
Oslo - Blindern;SN18700;15.12.2001;0
Oslo - Blindern;SN18700;16.12.2001;0
Oslo - Blindern;SN18700;17.12.2001;0
Oslo - Blindern;SN18700;18.12.2001;0
Oslo - Blindern;SN18700;19.12.2001;0
Oslo - Blindern;SN18700;20.12.2001;0,2
Oslo - Blindern;SN18700;21.12.2001;0
Oslo - Blindern;SN18700;22.12.2001;0,2
Oslo - Blindern;SN18700;23.12.2001;0
Oslo - Blindern;SN18700;24.12.2001;6,8
Oslo - Blindern;SN18700;25.12.2001;2,1
Oslo - Blindern;SN18700;26.12.2001;0
Oslo - Blindern;SN18700;27.12.2001;0
Oslo - Blindern;SN18700;28.12.2001;0
Oslo - Blindern;SN18700;29.12.2001;0,2
Oslo - Blindern;SN18700;30.12.2001;0
Oslo - Blindern;SN18700;31.12.2001;0
Oslo - Blindern;SN18700;01.01.2002;0,1
Oslo - Blindern;SN18700;02.01.2002;0
Oslo - Blindern;SN18700;03.01.2002;0
Oslo - Blindern;SN18700;04.01.2002;0
Oslo - Blindern;SN18700;05.01.2002;0
Oslo - Blindern;SN18700;06.01.2002;0
Oslo - Blindern;SN18700;07.01.2002;0
Oslo - Blindern;SN18700;08.01.2002;0
Oslo - Blindern;SN18700;09.01.2002;0
Oslo - Blindern;SN18700;10.01.2002;0
Oslo - Blindern;SN18700;11.01.2002;0
Oslo - Blindern;SN18700;12.01.2002;0
Oslo - Blindern;SN18700;13.01.2002;0
Oslo - Blindern;SN18700;14.01.2002;0,1
Oslo - Blindern;SN18700;15.01.2002;0,1
Oslo - Blindern;SN18700;16.01.2002;3,7
Oslo - Blindern;SN18700;17.01.2002;0,1
Oslo - Blindern;SN18700;18.01.2002;18,5
Oslo - Blindern;SN18700;19.01.2002;5,5
Oslo - Blindern;SN18700;20.01.2002;6,3
Oslo - Blindern;SN18700;21.01.2002;5,5
Oslo - Blindern;SN18700;22.01.2002;3,7
Oslo - Blindern;SN18700;23.01.2002;5,4
Oslo - Blindern;SN18700;24.01.2002;2,8
Oslo - Blindern;SN18700;25.01.2002;4
Oslo - Blindern;SN18700;26.01.2002;0
Oslo - Blindern;SN18700;27.01.2002;2,5
Oslo - Blindern;SN18700;28.01.2002;3,1
Oslo - Blindern;SN18700;29.01.2002;2,3
Oslo - Blindern;SN18700;30.01.2002;0
Oslo - Blindern;SN18700;31.01.2002;11,9
Oslo - Blindern;SN18700;01.02.2002;0,8
Oslo - Blindern;SN18700;02.02.2002;5,8
Oslo - Blindern;SN18700;03.02.2002;0
Oslo - Blindern;SN18700;04.02.2002;5,3
Oslo - Blindern;SN18700;05.02.2002;13,3
Oslo - Blindern;SN18700;06.02.2002;1,6
Oslo - Blindern;SN18700;07.02.2002;0
Oslo - Blindern;SN18700;08.02.2002;3,3
Oslo - Blindern;SN18700;09.02.2002;1,4
Oslo - Blindern;SN18700;10.02.2002;2,9
Oslo - Blindern;SN18700;11.02.2002;0
Oslo - Blindern;SN18700;12.02.2002;4,2
Oslo - Blindern;SN18700;13.02.2002;0
Oslo - Blindern;SN18700;14.02.2002;0
Oslo - Blindern;SN18700;15.02.2002;0
Oslo - Blindern;SN18700;16.02.2002;0
Oslo - Blindern;SN18700;17.02.2002;0
Oslo - Blindern;SN18700;18.02.2002;4,4
Oslo - Blindern;SN18700;19.02.2002;0
Oslo - Blindern;SN18700;20.02.2002;0
Oslo - Blindern;SN18700;21.02.2002;0
Oslo - Blindern;SN18700;22.02.2002;1,7
Oslo - Blindern;SN18700;23.02.2002;9,4
Oslo - Blindern;SN18700;24.02.2002;0
Oslo - Blindern;SN18700;25.02.2002;0
Oslo - Blindern;SN18700;26.02.2002;0,5
Oslo - Blindern;SN18700;27.02.2002;0
Oslo - Blindern;SN18700;28.02.2002;3,3
Oslo - Blindern;SN18700;01.03.2002;0,2
Oslo - Blindern;SN18700;02.03.2002;0
Oslo - Blindern;SN18700;03.03.2002;0
Oslo - Blindern;SN18700;04.03.2002;0
Oslo - Blindern;SN18700;05.03.2002;0
Oslo - Blindern;SN18700;06.03.2002;0,1
Oslo - Blindern;SN18700;07.03.2002;4,8
Oslo - Blindern;SN18700;08.03.2002;0
Oslo - Blindern;SN18700;09.03.2002;1,6
Oslo - Blindern;SN18700;10.03.2002;0
Oslo - Blindern;SN18700;11.03.2002;3,9
Oslo - Blindern;SN18700;12.03.2002;0
Oslo - Blindern;SN18700;13.03.2002;0
Oslo - Blindern;SN18700;14.03.2002;0
Oslo - Blindern;SN18700;15.03.2002;0
Oslo - Blindern;SN18700;16.03.2002;0
Oslo - Blindern;SN18700;17.03.2002;1
Oslo - Blindern;SN18700;18.03.2002;1,2
Oslo - Blindern;SN18700;19.03.2002;9
Oslo - Blindern;SN18700;20.03.2002;10,5
Oslo - Blindern;SN18700;21.03.2002;0
Oslo - Blindern;SN18700;22.03.2002;0
Oslo - Blindern;SN18700;23.03.2002;0
Oslo - Blindern;SN18700;24.03.2002;0
Oslo - Blindern;SN18700;25.03.2002;0
Oslo - Blindern;SN18700;26.03.2002;0,1
Oslo - Blindern;SN18700;27.03.2002;0
Oslo - Blindern;SN18700;28.03.2002;0
Oslo - Blindern;SN18700;29.03.2002;0
Oslo - Blindern;SN18700;30.03.2002;0
Oslo - Blindern;SN18700;31.03.2002;0
Oslo - Blindern;SN18700;01.04.2002;0
Oslo - Blindern;SN18700;02.04.2002;0,1
Oslo - Blindern;SN18700;03.04.2002;3
Oslo - Blindern;SN18700;04.04.2002;0
Oslo - Blindern;SN18700;05.04.2002;0
Oslo - Blindern;SN18700;06.04.2002;0
Oslo - Blindern;SN18700;07.04.2002;0
Oslo - Blindern;SN18700;08.04.2002;0
Oslo - Blindern;SN18700;09.04.2002;0,9
Oslo - Blindern;SN18700;10.04.2002;0
Oslo - Blindern;SN18700;11.04.2002;0
Oslo - Blindern;SN18700;12.04.2002;0
Oslo - Blindern;SN18700;13.04.2002;4,6
Oslo - Blindern;SN18700;14.04.2002;0,1
Oslo - Blindern;SN18700;15.04.2002;0,7
Oslo - Blindern;SN18700;16.04.2002;0
Oslo - Blindern;SN18700;17.04.2002;0
Oslo - Blindern;SN18700;18.04.2002;0
Oslo - Blindern;SN18700;19.04.2002;0
Oslo - Blindern;SN18700;20.04.2002;0
Oslo - Blindern;SN18700;21.04.2002;0
Oslo - Blindern;SN18700;22.04.2002;0,2
Oslo - Blindern;SN18700;23.04.2002;2,3
Oslo - Blindern;SN18700;24.04.2002;0
Oslo - Blindern;SN18700;25.04.2002;0
Oslo - Blindern;SN18700;26.04.2002;0,5
Oslo - Blindern;SN18700;27.04.2002;2,6
Oslo - Blindern;SN18700;28.04.2002;13,3
Oslo - Blindern;SN18700;29.04.2002;0,8
Oslo - Blindern;SN18700;30.04.2002;11,3
Oslo - Blindern;SN18700;01.05.2002;11,2
Oslo - Blindern;SN18700;02.05.2002;14,8
Oslo - Blindern;SN18700;03.05.2002;0,6
Oslo - Blindern;SN18700;04.05.2002;0,2
Oslo - Blindern;SN18700;05.05.2002;0
Oslo - Blindern;SN18700;06.05.2002;0
Oslo - Blindern;SN18700;07.05.2002;0
Oslo - Blindern;SN18700;08.05.2002;0
Oslo - Blindern;SN18700;09.05.2002;0
Oslo - Blindern;SN18700;10.05.2002;0
Oslo - Blindern;SN18700;11.05.2002;0
Oslo - Blindern;SN18700;12.05.2002;1,5
Oslo - Blindern;SN18700;13.05.2002;3,2
Oslo - Blindern;SN18700;14.05.2002;0
Oslo - Blindern;SN18700;15.05.2002;0,1
Oslo - Blindern;SN18700;16.05.2002;0
Oslo - Blindern;SN18700;17.05.2002;0
Oslo - Blindern;SN18700;18.05.2002;0
Oslo - Blindern;SN18700;19.05.2002;0
Oslo - Blindern;SN18700;20.05.2002;0
Oslo - Blindern;SN18700;21.05.2002;2,8
Oslo - Blindern;SN18700;22.05.2002;0
Oslo - Blindern;SN18700;23.05.2002;0
Oslo - Blindern;SN18700;24.05.2002;0,7
Oslo - Blindern;SN18700;25.05.2002;6,1
Oslo - Blindern;SN18700;26.05.2002;5,5
Oslo - Blindern;SN18700;27.05.2002;1,9
Oslo - Blindern;SN18700;28.05.2002;9,4
Oslo - Blindern;SN18700;29.05.2002;33,9
Oslo - Blindern;SN18700;30.05.2002;7
Oslo - Blindern;SN18700;31.05.2002;0,3
Oslo - Blindern;SN18700;01.06.2002;1
Oslo - Blindern;SN18700;02.06.2002;0
Oslo - Blindern;SN18700;03.06.2002;0
Oslo - Blindern;SN18700;04.06.2002;0
Oslo - Blindern;SN18700;05.06.2002;0
Oslo - Blindern;SN18700;06.06.2002;0
Oslo - Blindern;SN18700;07.06.2002;0
Oslo - Blindern;SN18700;08.06.2002;0
Oslo - Blindern;SN18700;09.06.2002;0
Oslo - Blindern;SN18700;10.06.2002;0
Oslo - Blindern;SN18700;11.06.2002;12,2
Oslo - Blindern;SN18700;12.06.2002;7,8
Oslo - Blindern;SN18700;13.06.2002;0
Oslo - Blindern;SN18700;14.06.2002;0,6
Oslo - Blindern;SN18700;15.06.2002;0
Oslo - Blindern;SN18700;16.06.2002;4,5
Oslo - Blindern;SN18700;17.06.2002;0
Oslo - Blindern;SN18700;18.06.2002;0
Oslo - Blindern;SN18700;19.06.2002;6,9
Oslo - Blindern;SN18700;20.06.2002;0
Oslo - Blindern;SN18700;21.06.2002;1,2
Oslo - Blindern;SN18700;22.06.2002;0,1
Oslo - Blindern;SN18700;23.06.2002;13,1
Oslo - Blindern;SN18700;24.06.2002;0,1
Oslo - Blindern;SN18700;25.06.2002;0
Oslo - Blindern;SN18700;26.06.2002;0
Oslo - Blindern;SN18700;27.06.2002;3,1
Oslo - Blindern;SN18700;28.06.2002;4,3
Oslo - Blindern;SN18700;29.06.2002;5,6
Oslo - Blindern;SN18700;30.06.2002;0
Oslo - Blindern;SN18700;01.07.2002;1,1
Oslo - Blindern;SN18700;02.07.2002;4,5
Oslo - Blindern;SN18700;03.07.2002;13,3
Oslo - Blindern;SN18700;04.07.2002;0,2
Oslo - Blindern;SN18700;05.07.2002;8,8
Oslo - Blindern;SN18700;06.07.2002;0
Oslo - Blindern;SN18700;07.07.2002;1,5
Oslo - Blindern;SN18700;08.07.2002;0
Oslo - Blindern;SN18700;09.07.2002;11,6
Oslo - Blindern;SN18700;10.07.2002;12,8
Oslo - Blindern;SN18700;11.07.2002;25,9
Oslo - Blindern;SN18700;12.07.2002;0,9
Oslo - Blindern;SN18700;13.07.2002;1,4
Oslo - Blindern;SN18700;14.07.2002;0,1
Oslo - Blindern;SN18700;15.07.2002;0
Oslo - Blindern;SN18700;16.07.2002;0
Oslo - Blindern;SN18700;17.07.2002;0
Oslo - Blindern;SN18700;18.07.2002;0
Oslo - Blindern;SN18700;19.07.2002;1,7
Oslo - Blindern;SN18700;20.07.2002;7,9
Oslo - Blindern;SN18700;21.07.2002;2,4
Oslo - Blindern;SN18700;22.07.2002;7,3
Oslo - Blindern;SN18700;23.07.2002;14,3
Oslo - Blindern;SN18700;24.07.2002;10,1
Oslo - Blindern;SN18700;25.07.2002;6,5
Oslo - Blindern;SN18700;26.07.2002;0
Oslo - Blindern;SN18700;27.07.2002;0
Oslo - Blindern;SN18700;28.07.2002;0
Oslo - Blindern;SN18700;29.07.2002;0
Oslo - Blindern;SN18700;30.07.2002;0
Oslo - Blindern;SN18700;31.07.2002;0,7
Oslo - Blindern;SN18700;01.08.2002;0,1
Oslo - Blindern;SN18700;02.08.2002;0
Oslo - Blindern;SN18700;03.08.2002;0
Oslo - Blindern;SN18700;04.08.2002;0
Oslo - Blindern;SN18700;05.08.2002;0
Oslo - Blindern;SN18700;06.08.2002;0
Oslo - Blindern;SN18700;07.08.2002;0
Oslo - Blindern;SN18700;08.08.2002;0
Oslo - Blindern;SN18700;09.08.2002;0
Oslo - Blindern;SN18700;10.08.2002;0
Oslo - Blindern;SN18700;11.08.2002;0,1
Oslo - Blindern;SN18700;12.08.2002;4,6
Oslo - Blindern;SN18700;13.08.2002;17,7
Oslo - Blindern;SN18700;14.08.2002;0
Oslo - Blindern;SN18700;15.08.2002;0
Oslo - Blindern;SN18700;16.08.2002;0
Oslo - Blindern;SN18700;17.08.2002;0
Oslo - Blindern;SN18700;18.08.2002;0
Oslo - Blindern;SN18700;19.08.2002;0
Oslo - Blindern;SN18700;20.08.2002;0
Oslo - Blindern;SN18700;21.08.2002;3,7
Oslo - Blindern;SN18700;22.08.2002;0
Oslo - Blindern;SN18700;23.08.2002;0
Oslo - Blindern;SN18700;24.08.2002;0
Oslo - Blindern;SN18700;25.08.2002;0
Oslo - Blindern;SN18700;26.08.2002;0
Oslo - Blindern;SN18700;27.08.2002;0
Oslo - Blindern;SN18700;28.08.2002;0
Oslo - Blindern;SN18700;29.08.2002;0
Oslo - Blindern;SN18700;30.08.2002;2,4
Oslo - Blindern;SN18700;31.08.2002;6,2
Oslo - Blindern;SN18700;01.09.2002;5,2
Oslo - Blindern;SN18700;02.09.2002;0
Oslo - Blindern;SN18700;03.09.2002;0
Oslo - Blindern;SN18700;04.09.2002;0
Oslo - Blindern;SN18700;05.09.2002;6,2
Oslo - Blindern;SN18700;06.09.2002;4,3
Oslo - Blindern;SN18700;07.09.2002;6,5
Oslo - Blindern;SN18700;08.09.2002;48,7
Oslo - Blindern;SN18700;09.09.2002;0
Oslo - Blindern;SN18700;10.09.2002;0
Oslo - Blindern;SN18700;11.09.2002;0
Oslo - Blindern;SN18700;12.09.2002;0
Oslo - Blindern;SN18700;13.09.2002;0
Oslo - Blindern;SN18700;14.09.2002;0
Oslo - Blindern;SN18700;15.09.2002;0
Oslo - Blindern;SN18700;16.09.2002;0,1
Oslo - Blindern;SN18700;17.09.2002;0
Oslo - Blindern;SN18700;18.09.2002;0
Oslo - Blindern;SN18700;19.09.2002;0
Oslo - Blindern;SN18700;20.09.2002;0
Oslo - Blindern;SN18700;21.09.2002;0
Oslo - Blindern;SN18700;22.09.2002;24,5
Oslo - Blindern;SN18700;23.09.2002;0,3
Oslo - Blindern;SN18700;24.09.2002;0
Oslo - Blindern;SN18700;25.09.2002;0,5
Oslo - Blindern;SN18700;26.09.2002;0
Oslo - Blindern;SN18700;27.09.2002;0
Oslo - Blindern;SN18700;28.09.2002;0
Oslo - Blindern;SN18700;29.09.2002;0
Oslo - Blindern;SN18700;30.09.2002;0,6
Oslo - Blindern;SN18700;01.10.2002;0,2
Oslo - Blindern;SN18700;02.10.2002;0,1
Oslo - Blindern;SN18700;03.10.2002;0
Oslo - Blindern;SN18700;04.10.2002;6,9
Oslo - Blindern;SN18700;05.10.2002;7,5
Oslo - Blindern;SN18700;06.10.2002;0,2
Oslo - Blindern;SN18700;07.10.2002;0
Oslo - Blindern;SN18700;08.10.2002;0
Oslo - Blindern;SN18700;09.10.2002;0
Oslo - Blindern;SN18700;10.10.2002;0
Oslo - Blindern;SN18700;11.10.2002;0
Oslo - Blindern;SN18700;12.10.2002;0
Oslo - Blindern;SN18700;13.10.2002;0
Oslo - Blindern;SN18700;14.10.2002;0
Oslo - Blindern;SN18700;15.10.2002;5,1
Oslo - Blindern;SN18700;16.10.2002;0,5
Oslo - Blindern;SN18700;17.10.2002;0
Oslo - Blindern;SN18700;18.10.2002;0,1
Oslo - Blindern;SN18700;19.10.2002;0,1
Oslo - Blindern;SN18700;20.10.2002;7,2
Oslo - Blindern;SN18700;21.10.2002;0
Oslo - Blindern;SN18700;22.10.2002;0
Oslo - Blindern;SN18700;23.10.2002;15,4
Oslo - Blindern;SN18700;24.10.2002;25,6
Oslo - Blindern;SN18700;25.10.2002;0
Oslo - Blindern;SN18700;26.10.2002;31,5
Oslo - Blindern;SN18700;27.10.2002;0
Oslo - Blindern;SN18700;28.10.2002;0
Oslo - Blindern;SN18700;29.10.2002;0
Oslo - Blindern;SN18700;30.10.2002;0
Oslo - Blindern;SN18700;31.10.2002;0
Oslo - Blindern;SN18700;01.11.2002;0
Oslo - Blindern;SN18700;02.11.2002;0
Oslo - Blindern;SN18700;03.11.2002;0
Oslo - Blindern;SN18700;04.11.2002;0
Oslo - Blindern;SN18700;05.11.2002;0
Oslo - Blindern;SN18700;06.11.2002;0,3
Oslo - Blindern;SN18700;07.11.2002;28,8
Oslo - Blindern;SN18700;08.11.2002;0
Oslo - Blindern;SN18700;09.11.2002;1
Oslo - Blindern;SN18700;10.11.2002;0,1
Oslo - Blindern;SN18700;11.11.2002;0
Oslo - Blindern;SN18700;12.11.2002;0,3
Oslo - Blindern;SN18700;13.11.2002;12,6
Oslo - Blindern;SN18700;14.11.2002;3,7
Oslo - Blindern;SN18700;15.11.2002;10
Oslo - Blindern;SN18700;16.11.2002;1
Oslo - Blindern;SN18700;17.11.2002;0,3
Oslo - Blindern;SN18700;18.11.2002;1,2
Oslo - Blindern;SN18700;19.11.2002;0
Oslo - Blindern;SN18700;20.11.2002;0
Oslo - Blindern;SN18700;21.11.2002;0
Oslo - Blindern;SN18700;22.11.2002;0
Oslo - Blindern;SN18700;23.11.2002;0,1
Oslo - Blindern;SN18700;24.11.2002;3,7
Oslo - Blindern;SN18700;25.11.2002;8,5
Oslo - Blindern;SN18700;26.11.2002;0
Oslo - Blindern;SN18700;27.11.2002;0,1
Oslo - Blindern;SN18700;28.11.2002;0,6
Oslo - Blindern;SN18700;29.11.2002;2,3
Oslo - Blindern;SN18700;30.11.2002;3,5
Oslo - Blindern;SN18700;01.12.2002;1
Oslo - Blindern;SN18700;02.12.2002;0,8
Oslo - Blindern;SN18700;03.12.2002;0,9
Oslo - Blindern;SN18700;04.12.2002;0
Oslo - Blindern;SN18700;05.12.2002;1,5
Oslo - Blindern;SN18700;06.12.2002;0,2
Oslo - Blindern;SN18700;07.12.2002;0
Oslo - Blindern;SN18700;08.12.2002;0
Oslo - Blindern;SN18700;09.12.2002;0
Oslo - Blindern;SN18700;10.12.2002;0
Oslo - Blindern;SN18700;11.12.2002;0
Oslo - Blindern;SN18700;12.12.2002;0
Oslo - Blindern;SN18700;13.12.2002;0
Oslo - Blindern;SN18700;14.12.2002;0
Oslo - Blindern;SN18700;15.12.2002;0,1
Oslo - Blindern;SN18700;16.12.2002;1
Oslo - Blindern;SN18700;17.12.2002;0,2
Oslo - Blindern;SN18700;18.12.2002;0
Oslo - Blindern;SN18700;19.12.2002;0
Oslo - Blindern;SN18700;20.12.2002;0
Oslo - Blindern;SN18700;21.12.2002;0
Oslo - Blindern;SN18700;22.12.2002;0
Oslo - Blindern;SN18700;23.12.2002;0
Oslo - Blindern;SN18700;24.12.2002;0,3
Oslo - Blindern;SN18700;25.12.2002;0
Oslo - Blindern;SN18700;26.12.2002;0
Oslo - Blindern;SN18700;27.12.2002;1,2
Oslo - Blindern;SN18700;28.12.2002;5,9
Oslo - Blindern;SN18700;29.12.2002;13,6
Oslo - Blindern;SN18700;30.12.2002;1,1
Oslo - Blindern;SN18700;31.12.2002;0
Oslo - Blindern;SN18700;01.01.2003;0,1
Oslo - Blindern;SN18700;02.01.2003;0,2
Oslo - Blindern;SN18700;03.01.2003;0,9
Oslo - Blindern;SN18700;04.01.2003;0
Oslo - Blindern;SN18700;05.01.2003;0,2
Oslo - Blindern;SN18700;06.01.2003;0,3
Oslo - Blindern;SN18700;07.01.2003;0
Oslo - Blindern;SN18700;08.01.2003;0
Oslo - Blindern;SN18700;09.01.2003;0
Oslo - Blindern;SN18700;10.01.2003;0
Oslo - Blindern;SN18700;11.01.2003;0,3
Oslo - Blindern;SN18700;12.01.2003;0
Oslo - Blindern;SN18700;13.01.2003;0
Oslo - Blindern;SN18700;14.01.2003;0,1
Oslo - Blindern;SN18700;15.01.2003;0
Oslo - Blindern;SN18700;16.01.2003;0
Oslo - Blindern;SN18700;17.01.2003;0
Oslo - Blindern;SN18700;18.01.2003;0
Oslo - Blindern;SN18700;19.01.2003;0
Oslo - Blindern;SN18700;20.01.2003;14,8
Oslo - Blindern;SN18700;21.01.2003;9,8
Oslo - Blindern;SN18700;22.01.2003;1,5
Oslo - Blindern;SN18700;23.01.2003;0,6
Oslo - Blindern;SN18700;24.01.2003;0,7
Oslo - Blindern;SN18700;25.01.2003;0,2
Oslo - Blindern;SN18700;26.01.2003;10,1
Oslo - Blindern;SN18700;27.01.2003;0
Oslo - Blindern;SN18700;28.01.2003;0
Oslo - Blindern;SN18700;29.01.2003;0
Oslo - Blindern;SN18700;30.01.2003;0,3
Oslo - Blindern;SN18700;31.01.2003;0
Oslo - Blindern;SN18700;01.02.2003;0
Oslo - Blindern;SN18700;02.02.2003;14,8
Oslo - Blindern;SN18700;03.02.2003;20,2
Oslo - Blindern;SN18700;04.02.2003;6,6
Oslo - Blindern;SN18700;05.02.2003;1,1
Oslo - Blindern;SN18700;06.02.2003;0
Oslo - Blindern;SN18700;07.02.2003;2,6
Oslo - Blindern;SN18700;08.02.2003;6,2
Oslo - Blindern;SN18700;09.02.2003;2,1
Oslo - Blindern;SN18700;10.02.2003;2,3
Oslo - Blindern;SN18700;11.02.2003;0,3
Oslo - Blindern;SN18700;12.02.2003;0
Oslo - Blindern;SN18700;13.02.2003;0
Oslo - Blindern;SN18700;14.02.2003;0
Oslo - Blindern;SN18700;15.02.2003;0
Oslo - Blindern;SN18700;16.02.2003;0
Oslo - Blindern;SN18700;17.02.2003;0
Oslo - Blindern;SN18700;18.02.2003;0
Oslo - Blindern;SN18700;19.02.2003;0
Oslo - Blindern;SN18700;20.02.2003;0
Oslo - Blindern;SN18700;21.02.2003;0
Oslo - Blindern;SN18700;22.02.2003;0
Oslo - Blindern;SN18700;23.02.2003;0
Oslo - Blindern;SN18700;24.02.2003;0
Oslo - Blindern;SN18700;25.02.2003;0
Oslo - Blindern;SN18700;26.02.2003;0
Oslo - Blindern;SN18700;27.02.2003;0
Oslo - Blindern;SN18700;28.02.2003;0
Oslo - Blindern;SN18700;01.03.2003;0
Oslo - Blindern;SN18700;02.03.2003;0,1
Oslo - Blindern;SN18700;03.03.2003;0
Oslo - Blindern;SN18700;04.03.2003;0,1
Oslo - Blindern;SN18700;05.03.2003;0
Oslo - Blindern;SN18700;06.03.2003;7,6
Oslo - Blindern;SN18700;07.03.2003;7,1
Oslo - Blindern;SN18700;08.03.2003;2
Oslo - Blindern;SN18700;09.03.2003;7,9
Oslo - Blindern;SN18700;10.03.2003;4,5
Oslo - Blindern;SN18700;11.03.2003;0
Oslo - Blindern;SN18700;12.03.2003;0
Oslo - Blindern;SN18700;13.03.2003;0
Oslo - Blindern;SN18700;14.03.2003;0
Oslo - Blindern;SN18700;15.03.2003;0
Oslo - Blindern;SN18700;16.03.2003;0
Oslo - Blindern;SN18700;17.03.2003;0
Oslo - Blindern;SN18700;18.03.2003;0
Oslo - Blindern;SN18700;19.03.2003;0
Oslo - Blindern;SN18700;20.03.2003;0
Oslo - Blindern;SN18700;21.03.2003;0
Oslo - Blindern;SN18700;22.03.2003;0
Oslo - Blindern;SN18700;23.03.2003;0
Oslo - Blindern;SN18700;24.03.2003;0
Oslo - Blindern;SN18700;25.03.2003;0
Oslo - Blindern;SN18700;26.03.2003;0
Oslo - Blindern;SN18700;27.03.2003;0,1
Oslo - Blindern;SN18700;28.03.2003;0
Oslo - Blindern;SN18700;29.03.2003;0
Oslo - Blindern;SN18700;30.03.2003;1,2
Oslo - Blindern;SN18700;31.03.2003;0
Oslo - Blindern;SN18700;01.04.2003;0,1
Oslo - Blindern;SN18700;02.04.2003;11,5
Oslo - Blindern;SN18700;03.04.2003;0
Oslo - Blindern;SN18700;04.04.2003;0
Oslo - Blindern;SN18700;05.04.2003;0
Oslo - Blindern;SN18700;06.04.2003;0
Oslo - Blindern;SN18700;07.04.2003;0
Oslo - Blindern;SN18700;08.04.2003;0
Oslo - Blindern;SN18700;09.04.2003;0
Oslo - Blindern;SN18700;10.04.2003;0
Oslo - Blindern;SN18700;11.04.2003;0,2
Oslo - Blindern;SN18700;12.04.2003;0,8
Oslo - Blindern;SN18700;13.04.2003;0
Oslo - Blindern;SN18700;14.04.2003;0
Oslo - Blindern;SN18700;15.04.2003;0
Oslo - Blindern;SN18700;16.04.2003;0
Oslo - Blindern;SN18700;17.04.2003;0
Oslo - Blindern;SN18700;18.04.2003;0
Oslo - Blindern;SN18700;19.04.2003;0
Oslo - Blindern;SN18700;20.04.2003;0
Oslo - Blindern;SN18700;21.04.2003;0
Oslo - Blindern;SN18700;22.04.2003;0
Oslo - Blindern;SN18700;23.04.2003;0
Oslo - Blindern;SN18700;24.04.2003;0
Oslo - Blindern;SN18700;25.04.2003;0
Oslo - Blindern;SN18700;26.04.2003;0
Oslo - Blindern;SN18700;27.04.2003;9,8
Oslo - Blindern;SN18700;28.04.2003;18,1
Oslo - Blindern;SN18700;29.04.2003;0
Oslo - Blindern;SN18700;30.04.2003;5,5
Oslo - Blindern;SN18700;01.05.2003;0,5
Oslo - Blindern;SN18700;02.05.2003;0,1
Oslo - Blindern;SN18700;03.05.2003;0
Oslo - Blindern;SN18700;04.05.2003;13,7
Oslo - Blindern;SN18700;05.05.2003;3,1
Oslo - Blindern;SN18700;06.05.2003;4,9
Oslo - Blindern;SN18700;07.05.2003;0
Oslo - Blindern;SN18700;08.05.2003;0,6
Oslo - Blindern;SN18700;09.05.2003;0
Oslo - Blindern;SN18700;10.05.2003;0
Oslo - Blindern;SN18700;11.05.2003;0
Oslo - Blindern;SN18700;12.05.2003;0,4
Oslo - Blindern;SN18700;13.05.2003;9
Oslo - Blindern;SN18700;14.05.2003;6,5
Oslo - Blindern;SN18700;15.05.2003;1,6
Oslo - Blindern;SN18700;16.05.2003;0,8
Oslo - Blindern;SN18700;17.05.2003;0
Oslo - Blindern;SN18700;18.05.2003;0
Oslo - Blindern;SN18700;19.05.2003;3,5
Oslo - Blindern;SN18700;20.05.2003;7,2
Oslo - Blindern;SN18700;21.05.2003;5,1
Oslo - Blindern;SN18700;22.05.2003;5,6
Oslo - Blindern;SN18700;23.05.2003;0
Oslo - Blindern;SN18700;24.05.2003;10,9
Oslo - Blindern;SN18700;25.05.2003;4,1
Oslo - Blindern;SN18700;26.05.2003;5,1
Oslo - Blindern;SN18700;27.05.2003;0
Oslo - Blindern;SN18700;28.05.2003;0
Oslo - Blindern;SN18700;29.05.2003;0
Oslo - Blindern;SN18700;30.05.2003;1,2
Oslo - Blindern;SN18700;31.05.2003;0
Oslo - Blindern;SN18700;01.06.2003;0
Oslo - Blindern;SN18700;02.06.2003;0
Oslo - Blindern;SN18700;03.06.2003;0
Oslo - Blindern;SN18700;04.06.2003;3,8
Oslo - Blindern;SN18700;05.06.2003;1,2
Oslo - Blindern;SN18700;06.06.2003;6
Oslo - Blindern;SN18700;07.06.2003;0
Oslo - Blindern;SN18700;08.06.2003;0
Oslo - Blindern;SN18700;09.06.2003;4,9
Oslo - Blindern;SN18700;10.06.2003;0,1
Oslo - Blindern;SN18700;11.06.2003;0,4
Oslo - Blindern;SN18700;12.06.2003;4,8
Oslo - Blindern;SN18700;13.06.2003;0,1
Oslo - Blindern;SN18700;14.06.2003;0
Oslo - Blindern;SN18700;15.06.2003;6,4
Oslo - Blindern;SN18700;16.06.2003;0
Oslo - Blindern;SN18700;17.06.2003;0
Oslo - Blindern;SN18700;18.06.2003;0
Oslo - Blindern;SN18700;19.06.2003;2,5
Oslo - Blindern;SN18700;20.06.2003;0
Oslo - Blindern;SN18700;21.06.2003;0
Oslo - Blindern;SN18700;22.06.2003;0,2
Oslo - Blindern;SN18700;23.06.2003;0
Oslo - Blindern;SN18700;24.06.2003;31,8
Oslo - Blindern;SN18700;25.06.2003;3,7
Oslo - Blindern;SN18700;26.06.2003;1,8
Oslo - Blindern;SN18700;27.06.2003;0
Oslo - Blindern;SN18700;28.06.2003;0,2
Oslo - Blindern;SN18700;29.06.2003;9,7
Oslo - Blindern;SN18700;30.06.2003;0,1
Oslo - Blindern;SN18700;01.07.2003;0
Oslo - Blindern;SN18700;02.07.2003;4,8
Oslo - Blindern;SN18700;03.07.2003;0,1
Oslo - Blindern;SN18700;04.07.2003;1,8
Oslo - Blindern;SN18700;05.07.2003;0
Oslo - Blindern;SN18700;06.07.2003;20,2
Oslo - Blindern;SN18700;07.07.2003;0,8
Oslo - Blindern;SN18700;08.07.2003;0,1
Oslo - Blindern;SN18700;09.07.2003;6,2
Oslo - Blindern;SN18700;10.07.2003;1,5
Oslo - Blindern;SN18700;11.07.2003;0
Oslo - Blindern;SN18700;12.07.2003;3,9
Oslo - Blindern;SN18700;13.07.2003;0
Oslo - Blindern;SN18700;14.07.2003;0
Oslo - Blindern;SN18700;15.07.2003;0
Oslo - Blindern;SN18700;16.07.2003;0
Oslo - Blindern;SN18700;17.07.2003;0
Oslo - Blindern;SN18700;18.07.2003;2,5
Oslo - Blindern;SN18700;19.07.2003;0,4
Oslo - Blindern;SN18700;20.07.2003;0
Oslo - Blindern;SN18700;21.07.2003;0
Oslo - Blindern;SN18700;22.07.2003;12,1
Oslo - Blindern;SN18700;23.07.2003;0
Oslo - Blindern;SN18700;24.07.2003;0
Oslo - Blindern;SN18700;25.07.2003;7,9
Oslo - Blindern;SN18700;26.07.2003;15,4
Oslo - Blindern;SN18700;27.07.2003;19,5
Oslo - Blindern;SN18700;28.07.2003;11,1
Oslo - Blindern;SN18700;29.07.2003;0
Oslo - Blindern;SN18700;30.07.2003;0
Oslo - Blindern;SN18700;31.07.2003;0
Oslo - Blindern;SN18700;01.08.2003;0
Oslo - Blindern;SN18700;02.08.2003;7,4
Oslo - Blindern;SN18700;03.08.2003;0
Oslo - Blindern;SN18700;04.08.2003;0
Oslo - Blindern;SN18700;05.08.2003;0
Oslo - Blindern;SN18700;06.08.2003;0
Oslo - Blindern;SN18700;07.08.2003;0
Oslo - Blindern;SN18700;08.08.2003;0
Oslo - Blindern;SN18700;09.08.2003;0
Oslo - Blindern;SN18700;10.08.2003;0
Oslo - Blindern;SN18700;11.08.2003;0
Oslo - Blindern;SN18700;12.08.2003;0
Oslo - Blindern;SN18700;13.08.2003;0,7
Oslo - Blindern;SN18700;14.08.2003;30,4
Oslo - Blindern;SN18700;15.08.2003;1,8
Oslo - Blindern;SN18700;16.08.2003;0
Oslo - Blindern;SN18700;17.08.2003;1,5
Oslo - Blindern;SN18700;18.08.2003;0
Oslo - Blindern;SN18700;19.08.2003;0
Oslo - Blindern;SN18700;20.08.2003;8,2
Oslo - Blindern;SN18700;21.08.2003;0
Oslo - Blindern;SN18700;22.08.2003;8,8
Oslo - Blindern;SN18700;23.08.2003;0,3
Oslo - Blindern;SN18700;24.08.2003;0
Oslo - Blindern;SN18700;25.08.2003;0
Oslo - Blindern;SN18700;26.08.2003;0,7
Oslo - Blindern;SN18700;27.08.2003;0,8
Oslo - Blindern;SN18700;28.08.2003;2,1
Oslo - Blindern;SN18700;29.08.2003;0,7
Oslo - Blindern;SN18700;30.08.2003;0
Oslo - Blindern;SN18700;31.08.2003;0
Oslo - Blindern;SN18700;01.09.2003;2,2
Oslo - Blindern;SN18700;02.09.2003;0
Oslo - Blindern;SN18700;03.09.2003;0
Oslo - Blindern;SN18700;04.09.2003;0
Oslo - Blindern;SN18700;05.09.2003;0
Oslo - Blindern;SN18700;06.09.2003;0
Oslo - Blindern;SN18700;07.09.2003;0
Oslo - Blindern;SN18700;08.09.2003;13,4
Oslo - Blindern;SN18700;09.09.2003;0,1
Oslo - Blindern;SN18700;10.09.2003;0
Oslo - Blindern;SN18700;11.09.2003;0
Oslo - Blindern;SN18700;12.09.2003;0
Oslo - Blindern;SN18700;13.09.2003;0,1
Oslo - Blindern;SN18700;14.09.2003;0
Oslo - Blindern;SN18700;15.09.2003;0
Oslo - Blindern;SN18700;16.09.2003;0
Oslo - Blindern;SN18700;17.09.2003;0
Oslo - Blindern;SN18700;18.09.2003;0
Oslo - Blindern;SN18700;19.09.2003;0
Oslo - Blindern;SN18700;20.09.2003;4,9
Oslo - Blindern;SN18700;21.09.2003;4,3
Oslo - Blindern;SN18700;22.09.2003;4,5
Oslo - Blindern;SN18700;23.09.2003;21,2
Oslo - Blindern;SN18700;24.09.2003;0,1
Oslo - Blindern;SN18700;25.09.2003;0
Oslo - Blindern;SN18700;26.09.2003;0
Oslo - Blindern;SN18700;27.09.2003;15,3
Oslo - Blindern;SN18700;28.09.2003;0
Oslo - Blindern;SN18700;29.09.2003;0
Oslo - Blindern;SN18700;30.09.2003;0
Oslo - Blindern;SN18700;01.10.2003;5,9
Oslo - Blindern;SN18700;02.10.2003;0
Oslo - Blindern;SN18700;03.10.2003;1,7
Oslo - Blindern;SN18700;04.10.2003;0,9
Oslo - Blindern;SN18700;05.10.2003;0
Oslo - Blindern;SN18700;06.10.2003;0
Oslo - Blindern;SN18700;07.10.2003;9,7
Oslo - Blindern;SN18700;08.10.2003;0
Oslo - Blindern;SN18700;09.10.2003;0,1
Oslo - Blindern;SN18700;10.10.2003;0,3
Oslo - Blindern;SN18700;11.10.2003;3,6
Oslo - Blindern;SN18700;12.10.2003;0
Oslo - Blindern;SN18700;13.10.2003;0
Oslo - Blindern;SN18700;14.10.2003;0
Oslo - Blindern;SN18700;15.10.2003;0
Oslo - Blindern;SN18700;16.10.2003;0
Oslo - Blindern;SN18700;17.10.2003;0
Oslo - Blindern;SN18700;18.10.2003;0
Oslo - Blindern;SN18700;19.10.2003;0,2
Oslo - Blindern;SN18700;20.10.2003;0
Oslo - Blindern;SN18700;21.10.2003;0
Oslo - Blindern;SN18700;22.10.2003;0
Oslo - Blindern;SN18700;23.10.2003;0
Oslo - Blindern;SN18700;24.10.2003;0
Oslo - Blindern;SN18700;25.10.2003;0
Oslo - Blindern;SN18700;26.10.2003;0
Oslo - Blindern;SN18700;27.10.2003;0,3
Oslo - Blindern;SN18700;28.10.2003;0
Oslo - Blindern;SN18700;29.10.2003;0
Oslo - Blindern;SN18700;30.10.2003;7,7
Oslo - Blindern;SN18700;31.10.2003;1,2
Oslo - Blindern;SN18700;01.11.2003;4,5
Oslo - Blindern;SN18700;02.11.2003;8,6
Oslo - Blindern;SN18700;03.11.2003;6,8
Oslo - Blindern;SN18700;04.11.2003;5,1
Oslo - Blindern;SN18700;05.11.2003;0,3
Oslo - Blindern;SN18700;06.11.2003;0
Oslo - Blindern;SN18700;07.11.2003;0
Oslo - Blindern;SN18700;08.11.2003;0
Oslo - Blindern;SN18700;09.11.2003;0
Oslo - Blindern;SN18700;10.11.2003;0,1
Oslo - Blindern;SN18700;11.11.2003;0,5
Oslo - Blindern;SN18700;12.11.2003;1,9
Oslo - Blindern;SN18700;13.11.2003;0
Oslo - Blindern;SN18700;14.11.2003;2,3
Oslo - Blindern;SN18700;15.11.2003;0
Oslo - Blindern;SN18700;16.11.2003;6,4
Oslo - Blindern;SN18700;17.11.2003;0
Oslo - Blindern;SN18700;18.11.2003;0
Oslo - Blindern;SN18700;19.11.2003;5,7
Oslo - Blindern;SN18700;20.11.2003;0
Oslo - Blindern;SN18700;21.11.2003;0
Oslo - Blindern;SN18700;22.11.2003;0,2
Oslo - Blindern;SN18700;23.11.2003;1
Oslo - Blindern;SN18700;24.11.2003;4
Oslo - Blindern;SN18700;25.11.2003;0,3
Oslo - Blindern;SN18700;26.11.2003;0,4
Oslo - Blindern;SN18700;27.11.2003;10,5
Oslo - Blindern;SN18700;28.11.2003;0,5
Oslo - Blindern;SN18700;29.11.2003;0,1
Oslo - Blindern;SN18700;30.11.2003;3,2
Oslo - Blindern;SN18700;01.12.2003;17,3
Oslo - Blindern;SN18700;02.12.2003;5,4
Oslo - Blindern;SN18700;03.12.2003;0,7
Oslo - Blindern;SN18700;04.12.2003;0
Oslo - Blindern;SN18700;05.12.2003;0
Oslo - Blindern;SN18700;06.12.2003;0
Oslo - Blindern;SN18700;07.12.2003;0
Oslo - Blindern;SN18700;08.12.2003;0
Oslo - Blindern;SN18700;09.12.2003;0
Oslo - Blindern;SN18700;10.12.2003;0,2
Oslo - Blindern;SN18700;11.12.2003;0
Oslo - Blindern;SN18700;12.12.2003;0
Oslo - Blindern;SN18700;13.12.2003;4,4
Oslo - Blindern;SN18700;14.12.2003;4,3
Oslo - Blindern;SN18700;15.12.2003;0
Oslo - Blindern;SN18700;16.12.2003;0
Oslo - Blindern;SN18700;17.12.2003;0,9
Oslo - Blindern;SN18700;18.12.2003;0
Oslo - Blindern;SN18700;19.12.2003;0
Oslo - Blindern;SN18700;20.12.2003;0
Oslo - Blindern;SN18700;21.12.2003;1,8
Oslo - Blindern;SN18700;22.12.2003;0,5
Oslo - Blindern;SN18700;23.12.2003;0
Oslo - Blindern;SN18700;24.12.2003;5,4
Oslo - Blindern;SN18700;25.12.2003;0
Oslo - Blindern;SN18700;26.12.2003;0
Oslo - Blindern;SN18700;27.12.2003;11,4
Oslo - Blindern;SN18700;28.12.2003;7,2
Oslo - Blindern;SN18700;29.12.2003;0
Oslo - Blindern;SN18700;30.12.2003;0
Oslo - Blindern;SN18700;31.12.2003;0
Oslo - Blindern;SN18700;01.01.2004;0
Oslo - Blindern;SN18700;02.01.2004;0,1
Oslo - Blindern;SN18700;03.01.2004;0
Oslo - Blindern;SN18700;04.01.2004;4
Oslo - Blindern;SN18700;05.01.2004;4
Oslo - Blindern;SN18700;06.01.2004;3
Oslo - Blindern;SN18700;07.01.2004;18,3
Oslo - Blindern;SN18700;08.01.2004;1,1
Oslo - Blindern;SN18700;09.01.2004;1
Oslo - Blindern;SN18700;10.01.2004;0,3
Oslo - Blindern;SN18700;11.01.2004;2
Oslo - Blindern;SN18700;12.01.2004;25,2
Oslo - Blindern;SN18700;13.01.2004;0,3
Oslo - Blindern;SN18700;14.01.2004;5,5
Oslo - Blindern;SN18700;15.01.2004;0
Oslo - Blindern;SN18700;16.01.2004;0
Oslo - Blindern;SN18700;17.01.2004;0
Oslo - Blindern;SN18700;18.01.2004;0
Oslo - Blindern;SN18700;19.01.2004;1,9
Oslo - Blindern;SN18700;20.01.2004;0
Oslo - Blindern;SN18700;21.01.2004;0
Oslo - Blindern;SN18700;22.01.2004;0
Oslo - Blindern;SN18700;23.01.2004;2,6
Oslo - Blindern;SN18700;24.01.2004;9,7
Oslo - Blindern;SN18700;25.01.2004;6,9
Oslo - Blindern;SN18700;26.01.2004;3,3
Oslo - Blindern;SN18700;27.01.2004;2,3
Oslo - Blindern;SN18700;28.01.2004;10,2
Oslo - Blindern;SN18700;29.01.2004;3,5
Oslo - Blindern;SN18700;30.01.2004;0,9
Oslo - Blindern;SN18700;31.01.2004;2,8
Oslo - Blindern;SN18700;01.02.2004;0
Oslo - Blindern;SN18700;02.02.2004;1,1
Oslo - Blindern;SN18700;03.02.2004;8,7
Oslo - Blindern;SN18700;04.02.2004;5,1
Oslo - Blindern;SN18700;05.02.2004;0
Oslo - Blindern;SN18700;06.02.2004;0,6
Oslo - Blindern;SN18700;07.02.2004;0,5
Oslo - Blindern;SN18700;08.02.2004;3,3
Oslo - Blindern;SN18700;09.02.2004;0,1
Oslo - Blindern;SN18700;10.02.2004;0
Oslo - Blindern;SN18700;11.02.2004;0
Oslo - Blindern;SN18700;12.02.2004;4,3
Oslo - Blindern;SN18700;13.02.2004;0
Oslo - Blindern;SN18700;14.02.2004;0
Oslo - Blindern;SN18700;15.02.2004;0
Oslo - Blindern;SN18700;16.02.2004;0
Oslo - Blindern;SN18700;17.02.2004;0,1
Oslo - Blindern;SN18700;18.02.2004;0
Oslo - Blindern;SN18700;19.02.2004;0
Oslo - Blindern;SN18700;20.02.2004;0
Oslo - Blindern;SN18700;21.02.2004;0
Oslo - Blindern;SN18700;22.02.2004;0
Oslo - Blindern;SN18700;23.02.2004;0,3
Oslo - Blindern;SN18700;24.02.2004;0
Oslo - Blindern;SN18700;25.02.2004;0
Oslo - Blindern;SN18700;26.02.2004;0
Oslo - Blindern;SN18700;27.02.2004;0
Oslo - Blindern;SN18700;28.02.2004;0
Oslo - Blindern;SN18700;29.02.2004;0
Oslo - Blindern;SN18700;01.03.2004;0
Oslo - Blindern;SN18700;02.03.2004;0
Oslo - Blindern;SN18700;03.03.2004;0
Oslo - Blindern;SN18700;04.03.2004;0
Oslo - Blindern;SN18700;05.03.2004;0
Oslo - Blindern;SN18700;06.03.2004;0
Oslo - Blindern;SN18700;07.03.2004;0
Oslo - Blindern;SN18700;08.03.2004;0
Oslo - Blindern;SN18700;09.03.2004;0
Oslo - Blindern;SN18700;10.03.2004;0
Oslo - Blindern;SN18700;11.03.2004;0
Oslo - Blindern;SN18700;12.03.2004;0
Oslo - Blindern;SN18700;13.03.2004;0
Oslo - Blindern;SN18700;14.03.2004;7,7
Oslo - Blindern;SN18700;15.03.2004;7,6
Oslo - Blindern;SN18700;16.03.2004;4,7
Oslo - Blindern;SN18700;17.03.2004;0,1
Oslo - Blindern;SN18700;18.03.2004;0
Oslo - Blindern;SN18700;19.03.2004;5,7
Oslo - Blindern;SN18700;20.03.2004;6,2
Oslo - Blindern;SN18700;21.03.2004;0
Oslo - Blindern;SN18700;22.03.2004;0
Oslo - Blindern;SN18700;23.03.2004;0,4
Oslo - Blindern;SN18700;24.03.2004;3,5
Oslo - Blindern;SN18700;25.03.2004;0,2
Oslo - Blindern;SN18700;26.03.2004;0
Oslo - Blindern;SN18700;27.03.2004;0
Oslo - Blindern;SN18700;28.03.2004;0
Oslo - Blindern;SN18700;29.03.2004;0
Oslo - Blindern;SN18700;30.03.2004;0
Oslo - Blindern;SN18700;31.03.2004;0
Oslo - Blindern;SN18700;01.04.2004;0
Oslo - Blindern;SN18700;02.04.2004;0
Oslo - Blindern;SN18700;03.04.2004;0
Oslo - Blindern;SN18700;04.04.2004;0,5
Oslo - Blindern;SN18700;05.04.2004;9,4
Oslo - Blindern;SN18700;06.04.2004;3,1
Oslo - Blindern;SN18700;07.04.2004;0,7
Oslo - Blindern;SN18700;08.04.2004;0,2
Oslo - Blindern;SN18700;09.04.2004;0
Oslo - Blindern;SN18700;10.04.2004;0
Oslo - Blindern;SN18700;11.04.2004;0
Oslo - Blindern;SN18700;12.04.2004;0
Oslo - Blindern;SN18700;13.04.2004;0
Oslo - Blindern;SN18700;14.04.2004;0
Oslo - Blindern;SN18700;15.04.2004;0,1
Oslo - Blindern;SN18700;16.04.2004;0
Oslo - Blindern;SN18700;17.04.2004;0
Oslo - Blindern;SN18700;18.04.2004;0
Oslo - Blindern;SN18700;19.04.2004;0
Oslo - Blindern;SN18700;20.04.2004;0
Oslo - Blindern;SN18700;21.04.2004;6,9
Oslo - Blindern;SN18700;22.04.2004;0
Oslo - Blindern;SN18700;23.04.2004;0
Oslo - Blindern;SN18700;24.04.2004;1,5
Oslo - Blindern;SN18700;25.04.2004;0,4
Oslo - Blindern;SN18700;26.04.2004;11,8
Oslo - Blindern;SN18700;27.04.2004;12,8
Oslo - Blindern;SN18700;28.04.2004;6,9
Oslo - Blindern;SN18700;29.04.2004;0
Oslo - Blindern;SN18700;30.04.2004;0
Oslo - Blindern;SN18700;01.05.2004;0
Oslo - Blindern;SN18700;02.05.2004;0
Oslo - Blindern;SN18700;03.05.2004;0
Oslo - Blindern;SN18700;04.05.2004;2,6
Oslo - Blindern;SN18700;05.05.2004;9,2
Oslo - Blindern;SN18700;06.05.2004;5,5
Oslo - Blindern;SN18700;07.05.2004;1
Oslo - Blindern;SN18700;08.05.2004;0
Oslo - Blindern;SN18700;09.05.2004;0
Oslo - Blindern;SN18700;10.05.2004;0
Oslo - Blindern;SN18700;11.05.2004;12,6
Oslo - Blindern;SN18700;12.05.2004;0,3
Oslo - Blindern;SN18700;13.05.2004;0,1
Oslo - Blindern;SN18700;14.05.2004;0
Oslo - Blindern;SN18700;15.05.2004;0
Oslo - Blindern;SN18700;16.05.2004;0
Oslo - Blindern;SN18700;17.05.2004;0
Oslo - Blindern;SN18700;18.05.2004;0
Oslo - Blindern;SN18700;19.05.2004;0
Oslo - Blindern;SN18700;20.05.2004;2,3
Oslo - Blindern;SN18700;21.05.2004;0
Oslo - Blindern;SN18700;22.05.2004;0
Oslo - Blindern;SN18700;23.05.2004;0
Oslo - Blindern;SN18700;24.05.2004;0
Oslo - Blindern;SN18700;25.05.2004;1,5
Oslo - Blindern;SN18700;26.05.2004;0,6
Oslo - Blindern;SN18700;27.05.2004;0
Oslo - Blindern;SN18700;28.05.2004;0,1
Oslo - Blindern;SN18700;29.05.2004;3,4
Oslo - Blindern;SN18700;30.05.2004;0,3
Oslo - Blindern;SN18700;31.05.2004;0
Oslo - Blindern;SN18700;01.06.2004;0
Oslo - Blindern;SN18700;02.06.2004;0
Oslo - Blindern;SN18700;03.06.2004;0
Oslo - Blindern;SN18700;04.06.2004;0
Oslo - Blindern;SN18700;05.06.2004;0,4
Oslo - Blindern;SN18700;06.06.2004;0
Oslo - Blindern;SN18700;07.06.2004;0
Oslo - Blindern;SN18700;08.06.2004;5,3
Oslo - Blindern;SN18700;09.06.2004;0
Oslo - Blindern;SN18700;10.06.2004;7,8
Oslo - Blindern;SN18700;11.06.2004;0
Oslo - Blindern;SN18700;12.06.2004;0
Oslo - Blindern;SN18700;13.06.2004;0
Oslo - Blindern;SN18700;14.06.2004;0
Oslo - Blindern;SN18700;15.06.2004;0
Oslo - Blindern;SN18700;16.06.2004;0,4
Oslo - Blindern;SN18700;17.06.2004;0
Oslo - Blindern;SN18700;18.06.2004;0
Oslo - Blindern;SN18700;19.06.2004;7,6
Oslo - Blindern;SN18700;20.06.2004;9
Oslo - Blindern;SN18700;21.06.2004;3
Oslo - Blindern;SN18700;22.06.2004;4,6
Oslo - Blindern;SN18700;23.06.2004;0,5
Oslo - Blindern;SN18700;24.06.2004;4,2
Oslo - Blindern;SN18700;25.06.2004;8,8
Oslo - Blindern;SN18700;26.06.2004;13,2
Oslo - Blindern;SN18700;27.06.2004;1,3
Oslo - Blindern;SN18700;28.06.2004;0,2
Oslo - Blindern;SN18700;29.06.2004;1
Oslo - Blindern;SN18700;30.06.2004;7,4
Oslo - Blindern;SN18700;01.07.2004;0
Oslo - Blindern;SN18700;02.07.2004;0,7
Oslo - Blindern;SN18700;03.07.2004;2,5
Oslo - Blindern;SN18700;04.07.2004;0
Oslo - Blindern;SN18700;05.07.2004;0,1
Oslo - Blindern;SN18700;06.07.2004;5,1
Oslo - Blindern;SN18700;07.07.2004;4,2
Oslo - Blindern;SN18700;08.07.2004;0,5
Oslo - Blindern;SN18700;09.07.2004;0,1
Oslo - Blindern;SN18700;10.07.2004;1,6
Oslo - Blindern;SN18700;11.07.2004;0
Oslo - Blindern;SN18700;12.07.2004;0
Oslo - Blindern;SN18700;13.07.2004;3,2
Oslo - Blindern;SN18700;14.07.2004;1
Oslo - Blindern;SN18700;15.07.2004;3,9
Oslo - Blindern;SN18700;16.07.2004;7
Oslo - Blindern;SN18700;17.07.2004;0
Oslo - Blindern;SN18700;18.07.2004;0,1
Oslo - Blindern;SN18700;19.07.2004;19,5
Oslo - Blindern;SN18700;20.07.2004;0,1
Oslo - Blindern;SN18700;21.07.2004;0
Oslo - Blindern;SN18700;22.07.2004;0,3
Oslo - Blindern;SN18700;23.07.2004;0,4
Oslo - Blindern;SN18700;24.07.2004;0
Oslo - Blindern;SN18700;25.07.2004;0,6
Oslo - Blindern;SN18700;26.07.2004;0
Oslo - Blindern;SN18700;27.07.2004;0,1
Oslo - Blindern;SN18700;28.07.2004;0
Oslo - Blindern;SN18700;29.07.2004;0
Oslo - Blindern;SN18700;30.07.2004;0
Oslo - Blindern;SN18700;31.07.2004;0
Oslo - Blindern;SN18700;01.08.2004;0
Oslo - Blindern;SN18700;02.08.2004;0
Oslo - Blindern;SN18700;03.08.2004;0
Oslo - Blindern;SN18700;04.08.2004;5
Oslo - Blindern;SN18700;05.08.2004;5,2
Oslo - Blindern;SN18700;06.08.2004;0
Oslo - Blindern;SN18700;07.08.2004;0
Oslo - Blindern;SN18700;08.08.2004;0
Oslo - Blindern;SN18700;09.08.2004;0
Oslo - Blindern;SN18700;10.08.2004;0
Oslo - Blindern;SN18700;11.08.2004;0
Oslo - Blindern;SN18700;12.08.2004;0
Oslo - Blindern;SN18700;13.08.2004;0,9
Oslo - Blindern;SN18700;14.08.2004;0
Oslo - Blindern;SN18700;15.08.2004;0
Oslo - Blindern;SN18700;16.08.2004;0
Oslo - Blindern;SN18700;17.08.2004;4,1
Oslo - Blindern;SN18700;18.08.2004;4,6
Oslo - Blindern;SN18700;19.08.2004;0
Oslo - Blindern;SN18700;20.08.2004;23,8
Oslo - Blindern;SN18700;21.08.2004;0,3
Oslo - Blindern;SN18700;22.08.2004;2,3
Oslo - Blindern;SN18700;23.08.2004;1,6
Oslo - Blindern;SN18700;24.08.2004;0
Oslo - Blindern;SN18700;25.08.2004;0
Oslo - Blindern;SN18700;26.08.2004;1,4
Oslo - Blindern;SN18700;27.08.2004;0
Oslo - Blindern;SN18700;28.08.2004;4,9
Oslo - Blindern;SN18700;29.08.2004;1,3
Oslo - Blindern;SN18700;30.08.2004;5,2
Oslo - Blindern;SN18700;31.08.2004;20,3
Oslo - Blindern;SN18700;01.09.2004;10,5
Oslo - Blindern;SN18700;02.09.2004;0
Oslo - Blindern;SN18700;03.09.2004;0
Oslo - Blindern;SN18700;04.09.2004;0
Oslo - Blindern;SN18700;05.09.2004;0
Oslo - Blindern;SN18700;06.09.2004;0
Oslo - Blindern;SN18700;07.09.2004;0
Oslo - Blindern;SN18700;08.09.2004;0
Oslo - Blindern;SN18700;09.09.2004;0
Oslo - Blindern;SN18700;10.09.2004;0
Oslo - Blindern;SN18700;11.09.2004;0
Oslo - Blindern;SN18700;12.09.2004;2,8
Oslo - Blindern;SN18700;13.09.2004;0
Oslo - Blindern;SN18700;14.09.2004;3,8
Oslo - Blindern;SN18700;15.09.2004;21
Oslo - Blindern;SN18700;16.09.2004;14,6
Oslo - Blindern;SN18700;17.09.2004;0
Oslo - Blindern;SN18700;18.09.2004;7,2
Oslo - Blindern;SN18700;19.09.2004;10,8
Oslo - Blindern;SN18700;20.09.2004;4
Oslo - Blindern;SN18700;21.09.2004;19,4
Oslo - Blindern;SN18700;22.09.2004;10
Oslo - Blindern;SN18700;23.09.2004;0,1
Oslo - Blindern;SN18700;24.09.2004;0,1
Oslo - Blindern;SN18700;25.09.2004;0
Oslo - Blindern;SN18700;26.09.2004;0
Oslo - Blindern;SN18700;27.09.2004;1,3
Oslo - Blindern;SN18700;28.09.2004;0
Oslo - Blindern;SN18700;29.09.2004;0
Oslo - Blindern;SN18700;30.09.2004;0
Oslo - Blindern;SN18700;01.10.2004;0
Oslo - Blindern;SN18700;02.10.2004;0
Oslo - Blindern;SN18700;03.10.2004;12,2
Oslo - Blindern;SN18700;04.10.2004;12,1
Oslo - Blindern;SN18700;05.10.2004;12,5
Oslo - Blindern;SN18700;06.10.2004;2,9
Oslo - Blindern;SN18700;07.10.2004;3,3
Oslo - Blindern;SN18700;08.10.2004;10
Oslo - Blindern;SN18700;09.10.2004;0
Oslo - Blindern;SN18700;10.10.2004;0
Oslo - Blindern;SN18700;11.10.2004;0
Oslo - Blindern;SN18700;12.10.2004;0
Oslo - Blindern;SN18700;13.10.2004;0,4
Oslo - Blindern;SN18700;14.10.2004;0
Oslo - Blindern;SN18700;15.10.2004;0
Oslo - Blindern;SN18700;16.10.2004;4,2
Oslo - Blindern;SN18700;17.10.2004;2,5
Oslo - Blindern;SN18700;18.10.2004;1,8
Oslo - Blindern;SN18700;19.10.2004;0,6
Oslo - Blindern;SN18700;20.10.2004;0,3
Oslo - Blindern;SN18700;21.10.2004;2,1
Oslo - Blindern;SN18700;22.10.2004;10,3
Oslo - Blindern;SN18700;23.10.2004;0,8
Oslo - Blindern;SN18700;24.10.2004;0
Oslo - Blindern;SN18700;25.10.2004;0
Oslo - Blindern;SN18700;26.10.2004;22,5
Oslo - Blindern;SN18700;27.10.2004;1,5
Oslo - Blindern;SN18700;28.10.2004;0
Oslo - Blindern;SN18700;29.10.2004;0
Oslo - Blindern;SN18700;30.10.2004;0,1
Oslo - Blindern;SN18700;31.10.2004;0,1
Oslo - Blindern;SN18700;01.11.2004;0
Oslo - Blindern;SN18700;02.11.2004;0
Oslo - Blindern;SN18700;03.11.2004;0,3
Oslo - Blindern;SN18700;04.11.2004;1
Oslo - Blindern;SN18700;05.11.2004;2,6
Oslo - Blindern;SN18700;06.11.2004;0
Oslo - Blindern;SN18700;07.11.2004;0
Oslo - Blindern;SN18700;08.11.2004;1,7
Oslo - Blindern;SN18700;09.11.2004;0,1
Oslo - Blindern;SN18700;10.11.2004;0,2
Oslo - Blindern;SN18700;11.11.2004;4
Oslo - Blindern;SN18700;12.11.2004;0
Oslo - Blindern;SN18700;13.11.2004;0,3
Oslo - Blindern;SN18700;14.11.2004;0
Oslo - Blindern;SN18700;15.11.2004;0
Oslo - Blindern;SN18700;16.11.2004;0
Oslo - Blindern;SN18700;17.11.2004;0
Oslo - Blindern;SN18700;18.11.2004;8,8
Oslo - Blindern;SN18700;19.11.2004;0
Oslo - Blindern;SN18700;20.11.2004;0
Oslo - Blindern;SN18700;21.11.2004;0
Oslo - Blindern;SN18700;22.11.2004;2,9
Oslo - Blindern;SN18700;23.11.2004;4,6
Oslo - Blindern;SN18700;24.11.2004;0
Oslo - Blindern;SN18700;25.11.2004;1,6
Oslo - Blindern;SN18700;26.11.2004;5,5
Oslo - Blindern;SN18700;27.11.2004;12,9
Oslo - Blindern;SN18700;28.11.2004;0,1
Oslo - Blindern;SN18700;29.11.2004;0
Oslo - Blindern;SN18700;30.11.2004;0
Oslo - Blindern;SN18700;01.12.2004;0
Oslo - Blindern;SN18700;02.12.2004;0
Oslo - Blindern;SN18700;03.12.2004;0
Oslo - Blindern;SN18700;04.12.2004;1,7
Oslo - Blindern;SN18700;05.12.2004;0
Oslo - Blindern;SN18700;06.12.2004;0
Oslo - Blindern;SN18700;07.12.2004;0,3
Oslo - Blindern;SN18700;08.12.2004;0
Oslo - Blindern;SN18700;09.12.2004;0
Oslo - Blindern;SN18700;10.12.2004;0,1
Oslo - Blindern;SN18700;11.12.2004;0
Oslo - Blindern;SN18700;12.12.2004;0
Oslo - Blindern;SN18700;13.12.2004;0
Oslo - Blindern;SN18700;14.12.2004;0
Oslo - Blindern;SN18700;15.12.2004;0,6
Oslo - Blindern;SN18700;16.12.2004;2
Oslo - Blindern;SN18700;17.12.2004;5,7
Oslo - Blindern;SN18700;18.12.2004;0,3
Oslo - Blindern;SN18700;19.12.2004;0
Oslo - Blindern;SN18700;20.12.2004;0
Oslo - Blindern;SN18700;21.12.2004;0
Oslo - Blindern;SN18700;22.12.2004;0
Oslo - Blindern;SN18700;23.12.2004;0,1
Oslo - Blindern;SN18700;24.12.2004;2
Oslo - Blindern;SN18700;25.12.2004;0,7
Oslo - Blindern;SN18700;26.12.2004;9,6
Oslo - Blindern;SN18700;27.12.2004;0
Oslo - Blindern;SN18700;28.12.2004;0,2
Oslo - Blindern;SN18700;29.12.2004;9,3
Oslo - Blindern;SN18700;30.12.2004;0
Oslo - Blindern;SN18700;31.12.2004;0
Oslo - Blindern;SN18700;01.01.2005;0
Oslo - Blindern;SN18700;02.01.2005;4,4
Oslo - Blindern;SN18700;03.01.2005;0
Oslo - Blindern;SN18700;04.01.2005;0,3
Oslo - Blindern;SN18700;05.01.2005;0,1
Oslo - Blindern;SN18700;06.01.2005;0
Oslo - Blindern;SN18700;07.01.2005;0
Oslo - Blindern;SN18700;08.01.2005;0,6
Oslo - Blindern;SN18700;09.01.2005;11,4
Oslo - Blindern;SN18700;10.01.2005;5,4
Oslo - Blindern;SN18700;11.01.2005;0,5
Oslo - Blindern;SN18700;12.01.2005;1
Oslo - Blindern;SN18700;13.01.2005;0
Oslo - Blindern;SN18700;14.01.2005;0
Oslo - Blindern;SN18700;15.01.2005;0
Oslo - Blindern;SN18700;16.01.2005;0,1
Oslo - Blindern;SN18700;17.01.2005;0
Oslo - Blindern;SN18700;18.01.2005;0,1
Oslo - Blindern;SN18700;19.01.2005;7,9
Oslo - Blindern;SN18700;20.01.2005;2
Oslo - Blindern;SN18700;21.01.2005;1,5
Oslo - Blindern;SN18700;22.01.2005;0
Oslo - Blindern;SN18700;23.01.2005;0
Oslo - Blindern;SN18700;24.01.2005;0
Oslo - Blindern;SN18700;25.01.2005;0
Oslo - Blindern;SN18700;26.01.2005;0
Oslo - Blindern;SN18700;27.01.2005;0
Oslo - Blindern;SN18700;28.01.2005;0,5
Oslo - Blindern;SN18700;29.01.2005;0,1
Oslo - Blindern;SN18700;30.01.2005;0
Oslo - Blindern;SN18700;31.01.2005;0
Oslo - Blindern;SN18700;01.02.2005;0
Oslo - Blindern;SN18700;02.02.2005;0
Oslo - Blindern;SN18700;03.02.2005;0
Oslo - Blindern;SN18700;04.02.2005;0
Oslo - Blindern;SN18700;05.02.2005;1,5
Oslo - Blindern;SN18700;06.02.2005;0
Oslo - Blindern;SN18700;07.02.2005;0
Oslo - Blindern;SN18700;08.02.2005;0
Oslo - Blindern;SN18700;09.02.2005;0
Oslo - Blindern;SN18700;10.02.2005;7,6
Oslo - Blindern;SN18700;11.02.2005;0,1
Oslo - Blindern;SN18700;12.02.2005;0
Oslo - Blindern;SN18700;13.02.2005;0,1
Oslo - Blindern;SN18700;14.02.2005;0
Oslo - Blindern;SN18700;15.02.2005;0
Oslo - Blindern;SN18700;16.02.2005;0
Oslo - Blindern;SN18700;17.02.2005;0
Oslo - Blindern;SN18700;18.02.2005;0
Oslo - Blindern;SN18700;19.02.2005;0,5
Oslo - Blindern;SN18700;20.02.2005;0
Oslo - Blindern;SN18700;21.02.2005;0,2
Oslo - Blindern;SN18700;22.02.2005;0
Oslo - Blindern;SN18700;23.02.2005;0
Oslo - Blindern;SN18700;24.02.2005;0
Oslo - Blindern;SN18700;25.02.2005;0
Oslo - Blindern;SN18700;26.02.2005;0
Oslo - Blindern;SN18700;27.02.2005;0
Oslo - Blindern;SN18700;28.02.2005;0
Oslo - Blindern;SN18700;01.03.2005;2,9
Oslo - Blindern;SN18700;02.03.2005;0
Oslo - Blindern;SN18700;03.03.2005;0
Oslo - Blindern;SN18700;04.03.2005;0
Oslo - Blindern;SN18700;05.03.2005;0,7
Oslo - Blindern;SN18700;06.03.2005;0
Oslo - Blindern;SN18700;07.03.2005;0
Oslo - Blindern;SN18700;08.03.2005;0
Oslo - Blindern;SN18700;09.03.2005;0
Oslo - Blindern;SN18700;10.03.2005;0
Oslo - Blindern;SN18700;11.03.2005;6,7
Oslo - Blindern;SN18700;12.03.2005;7,4
Oslo - Blindern;SN18700;13.03.2005;0
Oslo - Blindern;SN18700;14.03.2005;1,7
Oslo - Blindern;SN18700;15.03.2005;0
Oslo - Blindern;SN18700;16.03.2005;1,5
Oslo - Blindern;SN18700;17.03.2005;3,9
Oslo - Blindern;SN18700;18.03.2005;0
Oslo - Blindern;SN18700;19.03.2005;0
Oslo - Blindern;SN18700;20.03.2005;0
Oslo - Blindern;SN18700;21.03.2005;0
Oslo - Blindern;SN18700;22.03.2005;0
Oslo - Blindern;SN18700;23.03.2005;0
Oslo - Blindern;SN18700;24.03.2005;0
Oslo - Blindern;SN18700;25.03.2005;0
Oslo - Blindern;SN18700;26.03.2005;0
Oslo - Blindern;SN18700;27.03.2005;0
Oslo - Blindern;SN18700;28.03.2005;0
Oslo - Blindern;SN18700;29.03.2005;0
Oslo - Blindern;SN18700;30.03.2005;0
Oslo - Blindern;SN18700;31.03.2005;0
Oslo - Blindern;SN18700;01.04.2005;0
Oslo - Blindern;SN18700;02.04.2005;0
Oslo - Blindern;SN18700;03.04.2005;0
Oslo - Blindern;SN18700;04.04.2005;0
Oslo - Blindern;SN18700;05.04.2005;0,3
Oslo - Blindern;SN18700;06.04.2005;0,2
Oslo - Blindern;SN18700;07.04.2005;7,6
Oslo - Blindern;SN18700;08.04.2005;7,9
Oslo - Blindern;SN18700;09.04.2005;0,3
Oslo - Blindern;SN18700;10.04.2005;0
Oslo - Blindern;SN18700;11.04.2005;0
Oslo - Blindern;SN18700;12.04.2005;0
Oslo - Blindern;SN18700;13.04.2005;0
Oslo - Blindern;SN18700;14.04.2005;0
Oslo - Blindern;SN18700;15.04.2005;0
Oslo - Blindern;SN18700;16.04.2005;0
Oslo - Blindern;SN18700;17.04.2005;0
Oslo - Blindern;SN18700;18.04.2005;0
Oslo - Blindern;SN18700;19.04.2005;0
Oslo - Blindern;SN18700;20.04.2005;0
Oslo - Blindern;SN18700;21.04.2005;0
Oslo - Blindern;SN18700;22.04.2005;0
Oslo - Blindern;SN18700;23.04.2005;0
Oslo - Blindern;SN18700;24.04.2005;0
Oslo - Blindern;SN18700;25.04.2005;0
Oslo - Blindern;SN18700;26.04.2005;0
Oslo - Blindern;SN18700;27.04.2005;0
Oslo - Blindern;SN18700;28.04.2005;0
Oslo - Blindern;SN18700;29.04.2005;0
Oslo - Blindern;SN18700;30.04.2005;13,8
Oslo - Blindern;SN18700;01.05.2005;0
Oslo - Blindern;SN18700;02.05.2005;1,9
Oslo - Blindern;SN18700;03.05.2005;7,1
Oslo - Blindern;SN18700;04.05.2005;0,1
Oslo - Blindern;SN18700;05.05.2005;0
Oslo - Blindern;SN18700;06.05.2005;0
Oslo - Blindern;SN18700;07.05.2005;0,3
Oslo - Blindern;SN18700;08.05.2005;0
Oslo - Blindern;SN18700;09.05.2005;9,2
Oslo - Blindern;SN18700;10.05.2005;0,2
Oslo - Blindern;SN18700;11.05.2005;0,6
Oslo - Blindern;SN18700;12.05.2005;0
Oslo - Blindern;SN18700;13.05.2005;0
Oslo - Blindern;SN18700;14.05.2005;1,7
Oslo - Blindern;SN18700;15.05.2005;0
Oslo - Blindern;SN18700;16.05.2005;4,5
Oslo - Blindern;SN18700;17.05.2005;0,3
Oslo - Blindern;SN18700;18.05.2005;0
Oslo - Blindern;SN18700;19.05.2005;0
Oslo - Blindern;SN18700;20.05.2005;6
Oslo - Blindern;SN18700;21.05.2005;11,1
Oslo - Blindern;SN18700;22.05.2005;20
Oslo - Blindern;SN18700;23.05.2005;0
Oslo - Blindern;SN18700;24.05.2005;8,9
Oslo - Blindern;SN18700;25.05.2005;0,5
Oslo - Blindern;SN18700;26.05.2005;11,5
Oslo - Blindern;SN18700;27.05.2005;8
Oslo - Blindern;SN18700;28.05.2005;0
Oslo - Blindern;SN18700;29.05.2005;7,4
Oslo - Blindern;SN18700;30.05.2005;0
Oslo - Blindern;SN18700;31.05.2005;0
Oslo - Blindern;SN18700;01.06.2005;0
Oslo - Blindern;SN18700;02.06.2005;0
Oslo - Blindern;SN18700;03.06.2005;0,2
Oslo - Blindern;SN18700;04.06.2005;3
Oslo - Blindern;SN18700;05.06.2005;9,3
Oslo - Blindern;SN18700;06.06.2005;1,1
Oslo - Blindern;SN18700;07.06.2005;0
Oslo - Blindern;SN18700;08.06.2005;0
Oslo - Blindern;SN18700;09.06.2005;0
Oslo - Blindern;SN18700;10.06.2005;0
Oslo - Blindern;SN18700;11.06.2005;0
Oslo - Blindern;SN18700;12.06.2005;1,3
Oslo - Blindern;SN18700;13.06.2005;13,9
Oslo - Blindern;SN18700;14.06.2005;6,9
Oslo - Blindern;SN18700;15.06.2005;0,1
Oslo - Blindern;SN18700;16.06.2005;0
Oslo - Blindern;SN18700;17.06.2005;0,1
Oslo - Blindern;SN18700;18.06.2005;5,4
Oslo - Blindern;SN18700;19.06.2005;0
Oslo - Blindern;SN18700;20.06.2005;0,1
Oslo - Blindern;SN18700;21.06.2005;0
Oslo - Blindern;SN18700;22.06.2005;0
Oslo - Blindern;SN18700;23.06.2005;0
Oslo - Blindern;SN18700;24.06.2005;0
Oslo - Blindern;SN18700;25.06.2005;0
Oslo - Blindern;SN18700;26.06.2005;0
Oslo - Blindern;SN18700;27.06.2005;0
Oslo - Blindern;SN18700;28.06.2005;0,5
Oslo - Blindern;SN18700;29.06.2005;0
Oslo - Blindern;SN18700;30.06.2005;0
Oslo - Blindern;SN18700;01.07.2005;1
Oslo - Blindern;SN18700;02.07.2005;1,2
Oslo - Blindern;SN18700;03.07.2005;0
Oslo - Blindern;SN18700;04.07.2005;0,1
Oslo - Blindern;SN18700;05.07.2005;0
Oslo - Blindern;SN18700;06.07.2005;0
Oslo - Blindern;SN18700;07.07.2005;0
Oslo - Blindern;SN18700;08.07.2005;0
Oslo - Blindern;SN18700;09.07.2005;0
Oslo - Blindern;SN18700;10.07.2005;0
Oslo - Blindern;SN18700;11.07.2005;0
Oslo - Blindern;SN18700;12.07.2005;0
Oslo - Blindern;SN18700;13.07.2005;0
Oslo - Blindern;SN18700;14.07.2005;0
Oslo - Blindern;SN18700;15.07.2005;0
Oslo - Blindern;SN18700;16.07.2005;9,2
Oslo - Blindern;SN18700;17.07.2005;8,4
Oslo - Blindern;SN18700;18.07.2005;0
Oslo - Blindern;SN18700;19.07.2005;0
Oslo - Blindern;SN18700;20.07.2005;33,9
Oslo - Blindern;SN18700;21.07.2005;20,6
Oslo - Blindern;SN18700;22.07.2005;0,3
Oslo - Blindern;SN18700;23.07.2005;0,4
Oslo - Blindern;SN18700;24.07.2005;0
Oslo - Blindern;SN18700;25.07.2005;0,2
Oslo - Blindern;SN18700;26.07.2005;1
Oslo - Blindern;SN18700;27.07.2005;0,1
Oslo - Blindern;SN18700;28.07.2005;3,4
Oslo - Blindern;SN18700;29.07.2005;0
Oslo - Blindern;SN18700;30.07.2005;0
Oslo - Blindern;SN18700;31.07.2005;0
Oslo - Blindern;SN18700;01.08.2005;17,6
Oslo - Blindern;SN18700;02.08.2005;1,2
Oslo - Blindern;SN18700;03.08.2005;0,8
Oslo - Blindern;SN18700;04.08.2005;2,7
Oslo - Blindern;SN18700;05.08.2005;0,2
Oslo - Blindern;SN18700;06.08.2005;11,5
Oslo - Blindern;SN18700;07.08.2005;6,1
Oslo - Blindern;SN18700;08.08.2005;2,8
Oslo - Blindern;SN18700;09.08.2005;11,8
Oslo - Blindern;SN18700;10.08.2005;0,4
Oslo - Blindern;SN18700;11.08.2005;2
Oslo - Blindern;SN18700;12.08.2005;2,3
Oslo - Blindern;SN18700;13.08.2005;0
Oslo - Blindern;SN18700;14.08.2005;0
Oslo - Blindern;SN18700;15.08.2005;0
Oslo - Blindern;SN18700;16.08.2005;0
Oslo - Blindern;SN18700;17.08.2005;0
Oslo - Blindern;SN18700;18.08.2005;0
Oslo - Blindern;SN18700;19.08.2005;0
Oslo - Blindern;SN18700;20.08.2005;0
Oslo - Blindern;SN18700;21.08.2005;0,5
Oslo - Blindern;SN18700;22.08.2005;0
Oslo - Blindern;SN18700;23.08.2005;18,5
Oslo - Blindern;SN18700;24.08.2005;4,5
Oslo - Blindern;SN18700;25.08.2005;1,1
Oslo - Blindern;SN18700;26.08.2005;14,2
Oslo - Blindern;SN18700;27.08.2005;0
Oslo - Blindern;SN18700;28.08.2005;2,4
Oslo - Blindern;SN18700;29.08.2005;0,1
Oslo - Blindern;SN18700;30.08.2005;1,4
Oslo - Blindern;SN18700;31.08.2005;0
Oslo - Blindern;SN18700;01.09.2005;0
Oslo - Blindern;SN18700;02.09.2005;5,4
Oslo - Blindern;SN18700;03.09.2005;6,5
Oslo - Blindern;SN18700;04.09.2005;0
Oslo - Blindern;SN18700;05.09.2005;0
Oslo - Blindern;SN18700;06.09.2005;0
Oslo - Blindern;SN18700;07.09.2005;0
Oslo - Blindern;SN18700;08.09.2005;3,3
Oslo - Blindern;SN18700;09.09.2005;0
Oslo - Blindern;SN18700;10.09.2005;0
Oslo - Blindern;SN18700;11.09.2005;0
Oslo - Blindern;SN18700;12.09.2005;0
Oslo - Blindern;SN18700;13.09.2005;0
Oslo - Blindern;SN18700;14.09.2005;13,6
Oslo - Blindern;SN18700;15.09.2005;0,3
Oslo - Blindern;SN18700;16.09.2005;0
Oslo - Blindern;SN18700;17.09.2005;0
Oslo - Blindern;SN18700;18.09.2005;3,8
Oslo - Blindern;SN18700;19.09.2005;0
Oslo - Blindern;SN18700;20.09.2005;0
Oslo - Blindern;SN18700;21.09.2005;1
Oslo - Blindern;SN18700;22.09.2005;0
Oslo - Blindern;SN18700;23.09.2005;0
Oslo - Blindern;SN18700;24.09.2005;0
Oslo - Blindern;SN18700;25.09.2005;0
Oslo - Blindern;SN18700;26.09.2005;0,2
Oslo - Blindern;SN18700;27.09.2005;0
Oslo - Blindern;SN18700;28.09.2005;1,5
Oslo - Blindern;SN18700;29.09.2005;0,7
Oslo - Blindern;SN18700;30.09.2005;2,2
Oslo - Blindern;SN18700;01.10.2005;8
Oslo - Blindern;SN18700;02.10.2005;13,7
Oslo - Blindern;SN18700;03.10.2005;0
Oslo - Blindern;SN18700;04.10.2005;0
Oslo - Blindern;SN18700;05.10.2005;0
Oslo - Blindern;SN18700;06.10.2005;0
Oslo - Blindern;SN18700;07.10.2005;0
Oslo - Blindern;SN18700;08.10.2005;0,1
Oslo - Blindern;SN18700;09.10.2005;0,1
Oslo - Blindern;SN18700;10.10.2005;2,5
Oslo - Blindern;SN18700;11.10.2005;0,1
Oslo - Blindern;SN18700;12.10.2005;0,1
Oslo - Blindern;SN18700;13.10.2005;0
Oslo - Blindern;SN18700;14.10.2005;2,1
Oslo - Blindern;SN18700;15.10.2005;0
Oslo - Blindern;SN18700;16.10.2005;0
Oslo - Blindern;SN18700;17.10.2005;0
Oslo - Blindern;SN18700;18.10.2005;0
Oslo - Blindern;SN18700;19.10.2005;0
Oslo - Blindern;SN18700;20.10.2005;0
Oslo - Blindern;SN18700;21.10.2005;14,7
Oslo - Blindern;SN18700;22.10.2005;3
Oslo - Blindern;SN18700;23.10.2005;19
Oslo - Blindern;SN18700;24.10.2005;0
Oslo - Blindern;SN18700;25.10.2005;0
Oslo - Blindern;SN18700;26.10.2005;11
Oslo - Blindern;SN18700;27.10.2005;0
Oslo - Blindern;SN18700;28.10.2005;2,6
Oslo - Blindern;SN18700;29.10.2005;4
Oslo - Blindern;SN18700;30.10.2005;7,9
Oslo - Blindern;SN18700;31.10.2005;2,5
Oslo - Blindern;SN18700;01.11.2005;3,3
Oslo - Blindern;SN18700;02.11.2005;16,6
Oslo - Blindern;SN18700;03.11.2005;7,5
Oslo - Blindern;SN18700;04.11.2005;37,7
Oslo - Blindern;SN18700;05.11.2005;0
Oslo - Blindern;SN18700;06.11.2005;6
Oslo - Blindern;SN18700;07.11.2005;2,8
Oslo - Blindern;SN18700;08.11.2005;0
Oslo - Blindern;SN18700;09.11.2005;0,1
Oslo - Blindern;SN18700;10.11.2005;1,6
Oslo - Blindern;SN18700;11.11.2005;4,3
Oslo - Blindern;SN18700;12.11.2005;3,1
Oslo - Blindern;SN18700;13.11.2005;0
Oslo - Blindern;SN18700;14.11.2005;0,1
Oslo - Blindern;SN18700;15.11.2005;0
Oslo - Blindern;SN18700;16.11.2005;0
Oslo - Blindern;SN18700;17.11.2005;0
Oslo - Blindern;SN18700;18.11.2005;0
Oslo - Blindern;SN18700;19.11.2005;0
Oslo - Blindern;SN18700;20.11.2005;0
Oslo - Blindern;SN18700;21.11.2005;1,4
Oslo - Blindern;SN18700;22.11.2005;1,5
Oslo - Blindern;SN18700;23.11.2005;0,1
Oslo - Blindern;SN18700;24.11.2005;0
Oslo - Blindern;SN18700;25.11.2005;26
Oslo - Blindern;SN18700;26.11.2005;2,1
Oslo - Blindern;SN18700;27.11.2005;0,1
Oslo - Blindern;SN18700;28.11.2005;0,7
Oslo - Blindern;SN18700;29.11.2005;1,2
Oslo - Blindern;SN18700;30.11.2005;0
Oslo - Blindern;SN18700;01.12.2005;1,3
Oslo - Blindern;SN18700;02.12.2005;5,8
Oslo - Blindern;SN18700;03.12.2005;0,6
Oslo - Blindern;SN18700;04.12.2005;0,1
Oslo - Blindern;SN18700;05.12.2005;1,9
Oslo - Blindern;SN18700;06.12.2005;3,9
Oslo - Blindern;SN18700;07.12.2005;6,4
Oslo - Blindern;SN18700;08.12.2005;1,9
Oslo - Blindern;SN18700;09.12.2005;0
Oslo - Blindern;SN18700;10.12.2005;0
Oslo - Blindern;SN18700;11.12.2005;3,2
Oslo - Blindern;SN18700;12.12.2005;0
Oslo - Blindern;SN18700;13.12.2005;0
Oslo - Blindern;SN18700;14.12.2005;0
Oslo - Blindern;SN18700;15.12.2005;0
Oslo - Blindern;SN18700;16.12.2005;0
Oslo - Blindern;SN18700;17.12.2005;0
Oslo - Blindern;SN18700;18.12.2005;0,4
Oslo - Blindern;SN18700;19.12.2005;0
Oslo - Blindern;SN18700;20.12.2005;3,5
Oslo - Blindern;SN18700;21.12.2005;0
Oslo - Blindern;SN18700;22.12.2005;1,4
Oslo - Blindern;SN18700;23.12.2005;0,6
Oslo - Blindern;SN18700;24.12.2005;0,8
Oslo - Blindern;SN18700;25.12.2005;0
Oslo - Blindern;SN18700;26.12.2005;0
Oslo - Blindern;SN18700;27.12.2005;0
Oslo - Blindern;SN18700;28.12.2005;0
Oslo - Blindern;SN18700;29.12.2005;0,1
Oslo - Blindern;SN18700;30.12.2005;6,8
Oslo - Blindern;SN18700;31.12.2005;1,6
Oslo - Blindern;SN18700;01.01.2006;1,2
Oslo - Blindern;SN18700;02.01.2006;0,1
Oslo - Blindern;SN18700;03.01.2006;0
Oslo - Blindern;SN18700;04.01.2006;0
Oslo - Blindern;SN18700;05.01.2006;0,2
Oslo - Blindern;SN18700;06.01.2006;0
Oslo - Blindern;SN18700;07.01.2006;0
Oslo - Blindern;SN18700;08.01.2006;0,1
Oslo - Blindern;SN18700;09.01.2006;0
Oslo - Blindern;SN18700;10.01.2006;0,1
Oslo - Blindern;SN18700;11.01.2006;6,8
Oslo - Blindern;SN18700;12.01.2006;3
Oslo - Blindern;SN18700;13.01.2006;0
Oslo - Blindern;SN18700;14.01.2006;0
Oslo - Blindern;SN18700;15.01.2006;0
Oslo - Blindern;SN18700;16.01.2006;0,5
Oslo - Blindern;SN18700;17.01.2006;0,4
Oslo - Blindern;SN18700;18.01.2006;3,3
Oslo - Blindern;SN18700;19.01.2006;1,2
Oslo - Blindern;SN18700;20.01.2006;12,7
Oslo - Blindern;SN18700;21.01.2006;5,8
Oslo - Blindern;SN18700;22.01.2006;0,8
Oslo - Blindern;SN18700;23.01.2006;1,6
Oslo - Blindern;SN18700;24.01.2006;0
Oslo - Blindern;SN18700;25.01.2006;1,8
Oslo - Blindern;SN18700;26.01.2006;0
Oslo - Blindern;SN18700;27.01.2006;0
Oslo - Blindern;SN18700;28.01.2006;0
Oslo - Blindern;SN18700;29.01.2006;0
Oslo - Blindern;SN18700;30.01.2006;0
Oslo - Blindern;SN18700;31.01.2006;0
Oslo - Blindern;SN18700;01.02.2006;0
Oslo - Blindern;SN18700;02.02.2006;0
Oslo - Blindern;SN18700;03.02.2006;0
Oslo - Blindern;SN18700;04.02.2006;0
Oslo - Blindern;SN18700;05.02.2006;6,3
Oslo - Blindern;SN18700;06.02.2006;19,7
Oslo - Blindern;SN18700;07.02.2006;2,4
Oslo - Blindern;SN18700;08.02.2006;5,8
Oslo - Blindern;SN18700;09.02.2006;8
Oslo - Blindern;SN18700;10.02.2006;0,2
Oslo - Blindern;SN18700;11.02.2006;0
Oslo - Blindern;SN18700;12.02.2006;0
Oslo - Blindern;SN18700;13.02.2006;0
Oslo - Blindern;SN18700;14.02.2006;0
Oslo - Blindern;SN18700;15.02.2006;0,2
Oslo - Blindern;SN18700;16.02.2006;14,1
Oslo - Blindern;SN18700;17.02.2006;4,6
Oslo - Blindern;SN18700;18.02.2006;0,8
Oslo - Blindern;SN18700;19.02.2006;0
Oslo - Blindern;SN18700;20.02.2006;0
Oslo - Blindern;SN18700;21.02.2006;0
Oslo - Blindern;SN18700;22.02.2006;0
Oslo - Blindern;SN18700;23.02.2006;0,2
Oslo - Blindern;SN18700;24.02.2006;0
Oslo - Blindern;SN18700;25.02.2006;0
Oslo - Blindern;SN18700;26.02.2006;0
Oslo - Blindern;SN18700;27.02.2006;0
Oslo - Blindern;SN18700;28.02.2006;1,4
Oslo - Blindern;SN18700;01.03.2006;16,6
Oslo - Blindern;SN18700;02.03.2006;8
Oslo - Blindern;SN18700;03.03.2006;1,6
Oslo - Blindern;SN18700;04.03.2006;0,1
Oslo - Blindern;SN18700;05.03.2006;0,1
Oslo - Blindern;SN18700;06.03.2006;0
Oslo - Blindern;SN18700;07.03.2006;0,2
Oslo - Blindern;SN18700;08.03.2006;0
Oslo - Blindern;SN18700;09.03.2006;2
Oslo - Blindern;SN18700;10.03.2006;1,4
Oslo - Blindern;SN18700;11.03.2006;0
Oslo - Blindern;SN18700;12.03.2006;0
Oslo - Blindern;SN18700;13.03.2006;0
Oslo - Blindern;SN18700;14.03.2006;0
Oslo - Blindern;SN18700;15.03.2006;0,2
Oslo - Blindern;SN18700;16.03.2006;0
Oslo - Blindern;SN18700;17.03.2006;0
Oslo - Blindern;SN18700;18.03.2006;0
Oslo - Blindern;SN18700;19.03.2006;0
Oslo - Blindern;SN18700;20.03.2006;0
Oslo - Blindern;SN18700;21.03.2006;0
Oslo - Blindern;SN18700;22.03.2006;0
Oslo - Blindern;SN18700;23.03.2006;0
Oslo - Blindern;SN18700;24.03.2006;0
Oslo - Blindern;SN18700;25.03.2006;0
Oslo - Blindern;SN18700;26.03.2006;0
Oslo - Blindern;SN18700;27.03.2006;1,7
Oslo - Blindern;SN18700;28.03.2006;9
Oslo - Blindern;SN18700;29.03.2006;6,5
Oslo - Blindern;SN18700;30.03.2006;1,8
Oslo - Blindern;SN18700;31.03.2006;0,4
Oslo - Blindern;SN18700;01.04.2006;0
Oslo - Blindern;SN18700;02.04.2006;0,8
Oslo - Blindern;SN18700;03.04.2006;0,5
Oslo - Blindern;SN18700;04.04.2006;1,8
Oslo - Blindern;SN18700;05.04.2006;0
Oslo - Blindern;SN18700;06.04.2006;1,4
Oslo - Blindern;SN18700;07.04.2006;4,8
Oslo - Blindern;SN18700;08.04.2006;2,6
Oslo - Blindern;SN18700;09.04.2006;8,7
Oslo - Blindern;SN18700;10.04.2006;1,2
Oslo - Blindern;SN18700;11.04.2006;0
Oslo - Blindern;SN18700;12.04.2006;1,6
Oslo - Blindern;SN18700;13.04.2006;2,5
Oslo - Blindern;SN18700;14.04.2006;7,5
Oslo - Blindern;SN18700;15.04.2006;0
Oslo - Blindern;SN18700;16.04.2006;0
Oslo - Blindern;SN18700;17.04.2006;1,8
Oslo - Blindern;SN18700;18.04.2006;0,1
Oslo - Blindern;SN18700;19.04.2006;0
Oslo - Blindern;SN18700;20.04.2006;0
Oslo - Blindern;SN18700;21.04.2006;0
Oslo - Blindern;SN18700;22.04.2006;0
Oslo - Blindern;SN18700;23.04.2006;0
Oslo - Blindern;SN18700;24.04.2006;1,1
Oslo - Blindern;SN18700;25.04.2006;0
Oslo - Blindern;SN18700;26.04.2006;5
Oslo - Blindern;SN18700;27.04.2006;6
Oslo - Blindern;SN18700;28.04.2006;0,6
Oslo - Blindern;SN18700;29.04.2006;4
Oslo - Blindern;SN18700;30.04.2006;1,4
Oslo - Blindern;SN18700;01.05.2006;6,8
Oslo - Blindern;SN18700;02.05.2006;3,4
Oslo - Blindern;SN18700;03.05.2006;0,1
Oslo - Blindern;SN18700;04.05.2006;0
Oslo - Blindern;SN18700;05.05.2006;0
Oslo - Blindern;SN18700;06.05.2006;0
Oslo - Blindern;SN18700;07.05.2006;0
Oslo - Blindern;SN18700;08.05.2006;0
Oslo - Blindern;SN18700;09.05.2006;0
Oslo - Blindern;SN18700;10.05.2006;0
Oslo - Blindern;SN18700;11.05.2006;0
Oslo - Blindern;SN18700;12.05.2006;0
Oslo - Blindern;SN18700;13.05.2006;0
Oslo - Blindern;SN18700;14.05.2006;0
Oslo - Blindern;SN18700;15.05.2006;0
Oslo - Blindern;SN18700;16.05.2006;0
Oslo - Blindern;SN18700;17.05.2006;0,5
Oslo - Blindern;SN18700;18.05.2006;6,2
Oslo - Blindern;SN18700;19.05.2006;18
Oslo - Blindern;SN18700;20.05.2006;8,1
Oslo - Blindern;SN18700;21.05.2006;3,1
Oslo - Blindern;SN18700;22.05.2006;6,6
Oslo - Blindern;SN18700;23.05.2006;10
Oslo - Blindern;SN18700;24.05.2006;11,8
Oslo - Blindern;SN18700;25.05.2006;0
Oslo - Blindern;SN18700;26.05.2006;2,3
Oslo - Blindern;SN18700;27.05.2006;0
Oslo - Blindern;SN18700;28.05.2006;0
Oslo - Blindern;SN18700;29.05.2006;0,4
Oslo - Blindern;SN18700;30.05.2006;0,1
Oslo - Blindern;SN18700;31.05.2006;0
Oslo - Blindern;SN18700;01.06.2006;0
Oslo - Blindern;SN18700;02.06.2006;0
Oslo - Blindern;SN18700;03.06.2006;0,1
Oslo - Blindern;SN18700;04.06.2006;0
Oslo - Blindern;SN18700;05.06.2006;0
Oslo - Blindern;SN18700;06.06.2006;0
Oslo - Blindern;SN18700;07.06.2006;0
Oslo - Blindern;SN18700;08.06.2006;0
Oslo - Blindern;SN18700;09.06.2006;0
Oslo - Blindern;SN18700;10.06.2006;0
Oslo - Blindern;SN18700;11.06.2006;0
Oslo - Blindern;SN18700;12.06.2006;0
Oslo - Blindern;SN18700;13.06.2006;0
Oslo - Blindern;SN18700;14.06.2006;0
Oslo - Blindern;SN18700;15.06.2006;0
Oslo - Blindern;SN18700;16.06.2006;0
Oslo - Blindern;SN18700;17.06.2006;0
Oslo - Blindern;SN18700;18.06.2006;0
Oslo - Blindern;SN18700;19.06.2006;5,5
Oslo - Blindern;SN18700;20.06.2006;8,7
Oslo - Blindern;SN18700;21.06.2006;0
Oslo - Blindern;SN18700;22.06.2006;12,6
Oslo - Blindern;SN18700;23.06.2006;7,1
Oslo - Blindern;SN18700;24.06.2006;5,3
Oslo - Blindern;SN18700;25.06.2006;0,1
Oslo - Blindern;SN18700;26.06.2006;0
Oslo - Blindern;SN18700;27.06.2006;2,7
Oslo - Blindern;SN18700;28.06.2006;15,5
Oslo - Blindern;SN18700;29.06.2006;0
Oslo - Blindern;SN18700;30.06.2006;0
Oslo - Blindern;SN18700;01.07.2006;0
Oslo - Blindern;SN18700;02.07.2006;0
Oslo - Blindern;SN18700;03.07.2006;0
Oslo - Blindern;SN18700;04.07.2006;0
Oslo - Blindern;SN18700;05.07.2006;0
Oslo - Blindern;SN18700;06.07.2006;0
Oslo - Blindern;SN18700;07.07.2006;0
Oslo - Blindern;SN18700;08.07.2006;0
Oslo - Blindern;SN18700;09.07.2006;0
Oslo - Blindern;SN18700;10.07.2006;20,8
Oslo - Blindern;SN18700;11.07.2006;0,2
Oslo - Blindern;SN18700;12.07.2006;5,4
Oslo - Blindern;SN18700;13.07.2006;4,2
Oslo - Blindern;SN18700;14.07.2006;0
Oslo - Blindern;SN18700;15.07.2006;0
Oslo - Blindern;SN18700;16.07.2006;0
Oslo - Blindern;SN18700;17.07.2006;0
Oslo - Blindern;SN18700;18.07.2006;0
Oslo - Blindern;SN18700;19.07.2006;0
Oslo - Blindern;SN18700;20.07.2006;0
Oslo - Blindern;SN18700;21.07.2006;0
Oslo - Blindern;SN18700;22.07.2006;0
Oslo - Blindern;SN18700;23.07.2006;0
Oslo - Blindern;SN18700;24.07.2006;0
Oslo - Blindern;SN18700;25.07.2006;0
Oslo - Blindern;SN18700;26.07.2006;0
Oslo - Blindern;SN18700;27.07.2006;2,4
Oslo - Blindern;SN18700;28.07.2006;0
Oslo - Blindern;SN18700;29.07.2006;2,8
Oslo - Blindern;SN18700;30.07.2006;0,5
Oslo - Blindern;SN18700;31.07.2006;0,5
Oslo - Blindern;SN18700;01.08.2006;12,3
Oslo - Blindern;SN18700;02.08.2006;0,1
Oslo - Blindern;SN18700;03.08.2006;12,8
Oslo - Blindern;SN18700;04.08.2006;0
Oslo - Blindern;SN18700;05.08.2006;0
Oslo - Blindern;SN18700;06.08.2006;0
Oslo - Blindern;SN18700;07.08.2006;0
Oslo - Blindern;SN18700;08.08.2006;1,1
Oslo - Blindern;SN18700;09.08.2006;0
Oslo - Blindern;SN18700;10.08.2006;9,6
Oslo - Blindern;SN18700;11.08.2006;3,7
Oslo - Blindern;SN18700;12.08.2006;3,5
Oslo - Blindern;SN18700;13.08.2006;0
Oslo - Blindern;SN18700;14.08.2006;3,8
Oslo - Blindern;SN18700;15.08.2006;3,5
Oslo - Blindern;SN18700;16.08.2006;3,4
Oslo - Blindern;SN18700;17.08.2006;0,1
Oslo - Blindern;SN18700;18.08.2006;0
Oslo - Blindern;SN18700;19.08.2006;0
Oslo - Blindern;SN18700;20.08.2006;31,1
Oslo - Blindern;SN18700;21.08.2006;0
Oslo - Blindern;SN18700;22.08.2006;0,1
Oslo - Blindern;SN18700;23.08.2006;0,2
Oslo - Blindern;SN18700;24.08.2006;0,8
Oslo - Blindern;SN18700;25.08.2006;3,4
Oslo - Blindern;SN18700;26.08.2006;12,6
Oslo - Blindern;SN18700;27.08.2006;0
Oslo - Blindern;SN18700;28.08.2006;9,3
Oslo - Blindern;SN18700;29.08.2006;1,6
Oslo - Blindern;SN18700;30.08.2006;0,8
Oslo - Blindern;SN18700;31.08.2006;0
Oslo - Blindern;SN18700;01.09.2006;0
Oslo - Blindern;SN18700;02.09.2006;0
Oslo - Blindern;SN18700;03.09.2006;16,9
Oslo - Blindern;SN18700;04.09.2006;20,5
Oslo - Blindern;SN18700;05.09.2006;0
Oslo - Blindern;SN18700;06.09.2006;0
Oslo - Blindern;SN18700;07.09.2006;4,5
Oslo - Blindern;SN18700;08.09.2006;0,2
Oslo - Blindern;SN18700;09.09.2006;0
Oslo - Blindern;SN18700;10.09.2006;0
Oslo - Blindern;SN18700;11.09.2006;0
Oslo - Blindern;SN18700;12.09.2006;0
Oslo - Blindern;SN18700;13.09.2006;0
Oslo - Blindern;SN18700;14.09.2006;0
Oslo - Blindern;SN18700;15.09.2006;0
Oslo - Blindern;SN18700;16.09.2006;0
Oslo - Blindern;SN18700;17.09.2006;0
Oslo - Blindern;SN18700;18.09.2006;0
Oslo - Blindern;SN18700;19.09.2006;0
Oslo - Blindern;SN18700;20.09.2006;0
Oslo - Blindern;SN18700;21.09.2006;2,1
Oslo - Blindern;SN18700;22.09.2006;0
Oslo - Blindern;SN18700;23.09.2006;0
Oslo - Blindern;SN18700;24.09.2006;0
Oslo - Blindern;SN18700;25.09.2006;2
Oslo - Blindern;SN18700;26.09.2006;0
Oslo - Blindern;SN18700;27.09.2006;3,6
Oslo - Blindern;SN18700;28.09.2006;1,6
Oslo - Blindern;SN18700;29.09.2006;3,3
Oslo - Blindern;SN18700;30.09.2006;2,4
Oslo - Blindern;SN18700;01.10.2006;35,3
Oslo - Blindern;SN18700;02.10.2006;5,1
Oslo - Blindern;SN18700;03.10.2006;14,8
Oslo - Blindern;SN18700;04.10.2006;0,9
Oslo - Blindern;SN18700;05.10.2006;6,8
Oslo - Blindern;SN18700;06.10.2006;11,5
Oslo - Blindern;SN18700;07.10.2006;18,5
Oslo - Blindern;SN18700;08.10.2006;0,2
Oslo - Blindern;SN18700;09.10.2006;0
Oslo - Blindern;SN18700;10.10.2006;9,3
Oslo - Blindern;SN18700;11.10.2006;0
Oslo - Blindern;SN18700;12.10.2006;3,2
Oslo - Blindern;SN18700;13.10.2006;0
Oslo - Blindern;SN18700;14.10.2006;0
Oslo - Blindern;SN18700;15.10.2006;0
Oslo - Blindern;SN18700;16.10.2006;0
Oslo - Blindern;SN18700;17.10.2006;0
Oslo - Blindern;SN18700;18.10.2006;0
Oslo - Blindern;SN18700;19.10.2006;3,3
Oslo - Blindern;SN18700;20.10.2006;2,5
Oslo - Blindern;SN18700;21.10.2006;12,5
Oslo - Blindern;SN18700;22.10.2006;7,3
Oslo - Blindern;SN18700;23.10.2006;1,7
Oslo - Blindern;SN18700;24.10.2006;2,1
Oslo - Blindern;SN18700;25.10.2006;0
Oslo - Blindern;SN18700;26.10.2006;0,6
Oslo - Blindern;SN18700;27.10.2006;16
Oslo - Blindern;SN18700;28.10.2006;0
Oslo - Blindern;SN18700;29.10.2006;0
Oslo - Blindern;SN18700;30.10.2006;0,9
Oslo - Blindern;SN18700;31.10.2006;11,9
Oslo - Blindern;SN18700;01.11.2006;6,3
Oslo - Blindern;SN18700;02.11.2006;0
Oslo - Blindern;SN18700;03.11.2006;0
Oslo - Blindern;SN18700;04.11.2006;0
Oslo - Blindern;SN18700;05.11.2006;0,1
Oslo - Blindern;SN18700;06.11.2006;0,7
Oslo - Blindern;SN18700;07.11.2006;0
Oslo - Blindern;SN18700;08.11.2006;0
Oslo - Blindern;SN18700;09.11.2006;0
Oslo - Blindern;SN18700;10.11.2006;0
Oslo - Blindern;SN18700;11.11.2006;10,8
Oslo - Blindern;SN18700;12.11.2006;0,2
Oslo - Blindern;SN18700;13.11.2006;0
Oslo - Blindern;SN18700;14.11.2006;9,5
Oslo - Blindern;SN18700;15.11.2006;0
Oslo - Blindern;SN18700;16.11.2006;5,6
Oslo - Blindern;SN18700;17.11.2006;26,2
Oslo - Blindern;SN18700;18.11.2006;0,1
Oslo - Blindern;SN18700;19.11.2006;5
Oslo - Blindern;SN18700;20.11.2006;1,5
Oslo - Blindern;SN18700;21.11.2006;18,3
Oslo - Blindern;SN18700;22.11.2006;17
Oslo - Blindern;SN18700;23.11.2006;22
Oslo - Blindern;SN18700;24.11.2006;7,1
Oslo - Blindern;SN18700;25.11.2006;0,5
Oslo - Blindern;SN18700;26.11.2006;12,9
Oslo - Blindern;SN18700;27.11.2006;0
Oslo - Blindern;SN18700;28.11.2006;1
Oslo - Blindern;SN18700;29.11.2006;4,8
Oslo - Blindern;SN18700;30.11.2006;0,1
Oslo - Blindern;SN18700;01.12.2006;0
Oslo - Blindern;SN18700;02.12.2006;0,1
Oslo - Blindern;SN18700;03.12.2006;1,2
Oslo - Blindern;SN18700;04.12.2006;8,9
Oslo - Blindern;SN18700;05.12.2006;0,1
Oslo - Blindern;SN18700;06.12.2006;5,5
Oslo - Blindern;SN18700;07.12.2006;0,8
Oslo - Blindern;SN18700;08.12.2006;22,6
Oslo - Blindern;SN18700;09.12.2006;3,6
Oslo - Blindern;SN18700;10.12.2006;0,3
Oslo - Blindern;SN18700;11.12.2006;3
Oslo - Blindern;SN18700;12.12.2006;4
Oslo - Blindern;SN18700;13.12.2006;0
Oslo - Blindern;SN18700;14.12.2006;5,9
Oslo - Blindern;SN18700;15.12.2006;0
Oslo - Blindern;SN18700;16.12.2006;0
Oslo - Blindern;SN18700;17.12.2006;0
Oslo - Blindern;SN18700;18.12.2006;0
Oslo - Blindern;SN18700;19.12.2006;0
Oslo - Blindern;SN18700;20.12.2006;0
Oslo - Blindern;SN18700;21.12.2006;0
Oslo - Blindern;SN18700;22.12.2006;0
Oslo - Blindern;SN18700;23.12.2006;0
Oslo - Blindern;SN18700;24.12.2006;0
Oslo - Blindern;SN18700;25.12.2006;0
Oslo - Blindern;SN18700;26.12.2006;0
Oslo - Blindern;SN18700;27.12.2006;0
Oslo - Blindern;SN18700;28.12.2006;0
Oslo - Blindern;SN18700;29.12.2006;0
Oslo - Blindern;SN18700;30.12.2006;0,1
Oslo - Blindern;SN18700;31.12.2006;11,6
Oslo - Blindern;SN18700;01.01.2007;6,2
Oslo - Blindern;SN18700;02.01.2007;1,3
Oslo - Blindern;SN18700;03.01.2007;0
Oslo - Blindern;SN18700;04.01.2007;8,9
Oslo - Blindern;SN18700;05.01.2007;0
Oslo - Blindern;SN18700;06.01.2007;3
Oslo - Blindern;SN18700;07.01.2007;0
Oslo - Blindern;SN18700;08.01.2007;5,8
Oslo - Blindern;SN18700;09.01.2007;3,2
Oslo - Blindern;SN18700;10.01.2007;2,9
Oslo - Blindern;SN18700;11.01.2007;0
Oslo - Blindern;SN18700;12.01.2007;3,1
Oslo - Blindern;SN18700;13.01.2007;2,4
Oslo - Blindern;SN18700;14.01.2007;12,1
Oslo - Blindern;SN18700;15.01.2007;0,2
Oslo - Blindern;SN18700;16.01.2007;0
Oslo - Blindern;SN18700;17.01.2007;0
Oslo - Blindern;SN18700;18.01.2007;5,6
Oslo - Blindern;SN18700;19.01.2007;0
Oslo - Blindern;SN18700;20.01.2007;0
Oslo - Blindern;SN18700;21.01.2007;12,7
Oslo - Blindern;SN18700;22.01.2007;0,9
Oslo - Blindern;SN18700;23.01.2007;0
Oslo - Blindern;SN18700;24.01.2007;0
Oslo - Blindern;SN18700;25.01.2007;0
Oslo - Blindern;SN18700;26.01.2007;0
Oslo - Blindern;SN18700;27.01.2007;0
Oslo - Blindern;SN18700;28.01.2007;0
Oslo - Blindern;SN18700;29.01.2007;2,4
Oslo - Blindern;SN18700;30.01.2007;0
Oslo - Blindern;SN18700;31.01.2007;0
Oslo - Blindern;SN18700;01.02.2007;5
Oslo - Blindern;SN18700;02.02.2007;0
Oslo - Blindern;SN18700;03.02.2007;0
Oslo - Blindern;SN18700;04.02.2007;0
Oslo - Blindern;SN18700;05.02.2007;0
Oslo - Blindern;SN18700;06.02.2007;3,2
Oslo - Blindern;SN18700;07.02.2007;0,2
Oslo - Blindern;SN18700;08.02.2007;1,8
Oslo - Blindern;SN18700;09.02.2007;1,7
Oslo - Blindern;SN18700;10.02.2007;0
Oslo - Blindern;SN18700;11.02.2007;0
Oslo - Blindern;SN18700;12.02.2007;0,1
Oslo - Blindern;SN18700;13.02.2007;0,8
Oslo - Blindern;SN18700;14.02.2007;0,2
Oslo - Blindern;SN18700;15.02.2007;0,4
Oslo - Blindern;SN18700;16.02.2007;0,2
Oslo - Blindern;SN18700;17.02.2007;3,5
Oslo - Blindern;SN18700;18.02.2007;2,4
Oslo - Blindern;SN18700;19.02.2007;0
Oslo - Blindern;SN18700;20.02.2007;0
Oslo - Blindern;SN18700;21.02.2007;1
Oslo - Blindern;SN18700;22.02.2007;1
Oslo - Blindern;SN18700;23.02.2007;0,2
Oslo - Blindern;SN18700;24.02.2007;4
Oslo - Blindern;SN18700;25.02.2007;3,5
Oslo - Blindern;SN18700;26.02.2007;5,6
Oslo - Blindern;SN18700;27.02.2007;2,3
Oslo - Blindern;SN18700;28.02.2007;2,8
Oslo - Blindern;SN18700;01.03.2007;2,3
Oslo - Blindern;SN18700;02.03.2007;0,1
Oslo - Blindern;SN18700;03.03.2007;0,5
Oslo - Blindern;SN18700;04.03.2007;0,8
Oslo - Blindern;SN18700;05.03.2007;0,2
Oslo - Blindern;SN18700;06.03.2007;4,4
Oslo - Blindern;SN18700;07.03.2007;9,1
Oslo - Blindern;SN18700;08.03.2007;3,6
Oslo - Blindern;SN18700;09.03.2007;0
Oslo - Blindern;SN18700;10.03.2007;2,5
Oslo - Blindern;SN18700;11.03.2007;0
Oslo - Blindern;SN18700;12.03.2007;0
Oslo - Blindern;SN18700;13.03.2007;0
Oslo - Blindern;SN18700;14.03.2007;0
Oslo - Blindern;SN18700;15.03.2007;0
Oslo - Blindern;SN18700;16.03.2007;0
Oslo - Blindern;SN18700;17.03.2007;0
Oslo - Blindern;SN18700;18.03.2007;5,2
Oslo - Blindern;SN18700;19.03.2007;0
Oslo - Blindern;SN18700;20.03.2007;0
Oslo - Blindern;SN18700;21.03.2007;0
Oslo - Blindern;SN18700;22.03.2007;0
Oslo - Blindern;SN18700;23.03.2007;0
Oslo - Blindern;SN18700;24.03.2007;0,6
Oslo - Blindern;SN18700;25.03.2007;0
Oslo - Blindern;SN18700;26.03.2007;0
Oslo - Blindern;SN18700;27.03.2007;0
Oslo - Blindern;SN18700;28.03.2007;0
Oslo - Blindern;SN18700;29.03.2007;0
Oslo - Blindern;SN18700;30.03.2007;0
Oslo - Blindern;SN18700;31.03.2007;0
Oslo - Blindern;SN18700;01.04.2007;0
Oslo - Blindern;SN18700;02.04.2007;0
Oslo - Blindern;SN18700;03.04.2007;0
Oslo - Blindern;SN18700;04.04.2007;0
Oslo - Blindern;SN18700;05.04.2007;0
Oslo - Blindern;SN18700;06.04.2007;0
Oslo - Blindern;SN18700;07.04.2007;0
Oslo - Blindern;SN18700;08.04.2007;0
Oslo - Blindern;SN18700;09.04.2007;8,5
Oslo - Blindern;SN18700;10.04.2007;5,2
Oslo - Blindern;SN18700;11.04.2007;0
Oslo - Blindern;SN18700;12.04.2007;0
Oslo - Blindern;SN18700;13.04.2007;0
Oslo - Blindern;SN18700;14.04.2007;0
Oslo - Blindern;SN18700;15.04.2007;0
Oslo - Blindern;SN18700;16.04.2007;0
Oslo - Blindern;SN18700;17.04.2007;0
Oslo - Blindern;SN18700;18.04.2007;0
Oslo - Blindern;SN18700;19.04.2007;2,2
Oslo - Blindern;SN18700;20.04.2007;0
Oslo - Blindern;SN18700;21.04.2007;0
Oslo - Blindern;SN18700;22.04.2007;2
Oslo - Blindern;SN18700;23.04.2007;17,6
Oslo - Blindern;SN18700;24.04.2007;0
Oslo - Blindern;SN18700;25.04.2007;9,7
Oslo - Blindern;SN18700;26.04.2007;3,9
Oslo - Blindern;SN18700;27.04.2007;0
Oslo - Blindern;SN18700;28.04.2007;0
Oslo - Blindern;SN18700;29.04.2007;0
Oslo - Blindern;SN18700;30.04.2007;0
Oslo - Blindern;SN18700;01.05.2007;0
Oslo - Blindern;SN18700;02.05.2007;0
Oslo - Blindern;SN18700;03.05.2007;0
Oslo - Blindern;SN18700;04.05.2007;0
Oslo - Blindern;SN18700;05.05.2007;0
Oslo - Blindern;SN18700;06.05.2007;0
Oslo - Blindern;SN18700;07.05.2007;8,5
Oslo - Blindern;SN18700;08.05.2007;1,1
Oslo - Blindern;SN18700;09.05.2007;1,2
Oslo - Blindern;SN18700;10.05.2007;0
Oslo - Blindern;SN18700;11.05.2007;0
Oslo - Blindern;SN18700;12.05.2007;5,5
Oslo - Blindern;SN18700;13.05.2007;1,1
Oslo - Blindern;SN18700;14.05.2007;0,3
Oslo - Blindern;SN18700;15.05.2007;20,7
Oslo - Blindern;SN18700;16.05.2007;0
Oslo - Blindern;SN18700;17.05.2007;0
Oslo - Blindern;SN18700;18.05.2007;0
Oslo - Blindern;SN18700;19.05.2007;10,4
Oslo - Blindern;SN18700;20.05.2007;0
Oslo - Blindern;SN18700;21.05.2007;0
Oslo - Blindern;SN18700;22.05.2007;0
Oslo - Blindern;SN18700;23.05.2007;0
Oslo - Blindern;SN18700;24.05.2007;0
Oslo - Blindern;SN18700;25.05.2007;1,1
Oslo - Blindern;SN18700;26.05.2007;0
Oslo - Blindern;SN18700;27.05.2007;0
Oslo - Blindern;SN18700;28.05.2007;6,5
Oslo - Blindern;SN18700;29.05.2007;14
Oslo - Blindern;SN18700;30.05.2007;4,4
Oslo - Blindern;SN18700;31.05.2007;8,4
Oslo - Blindern;SN18700;01.06.2007;9,4
Oslo - Blindern;SN18700;02.06.2007;21,6
Oslo - Blindern;SN18700;03.06.2007;0
Oslo - Blindern;SN18700;04.06.2007;0
Oslo - Blindern;SN18700;05.06.2007;0
Oslo - Blindern;SN18700;06.06.2007;0
Oslo - Blindern;SN18700;07.06.2007;0
Oslo - Blindern;SN18700;08.06.2007;0
Oslo - Blindern;SN18700;09.06.2007;0
Oslo - Blindern;SN18700;10.06.2007;0
Oslo - Blindern;SN18700;11.06.2007;0
Oslo - Blindern;SN18700;12.06.2007;0
Oslo - Blindern;SN18700;13.06.2007;0
Oslo - Blindern;SN18700;14.06.2007;0,3
Oslo - Blindern;SN18700;15.06.2007;0,5
Oslo - Blindern;SN18700;16.06.2007;0
Oslo - Blindern;SN18700;17.06.2007;0
Oslo - Blindern;SN18700;18.06.2007;0,9
Oslo - Blindern;SN18700;19.06.2007;0,8
Oslo - Blindern;SN18700;20.06.2007;0
Oslo - Blindern;SN18700;21.06.2007;0
Oslo - Blindern;SN18700;22.06.2007;4
Oslo - Blindern;SN18700;23.06.2007;37,7
Oslo - Blindern;SN18700;24.06.2007;23,6
Oslo - Blindern;SN18700;25.06.2007;8,2
Oslo - Blindern;SN18700;26.06.2007;0
Oslo - Blindern;SN18700;27.06.2007;3,5
Oslo - Blindern;SN18700;28.06.2007;0
Oslo - Blindern;SN18700;29.06.2007;21,1
Oslo - Blindern;SN18700;30.06.2007;1,4
Oslo - Blindern;SN18700;01.07.2007;3,2
Oslo - Blindern;SN18700;02.07.2007;0
Oslo - Blindern;SN18700;03.07.2007;7,5
Oslo - Blindern;SN18700;04.07.2007;23,3
Oslo - Blindern;SN18700;05.07.2007;8,7
Oslo - Blindern;SN18700;06.07.2007;15,1
Oslo - Blindern;SN18700;07.07.2007;0,2
Oslo - Blindern;SN18700;08.07.2007;0,1
Oslo - Blindern;SN18700;09.07.2007;31,3
Oslo - Blindern;SN18700;10.07.2007;33
Oslo - Blindern;SN18700;11.07.2007;3
Oslo - Blindern;SN18700;12.07.2007;6,4
Oslo - Blindern;SN18700;13.07.2007;4,5
Oslo - Blindern;SN18700;14.07.2007;0
Oslo - Blindern;SN18700;15.07.2007;8,9
Oslo - Blindern;SN18700;16.07.2007;0
Oslo - Blindern;SN18700;17.07.2007;0,9
Oslo - Blindern;SN18700;18.07.2007;15,9
Oslo - Blindern;SN18700;19.07.2007;1,4
Oslo - Blindern;SN18700;20.07.2007;0
Oslo - Blindern;SN18700;21.07.2007;0
Oslo - Blindern;SN18700;22.07.2007;0,3
Oslo - Blindern;SN18700;23.07.2007;1,7
Oslo - Blindern;SN18700;24.07.2007;1,5
Oslo - Blindern;SN18700;25.07.2007;1
Oslo - Blindern;SN18700;26.07.2007;0
Oslo - Blindern;SN18700;27.07.2007;9,4
Oslo - Blindern;SN18700;28.07.2007;1,5
Oslo - Blindern;SN18700;29.07.2007;1,2
Oslo - Blindern;SN18700;30.07.2007;0,3
Oslo - Blindern;SN18700;31.07.2007;4,5
Oslo - Blindern;SN18700;01.08.2007;0
Oslo - Blindern;SN18700;02.08.2007;5,2
Oslo - Blindern;SN18700;03.08.2007;1,7
Oslo - Blindern;SN18700;04.08.2007;0
Oslo - Blindern;SN18700;05.08.2007;0
Oslo - Blindern;SN18700;06.08.2007;0
Oslo - Blindern;SN18700;07.08.2007;0
Oslo - Blindern;SN18700;08.08.2007;0
Oslo - Blindern;SN18700;09.08.2007;0,1
Oslo - Blindern;SN18700;10.08.2007;0
Oslo - Blindern;SN18700;11.08.2007;20
Oslo - Blindern;SN18700;12.08.2007;12,5
Oslo - Blindern;SN18700;13.08.2007;1,9
Oslo - Blindern;SN18700;14.08.2007;0
Oslo - Blindern;SN18700;15.08.2007;4,7
Oslo - Blindern;SN18700;16.08.2007;13,6
Oslo - Blindern;SN18700;17.08.2007;0
Oslo - Blindern;SN18700;18.08.2007;0
Oslo - Blindern;SN18700;19.08.2007;0
Oslo - Blindern;SN18700;20.08.2007;0,7
Oslo - Blindern;SN18700;21.08.2007;0
Oslo - Blindern;SN18700;22.08.2007;0
Oslo - Blindern;SN18700;23.08.2007;0
Oslo - Blindern;SN18700;24.08.2007;0
Oslo - Blindern;SN18700;25.08.2007;0
Oslo - Blindern;SN18700;26.08.2007;0
Oslo - Blindern;SN18700;27.08.2007;0
Oslo - Blindern;SN18700;28.08.2007;0,2
Oslo - Blindern;SN18700;29.08.2007;0
Oslo - Blindern;SN18700;30.08.2007;0,8
Oslo - Blindern;SN18700;31.08.2007;0
Oslo - Blindern;SN18700;01.09.2007;0
Oslo - Blindern;SN18700;02.09.2007;0,7
Oslo - Blindern;SN18700;03.09.2007;0
Oslo - Blindern;SN18700;04.09.2007;0
Oslo - Blindern;SN18700;05.09.2007;0
Oslo - Blindern;SN18700;06.09.2007;0,4
Oslo - Blindern;SN18700;07.09.2007;0,2
Oslo - Blindern;SN18700;08.09.2007;0,1
Oslo - Blindern;SN18700;09.09.2007;0
Oslo - Blindern;SN18700;10.09.2007;8,6
Oslo - Blindern;SN18700;11.09.2007;0,1
Oslo - Blindern;SN18700;12.09.2007;0
Oslo - Blindern;SN18700;13.09.2007;0
Oslo - Blindern;SN18700;14.09.2007;0
Oslo - Blindern;SN18700;15.09.2007;2,1
Oslo - Blindern;SN18700;16.09.2007;0,6
Oslo - Blindern;SN18700;17.09.2007;17,1
Oslo - Blindern;SN18700;18.09.2007;0
Oslo - Blindern;SN18700;19.09.2007;0
Oslo - Blindern;SN18700;20.09.2007;7,5
Oslo - Blindern;SN18700;21.09.2007;0
Oslo - Blindern;SN18700;22.09.2007;0
Oslo - Blindern;SN18700;23.09.2007;0
Oslo - Blindern;SN18700;24.09.2007;0,2
Oslo - Blindern;SN18700;25.09.2007;10,6
Oslo - Blindern;SN18700;26.09.2007;4,1
Oslo - Blindern;SN18700;27.09.2007;0
Oslo - Blindern;SN18700;28.09.2007;0
Oslo - Blindern;SN18700;29.09.2007;0
Oslo - Blindern;SN18700;30.09.2007;12,9
Oslo - Blindern;SN18700;01.10.2007;3,2
Oslo - Blindern;SN18700;02.10.2007;0
Oslo - Blindern;SN18700;03.10.2007;0
Oslo - Blindern;SN18700;04.10.2007;0
Oslo - Blindern;SN18700;05.10.2007;0
Oslo - Blindern;SN18700;06.10.2007;0
Oslo - Blindern;SN18700;07.10.2007;0
Oslo - Blindern;SN18700;08.10.2007;0
Oslo - Blindern;SN18700;09.10.2007;0
Oslo - Blindern;SN18700;10.10.2007;0
Oslo - Blindern;SN18700;11.10.2007;0
Oslo - Blindern;SN18700;12.10.2007;4,8
Oslo - Blindern;SN18700;13.10.2007;0
Oslo - Blindern;SN18700;14.10.2007;0
Oslo - Blindern;SN18700;15.10.2007;0
Oslo - Blindern;SN18700;16.10.2007;0,1
Oslo - Blindern;SN18700;17.10.2007;0
Oslo - Blindern;SN18700;18.10.2007;0
Oslo - Blindern;SN18700;19.10.2007;0
Oslo - Blindern;SN18700;20.10.2007;0
Oslo - Blindern;SN18700;21.10.2007;0
Oslo - Blindern;SN18700;22.10.2007;0
Oslo - Blindern;SN18700;23.10.2007;0
Oslo - Blindern;SN18700;24.10.2007;0
Oslo - Blindern;SN18700;25.10.2007;0
Oslo - Blindern;SN18700;26.10.2007;0
Oslo - Blindern;SN18700;27.10.2007;2
Oslo - Blindern;SN18700;28.10.2007;0,3
Oslo - Blindern;SN18700;29.10.2007;6,2
Oslo - Blindern;SN18700;30.10.2007;0
Oslo - Blindern;SN18700;31.10.2007;0
Oslo - Blindern;SN18700;01.11.2007;0
Oslo - Blindern;SN18700;02.11.2007;0
Oslo - Blindern;SN18700;03.11.2007;0,1
Oslo - Blindern;SN18700;04.11.2007;0
Oslo - Blindern;SN18700;05.11.2007;0
Oslo - Blindern;SN18700;06.11.2007;7
Oslo - Blindern;SN18700;07.11.2007;0
Oslo - Blindern;SN18700;08.11.2007;0
Oslo - Blindern;SN18700;09.11.2007;32,4
Oslo - Blindern;SN18700;10.11.2007;0
Oslo - Blindern;SN18700;11.11.2007;0
Oslo - Blindern;SN18700;12.11.2007;0
Oslo - Blindern;SN18700;13.11.2007;0
Oslo - Blindern;SN18700;14.11.2007;0
Oslo - Blindern;SN18700;15.11.2007;0
Oslo - Blindern;SN18700;16.11.2007;0
Oslo - Blindern;SN18700;17.11.2007;0
Oslo - Blindern;SN18700;18.11.2007;0
Oslo - Blindern;SN18700;19.11.2007;0
Oslo - Blindern;SN18700;20.11.2007;0,2
Oslo - Blindern;SN18700;21.11.2007;0,1
Oslo - Blindern;SN18700;22.11.2007;3,8
Oslo - Blindern;SN18700;23.11.2007;16,5
Oslo - Blindern;SN18700;24.11.2007;0
Oslo - Blindern;SN18700;25.11.2007;3,7
Oslo - Blindern;SN18700;26.11.2007;0
Oslo - Blindern;SN18700;27.11.2007;0
Oslo - Blindern;SN18700;28.11.2007;0
Oslo - Blindern;SN18700;29.11.2007;18,2
Oslo - Blindern;SN18700;30.11.2007;5,8
Oslo - Blindern;SN18700;01.12.2007;5,4
Oslo - Blindern;SN18700;02.12.2007;14,7
Oslo - Blindern;SN18700;03.12.2007;2,4
Oslo - Blindern;SN18700;04.12.2007;0,3
Oslo - Blindern;SN18700;05.12.2007;5,4
Oslo - Blindern;SN18700;06.12.2007;1,7
Oslo - Blindern;SN18700;07.12.2007;4,5
Oslo - Blindern;SN18700;08.12.2007;0,4
Oslo - Blindern;SN18700;09.12.2007;0
Oslo - Blindern;SN18700;10.12.2007;0,3
Oslo - Blindern;SN18700;11.12.2007;0
Oslo - Blindern;SN18700;12.12.2007;0
Oslo - Blindern;SN18700;13.12.2007;0
Oslo - Blindern;SN18700;14.12.2007;0
Oslo - Blindern;SN18700;15.12.2007;0
Oslo - Blindern;SN18700;16.12.2007;0
Oslo - Blindern;SN18700;17.12.2007;0
Oslo - Blindern;SN18700;18.12.2007;0
Oslo - Blindern;SN18700;19.12.2007;0
Oslo - Blindern;SN18700;20.12.2007;0
Oslo - Blindern;SN18700;21.12.2007;0
Oslo - Blindern;SN18700;22.12.2007;0,1
Oslo - Blindern;SN18700;23.12.2007;1,8
Oslo - Blindern;SN18700;24.12.2007;0
Oslo - Blindern;SN18700;25.12.2007;0
Oslo - Blindern;SN18700;26.12.2007;6,1
Oslo - Blindern;SN18700;27.12.2007;0
Oslo - Blindern;SN18700;28.12.2007;0,4
Oslo - Blindern;SN18700;29.12.2007;3,9
Oslo - Blindern;SN18700;30.12.2007;0,7
Oslo - Blindern;SN18700;31.12.2007;0
Oslo - Blindern;SN18700;01.01.2008;0
Oslo - Blindern;SN18700;02.01.2008;1,1
Oslo - Blindern;SN18700;03.01.2008;1,3
Oslo - Blindern;SN18700;04.01.2008;0,9
Oslo - Blindern;SN18700;05.01.2008;0
Oslo - Blindern;SN18700;06.01.2008;18,4
Oslo - Blindern;SN18700;07.01.2008;1
Oslo - Blindern;SN18700;08.01.2008;4,2
Oslo - Blindern;SN18700;09.01.2008;0,9
Oslo - Blindern;SN18700;10.01.2008;6,7
Oslo - Blindern;SN18700;11.01.2008;9,8
Oslo - Blindern;SN18700;12.01.2008;0
Oslo - Blindern;SN18700;13.01.2008;6,6
Oslo - Blindern;SN18700;14.01.2008;4,7
Oslo - Blindern;SN18700;15.01.2008;5,6
Oslo - Blindern;SN18700;16.01.2008;14,1
Oslo - Blindern;SN18700;17.01.2008;14
Oslo - Blindern;SN18700;18.01.2008;0,6
Oslo - Blindern;SN18700;19.01.2008;9,3
Oslo - Blindern;SN18700;20.01.2008;0
Oslo - Blindern;SN18700;21.01.2008;0
Oslo - Blindern;SN18700;22.01.2008;0
Oslo - Blindern;SN18700;23.01.2008;0
Oslo - Blindern;SN18700;24.01.2008;3,4
Oslo - Blindern;SN18700;25.01.2008;0
Oslo - Blindern;SN18700;26.01.2008;0,9
Oslo - Blindern;SN18700;27.01.2008;1,3
Oslo - Blindern;SN18700;28.01.2008;0
Oslo - Blindern;SN18700;29.01.2008;0
Oslo - Blindern;SN18700;30.01.2008;1,5
Oslo - Blindern;SN18700;31.01.2008;0,8
Oslo - Blindern;SN18700;01.02.2008;14,3
Oslo - Blindern;SN18700;02.02.2008;28
Oslo - Blindern;SN18700;03.02.2008;0,8
Oslo - Blindern;SN18700;04.02.2008;3,8
Oslo - Blindern;SN18700;05.02.2008;5,8
Oslo - Blindern;SN18700;06.02.2008;3,1
Oslo - Blindern;SN18700;07.02.2008;8
Oslo - Blindern;SN18700;08.02.2008;0
Oslo - Blindern;SN18700;09.02.2008;0,6
Oslo - Blindern;SN18700;10.02.2008;0,1
Oslo - Blindern;SN18700;11.02.2008;0
Oslo - Blindern;SN18700;12.02.2008;0
Oslo - Blindern;SN18700;13.02.2008;0
Oslo - Blindern;SN18700;14.02.2008;0
Oslo - Blindern;SN18700;15.02.2008;0
Oslo - Blindern;SN18700;16.02.2008;0
Oslo - Blindern;SN18700;17.02.2008;0
Oslo - Blindern;SN18700;18.02.2008;0
Oslo - Blindern;SN18700;19.02.2008;0
Oslo - Blindern;SN18700;20.02.2008;0,1
Oslo - Blindern;SN18700;21.02.2008;0,3
Oslo - Blindern;SN18700;22.02.2008;0
Oslo - Blindern;SN18700;23.02.2008;0
Oslo - Blindern;SN18700;24.02.2008;0
Oslo - Blindern;SN18700;25.02.2008;0
Oslo - Blindern;SN18700;26.02.2008;0,8
Oslo - Blindern;SN18700;27.02.2008;10,7
Oslo - Blindern;SN18700;28.02.2008;0
Oslo - Blindern;SN18700;29.02.2008;0
Oslo - Blindern;SN18700;01.03.2008;3,5
Oslo - Blindern;SN18700;02.03.2008;0,2
Oslo - Blindern;SN18700;03.03.2008;0
Oslo - Blindern;SN18700;04.03.2008;0
Oslo - Blindern;SN18700;05.03.2008;0
Oslo - Blindern;SN18700;06.03.2008;0,5
Oslo - Blindern;SN18700;07.03.2008;0
Oslo - Blindern;SN18700;08.03.2008;3,3
Oslo - Blindern;SN18700;09.03.2008;5,6
Oslo - Blindern;SN18700;10.03.2008;5
Oslo - Blindern;SN18700;11.03.2008;6,7
Oslo - Blindern;SN18700;12.03.2008;9
Oslo - Blindern;SN18700;13.03.2008;0,8
Oslo - Blindern;SN18700;14.03.2008;0
Oslo - Blindern;SN18700;15.03.2008;0,6
Oslo - Blindern;SN18700;16.03.2008;0
Oslo - Blindern;SN18700;17.03.2008;0,1
Oslo - Blindern;SN18700;18.03.2008;0
Oslo - Blindern;SN18700;19.03.2008;0
Oslo - Blindern;SN18700;20.03.2008;0
Oslo - Blindern;SN18700;21.03.2008;3,9
Oslo - Blindern;SN18700;22.03.2008;2,5
Oslo - Blindern;SN18700;23.03.2008;0
Oslo - Blindern;SN18700;24.03.2008;0
Oslo - Blindern;SN18700;25.03.2008;4,3
Oslo - Blindern;SN18700;26.03.2008;1,3
Oslo - Blindern;SN18700;27.03.2008;0
Oslo - Blindern;SN18700;28.03.2008;0
Oslo - Blindern;SN18700;29.03.2008;3,8
Oslo - Blindern;SN18700;30.03.2008;7,5
Oslo - Blindern;SN18700;31.03.2008;16,9
Oslo - Blindern;SN18700;01.04.2008;0
Oslo - Blindern;SN18700;02.04.2008;0,8
Oslo - Blindern;SN18700;03.04.2008;6,5
Oslo - Blindern;SN18700;04.04.2008;0
Oslo - Blindern;SN18700;05.04.2008;0
Oslo - Blindern;SN18700;06.04.2008;5,5
Oslo - Blindern;SN18700;07.04.2008;15,5
Oslo - Blindern;SN18700;08.04.2008;3,8
Oslo - Blindern;SN18700;09.04.2008;0
Oslo - Blindern;SN18700;10.04.2008;5,7
Oslo - Blindern;SN18700;11.04.2008;4,8
Oslo - Blindern;SN18700;12.04.2008;2,2
Oslo - Blindern;SN18700;13.04.2008;4
Oslo - Blindern;SN18700;14.04.2008;2,7
Oslo - Blindern;SN18700;15.04.2008;0,3
Oslo - Blindern;SN18700;16.04.2008;1,5
Oslo - Blindern;SN18700;17.04.2008;0
Oslo - Blindern;SN18700;18.04.2008;0
Oslo - Blindern;SN18700;19.04.2008;0
Oslo - Blindern;SN18700;20.04.2008;0
Oslo - Blindern;SN18700;21.04.2008;0
Oslo - Blindern;SN18700;22.04.2008;0
Oslo - Blindern;SN18700;23.04.2008;0
Oslo - Blindern;SN18700;24.04.2008;0
Oslo - Blindern;SN18700;25.04.2008;0
Oslo - Blindern;SN18700;26.04.2008;0
Oslo - Blindern;SN18700;27.04.2008;6,5
Oslo - Blindern;SN18700;28.04.2008;7,1
Oslo - Blindern;SN18700;29.04.2008;0
Oslo - Blindern;SN18700;30.04.2008;0
Oslo - Blindern;SN18700;01.05.2008;0,2
Oslo - Blindern;SN18700;02.05.2008;5,3
Oslo - Blindern;SN18700;03.05.2008;6
Oslo - Blindern;SN18700;04.05.2008;0
Oslo - Blindern;SN18700;05.05.2008;0
Oslo - Blindern;SN18700;06.05.2008;0
Oslo - Blindern;SN18700;07.05.2008;0
Oslo - Blindern;SN18700;08.05.2008;0
Oslo - Blindern;SN18700;09.05.2008;0
Oslo - Blindern;SN18700;10.05.2008;0
Oslo - Blindern;SN18700;11.05.2008;0
Oslo - Blindern;SN18700;12.05.2008;0
Oslo - Blindern;SN18700;13.05.2008;0
Oslo - Blindern;SN18700;14.05.2008;0
Oslo - Blindern;SN18700;15.05.2008;0
Oslo - Blindern;SN18700;16.05.2008;1
Oslo - Blindern;SN18700;17.05.2008;2,4
Oslo - Blindern;SN18700;18.05.2008;1,7
Oslo - Blindern;SN18700;19.05.2008;0,2
Oslo - Blindern;SN18700;20.05.2008;0,5
Oslo - Blindern;SN18700;21.05.2008;0,7
Oslo - Blindern;SN18700;22.05.2008;0
Oslo - Blindern;SN18700;23.05.2008;0
Oslo - Blindern;SN18700;24.05.2008;1,2
Oslo - Blindern;SN18700;25.05.2008;1,3
Oslo - Blindern;SN18700;26.05.2008;0
Oslo - Blindern;SN18700;27.05.2008;0
Oslo - Blindern;SN18700;28.05.2008;0
Oslo - Blindern;SN18700;29.05.2008;0
Oslo - Blindern;SN18700;30.05.2008;0
Oslo - Blindern;SN18700;31.05.2008;0
Oslo - Blindern;SN18700;01.06.2008;0
Oslo - Blindern;SN18700;02.06.2008;0
Oslo - Blindern;SN18700;03.06.2008;0
Oslo - Blindern;SN18700;04.06.2008;0
Oslo - Blindern;SN18700;05.06.2008;0
Oslo - Blindern;SN18700;06.06.2008;0
Oslo - Blindern;SN18700;07.06.2008;0
Oslo - Blindern;SN18700;08.06.2008;0
Oslo - Blindern;SN18700;09.06.2008;0
Oslo - Blindern;SN18700;10.06.2008;0
Oslo - Blindern;SN18700;11.06.2008;0
Oslo - Blindern;SN18700;12.06.2008;0
Oslo - Blindern;SN18700;13.06.2008;0
Oslo - Blindern;SN18700;14.06.2008;5,6
Oslo - Blindern;SN18700;15.06.2008;0,1
Oslo - Blindern;SN18700;16.06.2008;7,8
Oslo - Blindern;SN18700;17.06.2008;0,2
Oslo - Blindern;SN18700;18.06.2008;0
Oslo - Blindern;SN18700;19.06.2008;0,8
Oslo - Blindern;SN18700;20.06.2008;10,9
Oslo - Blindern;SN18700;21.06.2008;0,6
Oslo - Blindern;SN18700;22.06.2008;0
Oslo - Blindern;SN18700;23.06.2008;13,8
Oslo - Blindern;SN18700;24.06.2008;7,1
Oslo - Blindern;SN18700;25.06.2008;0
Oslo - Blindern;SN18700;26.06.2008;0
Oslo - Blindern;SN18700;27.06.2008;2,2
Oslo - Blindern;SN18700;28.06.2008;1,8
Oslo - Blindern;SN18700;29.06.2008;0
Oslo - Blindern;SN18700;30.06.2008;0,5
Oslo - Blindern;SN18700;01.07.2008;0
Oslo - Blindern;SN18700;02.07.2008;0
Oslo - Blindern;SN18700;03.07.2008;0
Oslo - Blindern;SN18700;04.07.2008;0
Oslo - Blindern;SN18700;05.07.2008;0
Oslo - Blindern;SN18700;06.07.2008;27
Oslo - Blindern;SN18700;07.07.2008;56
Oslo - Blindern;SN18700;08.07.2008;1,5
Oslo - Blindern;SN18700;09.07.2008;0
Oslo - Blindern;SN18700;10.07.2008;0
Oslo - Blindern;SN18700;11.07.2008;1,8
Oslo - Blindern;SN18700;12.07.2008;0,1
Oslo - Blindern;SN18700;13.07.2008;0
Oslo - Blindern;SN18700;14.07.2008;0,1
Oslo - Blindern;SN18700;15.07.2008;0,3
Oslo - Blindern;SN18700;16.07.2008;3,5
Oslo - Blindern;SN18700;17.07.2008;2
Oslo - Blindern;SN18700;18.07.2008;0,2
Oslo - Blindern;SN18700;19.07.2008;0
Oslo - Blindern;SN18700;20.07.2008;8,9
Oslo - Blindern;SN18700;21.07.2008;25,3
Oslo - Blindern;SN18700;22.07.2008;0,9
Oslo - Blindern;SN18700;23.07.2008;0
Oslo - Blindern;SN18700;24.07.2008;0
Oslo - Blindern;SN18700;25.07.2008;0
Oslo - Blindern;SN18700;26.07.2008;0
Oslo - Blindern;SN18700;27.07.2008;0
Oslo - Blindern;SN18700;28.07.2008;0
Oslo - Blindern;SN18700;29.07.2008;0
Oslo - Blindern;SN18700;30.07.2008;31,5
Oslo - Blindern;SN18700;31.07.2008;0,3
Oslo - Blindern;SN18700;01.08.2008;0
Oslo - Blindern;SN18700;02.08.2008;0
Oslo - Blindern;SN18700;03.08.2008;6,5
Oslo - Blindern;SN18700;04.08.2008;2,5
Oslo - Blindern;SN18700;05.08.2008;2,4
Oslo - Blindern;SN18700;06.08.2008;2,8
Oslo - Blindern;SN18700;07.08.2008;8,4
Oslo - Blindern;SN18700;08.08.2008;0,5
Oslo - Blindern;SN18700;09.08.2008;0
Oslo - Blindern;SN18700;10.08.2008;5,9
Oslo - Blindern;SN18700;11.08.2008;2,5
Oslo - Blindern;SN18700;12.08.2008;13
Oslo - Blindern;SN18700;13.08.2008;23,8
Oslo - Blindern;SN18700;14.08.2008;30,5
Oslo - Blindern;SN18700;15.08.2008;0,2
Oslo - Blindern;SN18700;16.08.2008;0
Oslo - Blindern;SN18700;17.08.2008;0
Oslo - Blindern;SN18700;18.08.2008;0
Oslo - Blindern;SN18700;19.08.2008;0,1
Oslo - Blindern;SN18700;20.08.2008;14,4
Oslo - Blindern;SN18700;21.08.2008;15,5
Oslo - Blindern;SN18700;22.08.2008;35,5
Oslo - Blindern;SN18700;23.08.2008;0
Oslo - Blindern;SN18700;24.08.2008;0
Oslo - Blindern;SN18700;25.08.2008;0
Oslo - Blindern;SN18700;26.08.2008;2,9
Oslo - Blindern;SN18700;27.08.2008;11,5
Oslo - Blindern;SN18700;28.08.2008;0,6
Oslo - Blindern;SN18700;29.08.2008;0
Oslo - Blindern;SN18700;30.08.2008;0
Oslo - Blindern;SN18700;31.08.2008;0
Oslo - Blindern;SN18700;01.09.2008;0,1
Oslo - Blindern;SN18700;02.09.2008;1
Oslo - Blindern;SN18700;03.09.2008;8
Oslo - Blindern;SN18700;04.09.2008;0
Oslo - Blindern;SN18700;05.09.2008;13,5
Oslo - Blindern;SN18700;06.09.2008;0
Oslo - Blindern;SN18700;07.09.2008;0
Oslo - Blindern;SN18700;08.09.2008;16
Oslo - Blindern;SN18700;09.09.2008;1,4
Oslo - Blindern;SN18700;10.09.2008;0
Oslo - Blindern;SN18700;11.09.2008;4,1
Oslo - Blindern;SN18700;12.09.2008;0,1
Oslo - Blindern;SN18700;13.09.2008;0
Oslo - Blindern;SN18700;14.09.2008;0
Oslo - Blindern;SN18700;15.09.2008;0
Oslo - Blindern;SN18700;16.09.2008;0,8
Oslo - Blindern;SN18700;17.09.2008;0
Oslo - Blindern;SN18700;18.09.2008;0
Oslo - Blindern;SN18700;19.09.2008;0
Oslo - Blindern;SN18700;20.09.2008;0,3
Oslo - Blindern;SN18700;21.09.2008;0
Oslo - Blindern;SN18700;22.09.2008;0
Oslo - Blindern;SN18700;23.09.2008;0
Oslo - Blindern;SN18700;24.09.2008;0
Oslo - Blindern;SN18700;25.09.2008;0
Oslo - Blindern;SN18700;26.09.2008;0
Oslo - Blindern;SN18700;27.09.2008;0
Oslo - Blindern;SN18700;28.09.2008;0
Oslo - Blindern;SN18700;29.09.2008;0
Oslo - Blindern;SN18700;30.09.2008;0
Oslo - Blindern;SN18700;01.10.2008;6,6
Oslo - Blindern;SN18700;02.10.2008;2,3
Oslo - Blindern;SN18700;03.10.2008;8,5
Oslo - Blindern;SN18700;04.10.2008;35,5
Oslo - Blindern;SN18700;05.10.2008;16,3
Oslo - Blindern;SN18700;06.10.2008;7,5
Oslo - Blindern;SN18700;07.10.2008;0
Oslo - Blindern;SN18700;08.10.2008;0,3
Oslo - Blindern;SN18700;09.10.2008;20,5
Oslo - Blindern;SN18700;10.10.2008;0
Oslo - Blindern;SN18700;11.10.2008;4,1
Oslo - Blindern;SN18700;12.10.2008;0
Oslo - Blindern;SN18700;13.10.2008;0,8
Oslo - Blindern;SN18700;14.10.2008;0
Oslo - Blindern;SN18700;15.10.2008;0
Oslo - Blindern;SN18700;16.10.2008;0,7
Oslo - Blindern;SN18700;17.10.2008;0
Oslo - Blindern;SN18700;18.10.2008;0
Oslo - Blindern;SN18700;19.10.2008;0,7
Oslo - Blindern;SN18700;20.10.2008;5,9
Oslo - Blindern;SN18700;21.10.2008;0,5
Oslo - Blindern;SN18700;22.10.2008;0
Oslo - Blindern;SN18700;23.10.2008;0
Oslo - Blindern;SN18700;24.10.2008;3
Oslo - Blindern;SN18700;25.10.2008;0,7
Oslo - Blindern;SN18700;26.10.2008;0,1
Oslo - Blindern;SN18700;27.10.2008;0
Oslo - Blindern;SN18700;28.10.2008;0
Oslo - Blindern;SN18700;29.10.2008;0
Oslo - Blindern;SN18700;30.10.2008;13,4
Oslo - Blindern;SN18700;31.10.2008;2,9
Oslo - Blindern;SN18700;01.11.2008;0
Oslo - Blindern;SN18700;02.11.2008;0
Oslo - Blindern;SN18700;03.11.2008;0
Oslo - Blindern;SN18700;04.11.2008;0
Oslo - Blindern;SN18700;05.11.2008;0
Oslo - Blindern;SN18700;06.11.2008;0
Oslo - Blindern;SN18700;07.11.2008;0
Oslo - Blindern;SN18700;08.11.2008;9,7
Oslo - Blindern;SN18700;09.11.2008;4,1
Oslo - Blindern;SN18700;10.11.2008;9,3
Oslo - Blindern;SN18700;11.11.2008;11,4
Oslo - Blindern;SN18700;12.11.2008;1,6
Oslo - Blindern;SN18700;13.11.2008;0
Oslo - Blindern;SN18700;14.11.2008;9
Oslo - Blindern;SN18700;15.11.2008;6,7
Oslo - Blindern;SN18700;16.11.2008;0
Oslo - Blindern;SN18700;17.11.2008;0
Oslo - Blindern;SN18700;18.11.2008;5,5
Oslo - Blindern;SN18700;19.11.2008;1
Oslo - Blindern;SN18700;20.11.2008;0
Oslo - Blindern;SN18700;21.11.2008;0
Oslo - Blindern;SN18700;22.11.2008;0
Oslo - Blindern;SN18700;23.11.2008;0
Oslo - Blindern;SN18700;24.11.2008;0
Oslo - Blindern;SN18700;25.11.2008;0
Oslo - Blindern;SN18700;26.11.2008;0,1
Oslo - Blindern;SN18700;27.11.2008;0
Oslo - Blindern;SN18700;28.11.2008;0
Oslo - Blindern;SN18700;29.11.2008;0,6
Oslo - Blindern;SN18700;30.11.2008;11,5
Oslo - Blindern;SN18700;01.12.2008;0,3
Oslo - Blindern;SN18700;02.12.2008;0,5
Oslo - Blindern;SN18700;03.12.2008;4,4
Oslo - Blindern;SN18700;04.12.2008;1,2
Oslo - Blindern;SN18700;05.12.2008;0
Oslo - Blindern;SN18700;06.12.2008;3,7
Oslo - Blindern;SN18700;07.12.2008;0
Oslo - Blindern;SN18700;08.12.2008;2,9
Oslo - Blindern;SN18700;09.12.2008;1,5
Oslo - Blindern;SN18700;10.12.2008;0
Oslo - Blindern;SN18700;11.12.2008;0
Oslo - Blindern;SN18700;12.12.2008;0
Oslo - Blindern;SN18700;13.12.2008;0
Oslo - Blindern;SN18700;14.12.2008;0,5
Oslo - Blindern;SN18700;15.12.2008;0,3
Oslo - Blindern;SN18700;16.12.2008;1,1
Oslo - Blindern;SN18700;17.12.2008;5,8
Oslo - Blindern;SN18700;18.12.2008;2
Oslo - Blindern;SN18700;19.12.2008;0
Oslo - Blindern;SN18700;20.12.2008;5,5
Oslo - Blindern;SN18700;21.12.2008;0
Oslo - Blindern;SN18700;22.12.2008;1,2
Oslo - Blindern;SN18700;23.12.2008;0
Oslo - Blindern;SN18700;24.12.2008;0
Oslo - Blindern;SN18700;25.12.2008;0
Oslo - Blindern;SN18700;26.12.2008;0
Oslo - Blindern;SN18700;27.12.2008;0
Oslo - Blindern;SN18700;28.12.2008;0
Oslo - Blindern;SN18700;29.12.2008;0
Oslo - Blindern;SN18700;30.12.2008;0
Oslo - Blindern;SN18700;31.12.2008;0
Oslo - Blindern;SN18700;01.01.2009;0
Oslo - Blindern;SN18700;02.01.2009;0
Oslo - Blindern;SN18700;03.01.2009;0
Oslo - Blindern;SN18700;04.01.2009;0
Oslo - Blindern;SN18700;05.01.2009;0
Oslo - Blindern;SN18700;06.01.2009;0
Oslo - Blindern;SN18700;07.01.2009;0
Oslo - Blindern;SN18700;08.01.2009;1,1
Oslo - Blindern;SN18700;09.01.2009;0
Oslo - Blindern;SN18700;10.01.2009;0
Oslo - Blindern;SN18700;11.01.2009;0
Oslo - Blindern;SN18700;12.01.2009;0,6
Oslo - Blindern;SN18700;13.01.2009;0
Oslo - Blindern;SN18700;14.01.2009;0
Oslo - Blindern;SN18700;15.01.2009;0
Oslo - Blindern;SN18700;16.01.2009;0
Oslo - Blindern;SN18700;17.01.2009;4,3
Oslo - Blindern;SN18700;18.01.2009;0,3
Oslo - Blindern;SN18700;19.01.2009;25,5
Oslo - Blindern;SN18700;20.01.2009;2,4
Oslo - Blindern;SN18700;21.01.2009;4,4
Oslo - Blindern;SN18700;22.01.2009;0
Oslo - Blindern;SN18700;23.01.2009;1,5
Oslo - Blindern;SN18700;24.01.2009;1,9
Oslo - Blindern;SN18700;25.01.2009;14,1
Oslo - Blindern;SN18700;26.01.2009;1,5
Oslo - Blindern;SN18700;27.01.2009;0
Oslo - Blindern;SN18700;28.01.2009;0
Oslo - Blindern;SN18700;29.01.2009;0
Oslo - Blindern;SN18700;30.01.2009;0
Oslo - Blindern;SN18700;31.01.2009;0
Oslo - Blindern;SN18700;01.02.2009;0
Oslo - Blindern;SN18700;02.02.2009;0
Oslo - Blindern;SN18700;03.02.2009;0
Oslo - Blindern;SN18700;04.02.2009;0,4
Oslo - Blindern;SN18700;05.02.2009;7
Oslo - Blindern;SN18700;06.02.2009;0,3
Oslo - Blindern;SN18700;07.02.2009;4,2
Oslo - Blindern;SN18700;08.02.2009;15,9
Oslo - Blindern;SN18700;09.02.2009;0,6
Oslo - Blindern;SN18700;10.02.2009;0
Oslo - Blindern;SN18700;11.02.2009;0,6
Oslo - Blindern;SN18700;12.02.2009;0
Oslo - Blindern;SN18700;13.02.2009;0
Oslo - Blindern;SN18700;14.02.2009;0
Oslo - Blindern;SN18700;15.02.2009;0
Oslo - Blindern;SN18700;16.02.2009;3,4
Oslo - Blindern;SN18700;17.02.2009;4,5
Oslo - Blindern;SN18700;18.02.2009;2,3
Oslo - Blindern;SN18700;19.02.2009;0,1
Oslo - Blindern;SN18700;20.02.2009;7,4
Oslo - Blindern;SN18700;21.02.2009;2,5
Oslo - Blindern;SN18700;22.02.2009;19,4
Oslo - Blindern;SN18700;23.02.2009;0,1
Oslo - Blindern;SN18700;24.02.2009;0
Oslo - Blindern;SN18700;25.02.2009;0
Oslo - Blindern;SN18700;26.02.2009;0,4
Oslo - Blindern;SN18700;27.02.2009;0
Oslo - Blindern;SN18700;28.02.2009;0
Oslo - Blindern;SN18700;01.03.2009;0,4
Oslo - Blindern;SN18700;02.03.2009;5,4
Oslo - Blindern;SN18700;03.03.2009;8,3
Oslo - Blindern;SN18700;04.03.2009;1,9
Oslo - Blindern;SN18700;05.03.2009;1,2
Oslo - Blindern;SN18700;06.03.2009;0,2
Oslo - Blindern;SN18700;07.03.2009;0,2
Oslo - Blindern;SN18700;08.03.2009;6,7
Oslo - Blindern;SN18700;09.03.2009;15,5
Oslo - Blindern;SN18700;10.03.2009;0
Oslo - Blindern;SN18700;11.03.2009;0
Oslo - Blindern;SN18700;12.03.2009;0
Oslo - Blindern;SN18700;13.03.2009;9,2
Oslo - Blindern;SN18700;14.03.2009;0
Oslo - Blindern;SN18700;15.03.2009;0
Oslo - Blindern;SN18700;16.03.2009;0
Oslo - Blindern;SN18700;17.03.2009;0
Oslo - Blindern;SN18700;18.03.2009;0
Oslo - Blindern;SN18700;19.03.2009;0
Oslo - Blindern;SN18700;20.03.2009;0
Oslo - Blindern;SN18700;21.03.2009;0
Oslo - Blindern;SN18700;22.03.2009;0
Oslo - Blindern;SN18700;23.03.2009;0,3
Oslo - Blindern;SN18700;24.03.2009;0
Oslo - Blindern;SN18700;25.03.2009;0
Oslo - Blindern;SN18700;26.03.2009;0
Oslo - Blindern;SN18700;27.03.2009;1,9
Oslo - Blindern;SN18700;28.03.2009;6,4
Oslo - Blindern;SN18700;29.03.2009;0
Oslo - Blindern;SN18700;30.03.2009;0
Oslo - Blindern;SN18700;31.03.2009;0
Oslo - Blindern;SN18700;01.04.2009;0
Oslo - Blindern;SN18700;02.04.2009;0
Oslo - Blindern;SN18700;03.04.2009;0
Oslo - Blindern;SN18700;04.04.2009;0
Oslo - Blindern;SN18700;05.04.2009;0
Oslo - Blindern;SN18700;06.04.2009;0
Oslo - Blindern;SN18700;07.04.2009;0
Oslo - Blindern;SN18700;08.04.2009;12,5
Oslo - Blindern;SN18700;09.04.2009;15,8
Oslo - Blindern;SN18700;10.04.2009;0,1
Oslo - Blindern;SN18700;11.04.2009;0
Oslo - Blindern;SN18700;12.04.2009;0
Oslo - Blindern;SN18700;13.04.2009;3,5
Oslo - Blindern;SN18700;14.04.2009;7
Oslo - Blindern;SN18700;15.04.2009;0
Oslo - Blindern;SN18700;16.04.2009;0,3
Oslo - Blindern;SN18700;17.04.2009;0,6
Oslo - Blindern;SN18700;18.04.2009;0
Oslo - Blindern;SN18700;19.04.2009;0
Oslo - Blindern;SN18700;20.04.2009;0
Oslo - Blindern;SN18700;21.04.2009;0
Oslo - Blindern;SN18700;22.04.2009;0
Oslo - Blindern;SN18700;23.04.2009;0
Oslo - Blindern;SN18700;24.04.2009;0
Oslo - Blindern;SN18700;25.04.2009;0
Oslo - Blindern;SN18700;26.04.2009;0
Oslo - Blindern;SN18700;27.04.2009;0,6
Oslo - Blindern;SN18700;28.04.2009;14,5
Oslo - Blindern;SN18700;29.04.2009;0
Oslo - Blindern;SN18700;30.04.2009;0,1
Oslo - Blindern;SN18700;01.05.2009;0
Oslo - Blindern;SN18700;02.05.2009;0
Oslo - Blindern;SN18700;03.05.2009;0,1
Oslo - Blindern;SN18700;04.05.2009;0
Oslo - Blindern;SN18700;05.05.2009;5,2
Oslo - Blindern;SN18700;06.05.2009;0
Oslo - Blindern;SN18700;07.05.2009;2,5
Oslo - Blindern;SN18700;08.05.2009;6,6
Oslo - Blindern;SN18700;09.05.2009;2,4
Oslo - Blindern;SN18700;10.05.2009;1,2
Oslo - Blindern;SN18700;11.05.2009;0,8
Oslo - Blindern;SN18700;12.05.2009;0
Oslo - Blindern;SN18700;13.05.2009;0
Oslo - Blindern;SN18700;14.05.2009;0,1
Oslo - Blindern;SN18700;15.05.2009;2,8
Oslo - Blindern;SN18700;16.05.2009;0
Oslo - Blindern;SN18700;17.05.2009;0,9
Oslo - Blindern;SN18700;18.05.2009;5,4
Oslo - Blindern;SN18700;19.05.2009;3,4
Oslo - Blindern;SN18700;20.05.2009;0,2
Oslo - Blindern;SN18700;21.05.2009;4
Oslo - Blindern;SN18700;22.05.2009;5,5
Oslo - Blindern;SN18700;23.05.2009;14
Oslo - Blindern;SN18700;24.05.2009;0,2
Oslo - Blindern;SN18700;25.05.2009;0
Oslo - Blindern;SN18700;26.05.2009;0
Oslo - Blindern;SN18700;27.05.2009;18,6
Oslo - Blindern;SN18700;28.05.2009;1
Oslo - Blindern;SN18700;29.05.2009;0
Oslo - Blindern;SN18700;30.05.2009;0
Oslo - Blindern;SN18700;31.05.2009;0
Oslo - Blindern;SN18700;01.06.2009;0
Oslo - Blindern;SN18700;02.06.2009;0
Oslo - Blindern;SN18700;03.06.2009;0
Oslo - Blindern;SN18700;04.06.2009;0,2
Oslo - Blindern;SN18700;05.06.2009;3,5
Oslo - Blindern;SN18700;06.06.2009;0
Oslo - Blindern;SN18700;07.06.2009;0
Oslo - Blindern;SN18700;08.06.2009;0,1
Oslo - Blindern;SN18700;09.06.2009;0
Oslo - Blindern;SN18700;10.06.2009;0
Oslo - Blindern;SN18700;11.06.2009;0,6
Oslo - Blindern;SN18700;12.06.2009;0,3
Oslo - Blindern;SN18700;13.06.2009;2,3
Oslo - Blindern;SN18700;14.06.2009;0
Oslo - Blindern;SN18700;15.06.2009;0
Oslo - Blindern;SN18700;16.06.2009;0
Oslo - Blindern;SN18700;17.06.2009;0
Oslo - Blindern;SN18700;18.06.2009;1,7
Oslo - Blindern;SN18700;19.06.2009;18,3
Oslo - Blindern;SN18700;20.06.2009;1,6
Oslo - Blindern;SN18700;21.06.2009;2,4
Oslo - Blindern;SN18700;22.06.2009;0
Oslo - Blindern;SN18700;23.06.2009;0
Oslo - Blindern;SN18700;24.06.2009;0
Oslo - Blindern;SN18700;25.06.2009;0
Oslo - Blindern;SN18700;26.06.2009;0
Oslo - Blindern;SN18700;27.06.2009;0
Oslo - Blindern;SN18700;28.06.2009;0
Oslo - Blindern;SN18700;29.06.2009;0
Oslo - Blindern;SN18700;30.06.2009;0
Oslo - Blindern;SN18700;01.07.2009;0
Oslo - Blindern;SN18700;02.07.2009;0
Oslo - Blindern;SN18700;03.07.2009;0
Oslo - Blindern;SN18700;04.07.2009;15,5
Oslo - Blindern;SN18700;05.07.2009;4,9
Oslo - Blindern;SN18700;06.07.2009;18,7
Oslo - Blindern;SN18700;07.07.2009;3,7
Oslo - Blindern;SN18700;08.07.2009;0,1
Oslo - Blindern;SN18700;09.07.2009;0,1
Oslo - Blindern;SN18700;10.07.2009;0,4
Oslo - Blindern;SN18700;11.07.2009;6,1
Oslo - Blindern;SN18700;12.07.2009;0,3
Oslo - Blindern;SN18700;13.07.2009;0
Oslo - Blindern;SN18700;14.07.2009;4,8
Oslo - Blindern;SN18700;15.07.2009;0
Oslo - Blindern;SN18700;16.07.2009;10,1
Oslo - Blindern;SN18700;17.07.2009;0
Oslo - Blindern;SN18700;18.07.2009;0
Oslo - Blindern;SN18700;19.07.2009;15,9
Oslo - Blindern;SN18700;20.07.2009;17,4
Oslo - Blindern;SN18700;21.07.2009;0,7
Oslo - Blindern;SN18700;22.07.2009;0
Oslo - Blindern;SN18700;23.07.2009;4,2
Oslo - Blindern;SN18700;24.07.2009;0
Oslo - Blindern;SN18700;25.07.2009;1,7
Oslo - Blindern;SN18700;26.07.2009;1,8
Oslo - Blindern;SN18700;27.07.2009;0
Oslo - Blindern;SN18700;28.07.2009;3,2
Oslo - Blindern;SN18700;29.07.2009;4,2
Oslo - Blindern;SN18700;30.07.2009;8,1
Oslo - Blindern;SN18700;31.07.2009;40,4
Oslo - Blindern;SN18700;01.08.2009;2
Oslo - Blindern;SN18700;02.08.2009;0
Oslo - Blindern;SN18700;03.08.2009;11,6
Oslo - Blindern;SN18700;04.08.2009;28
Oslo - Blindern;SN18700;05.08.2009;0,9
Oslo - Blindern;SN18700;06.08.2009;0
Oslo - Blindern;SN18700;07.08.2009;0
Oslo - Blindern;SN18700;08.08.2009;0
Oslo - Blindern;SN18700;09.08.2009;5,5
Oslo - Blindern;SN18700;10.08.2009;17,7
Oslo - Blindern;SN18700;11.08.2009;4
Oslo - Blindern;SN18700;12.08.2009;3
Oslo - Blindern;SN18700;13.08.2009;0
Oslo - Blindern;SN18700;14.08.2009;0
Oslo - Blindern;SN18700;15.08.2009;0
Oslo - Blindern;SN18700;16.08.2009;22,1
Oslo - Blindern;SN18700;17.08.2009;0,4
Oslo - Blindern;SN18700;18.08.2009;1,1
Oslo - Blindern;SN18700;19.08.2009;0
Oslo - Blindern;SN18700;20.08.2009;0
Oslo - Blindern;SN18700;21.08.2009;11,3
Oslo - Blindern;SN18700;22.08.2009;0
Oslo - Blindern;SN18700;23.08.2009;0
Oslo - Blindern;SN18700;24.08.2009;0,1
Oslo - Blindern;SN18700;25.08.2009;0
Oslo - Blindern;SN18700;26.08.2009;16,7
Oslo - Blindern;SN18700;27.08.2009;4,4
Oslo - Blindern;SN18700;28.08.2009;0,5
Oslo - Blindern;SN18700;29.08.2009;18,7
Oslo - Blindern;SN18700;30.08.2009;0,1
Oslo - Blindern;SN18700;31.08.2009;0
Oslo - Blindern;SN18700;01.09.2009;9,9
Oslo - Blindern;SN18700;02.09.2009;0
Oslo - Blindern;SN18700;03.09.2009;1,7
Oslo - Blindern;SN18700;04.09.2009;12
Oslo - Blindern;SN18700;05.09.2009;2,7
Oslo - Blindern;SN18700;06.09.2009;0
Oslo - Blindern;SN18700;07.09.2009;0
Oslo - Blindern;SN18700;08.09.2009;0,1
Oslo - Blindern;SN18700;09.09.2009;0
Oslo - Blindern;SN18700;10.09.2009;0
Oslo - Blindern;SN18700;11.09.2009;0
Oslo - Blindern;SN18700;12.09.2009;0
Oslo - Blindern;SN18700;13.09.2009;0
Oslo - Blindern;SN18700;14.09.2009;0
Oslo - Blindern;SN18700;15.09.2009;0
Oslo - Blindern;SN18700;16.09.2009;0
Oslo - Blindern;SN18700;17.09.2009;0
Oslo - Blindern;SN18700;18.09.2009;0
Oslo - Blindern;SN18700;19.09.2009;0
Oslo - Blindern;SN18700;20.09.2009;0
Oslo - Blindern;SN18700;21.09.2009;2,5
Oslo - Blindern;SN18700;22.09.2009;3,3
Oslo - Blindern;SN18700;23.09.2009;0,3
Oslo - Blindern;SN18700;24.09.2009;0
Oslo - Blindern;SN18700;25.09.2009;0
Oslo - Blindern;SN18700;26.09.2009;0
Oslo - Blindern;SN18700;27.09.2009;0
Oslo - Blindern;SN18700;28.09.2009;0
Oslo - Blindern;SN18700;29.09.2009;0
Oslo - Blindern;SN18700;30.09.2009;0
Oslo - Blindern;SN18700;01.10.2009;0,2
Oslo - Blindern;SN18700;02.10.2009;0,1
Oslo - Blindern;SN18700;03.10.2009;0
Oslo - Blindern;SN18700;04.10.2009;10,6
Oslo - Blindern;SN18700;05.10.2009;0
Oslo - Blindern;SN18700;06.10.2009;0
Oslo - Blindern;SN18700;07.10.2009;23,1
Oslo - Blindern;SN18700;08.10.2009;0
Oslo - Blindern;SN18700;09.10.2009;0
Oslo - Blindern;SN18700;10.10.2009;0
Oslo - Blindern;SN18700;11.10.2009;0,4
Oslo - Blindern;SN18700;12.10.2009;4
Oslo - Blindern;SN18700;13.10.2009;0,1
Oslo - Blindern;SN18700;14.10.2009;0
Oslo - Blindern;SN18700;15.10.2009;0
Oslo - Blindern;SN18700;16.10.2009;8,5
Oslo - Blindern;SN18700;17.10.2009;0
Oslo - Blindern;SN18700;18.10.2009;0
Oslo - Blindern;SN18700;19.10.2009;0
Oslo - Blindern;SN18700;20.10.2009;0
Oslo - Blindern;SN18700;21.10.2009;0
Oslo - Blindern;SN18700;22.10.2009;0,1
Oslo - Blindern;SN18700;23.10.2009;1,2
Oslo - Blindern;SN18700;24.10.2009;0,2
Oslo - Blindern;SN18700;25.10.2009;0,6
Oslo - Blindern;SN18700;26.10.2009;5,6
Oslo - Blindern;SN18700;27.10.2009;0
Oslo - Blindern;SN18700;28.10.2009;0
Oslo - Blindern;SN18700;29.10.2009;0
Oslo - Blindern;SN18700;30.10.2009;0
Oslo - Blindern;SN18700;31.10.2009;0
Oslo - Blindern;SN18700;01.11.2009;0,3
Oslo - Blindern;SN18700;02.11.2009;4,9
Oslo - Blindern;SN18700;03.11.2009;9,9
Oslo - Blindern;SN18700;04.11.2009;4,4
Oslo - Blindern;SN18700;05.11.2009;0,8
Oslo - Blindern;SN18700;06.11.2009;0,3
Oslo - Blindern;SN18700;07.11.2009;6,7
Oslo - Blindern;SN18700;08.11.2009;2
Oslo - Blindern;SN18700;09.11.2009;0
Oslo - Blindern;SN18700;10.11.2009;0
Oslo - Blindern;SN18700;11.11.2009;0
Oslo - Blindern;SN18700;12.11.2009;0
Oslo - Blindern;SN18700;13.11.2009;0
Oslo - Blindern;SN18700;14.11.2009;3,8
Oslo - Blindern;SN18700;15.11.2009;12,8
Oslo - Blindern;SN18700;16.11.2009;6
Oslo - Blindern;SN18700;17.11.2009;0,4
Oslo - Blindern;SN18700;18.11.2009;10,4
Oslo - Blindern;SN18700;19.11.2009;2,1
Oslo - Blindern;SN18700;20.11.2009;8,8
Oslo - Blindern;SN18700;21.11.2009;0,9
Oslo - Blindern;SN18700;22.11.2009;6,2
Oslo - Blindern;SN18700;23.11.2009;14,9
Oslo - Blindern;SN18700;24.11.2009;13,2
Oslo - Blindern;SN18700;25.11.2009;4,5
Oslo - Blindern;SN18700;26.11.2009;5,4
Oslo - Blindern;SN18700;27.11.2009;0,1
Oslo - Blindern;SN18700;28.11.2009;0
Oslo - Blindern;SN18700;29.11.2009;0
Oslo - Blindern;SN18700;30.11.2009;6,5
Oslo - Blindern;SN18700;01.12.2009;0,6
Oslo - Blindern;SN18700;02.12.2009;0
Oslo - Blindern;SN18700;03.12.2009;0
Oslo - Blindern;SN18700;04.12.2009;0,1
Oslo - Blindern;SN18700;05.12.2009;3,6
Oslo - Blindern;SN18700;06.12.2009;3,4
Oslo - Blindern;SN18700;07.12.2009;5,7
Oslo - Blindern;SN18700;08.12.2009;6,2
Oslo - Blindern;SN18700;09.12.2009;0,7
Oslo - Blindern;SN18700;10.12.2009;0,9
Oslo - Blindern;SN18700;11.12.2009;0,4
Oslo - Blindern;SN18700;12.12.2009;0
Oslo - Blindern;SN18700;13.12.2009;0
Oslo - Blindern;SN18700;14.12.2009;0
Oslo - Blindern;SN18700;15.12.2009;3,7
Oslo - Blindern;SN18700;16.12.2009;0,4
Oslo - Blindern;SN18700;17.12.2009;0,1
Oslo - Blindern;SN18700;18.12.2009;0
Oslo - Blindern;SN18700;19.12.2009;0
Oslo - Blindern;SN18700;20.12.2009;0,2
Oslo - Blindern;SN18700;21.12.2009;0,1
Oslo - Blindern;SN18700;22.12.2009;0,3
Oslo - Blindern;SN18700;23.12.2009;0,6
Oslo - Blindern;SN18700;24.12.2009;8
Oslo - Blindern;SN18700;25.12.2009;9
Oslo - Blindern;SN18700;26.12.2009;20,5
Oslo - Blindern;SN18700;27.12.2009;2,2
Oslo - Blindern;SN18700;28.12.2009;0,9
Oslo - Blindern;SN18700;29.12.2009;0
Oslo - Blindern;SN18700;30.12.2009;0
Oslo - Blindern;SN18700;31.12.2009;0
Oslo - Blindern;SN18700;01.01.2010;0,2
Oslo - Blindern;SN18700;02.01.2010;2,4
Oslo - Blindern;SN18700;03.01.2010;0
Oslo - Blindern;SN18700;04.01.2010;0
Oslo - Blindern;SN18700;05.01.2010;0
Oslo - Blindern;SN18700;06.01.2010;0,2
Oslo - Blindern;SN18700;07.01.2010;0
Oslo - Blindern;SN18700;08.01.2010;0,2
Oslo - Blindern;SN18700;09.01.2010;0
Oslo - Blindern;SN18700;10.01.2010;0
Oslo - Blindern;SN18700;11.01.2010;0
Oslo - Blindern;SN18700;12.01.2010;0
Oslo - Blindern;SN18700;13.01.2010;0
Oslo - Blindern;SN18700;14.01.2010;0
Oslo - Blindern;SN18700;15.01.2010;0
Oslo - Blindern;SN18700;16.01.2010;0
Oslo - Blindern;SN18700;17.01.2010;1
Oslo - Blindern;SN18700;18.01.2010;1
Oslo - Blindern;SN18700;19.01.2010;0,6
Oslo - Blindern;SN18700;20.01.2010;0,1
Oslo - Blindern;SN18700;21.01.2010;1,5
Oslo - Blindern;SN18700;22.01.2010;0,8
Oslo - Blindern;SN18700;23.01.2010;0,2
Oslo - Blindern;SN18700;24.01.2010;0,1
Oslo - Blindern;SN18700;25.01.2010;0
Oslo - Blindern;SN18700;26.01.2010;0
Oslo - Blindern;SN18700;27.01.2010;1,5
Oslo - Blindern;SN18700;28.01.2010;0
Oslo - Blindern;SN18700;29.01.2010;2
Oslo - Blindern;SN18700;30.01.2010;0,8
Oslo - Blindern;SN18700;31.01.2010;1
Oslo - Blindern;SN18700;01.02.2010;0,5
Oslo - Blindern;SN18700;02.02.2010;0,1
Oslo - Blindern;SN18700;03.02.2010;3,9
Oslo - Blindern;SN18700;04.02.2010;2,5
Oslo - Blindern;SN18700;05.02.2010;0
Oslo - Blindern;SN18700;06.02.2010;0
Oslo - Blindern;SN18700;07.02.2010;0
Oslo - Blindern;SN18700;08.02.2010;0
Oslo - Blindern;SN18700;09.02.2010;0,1
Oslo - Blindern;SN18700;10.02.2010;0,3
Oslo - Blindern;SN18700;11.02.2010;0
Oslo - Blindern;SN18700;12.02.2010;0
Oslo - Blindern;SN18700;13.02.2010;0
Oslo - Blindern;SN18700;14.02.2010;0
Oslo - Blindern;SN18700;15.02.2010;0
Oslo - Blindern;SN18700;16.02.2010;0
Oslo - Blindern;SN18700;17.02.2010;1,1
Oslo - Blindern;SN18700;18.02.2010;1,3
Oslo - Blindern;SN18700;19.02.2010;5,5
Oslo - Blindern;SN18700;20.02.2010;1,3
Oslo - Blindern;SN18700;21.02.2010;5,5
Oslo - Blindern;SN18700;22.02.2010;0,3
Oslo - Blindern;SN18700;23.02.2010;0,2
Oslo - Blindern;SN18700;24.02.2010;0,8
Oslo - Blindern;SN18700;25.02.2010;0
Oslo - Blindern;SN18700;26.02.2010;4,1
Oslo - Blindern;SN18700;27.02.2010;2,6
Oslo - Blindern;SN18700;28.02.2010;7,2
Oslo - Blindern;SN18700;01.03.2010;0,1
Oslo - Blindern;SN18700;02.03.2010;0
Oslo - Blindern;SN18700;03.03.2010;0
Oslo - Blindern;SN18700;04.03.2010;0
Oslo - Blindern;SN18700;05.03.2010;0
Oslo - Blindern;SN18700;06.03.2010;0
Oslo - Blindern;SN18700;07.03.2010;0
Oslo - Blindern;SN18700;08.03.2010;0
Oslo - Blindern;SN18700;09.03.2010;0
Oslo - Blindern;SN18700;10.03.2010;0
Oslo - Blindern;SN18700;11.03.2010;0
Oslo - Blindern;SN18700;12.03.2010;0
Oslo - Blindern;SN18700;13.03.2010;0
Oslo - Blindern;SN18700;14.03.2010;0,1
Oslo - Blindern;SN18700;15.03.2010;0
Oslo - Blindern;SN18700;16.03.2010;0
Oslo - Blindern;SN18700;17.03.2010;0
Oslo - Blindern;SN18700;18.03.2010;0
Oslo - Blindern;SN18700;19.03.2010;0,1
Oslo - Blindern;SN18700;20.03.2010;4
Oslo - Blindern;SN18700;21.03.2010;0
Oslo - Blindern;SN18700;22.03.2010;6,3
Oslo - Blindern;SN18700;23.03.2010;10,5
Oslo - Blindern;SN18700;24.03.2010;3
Oslo - Blindern;SN18700;25.03.2010;1,6
Oslo - Blindern;SN18700;26.03.2010;0
Oslo - Blindern;SN18700;27.03.2010;0,2
Oslo - Blindern;SN18700;28.03.2010;6,2
Oslo - Blindern;SN18700;29.03.2010;0,6
Oslo - Blindern;SN18700;30.03.2010;1,5
Oslo - Blindern;SN18700;31.03.2010;3,3
Oslo - Blindern;SN18700;01.04.2010;29
Oslo - Blindern;SN18700;02.04.2010;9
Oslo - Blindern;SN18700;03.04.2010;2,9
Oslo - Blindern;SN18700;04.04.2010;0
Oslo - Blindern;SN18700;05.04.2010;0
Oslo - Blindern;SN18700;06.04.2010;0
Oslo - Blindern;SN18700;07.04.2010;1,4
Oslo - Blindern;SN18700;08.04.2010;0
Oslo - Blindern;SN18700;09.04.2010;3,1
Oslo - Blindern;SN18700;10.04.2010;0
Oslo - Blindern;SN18700;11.04.2010;0
Oslo - Blindern;SN18700;12.04.2010;0
Oslo - Blindern;SN18700;13.04.2010;0
Oslo - Blindern;SN18700;14.04.2010;0
Oslo - Blindern;SN18700;15.04.2010;0
Oslo - Blindern;SN18700;16.04.2010;0,4
Oslo - Blindern;SN18700;17.04.2010;0
Oslo - Blindern;SN18700;18.04.2010;0
Oslo - Blindern;SN18700;19.04.2010;0
Oslo - Blindern;SN18700;20.04.2010;0
Oslo - Blindern;SN18700;21.04.2010;0,1
Oslo - Blindern;SN18700;22.04.2010;0
Oslo - Blindern;SN18700;23.04.2010;0
Oslo - Blindern;SN18700;24.04.2010;0
Oslo - Blindern;SN18700;25.04.2010;0
Oslo - Blindern;SN18700;26.04.2010;0
Oslo - Blindern;SN18700;27.04.2010;0,1
Oslo - Blindern;SN18700;28.04.2010;0
Oslo - Blindern;SN18700;29.04.2010;12,5
Oslo - Blindern;SN18700;30.04.2010;0
Oslo - Blindern;SN18700;01.05.2010;3
Oslo - Blindern;SN18700;02.05.2010;4,9
Oslo - Blindern;SN18700;03.05.2010;0
Oslo - Blindern;SN18700;04.05.2010;0
Oslo - Blindern;SN18700;05.05.2010;2,5
Oslo - Blindern;SN18700;06.05.2010;0
Oslo - Blindern;SN18700;07.05.2010;0
Oslo - Blindern;SN18700;08.05.2010;0
Oslo - Blindern;SN18700;09.05.2010;0
Oslo - Blindern;SN18700;10.05.2010;0,1
Oslo - Blindern;SN18700;11.05.2010;1
Oslo - Blindern;SN18700;12.05.2010;0
Oslo - Blindern;SN18700;13.05.2010;0,1
Oslo - Blindern;SN18700;14.05.2010;0
Oslo - Blindern;SN18700;15.05.2010;0
Oslo - Blindern;SN18700;16.05.2010;4,7
Oslo - Blindern;SN18700;17.05.2010;7,7
Oslo - Blindern;SN18700;18.05.2010;0
Oslo - Blindern;SN18700;19.05.2010;0
Oslo - Blindern;SN18700;20.05.2010;0,1
Oslo - Blindern;SN18700;21.05.2010;0,5
Oslo - Blindern;SN18700;22.05.2010;0
Oslo - Blindern;SN18700;23.05.2010;0
Oslo - Blindern;SN18700;24.05.2010;1,3
Oslo - Blindern;SN18700;25.05.2010;2,1
Oslo - Blindern;SN18700;26.05.2010;0
Oslo - Blindern;SN18700;27.05.2010;0,1
Oslo - Blindern;SN18700;28.05.2010;0,1
Oslo - Blindern;SN18700;29.05.2010;0
Oslo - Blindern;SN18700;30.05.2010;0,2
Oslo - Blindern;SN18700;31.05.2010;0
Oslo - Blindern;SN18700;01.06.2010;0
Oslo - Blindern;SN18700;02.06.2010;0
Oslo - Blindern;SN18700;03.06.2010;0
Oslo - Blindern;SN18700;04.06.2010;0
Oslo - Blindern;SN18700;05.06.2010;0
Oslo - Blindern;SN18700;06.06.2010;0
Oslo - Blindern;SN18700;07.06.2010;0
Oslo - Blindern;SN18700;08.06.2010;2,3
Oslo - Blindern;SN18700;09.06.2010;6,5
Oslo - Blindern;SN18700;10.06.2010;5,3
Oslo - Blindern;SN18700;11.06.2010;0,6
Oslo - Blindern;SN18700;12.06.2010;38
Oslo - Blindern;SN18700;13.06.2010;7,8
Oslo - Blindern;SN18700;14.06.2010;3,5
Oslo - Blindern;SN18700;15.06.2010;0
Oslo - Blindern;SN18700;16.06.2010;0
Oslo - Blindern;SN18700;17.06.2010;0
Oslo - Blindern;SN18700;18.06.2010;0
Oslo - Blindern;SN18700;19.06.2010;2,5
Oslo - Blindern;SN18700;20.06.2010;4,4
Oslo - Blindern;SN18700;21.06.2010;0
Oslo - Blindern;SN18700;22.06.2010;0
Oslo - Blindern;SN18700;23.06.2010;0
Oslo - Blindern;SN18700;24.06.2010;0
Oslo - Blindern;SN18700;25.06.2010;1
Oslo - Blindern;SN18700;26.06.2010;0,9
Oslo - Blindern;SN18700;27.06.2010;0
Oslo - Blindern;SN18700;28.06.2010;0
Oslo - Blindern;SN18700;29.06.2010;0
Oslo - Blindern;SN18700;30.06.2010;5,6
Oslo - Blindern;SN18700;01.07.2010;13
Oslo - Blindern;SN18700;02.07.2010;0
Oslo - Blindern;SN18700;03.07.2010;0
Oslo - Blindern;SN18700;04.07.2010;5,5
Oslo - Blindern;SN18700;05.07.2010;0
Oslo - Blindern;SN18700;06.07.2010;0
Oslo - Blindern;SN18700;07.07.2010;0
Oslo - Blindern;SN18700;08.07.2010;5,5
Oslo - Blindern;SN18700;09.07.2010;1,3
Oslo - Blindern;SN18700;10.07.2010;0
Oslo - Blindern;SN18700;11.07.2010;0
Oslo - Blindern;SN18700;12.07.2010;7,8
Oslo - Blindern;SN18700;13.07.2010;18
Oslo - Blindern;SN18700;14.07.2010;1,3
Oslo - Blindern;SN18700;15.07.2010;0
Oslo - Blindern;SN18700;16.07.2010;11,2
Oslo - Blindern;SN18700;17.07.2010;1,8
Oslo - Blindern;SN18700;18.07.2010;0
Oslo - Blindern;SN18700;19.07.2010;0
Oslo - Blindern;SN18700;20.07.2010;0,8
Oslo - Blindern;SN18700;21.07.2010;2,6
Oslo - Blindern;SN18700;22.07.2010;0,2
Oslo - Blindern;SN18700;23.07.2010;2,6
Oslo - Blindern;SN18700;24.07.2010;0
Oslo - Blindern;SN18700;25.07.2010;0
Oslo - Blindern;SN18700;26.07.2010;14,4
Oslo - Blindern;SN18700;27.07.2010;1,6
Oslo - Blindern;SN18700;28.07.2010;0
Oslo - Blindern;SN18700;29.07.2010;0
Oslo - Blindern;SN18700;30.07.2010;25,5
Oslo - Blindern;SN18700;31.07.2010;3,5
Oslo - Blindern;SN18700;01.08.2010;5,5
Oslo - Blindern;SN18700;02.08.2010;0
Oslo - Blindern;SN18700;03.08.2010;0
Oslo - Blindern;SN18700;04.08.2010;0
Oslo - Blindern;SN18700;05.08.2010;0,5
Oslo - Blindern;SN18700;06.08.2010;18,7
Oslo - Blindern;SN18700;07.08.2010;3
Oslo - Blindern;SN18700;08.08.2010;0
Oslo - Blindern;SN18700;09.08.2010;0
Oslo - Blindern;SN18700;10.08.2010;0
Oslo - Blindern;SN18700;11.08.2010;0
Oslo - Blindern;SN18700;12.08.2010;13,4
Oslo - Blindern;SN18700;13.08.2010;0,9
Oslo - Blindern;SN18700;14.08.2010;31,4
Oslo - Blindern;SN18700;15.08.2010;0
Oslo - Blindern;SN18700;16.08.2010;0
Oslo - Blindern;SN18700;17.08.2010;6,1
Oslo - Blindern;SN18700;18.08.2010;0,1
Oslo - Blindern;SN18700;19.08.2010;1,5
Oslo - Blindern;SN18700;20.08.2010;1,9
Oslo - Blindern;SN18700;21.08.2010;3,4
Oslo - Blindern;SN18700;22.08.2010;0
Oslo - Blindern;SN18700;23.08.2010;0
Oslo - Blindern;SN18700;24.08.2010;7,2
Oslo - Blindern;SN18700;25.08.2010;9,8
Oslo - Blindern;SN18700;26.08.2010;14,1
Oslo - Blindern;SN18700;27.08.2010;9,3
Oslo - Blindern;SN18700;28.08.2010;15,2
Oslo - Blindern;SN18700;29.08.2010;9,3
Oslo - Blindern;SN18700;30.08.2010;2,6
Oslo - Blindern;SN18700;31.08.2010;0
Oslo - Blindern;SN18700;01.09.2010;0
Oslo - Blindern;SN18700;02.09.2010;1,6
Oslo - Blindern;SN18700;03.09.2010;0
Oslo - Blindern;SN18700;04.09.2010;0
Oslo - Blindern;SN18700;05.09.2010;0
Oslo - Blindern;SN18700;06.09.2010;0
Oslo - Blindern;SN18700;07.09.2010;0
Oslo - Blindern;SN18700;08.09.2010;0
Oslo - Blindern;SN18700;09.09.2010;0
Oslo - Blindern;SN18700;10.09.2010;0
Oslo - Blindern;SN18700;11.09.2010;0,5
Oslo - Blindern;SN18700;12.09.2010;13,7
Oslo - Blindern;SN18700;13.09.2010;0
Oslo - Blindern;SN18700;14.09.2010;6
Oslo - Blindern;SN18700;15.09.2010;17,9
Oslo - Blindern;SN18700;16.09.2010;0
Oslo - Blindern;SN18700;17.09.2010;0,1
Oslo - Blindern;SN18700;18.09.2010;0,1
Oslo - Blindern;SN18700;19.09.2010;0,2
Oslo - Blindern;SN18700;20.09.2010;0
Oslo - Blindern;SN18700;21.09.2010;14,7
Oslo - Blindern;SN18700;22.09.2010;0
Oslo - Blindern;SN18700;23.09.2010;0
Oslo - Blindern;SN18700;24.09.2010;4,3
Oslo - Blindern;SN18700;25.09.2010;30
Oslo - Blindern;SN18700;26.09.2010;0
Oslo - Blindern;SN18700;27.09.2010;0
Oslo - Blindern;SN18700;28.09.2010;0
Oslo - Blindern;SN18700;29.09.2010;0
Oslo - Blindern;SN18700;30.09.2010;0
Oslo - Blindern;SN18700;01.10.2010;0
Oslo - Blindern;SN18700;02.10.2010;0
Oslo - Blindern;SN18700;03.10.2010;0
Oslo - Blindern;SN18700;04.10.2010;26,5
Oslo - Blindern;SN18700;05.10.2010;0,1
Oslo - Blindern;SN18700;06.10.2010;1,8
Oslo - Blindern;SN18700;07.10.2010;19,4
Oslo - Blindern;SN18700;08.10.2010;0,1
Oslo - Blindern;SN18700;09.10.2010;0
Oslo - Blindern;SN18700;10.10.2010;0
Oslo - Blindern;SN18700;11.10.2010;0
Oslo - Blindern;SN18700;12.10.2010;0
Oslo - Blindern;SN18700;13.10.2010;0
Oslo - Blindern;SN18700;14.10.2010;0
Oslo - Blindern;SN18700;15.10.2010;0
Oslo - Blindern;SN18700;16.10.2010;0
Oslo - Blindern;SN18700;17.10.2010;0
Oslo - Blindern;SN18700;18.10.2010;0,5
Oslo - Blindern;SN18700;19.10.2010;0,7
Oslo - Blindern;SN18700;20.10.2010;0
Oslo - Blindern;SN18700;21.10.2010;0
Oslo - Blindern;SN18700;22.10.2010;0,4
Oslo - Blindern;SN18700;23.10.2010;0
Oslo - Blindern;SN18700;24.10.2010;0
Oslo - Blindern;SN18700;25.10.2010;0
Oslo - Blindern;SN18700;26.10.2010;0
Oslo - Blindern;SN18700;27.10.2010;3,1
Oslo - Blindern;SN18700;28.10.2010;16
Oslo - Blindern;SN18700;29.10.2010;4,3
Oslo - Blindern;SN18700;30.10.2010;7
Oslo - Blindern;SN18700;31.10.2010;4,4
Oslo - Blindern;SN18700;01.11.2010;0
Oslo - Blindern;SN18700;02.11.2010;0
Oslo - Blindern;SN18700;03.11.2010;7,5
Oslo - Blindern;SN18700;04.11.2010;0
Oslo - Blindern;SN18700;05.11.2010;0
Oslo - Blindern;SN18700;06.11.2010;0
Oslo - Blindern;SN18700;07.11.2010;0
Oslo - Blindern;SN18700;08.11.2010;0
Oslo - Blindern;SN18700;09.11.2010;0
Oslo - Blindern;SN18700;10.11.2010;1,5
Oslo - Blindern;SN18700;11.11.2010;0
Oslo - Blindern;SN18700;12.11.2010;2,5
Oslo - Blindern;SN18700;13.11.2010;2,3
Oslo - Blindern;SN18700;14.11.2010;2,4
Oslo - Blindern;SN18700;15.11.2010;3
Oslo - Blindern;SN18700;16.11.2010;0
Oslo - Blindern;SN18700;17.11.2010;0
Oslo - Blindern;SN18700;18.11.2010;0
Oslo - Blindern;SN18700;19.11.2010;0
Oslo - Blindern;SN18700;20.11.2010;0
Oslo - Blindern;SN18700;21.11.2010;0,6
Oslo - Blindern;SN18700;22.11.2010;0
Oslo - Blindern;SN18700;23.11.2010;0
Oslo - Blindern;SN18700;24.11.2010;0
Oslo - Blindern;SN18700;25.11.2010;0
Oslo - Blindern;SN18700;26.11.2010;0
Oslo - Blindern;SN18700;27.11.2010;0
Oslo - Blindern;SN18700;28.11.2010;0,5
Oslo - Blindern;SN18700;29.11.2010;3,6
Oslo - Blindern;SN18700;30.11.2010;0
Oslo - Blindern;SN18700;01.12.2010;0
Oslo - Blindern;SN18700;02.12.2010;0
Oslo - Blindern;SN18700;03.12.2010;0
Oslo - Blindern;SN18700;04.12.2010;0
Oslo - Blindern;SN18700;05.12.2010;4,2
Oslo - Blindern;SN18700;06.12.2010;1,3
Oslo - Blindern;SN18700;07.12.2010;0
Oslo - Blindern;SN18700;08.12.2010;0
Oslo - Blindern;SN18700;09.12.2010;0
Oslo - Blindern;SN18700;10.12.2010;0
Oslo - Blindern;SN18700;11.12.2010;2
Oslo - Blindern;SN18700;12.12.2010;0
Oslo - Blindern;SN18700;13.12.2010;0
Oslo - Blindern;SN18700;14.12.2010;0
Oslo - Blindern;SN18700;15.12.2010;0,2
Oslo - Blindern;SN18700;16.12.2010;0,8
Oslo - Blindern;SN18700;17.12.2010;0,1
Oslo - Blindern;SN18700;18.12.2010;3
Oslo - Blindern;SN18700;19.12.2010;0,5
Oslo - Blindern;SN18700;20.12.2010;2,2
Oslo - Blindern;SN18700;21.12.2010;0,1
Oslo - Blindern;SN18700;22.12.2010;0,3
Oslo - Blindern;SN18700;23.12.2010;0,5
Oslo - Blindern;SN18700;24.12.2010;0
Oslo - Blindern;SN18700;25.12.2010;0
Oslo - Blindern;SN18700;26.12.2010;0
Oslo - Blindern;SN18700;27.12.2010;0
Oslo - Blindern;SN18700;28.12.2010;0,2
Oslo - Blindern;SN18700;29.12.2010;0
Oslo - Blindern;SN18700;30.12.2010;0
Oslo - Blindern;SN18700;31.12.2010;0
Oslo - Blindern;SN18700;01.01.2011;0
Oslo - Blindern;SN18700;02.01.2011;0
Oslo - Blindern;SN18700;03.01.2011;0
Oslo - Blindern;SN18700;04.01.2011;1,4
Oslo - Blindern;SN18700;05.01.2011;3,2
Oslo - Blindern;SN18700;06.01.2011;6,8
Oslo - Blindern;SN18700;07.01.2011;5,1
Oslo - Blindern;SN18700;08.01.2011;0
Oslo - Blindern;SN18700;09.01.2011;8,8
Oslo - Blindern;SN18700;10.01.2011;0,1
Oslo - Blindern;SN18700;11.01.2011;2,7
Oslo - Blindern;SN18700;12.01.2011;5
Oslo - Blindern;SN18700;13.01.2011;0
Oslo - Blindern;SN18700;14.01.2011;1,1
Oslo - Blindern;SN18700;15.01.2011;3,8
Oslo - Blindern;SN18700;16.01.2011;8,7
Oslo - Blindern;SN18700;17.01.2011;0,1
Oslo - Blindern;SN18700;18.01.2011;0
Oslo - Blindern;SN18700;19.01.2011;0,1
Oslo - Blindern;SN18700;20.01.2011;0
Oslo - Blindern;SN18700;21.01.2011;0
Oslo - Blindern;SN18700;22.01.2011;0
Oslo - Blindern;SN18700;23.01.2011;0
Oslo - Blindern;SN18700;24.01.2011;0
Oslo - Blindern;SN18700;25.01.2011;0,3
Oslo - Blindern;SN18700;26.01.2011;0
Oslo - Blindern;SN18700;27.01.2011;0
Oslo - Blindern;SN18700;28.01.2011;0
Oslo - Blindern;SN18700;29.01.2011;0
Oslo - Blindern;SN18700;30.01.2011;0
Oslo - Blindern;SN18700;31.01.2011;0
Oslo - Blindern;SN18700;01.02.2011;0
Oslo - Blindern;SN18700;02.02.2011;0
Oslo - Blindern;SN18700;03.02.2011;3,9
Oslo - Blindern;SN18700;04.02.2011;3,8
Oslo - Blindern;SN18700;05.02.2011;0
Oslo - Blindern;SN18700;06.02.2011;0
Oslo - Blindern;SN18700;07.02.2011;0
Oslo - Blindern;SN18700;08.02.2011;8,6
Oslo - Blindern;SN18700;09.02.2011;0
Oslo - Blindern;SN18700;10.02.2011;3
Oslo - Blindern;SN18700;11.02.2011;15,2
Oslo - Blindern;SN18700;12.02.2011;0,7
Oslo - Blindern;SN18700;13.02.2011;0
Oslo - Blindern;SN18700;14.02.2011;0
Oslo - Blindern;SN18700;15.02.2011;0,2
Oslo - Blindern;SN18700;16.02.2011;0,1
Oslo - Blindern;SN18700;17.02.2011;1,9
Oslo - Blindern;SN18700;18.02.2011;1,4
Oslo - Blindern;SN18700;19.02.2011;0
Oslo - Blindern;SN18700;20.02.2011;0
Oslo - Blindern;SN18700;21.02.2011;0
Oslo - Blindern;SN18700;22.02.2011;0,2
Oslo - Blindern;SN18700;23.02.2011;0,4
Oslo - Blindern;SN18700;24.02.2011;0,6
Oslo - Blindern;SN18700;25.02.2011;3,4
Oslo - Blindern;SN18700;26.02.2011;1,2
Oslo - Blindern;SN18700;27.02.2011;8,5
Oslo - Blindern;SN18700;28.02.2011;0,2
Oslo - Blindern;SN18700;01.03.2011;0
Oslo - Blindern;SN18700;02.03.2011;0
Oslo - Blindern;SN18700;03.03.2011;0
Oslo - Blindern;SN18700;04.03.2011;0,1
Oslo - Blindern;SN18700;05.03.2011;0
Oslo - Blindern;SN18700;06.03.2011;0
Oslo - Blindern;SN18700;07.03.2011;0
Oslo - Blindern;SN18700;08.03.2011;0
Oslo - Blindern;SN18700;09.03.2011;5
Oslo - Blindern;SN18700;10.03.2011;3,6
Oslo - Blindern;SN18700;11.03.2011;3
Oslo - Blindern;SN18700;12.03.2011;0
Oslo - Blindern;SN18700;13.03.2011;0
Oslo - Blindern;SN18700;14.03.2011;1,7
Oslo - Blindern;SN18700;15.03.2011;0
Oslo - Blindern;SN18700;16.03.2011;0
Oslo - Blindern;SN18700;17.03.2011;0
Oslo - Blindern;SN18700;18.03.2011;0
Oslo - Blindern;SN18700;19.03.2011;1,7
Oslo - Blindern;SN18700;20.03.2011;0
Oslo - Blindern;SN18700;21.03.2011;0
Oslo - Blindern;SN18700;22.03.2011;0
Oslo - Blindern;SN18700;23.03.2011;0
Oslo - Blindern;SN18700;24.03.2011;0
Oslo - Blindern;SN18700;25.03.2011;0
Oslo - Blindern;SN18700;26.03.2011;0
Oslo - Blindern;SN18700;27.03.2011;0
Oslo - Blindern;SN18700;28.03.2011;0
Oslo - Blindern;SN18700;29.03.2011;0,7
Oslo - Blindern;SN18700;30.03.2011;0
Oslo - Blindern;SN18700;31.03.2011;0
Oslo - Blindern;SN18700;01.04.2011;6,6
Oslo - Blindern;SN18700;02.04.2011;1,5
Oslo - Blindern;SN18700;03.04.2011;1,3
Oslo - Blindern;SN18700;04.04.2011;0
Oslo - Blindern;SN18700;05.04.2011;1,9
Oslo - Blindern;SN18700;06.04.2011;8
Oslo - Blindern;SN18700;07.04.2011;0,4
Oslo - Blindern;SN18700;08.04.2011;0
Oslo - Blindern;SN18700;09.04.2011;0
Oslo - Blindern;SN18700;10.04.2011;0
Oslo - Blindern;SN18700;11.04.2011;0
Oslo - Blindern;SN18700;12.04.2011;0,1
Oslo - Blindern;SN18700;13.04.2011;19,5
Oslo - Blindern;SN18700;14.04.2011;0,2
Oslo - Blindern;SN18700;15.04.2011;0,1
Oslo - Blindern;SN18700;16.04.2011;0
Oslo - Blindern;SN18700;17.04.2011;0
Oslo - Blindern;SN18700;18.04.2011;0
Oslo - Blindern;SN18700;19.04.2011;0
Oslo - Blindern;SN18700;20.04.2011;0
Oslo - Blindern;SN18700;21.04.2011;0
Oslo - Blindern;SN18700;22.04.2011;0
Oslo - Blindern;SN18700;23.04.2011;0
Oslo - Blindern;SN18700;24.04.2011;0
Oslo - Blindern;SN18700;25.04.2011;0
Oslo - Blindern;SN18700;26.04.2011;0
Oslo - Blindern;SN18700;27.04.2011;0
Oslo - Blindern;SN18700;28.04.2011;0
Oslo - Blindern;SN18700;29.04.2011;0
Oslo - Blindern;SN18700;30.04.2011;0
Oslo - Blindern;SN18700;01.05.2011;0
Oslo - Blindern;SN18700;02.05.2011;0
Oslo - Blindern;SN18700;03.05.2011;0
Oslo - Blindern;SN18700;04.05.2011;0
Oslo - Blindern;SN18700;05.05.2011;0
Oslo - Blindern;SN18700;06.05.2011;0,1
Oslo - Blindern;SN18700;07.05.2011;0,1
Oslo - Blindern;SN18700;08.05.2011;0
Oslo - Blindern;SN18700;09.05.2011;0
Oslo - Blindern;SN18700;10.05.2011;0
Oslo - Blindern;SN18700;11.05.2011;0
Oslo - Blindern;SN18700;12.05.2011;3,7
Oslo - Blindern;SN18700;13.05.2011;0
Oslo - Blindern;SN18700;14.05.2011;0
Oslo - Blindern;SN18700;15.05.2011;17,3
Oslo - Blindern;SN18700;16.05.2011;11,5
Oslo - Blindern;SN18700;17.05.2011;0
Oslo - Blindern;SN18700;18.05.2011;1,7
Oslo - Blindern;SN18700;19.05.2011;13,1
Oslo - Blindern;SN18700;20.05.2011;0
Oslo - Blindern;SN18700;21.05.2011;0
Oslo - Blindern;SN18700;22.05.2011;0
Oslo - Blindern;SN18700;23.05.2011;3,3
Oslo - Blindern;SN18700;24.05.2011;0,4
Oslo - Blindern;SN18700;25.05.2011;0
Oslo - Blindern;SN18700;26.05.2011;0
Oslo - Blindern;SN18700;27.05.2011;9,7
Oslo - Blindern;SN18700;28.05.2011;0,3
Oslo - Blindern;SN18700;29.05.2011;1,6
Oslo - Blindern;SN18700;30.05.2011;2,9
Oslo - Blindern;SN18700;31.05.2011;2,2
Oslo - Blindern;SN18700;01.06.2011;16
Oslo - Blindern;SN18700;02.06.2011;0
Oslo - Blindern;SN18700;03.06.2011;0
Oslo - Blindern;SN18700;04.06.2011;0
Oslo - Blindern;SN18700;05.06.2011;0
Oslo - Blindern;SN18700;06.06.2011;0
Oslo - Blindern;SN18700;07.06.2011;1,4
Oslo - Blindern;SN18700;08.06.2011;7,9
Oslo - Blindern;SN18700;09.06.2011;1,8
Oslo - Blindern;SN18700;10.06.2011;21,1
Oslo - Blindern;SN18700;11.06.2011;32,2
Oslo - Blindern;SN18700;12.06.2011;8
Oslo - Blindern;SN18700;13.06.2011;0
Oslo - Blindern;SN18700;14.06.2011;4
Oslo - Blindern;SN18700;15.06.2011;5,8
Oslo - Blindern;SN18700;16.06.2011;3
Oslo - Blindern;SN18700;17.06.2011;0,4
Oslo - Blindern;SN18700;18.06.2011;16,9
Oslo - Blindern;SN18700;19.06.2011;0,7
Oslo - Blindern;SN18700;20.06.2011;0,7
Oslo - Blindern;SN18700;21.06.2011;0,4
Oslo - Blindern;SN18700;22.06.2011;0,2
Oslo - Blindern;SN18700;23.06.2011;0
Oslo - Blindern;SN18700;24.06.2011;20,1
Oslo - Blindern;SN18700;25.06.2011;13,8
Oslo - Blindern;SN18700;26.06.2011;0
Oslo - Blindern;SN18700;27.06.2011;0,2
Oslo - Blindern;SN18700;28.06.2011;2,2
Oslo - Blindern;SN18700;29.06.2011;0
Oslo - Blindern;SN18700;30.06.2011;0,1
Oslo - Blindern;SN18700;01.07.2011;0,7
Oslo - Blindern;SN18700;02.07.2011;0,3
Oslo - Blindern;SN18700;03.07.2011;0,1
Oslo - Blindern;SN18700;04.07.2011;0
Oslo - Blindern;SN18700;05.07.2011;0,3
Oslo - Blindern;SN18700;06.07.2011;0
Oslo - Blindern;SN18700;07.07.2011;0
Oslo - Blindern;SN18700;08.07.2011;0
Oslo - Blindern;SN18700;09.07.2011;4,7
Oslo - Blindern;SN18700;10.07.2011;11,8
Oslo - Blindern;SN18700;11.07.2011;1,8
Oslo - Blindern;SN18700;12.07.2011;0
Oslo - Blindern;SN18700;13.07.2011;0
Oslo - Blindern;SN18700;14.07.2011;0
Oslo - Blindern;SN18700;15.07.2011;0
Oslo - Blindern;SN18700;16.07.2011;0,6
Oslo - Blindern;SN18700;17.07.2011;0
Oslo - Blindern;SN18700;18.07.2011;11,6
Oslo - Blindern;SN18700;19.07.2011;13,8
Oslo - Blindern;SN18700;20.07.2011;2,1
Oslo - Blindern;SN18700;21.07.2011;0
Oslo - Blindern;SN18700;22.07.2011;0,1
Oslo - Blindern;SN18700;23.07.2011;13
Oslo - Blindern;SN18700;24.07.2011;27,1
Oslo - Blindern;SN18700;25.07.2011;11,2
Oslo - Blindern;SN18700;26.07.2011;3,8
Oslo - Blindern;SN18700;27.07.2011;0,3
Oslo - Blindern;SN18700;28.07.2011;0
Oslo - Blindern;SN18700;29.07.2011;0,1
Oslo - Blindern;SN18700;30.07.2011;3,5
Oslo - Blindern;SN18700;31.07.2011;0
Oslo - Blindern;SN18700;01.08.2011;0
Oslo - Blindern;SN18700;02.08.2011;0
Oslo - Blindern;SN18700;03.08.2011;0
Oslo - Blindern;SN18700;04.08.2011;0
Oslo - Blindern;SN18700;05.08.2011;0,2
Oslo - Blindern;SN18700;06.08.2011;25,1
Oslo - Blindern;SN18700;07.08.2011;0
Oslo - Blindern;SN18700;08.08.2011;8,1
Oslo - Blindern;SN18700;09.08.2011;0
Oslo - Blindern;SN18700;10.08.2011;25,2
Oslo - Blindern;SN18700;11.08.2011;8,4
Oslo - Blindern;SN18700;12.08.2011;0
Oslo - Blindern;SN18700;13.08.2011;0
Oslo - Blindern;SN18700;14.08.2011;0
Oslo - Blindern;SN18700;15.08.2011;18,3
Oslo - Blindern;SN18700;16.08.2011;2,9
Oslo - Blindern;SN18700;17.08.2011;0
Oslo - Blindern;SN18700;18.08.2011;2,8
Oslo - Blindern;SN18700;19.08.2011;0
Oslo - Blindern;SN18700;20.08.2011;6
Oslo - Blindern;SN18700;21.08.2011;0
Oslo - Blindern;SN18700;22.08.2011;6,6
Oslo - Blindern;SN18700;23.08.2011;0
Oslo - Blindern;SN18700;24.08.2011;0
Oslo - Blindern;SN18700;25.08.2011;10,8
Oslo - Blindern;SN18700;26.08.2011;3,8
Oslo - Blindern;SN18700;27.08.2011;4,3
Oslo - Blindern;SN18700;28.08.2011;21,4
Oslo - Blindern;SN18700;29.08.2011;23,1
Oslo - Blindern;SN18700;30.08.2011;22,4
Oslo - Blindern;SN18700;31.08.2011;0
Oslo - Blindern;SN18700;01.09.2011;8,1
Oslo - Blindern;SN18700;02.09.2011;2,7
Oslo - Blindern;SN18700;03.09.2011;0
Oslo - Blindern;SN18700;04.09.2011;3,3
Oslo - Blindern;SN18700;05.09.2011;21,2
Oslo - Blindern;SN18700;06.09.2011;7,9
Oslo - Blindern;SN18700;07.09.2011;19,7
Oslo - Blindern;SN18700;08.09.2011;17,5
Oslo - Blindern;SN18700;09.09.2011;0
Oslo - Blindern;SN18700;10.09.2011;0
Oslo - Blindern;SN18700;11.09.2011;19,5
Oslo - Blindern;SN18700;12.09.2011;8,6
Oslo - Blindern;SN18700;13.09.2011;12,8
Oslo - Blindern;SN18700;14.09.2011;5
Oslo - Blindern;SN18700;15.09.2011;0
Oslo - Blindern;SN18700;16.09.2011;0
Oslo - Blindern;SN18700;17.09.2011;0
Oslo - Blindern;SN18700;18.09.2011;1
Oslo - Blindern;SN18700;19.09.2011;13,7
Oslo - Blindern;SN18700;20.09.2011;6,8
Oslo - Blindern;SN18700;21.09.2011;0,1
Oslo - Blindern;SN18700;22.09.2011;1,7
Oslo - Blindern;SN18700;23.09.2011;0
Oslo - Blindern;SN18700;24.09.2011;0
Oslo - Blindern;SN18700;25.09.2011;0
Oslo - Blindern;SN18700;26.09.2011;0
Oslo - Blindern;SN18700;27.09.2011;0
Oslo - Blindern;SN18700;28.09.2011;0,1
Oslo - Blindern;SN18700;29.09.2011;0
Oslo - Blindern;SN18700;30.09.2011;0
Oslo - Blindern;SN18700;01.10.2011;0,2
Oslo - Blindern;SN18700;02.10.2011;1,4
Oslo - Blindern;SN18700;03.10.2011;11,8
Oslo - Blindern;SN18700;04.10.2011;0
Oslo - Blindern;SN18700;05.10.2011;0
Oslo - Blindern;SN18700;06.10.2011;0
Oslo - Blindern;SN18700;07.10.2011;0
Oslo - Blindern;SN18700;08.10.2011;0
Oslo - Blindern;SN18700;09.10.2011;0
Oslo - Blindern;SN18700;10.10.2011;23,9
Oslo - Blindern;SN18700;11.10.2011;0
Oslo - Blindern;SN18700;12.10.2011;0
Oslo - Blindern;SN18700;13.10.2011;0
Oslo - Blindern;SN18700;14.10.2011;0
Oslo - Blindern;SN18700;15.10.2011;0
Oslo - Blindern;SN18700;16.10.2011;0
Oslo - Blindern;SN18700;17.10.2011;0
Oslo - Blindern;SN18700;18.10.2011;16,8
Oslo - Blindern;SN18700;19.10.2011;0
Oslo - Blindern;SN18700;20.10.2011;0
Oslo - Blindern;SN18700;21.10.2011;0
Oslo - Blindern;SN18700;22.10.2011;2,5
Oslo - Blindern;SN18700;23.10.2011;0
Oslo - Blindern;SN18700;24.10.2011;0
Oslo - Blindern;SN18700;25.10.2011;0,1
Oslo - Blindern;SN18700;26.10.2011;0
Oslo - Blindern;SN18700;27.10.2011;12,6
Oslo - Blindern;SN18700;28.10.2011;1,7
Oslo - Blindern;SN18700;29.10.2011;2
Oslo - Blindern;SN18700;30.10.2011;1,4
Oslo - Blindern;SN18700;31.10.2011;0,9
Oslo - Blindern;SN18700;01.11.2011;0
Oslo - Blindern;SN18700;02.11.2011;0,3
Oslo - Blindern;SN18700;03.11.2011;1,1
Oslo - Blindern;SN18700;04.11.2011;4
Oslo - Blindern;SN18700;05.11.2011;2,6
Oslo - Blindern;SN18700;06.11.2011;1,5
Oslo - Blindern;SN18700;07.11.2011;0
Oslo - Blindern;SN18700;08.11.2011;0
Oslo - Blindern;SN18700;09.11.2011;0
Oslo - Blindern;SN18700;10.11.2011;0
Oslo - Blindern;SN18700;11.11.2011;0
Oslo - Blindern;SN18700;12.11.2011;0
Oslo - Blindern;SN18700;13.11.2011;0
Oslo - Blindern;SN18700;14.11.2011;0
Oslo - Blindern;SN18700;15.11.2011;0
Oslo - Blindern;SN18700;16.11.2011;0
Oslo - Blindern;SN18700;17.11.2011;0
Oslo - Blindern;SN18700;18.11.2011;0
Oslo - Blindern;SN18700;19.11.2011;1,2
Oslo - Blindern;SN18700;20.11.2011;0,6
Oslo - Blindern;SN18700;21.11.2011;0,1
Oslo - Blindern;SN18700;22.11.2011;0
Oslo - Blindern;SN18700;23.11.2011;0,5
Oslo - Blindern;SN18700;24.11.2011;0
Oslo - Blindern;SN18700;25.11.2011;0,9
Oslo - Blindern;SN18700;26.11.2011;0
Oslo - Blindern;SN18700;27.11.2011;0
Oslo - Blindern;SN18700;28.11.2011;0
Oslo - Blindern;SN18700;29.11.2011;0
Oslo - Blindern;SN18700;30.11.2011;2,4
Oslo - Blindern;SN18700;01.12.2011;3,4
Oslo - Blindern;SN18700;02.12.2011;3,3
Oslo - Blindern;SN18700;03.12.2011;0,4
Oslo - Blindern;SN18700;04.12.2011;5,4
Oslo - Blindern;SN18700;05.12.2011;0
Oslo - Blindern;SN18700;06.12.2011;0
Oslo - Blindern;SN18700;07.12.2011;5,9
Oslo - Blindern;SN18700;08.12.2011;0
Oslo - Blindern;SN18700;09.12.2011;14,1
Oslo - Blindern;SN18700;10.12.2011;1
Oslo - Blindern;SN18700;11.12.2011;0
Oslo - Blindern;SN18700;12.12.2011;11,5
Oslo - Blindern;SN18700;13.12.2011;7,2
Oslo - Blindern;SN18700;14.12.2011;6,4
Oslo - Blindern;SN18700;15.12.2011;0
Oslo - Blindern;SN18700;16.12.2011;0
Oslo - Blindern;SN18700;17.12.2011;5,4
Oslo - Blindern;SN18700;18.12.2011;0
Oslo - Blindern;SN18700;19.12.2011;0
Oslo - Blindern;SN18700;20.12.2011;0
Oslo - Blindern;SN18700;21.12.2011;0,2
Oslo - Blindern;SN18700;22.12.2011;0,6
Oslo - Blindern;SN18700;23.12.2011;1,7
Oslo - Blindern;SN18700;24.12.2011;0
Oslo - Blindern;SN18700;25.12.2011;0
Oslo - Blindern;SN18700;26.12.2011;0
Oslo - Blindern;SN18700;27.12.2011;0
Oslo - Blindern;SN18700;28.12.2011;0
Oslo - Blindern;SN18700;29.12.2011;3,4
Oslo - Blindern;SN18700;30.12.2011;0,1
Oslo - Blindern;SN18700;31.12.2011;0
Oslo - Blindern;SN18700;01.01.2012;7
Oslo - Blindern;SN18700;02.01.2012;8,2
Oslo - Blindern;SN18700;03.01.2012;0
Oslo - Blindern;SN18700;04.01.2012;9,9
Oslo - Blindern;SN18700;05.01.2012;0
Oslo - Blindern;SN18700;06.01.2012;0
Oslo - Blindern;SN18700;07.01.2012;0
Oslo - Blindern;SN18700;08.01.2012;3,2
Oslo - Blindern;SN18700;09.01.2012;0
Oslo - Blindern;SN18700;10.01.2012;7,5
Oslo - Blindern;SN18700;11.01.2012;0
Oslo - Blindern;SN18700;12.01.2012;0
Oslo - Blindern;SN18700;13.01.2012;0
Oslo - Blindern;SN18700;14.01.2012;0
Oslo - Blindern;SN18700;15.01.2012;0
Oslo - Blindern;SN18700;16.01.2012;0
Oslo - Blindern;SN18700;17.01.2012;0
Oslo - Blindern;SN18700;18.01.2012;0
Oslo - Blindern;SN18700;19.01.2012;5,3
Oslo - Blindern;SN18700;20.01.2012;0
Oslo - Blindern;SN18700;21.01.2012;0
Oslo - Blindern;SN18700;22.01.2012;12
Oslo - Blindern;SN18700;23.01.2012;0
Oslo - Blindern;SN18700;24.01.2012;0,2
Oslo - Blindern;SN18700;25.01.2012;0
Oslo - Blindern;SN18700;26.01.2012;0,1
Oslo - Blindern;SN18700;27.01.2012;0
Oslo - Blindern;SN18700;28.01.2012;0,8
Oslo - Blindern;SN18700;29.01.2012;0,1
Oslo - Blindern;SN18700;30.01.2012;0
Oslo - Blindern;SN18700;31.01.2012;0
Oslo - Blindern;SN18700;01.02.2012;0
Oslo - Blindern;SN18700;02.02.2012;0,2
Oslo - Blindern;SN18700;03.02.2012;0
Oslo - Blindern;SN18700;04.02.2012;0
Oslo - Blindern;SN18700;05.02.2012;2,8
Oslo - Blindern;SN18700;06.02.2012;0,9
Oslo - Blindern;SN18700;07.02.2012;2,1
Oslo - Blindern;SN18700;08.02.2012;0
Oslo - Blindern;SN18700;09.02.2012;0
Oslo - Blindern;SN18700;10.02.2012;0
Oslo - Blindern;SN18700;11.02.2012;0
Oslo - Blindern;SN18700;12.02.2012;0
Oslo - Blindern;SN18700;13.02.2012;0
Oslo - Blindern;SN18700;14.02.2012;0,1
Oslo - Blindern;SN18700;15.02.2012;0
Oslo - Blindern;SN18700;16.02.2012;0
Oslo - Blindern;SN18700;17.02.2012;0,5
Oslo - Blindern;SN18700;18.02.2012;0,3
Oslo - Blindern;SN18700;19.02.2012;1,2
Oslo - Blindern;SN18700;20.02.2012;0
Oslo - Blindern;SN18700;21.02.2012;0
Oslo - Blindern;SN18700;22.02.2012;1,2
Oslo - Blindern;SN18700;23.02.2012;0,6
Oslo - Blindern;SN18700;24.02.2012;0
Oslo - Blindern;SN18700;25.02.2012;0
Oslo - Blindern;SN18700;26.02.2012;0
Oslo - Blindern;SN18700;27.02.2012;0
Oslo - Blindern;SN18700;28.02.2012;4,3
Oslo - Blindern;SN18700;29.02.2012;0
Oslo - Blindern;SN18700;01.03.2012;0
Oslo - Blindern;SN18700;02.03.2012;0
Oslo - Blindern;SN18700;03.03.2012;0
Oslo - Blindern;SN18700;04.03.2012;0
Oslo - Blindern;SN18700;05.03.2012;0
Oslo - Blindern;SN18700;06.03.2012;0
Oslo - Blindern;SN18700;07.03.2012;0
Oslo - Blindern;SN18700;08.03.2012;15,2
Oslo - Blindern;SN18700;09.03.2012;0,1
Oslo - Blindern;SN18700;10.03.2012;0
Oslo - Blindern;SN18700;11.03.2012;0
Oslo - Blindern;SN18700;12.03.2012;0
Oslo - Blindern;SN18700;13.03.2012;0
Oslo - Blindern;SN18700;14.03.2012;0
Oslo - Blindern;SN18700;15.03.2012;0
Oslo - Blindern;SN18700;16.03.2012;0
Oslo - Blindern;SN18700;17.03.2012;0
Oslo - Blindern;SN18700;18.03.2012;2,5
Oslo - Blindern;SN18700;19.03.2012;0
Oslo - Blindern;SN18700;20.03.2012;0
Oslo - Blindern;SN18700;21.03.2012;0
Oslo - Blindern;SN18700;22.03.2012;0
Oslo - Blindern;SN18700;23.03.2012;0
Oslo - Blindern;SN18700;24.03.2012;0
Oslo - Blindern;SN18700;25.03.2012;0
Oslo - Blindern;SN18700;26.03.2012;0
Oslo - Blindern;SN18700;27.03.2012;0
Oslo - Blindern;SN18700;28.03.2012;0
Oslo - Blindern;SN18700;29.03.2012;0
Oslo - Blindern;SN18700;30.03.2012;0
Oslo - Blindern;SN18700;31.03.2012;0
Oslo - Blindern;SN18700;01.04.2012;0
Oslo - Blindern;SN18700;02.04.2012;0
Oslo - Blindern;SN18700;03.04.2012;0
Oslo - Blindern;SN18700;04.04.2012;0
Oslo - Blindern;SN18700;05.04.2012;0
Oslo - Blindern;SN18700;06.04.2012;0
Oslo - Blindern;SN18700;07.04.2012;0
Oslo - Blindern;SN18700;08.04.2012;0
Oslo - Blindern;SN18700;09.04.2012;0,1
Oslo - Blindern;SN18700;10.04.2012;18,8
Oslo - Blindern;SN18700;11.04.2012;6,8
Oslo - Blindern;SN18700;12.04.2012;1
Oslo - Blindern;SN18700;13.04.2012;0
Oslo - Blindern;SN18700;14.04.2012;0
Oslo - Blindern;SN18700;15.04.2012;0
Oslo - Blindern;SN18700;16.04.2012;5,3
Oslo - Blindern;SN18700;17.04.2012;0,5
Oslo - Blindern;SN18700;18.04.2012;0
Oslo - Blindern;SN18700;19.04.2012;10
Oslo - Blindern;SN18700;20.04.2012;0
Oslo - Blindern;SN18700;21.04.2012;1
Oslo - Blindern;SN18700;22.04.2012;0
Oslo - Blindern;SN18700;23.04.2012;5,1
Oslo - Blindern;SN18700;24.04.2012;1,3
Oslo - Blindern;SN18700;25.04.2012;0
Oslo - Blindern;SN18700;26.04.2012;4
Oslo - Blindern;SN18700;27.04.2012;16,2
Oslo - Blindern;SN18700;28.04.2012;0,1
Oslo - Blindern;SN18700;29.04.2012;0
Oslo - Blindern;SN18700;30.04.2012;0
Oslo - Blindern;SN18700;01.05.2012;2,3
Oslo - Blindern;SN18700;02.05.2012;0
Oslo - Blindern;SN18700;03.05.2012;0
Oslo - Blindern;SN18700;04.05.2012;1,4
Oslo - Blindern;SN18700;05.05.2012;5,6
Oslo - Blindern;SN18700;06.05.2012;0,6
Oslo - Blindern;SN18700;07.05.2012;0
Oslo - Blindern;SN18700;08.05.2012;0
Oslo - Blindern;SN18700;09.05.2012;10,3
Oslo - Blindern;SN18700;10.05.2012;2,4
Oslo - Blindern;SN18700;11.05.2012;9,2
Oslo - Blindern;SN18700;12.05.2012;6,7
Oslo - Blindern;SN18700;13.05.2012;0
Oslo - Blindern;SN18700;14.05.2012;0,3
Oslo - Blindern;SN18700;15.05.2012;0
Oslo - Blindern;SN18700;16.05.2012;3
Oslo - Blindern;SN18700;17.05.2012;10,1
Oslo - Blindern;SN18700;18.05.2012;1,5
Oslo - Blindern;SN18700;19.05.2012;0
Oslo - Blindern;SN18700;20.05.2012;5,8
Oslo - Blindern;SN18700;21.05.2012;0
Oslo - Blindern;SN18700;22.05.2012;0
Oslo - Blindern;SN18700;23.05.2012;0
Oslo - Blindern;SN18700;24.05.2012;0
Oslo - Blindern;SN18700;25.05.2012;0
Oslo - Blindern;SN18700;26.05.2012;0
Oslo - Blindern;SN18700;27.05.2012;0
Oslo - Blindern;SN18700;28.05.2012;0
Oslo - Blindern;SN18700;29.05.2012;0
Oslo - Blindern;SN18700;30.05.2012;0
Oslo - Blindern;SN18700;31.05.2012;0
Oslo - Blindern;SN18700;01.06.2012;0,7
Oslo - Blindern;SN18700;02.06.2012;0
Oslo - Blindern;SN18700;03.06.2012;0
Oslo - Blindern;SN18700;04.06.2012;2
Oslo - Blindern;SN18700;05.06.2012;2,2
Oslo - Blindern;SN18700;06.06.2012;3,4
Oslo - Blindern;SN18700;07.06.2012;0
Oslo - Blindern;SN18700;08.06.2012;0
Oslo - Blindern;SN18700;09.06.2012;3
Oslo - Blindern;SN18700;10.06.2012;3,4
Oslo - Blindern;SN18700;11.06.2012;0
Oslo - Blindern;SN18700;12.06.2012;0
Oslo - Blindern;SN18700;13.06.2012;1,1
Oslo - Blindern;SN18700;14.06.2012;0
Oslo - Blindern;SN18700;15.06.2012;6,1
Oslo - Blindern;SN18700;16.06.2012;7,8
Oslo - Blindern;SN18700;17.06.2012;11,2
Oslo - Blindern;SN18700;18.06.2012;1,7
Oslo - Blindern;SN18700;19.06.2012;4,2
Oslo - Blindern;SN18700;20.06.2012;0
Oslo - Blindern;SN18700;21.06.2012;0,1
Oslo - Blindern;SN18700;22.06.2012;0
Oslo - Blindern;SN18700;23.06.2012;3
Oslo - Blindern;SN18700;24.06.2012;8,4
Oslo - Blindern;SN18700;25.06.2012;14,9
Oslo - Blindern;SN18700;26.06.2012;5,2
Oslo - Blindern;SN18700;27.06.2012;0,4
Oslo - Blindern;SN18700;28.06.2012;0
Oslo - Blindern;SN18700;29.06.2012;0,2
Oslo - Blindern;SN18700;30.06.2012;14,8
Oslo - Blindern;SN18700;01.07.2012;0
Oslo - Blindern;SN18700;02.07.2012;13,1
Oslo - Blindern;SN18700;03.07.2012;0
Oslo - Blindern;SN18700;04.07.2012;0,1
Oslo - Blindern;SN18700;05.07.2012;0
Oslo - Blindern;SN18700;06.07.2012;0
Oslo - Blindern;SN18700;07.07.2012;9,6
Oslo - Blindern;SN18700;08.07.2012;5,6
Oslo - Blindern;SN18700;09.07.2012;9,5
Oslo - Blindern;SN18700;10.07.2012;8,4
Oslo - Blindern;SN18700;11.07.2012;35,7
Oslo - Blindern;SN18700;12.07.2012;5,5
Oslo - Blindern;SN18700;13.07.2012;8,4
Oslo - Blindern;SN18700;14.07.2012;6,3
Oslo - Blindern;SN18700;15.07.2012;0
Oslo - Blindern;SN18700;16.07.2012;0,1
Oslo - Blindern;SN18700;17.07.2012;0
Oslo - Blindern;SN18700;18.07.2012;0,1
Oslo - Blindern;SN18700;19.07.2012;1,8
Oslo - Blindern;SN18700;20.07.2012;0,3
Oslo - Blindern;SN18700;21.07.2012;12,7
Oslo - Blindern;SN18700;22.07.2012;2,5
Oslo - Blindern;SN18700;23.07.2012;5,8
Oslo - Blindern;SN18700;24.07.2012;1,6
Oslo - Blindern;SN18700;25.07.2012;0
Oslo - Blindern;SN18700;26.07.2012;0
Oslo - Blindern;SN18700;27.07.2012;0
Oslo - Blindern;SN18700;28.07.2012;0,8
Oslo - Blindern;SN18700;29.07.2012;21,2
Oslo - Blindern;SN18700;30.07.2012;0
Oslo - Blindern;SN18700;31.07.2012;0,3
Oslo - Blindern;SN18700;01.08.2012;0,9
Oslo - Blindern;SN18700;02.08.2012;2
Oslo - Blindern;SN18700;03.08.2012;25,3
Oslo - Blindern;SN18700;04.08.2012;0
Oslo - Blindern;SN18700;05.08.2012;5,7
Oslo - Blindern;SN18700;06.08.2012;0
Oslo - Blindern;SN18700;07.08.2012;8,5
Oslo - Blindern;SN18700;08.08.2012;1,4
Oslo - Blindern;SN18700;09.08.2012;0
Oslo - Blindern;SN18700;10.08.2012;1,9
Oslo - Blindern;SN18700;11.08.2012;0
Oslo - Blindern;SN18700;12.08.2012;0
Oslo - Blindern;SN18700;13.08.2012;0
Oslo - Blindern;SN18700;14.08.2012;1,5
Oslo - Blindern;SN18700;15.08.2012;0
Oslo - Blindern;SN18700;16.08.2012;0
Oslo - Blindern;SN18700;17.08.2012;2,2
Oslo - Blindern;SN18700;18.08.2012;3,9
Oslo - Blindern;SN18700;19.08.2012;8,3
Oslo - Blindern;SN18700;20.08.2012;0
Oslo - Blindern;SN18700;21.08.2012;10,9
Oslo - Blindern;SN18700;22.08.2012;0
Oslo - Blindern;SN18700;23.08.2012;6,3
Oslo - Blindern;SN18700;24.08.2012;4,8
Oslo - Blindern;SN18700;25.08.2012;1,3
Oslo - Blindern;SN18700;26.08.2012;4,3
Oslo - Blindern;SN18700;27.08.2012;0,8
Oslo - Blindern;SN18700;28.08.2012;0
Oslo - Blindern;SN18700;29.08.2012;5,5
Oslo - Blindern;SN18700;30.08.2012;2,4
Oslo - Blindern;SN18700;31.08.2012;0
Oslo - Blindern;SN18700;01.09.2012;0
Oslo - Blindern;SN18700;02.09.2012;2,4
Oslo - Blindern;SN18700;03.09.2012;0
Oslo - Blindern;SN18700;04.09.2012;0
Oslo - Blindern;SN18700;05.09.2012;2,8
Oslo - Blindern;SN18700;06.09.2012;0
Oslo - Blindern;SN18700;07.09.2012;1,9
Oslo - Blindern;SN18700;08.09.2012;0
Oslo - Blindern;SN18700;09.09.2012;0
Oslo - Blindern;SN18700;10.09.2012;0,1
Oslo - Blindern;SN18700;11.09.2012;3,4
Oslo - Blindern;SN18700;12.09.2012;3
Oslo - Blindern;SN18700;13.09.2012;3
Oslo - Blindern;SN18700;14.09.2012;6,6
Oslo - Blindern;SN18700;15.09.2012;2
Oslo - Blindern;SN18700;16.09.2012;0
Oslo - Blindern;SN18700;17.09.2012;1,5
Oslo - Blindern;SN18700;18.09.2012;6,8
Oslo - Blindern;SN18700;19.09.2012;10,5
Oslo - Blindern;SN18700;20.09.2012;0
Oslo - Blindern;SN18700;21.09.2012;0,2
Oslo - Blindern;SN18700;22.09.2012;0
Oslo - Blindern;SN18700;23.09.2012;0,2
Oslo - Blindern;SN18700;24.09.2012;0
Oslo - Blindern;SN18700;25.09.2012;0
Oslo - Blindern;SN18700;26.09.2012;21,9
Oslo - Blindern;SN18700;27.09.2012;7,5
Oslo - Blindern;SN18700;28.09.2012;0
Oslo - Blindern;SN18700;29.09.2012;9,7
Oslo - Blindern;SN18700;30.09.2012;0,4
Oslo - Blindern;SN18700;01.10.2012;6,3
Oslo - Blindern;SN18700;02.10.2012;0,5
Oslo - Blindern;SN18700;03.10.2012;9,6
Oslo - Blindern;SN18700;04.10.2012;14,9
Oslo - Blindern;SN18700;05.10.2012;0,2
Oslo - Blindern;SN18700;06.10.2012;0
Oslo - Blindern;SN18700;07.10.2012;0
Oslo - Blindern;SN18700;08.10.2012;0
Oslo - Blindern;SN18700;09.10.2012;12,6
Oslo - Blindern;SN18700;10.10.2012;0
Oslo - Blindern;SN18700;11.10.2012;0
Oslo - Blindern;SN18700;12.10.2012;0
Oslo - Blindern;SN18700;13.10.2012;0
Oslo - Blindern;SN18700;14.10.2012;0
Oslo - Blindern;SN18700;15.10.2012;8,3
Oslo - Blindern;SN18700;16.10.2012;2,5
Oslo - Blindern;SN18700;17.10.2012;15,5
Oslo - Blindern;SN18700;18.10.2012;1,1
Oslo - Blindern;SN18700;19.10.2012;10,3
Oslo - Blindern;SN18700;20.10.2012;0,2
Oslo - Blindern;SN18700;21.10.2012;14,9
Oslo - Blindern;SN18700;22.10.2012;0
Oslo - Blindern;SN18700;23.10.2012;0
Oslo - Blindern;SN18700;24.10.2012;0
Oslo - Blindern;SN18700;25.10.2012;0,7
Oslo - Blindern;SN18700;26.10.2012;0
Oslo - Blindern;SN18700;27.10.2012;0
Oslo - Blindern;SN18700;28.10.2012;0
Oslo - Blindern;SN18700;29.10.2012;13
Oslo - Blindern;SN18700;30.10.2012;5,1
Oslo - Blindern;SN18700;31.10.2012;0,8
Oslo - Blindern;SN18700;01.11.2012;19,4
Oslo - Blindern;SN18700;02.11.2012;11,6
Oslo - Blindern;SN18700;03.11.2012;5,9
Oslo - Blindern;SN18700;04.11.2012;11,4
Oslo - Blindern;SN18700;05.11.2012;1,8
Oslo - Blindern;SN18700;06.11.2012;0
Oslo - Blindern;SN18700;07.11.2012;2,3
Oslo - Blindern;SN18700;08.11.2012;0,2
Oslo - Blindern;SN18700;09.11.2012;1,3
Oslo - Blindern;SN18700;10.11.2012;9,9
Oslo - Blindern;SN18700;11.11.2012;12,3
Oslo - Blindern;SN18700;12.11.2012;14,4
Oslo - Blindern;SN18700;13.11.2012;0
Oslo - Blindern;SN18700;14.11.2012;0,2
Oslo - Blindern;SN18700;15.11.2012;1,5
Oslo - Blindern;SN18700;16.11.2012;0
Oslo - Blindern;SN18700;17.11.2012;0
Oslo - Blindern;SN18700;18.11.2012;26,5
Oslo - Blindern;SN18700;19.11.2012;0,1
Oslo - Blindern;SN18700;20.11.2012;3,2
Oslo - Blindern;SN18700;21.11.2012;3,6
Oslo - Blindern;SN18700;22.11.2012;6,1
Oslo - Blindern;SN18700;23.11.2012;5,2
Oslo - Blindern;SN18700;24.11.2012;2,2
Oslo - Blindern;SN18700;25.11.2012;0
Oslo - Blindern;SN18700;26.11.2012;0,1
Oslo - Blindern;SN18700;27.11.2012;3,7
Oslo - Blindern;SN18700;28.11.2012;7,1
Oslo - Blindern;SN18700;29.11.2012;0
Oslo - Blindern;SN18700;30.11.2012;0
Oslo - Blindern;SN18700;01.12.2012;0
Oslo - Blindern;SN18700;02.12.2012;0
Oslo - Blindern;SN18700;03.12.2012;0
Oslo - Blindern;SN18700;04.12.2012;0
Oslo - Blindern;SN18700;05.12.2012;1
Oslo - Blindern;SN18700;06.12.2012;0
Oslo - Blindern;SN18700;07.12.2012;0
Oslo - Blindern;SN18700;08.12.2012;0
Oslo - Blindern;SN18700;09.12.2012;0,2
Oslo - Blindern;SN18700;10.12.2012;0,6
Oslo - Blindern;SN18700;11.12.2012;0
Oslo - Blindern;SN18700;12.12.2012;0,2
Oslo - Blindern;SN18700;13.12.2012;0,1
Oslo - Blindern;SN18700;14.12.2012;0,5
Oslo - Blindern;SN18700;15.12.2012;0,2
Oslo - Blindern;SN18700;16.12.2012;15
Oslo - Blindern;SN18700;17.12.2012;14
Oslo - Blindern;SN18700;18.12.2012;0,2
Oslo - Blindern;SN18700;19.12.2012;0
Oslo - Blindern;SN18700;20.12.2012;0
Oslo - Blindern;SN18700;21.12.2012;0
Oslo - Blindern;SN18700;22.12.2012;0,4
Oslo - Blindern;SN18700;23.12.2012;0,4
Oslo - Blindern;SN18700;24.12.2012;4,3
Oslo - Blindern;SN18700;25.12.2012;3
Oslo - Blindern;SN18700;26.12.2012;3,6
Oslo - Blindern;SN18700;27.12.2012;5
Oslo - Blindern;SN18700;28.12.2012;0
Oslo - Blindern;SN18700;29.12.2012;9,5
Oslo - Blindern;SN18700;30.12.2012;4,4
Oslo - Blindern;SN18700;31.12.2012;1,4
Oslo - Blindern;SN18700;01.01.2013;5,6
Oslo - Blindern;SN18700;02.01.2013;0
Oslo - Blindern;SN18700;03.01.2013;3,5
Oslo - Blindern;SN18700;04.01.2013;0
Oslo - Blindern;SN18700;05.01.2013;0
Oslo - Blindern;SN18700;06.01.2013;0
Oslo - Blindern;SN18700;07.01.2013;0
Oslo - Blindern;SN18700;08.01.2013;0,1
Oslo - Blindern;SN18700;09.01.2013;1,3
Oslo - Blindern;SN18700;10.01.2013;0
Oslo - Blindern;SN18700;11.01.2013;0
Oslo - Blindern;SN18700;12.01.2013;0
Oslo - Blindern;SN18700;13.01.2013;0
Oslo - Blindern;SN18700;14.01.2013;0
Oslo - Blindern;SN18700;15.01.2013;0,1
Oslo - Blindern;SN18700;16.01.2013;0,1
Oslo - Blindern;SN18700;17.01.2013;0,1
Oslo - Blindern;SN18700;18.01.2013;0,4
Oslo - Blindern;SN18700;19.01.2013;0
Oslo - Blindern;SN18700;20.01.2013;0
Oslo - Blindern;SN18700;21.01.2013;0
Oslo - Blindern;SN18700;22.01.2013;0
Oslo - Blindern;SN18700;23.01.2013;0
Oslo - Blindern;SN18700;24.01.2013;0
Oslo - Blindern;SN18700;25.01.2013;0
Oslo - Blindern;SN18700;26.01.2013;3,6
Oslo - Blindern;SN18700;27.01.2013;5,3
Oslo - Blindern;SN18700;28.01.2013;8,1
Oslo - Blindern;SN18700;29.01.2013;2,4
Oslo - Blindern;SN18700;30.01.2013;11
Oslo - Blindern;SN18700;31.01.2013;0
Oslo - Blindern;SN18700;01.02.2013;0
Oslo - Blindern;SN18700;02.02.2013;0
Oslo - Blindern;SN18700;03.02.2013;0
Oslo - Blindern;SN18700;04.02.2013;0,3
Oslo - Blindern;SN18700;05.02.2013;8
Oslo - Blindern;SN18700;06.02.2013;0,1
Oslo - Blindern;SN18700;07.02.2013;0,1
Oslo - Blindern;SN18700;08.02.2013;0,1
Oslo - Blindern;SN18700;09.02.2013;0
Oslo - Blindern;SN18700;10.02.2013;1
Oslo - Blindern;SN18700;11.02.2013;0
Oslo - Blindern;SN18700;12.02.2013;0,1
Oslo - Blindern;SN18700;13.02.2013;0
Oslo - Blindern;SN18700;14.02.2013;0,1
Oslo - Blindern;SN18700;15.02.2013;0
Oslo - Blindern;SN18700;16.02.2013;0,4
Oslo - Blindern;SN18700;17.02.2013;1,4
Oslo - Blindern;SN18700;18.02.2013;2,3
Oslo - Blindern;SN18700;19.02.2013;4
Oslo - Blindern;SN18700;20.02.2013;0
Oslo - Blindern;SN18700;21.02.2013;0
Oslo - Blindern;SN18700;22.02.2013;0
Oslo - Blindern;SN18700;23.02.2013;0,2
Oslo - Blindern;SN18700;24.02.2013;0
Oslo - Blindern;SN18700;25.02.2013;0
Oslo - Blindern;SN18700;26.02.2013;0
Oslo - Blindern;SN18700;27.02.2013;0
Oslo - Blindern;SN18700;28.02.2013;0
Oslo - Blindern;SN18700;01.03.2013;0
Oslo - Blindern;SN18700;02.03.2013;0
Oslo - Blindern;SN18700;03.03.2013;0
Oslo - Blindern;SN18700;04.03.2013;0
Oslo - Blindern;SN18700;05.03.2013;0
Oslo - Blindern;SN18700;06.03.2013;0
Oslo - Blindern;SN18700;07.03.2013;0
Oslo - Blindern;SN18700;08.03.2013;0
Oslo - Blindern;SN18700;09.03.2013;0
Oslo - Blindern;SN18700;10.03.2013;0,1
Oslo - Blindern;SN18700;11.03.2013;0
Oslo - Blindern;SN18700;12.03.2013;0
Oslo - Blindern;SN18700;13.03.2013;0
Oslo - Blindern;SN18700;14.03.2013;0
Oslo - Blindern;SN18700;15.03.2013;0
Oslo - Blindern;SN18700;16.03.2013;6,9
Oslo - Blindern;SN18700;17.03.2013;1,2
Oslo - Blindern;SN18700;18.03.2013;0,4
Oslo - Blindern;SN18700;19.03.2013;0
Oslo - Blindern;SN18700;20.03.2013;0
Oslo - Blindern;SN18700;21.03.2013;0,1
Oslo - Blindern;SN18700;22.03.2013;0
Oslo - Blindern;SN18700;23.03.2013;0
Oslo - Blindern;SN18700;24.03.2013;0
Oslo - Blindern;SN18700;25.03.2013;0
Oslo - Blindern;SN18700;26.03.2013;0
Oslo - Blindern;SN18700;27.03.2013;0
Oslo - Blindern;SN18700;28.03.2013;0
Oslo - Blindern;SN18700;29.03.2013;0
Oslo - Blindern;SN18700;30.03.2013;0
Oslo - Blindern;SN18700;31.03.2013;0
Oslo - Blindern;SN18700;01.04.2013;0
Oslo - Blindern;SN18700;02.04.2013;0
Oslo - Blindern;SN18700;03.04.2013;0
Oslo - Blindern;SN18700;04.04.2013;0
Oslo - Blindern;SN18700;05.04.2013;0
Oslo - Blindern;SN18700;06.04.2013;0
Oslo - Blindern;SN18700;07.04.2013;0
Oslo - Blindern;SN18700;08.04.2013;0
Oslo - Blindern;SN18700;09.04.2013;0
Oslo - Blindern;SN18700;10.04.2013;0
Oslo - Blindern;SN18700;11.04.2013;0
Oslo - Blindern;SN18700;12.04.2013;0,2
Oslo - Blindern;SN18700;13.04.2013;0,3
Oslo - Blindern;SN18700;14.04.2013;0
Oslo - Blindern;SN18700;15.04.2013;8,4
Oslo - Blindern;SN18700;16.04.2013;2,5
Oslo - Blindern;SN18700;17.04.2013;5,3
Oslo - Blindern;SN18700;18.04.2013;5,5
Oslo - Blindern;SN18700;19.04.2013;5,8
Oslo - Blindern;SN18700;20.04.2013;1,6
Oslo - Blindern;SN18700;21.04.2013;0
Oslo - Blindern;SN18700;22.04.2013;0
Oslo - Blindern;SN18700;23.04.2013;0
Oslo - Blindern;SN18700;24.04.2013;0
Oslo - Blindern;SN18700;25.04.2013;0
Oslo - Blindern;SN18700;26.04.2013;1,4
Oslo - Blindern;SN18700;27.04.2013;0,4
Oslo - Blindern;SN18700;28.04.2013;0
Oslo - Blindern;SN18700;29.04.2013;6,6
Oslo - Blindern;SN18700;30.04.2013;2,6
Oslo - Blindern;SN18700;01.05.2013;0
Oslo - Blindern;SN18700;02.05.2013;0
Oslo - Blindern;SN18700;03.05.2013;0
Oslo - Blindern;SN18700;04.05.2013;0,9
Oslo - Blindern;SN18700;05.05.2013;9,9
Oslo - Blindern;SN18700;06.05.2013;0
Oslo - Blindern;SN18700;07.05.2013;0,7
Oslo - Blindern;SN18700;08.05.2013;0
Oslo - Blindern;SN18700;09.05.2013;10,4
Oslo - Blindern;SN18700;10.05.2013;3,8
Oslo - Blindern;SN18700;11.05.2013;0,9
Oslo - Blindern;SN18700;12.05.2013;3
Oslo - Blindern;SN18700;13.05.2013;2,3
Oslo - Blindern;SN18700;14.05.2013;3,9
Oslo - Blindern;SN18700;15.05.2013;1,3
Oslo - Blindern;SN18700;16.05.2013;0,2
Oslo - Blindern;SN18700;17.05.2013;0
Oslo - Blindern;SN18700;18.05.2013;0,3
Oslo - Blindern;SN18700;19.05.2013;0
Oslo - Blindern;SN18700;20.05.2013;1,9
Oslo - Blindern;SN18700;21.05.2013;0,1
Oslo - Blindern;SN18700;22.05.2013;15,6
Oslo - Blindern;SN18700;23.05.2013;19,7
Oslo - Blindern;SN18700;24.05.2013;4,5
Oslo - Blindern;SN18700;25.05.2013;0
Oslo - Blindern;SN18700;26.05.2013;0
Oslo - Blindern;SN18700;27.05.2013;0,5
Oslo - Blindern;SN18700;28.05.2013;5,3
Oslo - Blindern;SN18700;29.05.2013;2,9
Oslo - Blindern;SN18700;30.05.2013;1,2
Oslo - Blindern;SN18700;31.05.2013;0,1
Oslo - Blindern;SN18700;01.06.2013;0,6
Oslo - Blindern;SN18700;02.06.2013;3,5
Oslo - Blindern;SN18700;03.06.2013;18,4
Oslo - Blindern;SN18700;04.06.2013;0
Oslo - Blindern;SN18700;05.06.2013;1,9
Oslo - Blindern;SN18700;06.06.2013;3,4
Oslo - Blindern;SN18700;07.06.2013;0
Oslo - Blindern;SN18700;08.06.2013;0
Oslo - Blindern;SN18700;09.06.2013;0
Oslo - Blindern;SN18700;10.06.2013;2,9
Oslo - Blindern;SN18700;11.06.2013;0,1
Oslo - Blindern;SN18700;12.06.2013;0
Oslo - Blindern;SN18700;13.06.2013;13,9
Oslo - Blindern;SN18700;14.06.2013;3,8
Oslo - Blindern;SN18700;15.06.2013;0
Oslo - Blindern;SN18700;16.06.2013;6,2
Oslo - Blindern;SN18700;17.06.2013;0
Oslo - Blindern;SN18700;18.06.2013;0
Oslo - Blindern;SN18700;19.06.2013;0
Oslo - Blindern;SN18700;20.06.2013;3,1
Oslo - Blindern;SN18700;21.06.2013;0
Oslo - Blindern;SN18700;22.06.2013;17,7
Oslo - Blindern;SN18700;23.06.2013;3,5
Oslo - Blindern;SN18700;24.06.2013;3
Oslo - Blindern;SN18700;25.06.2013;2,2
Oslo - Blindern;SN18700;26.06.2013;0
Oslo - Blindern;SN18700;27.06.2013;22,8
Oslo - Blindern;SN18700;28.06.2013;5
Oslo - Blindern;SN18700;29.06.2013;0,2
Oslo - Blindern;SN18700;30.06.2013;14,5
Oslo - Blindern;SN18700;01.07.2013;0
Oslo - Blindern;SN18700;02.07.2013;0
Oslo - Blindern;SN18700;03.07.2013;1
Oslo - Blindern;SN18700;04.07.2013;7,8
Oslo - Blindern;SN18700;05.07.2013;1,9
Oslo - Blindern;SN18700;06.07.2013;0
Oslo - Blindern;SN18700;07.07.2013;0
Oslo - Blindern;SN18700;08.07.2013;0
Oslo - Blindern;SN18700;09.07.2013;0
Oslo - Blindern;SN18700;10.07.2013;0,1
Oslo - Blindern;SN18700;11.07.2013;0
Oslo - Blindern;SN18700;12.07.2013;0
Oslo - Blindern;SN18700;13.07.2013;0
Oslo - Blindern;SN18700;14.07.2013;0,1
Oslo - Blindern;SN18700;15.07.2013;0,1
Oslo - Blindern;SN18700;16.07.2013;0
Oslo - Blindern;SN18700;17.07.2013;0
Oslo - Blindern;SN18700;18.07.2013;0
Oslo - Blindern;SN18700;19.07.2013;0
Oslo - Blindern;SN18700;20.07.2013;0
Oslo - Blindern;SN18700;21.07.2013;0
Oslo - Blindern;SN18700;22.07.2013;0
Oslo - Blindern;SN18700;23.07.2013;0
Oslo - Blindern;SN18700;24.07.2013;0
Oslo - Blindern;SN18700;25.07.2013;0
Oslo - Blindern;SN18700;26.07.2013;0,1
Oslo - Blindern;SN18700;27.07.2013;0
Oslo - Blindern;SN18700;28.07.2013;1,5
Oslo - Blindern;SN18700;29.07.2013;0,5
Oslo - Blindern;SN18700;30.07.2013;0
Oslo - Blindern;SN18700;31.07.2013;6,2
Oslo - Blindern;SN18700;01.08.2013;8
Oslo - Blindern;SN18700;02.08.2013;0
Oslo - Blindern;SN18700;03.08.2013;0,6
Oslo - Blindern;SN18700;04.08.2013;17,6
Oslo - Blindern;SN18700;05.08.2013;9,4
Oslo - Blindern;SN18700;06.08.2013;5,9
Oslo - Blindern;SN18700;07.08.2013;6,2
Oslo - Blindern;SN18700;08.08.2013;2
Oslo - Blindern;SN18700;09.08.2013;12,8
Oslo - Blindern;SN18700;10.08.2013;0
Oslo - Blindern;SN18700;11.08.2013;0
Oslo - Blindern;SN18700;12.08.2013;0,1
Oslo - Blindern;SN18700;13.08.2013;21,6
Oslo - Blindern;SN18700;14.08.2013;0,1
Oslo - Blindern;SN18700;15.08.2013;1,8
Oslo - Blindern;SN18700;16.08.2013;0,5
Oslo - Blindern;SN18700;17.08.2013;17,9
Oslo - Blindern;SN18700;18.08.2013;2,6
Oslo - Blindern;SN18700;19.08.2013;13,4
Oslo - Blindern;SN18700;20.08.2013;0
Oslo - Blindern;SN18700;21.08.2013;0
Oslo - Blindern;SN18700;22.08.2013;0
Oslo - Blindern;SN18700;23.08.2013;0
Oslo - Blindern;SN18700;24.08.2013;0
Oslo - Blindern;SN18700;25.08.2013;0
Oslo - Blindern;SN18700;26.08.2013;0
Oslo - Blindern;SN18700;27.08.2013;0
Oslo - Blindern;SN18700;28.08.2013;0
Oslo - Blindern;SN18700;29.08.2013;0
Oslo - Blindern;SN18700;30.08.2013;0
Oslo - Blindern;SN18700;31.08.2013;0,7
Oslo - Blindern;SN18700;01.09.2013;3
Oslo - Blindern;SN18700;02.09.2013;0,1
Oslo - Blindern;SN18700;03.09.2013;0
Oslo - Blindern;SN18700;04.09.2013;0
Oslo - Blindern;SN18700;05.09.2013;0
Oslo - Blindern;SN18700;06.09.2013;0,6
Oslo - Blindern;SN18700;07.09.2013;0
Oslo - Blindern;SN18700;08.09.2013;0
Oslo - Blindern;SN18700;09.09.2013;0
Oslo - Blindern;SN18700;10.09.2013;0
Oslo - Blindern;SN18700;11.09.2013;2
Oslo - Blindern;SN18700;12.09.2013;0
Oslo - Blindern;SN18700;13.09.2013;0
Oslo - Blindern;SN18700;14.09.2013;0
Oslo - Blindern;SN18700;15.09.2013;10,4
Oslo - Blindern;SN18700;16.09.2013;3,7
Oslo - Blindern;SN18700;17.09.2013;15
Oslo - Blindern;SN18700;18.09.2013;2,5
Oslo - Blindern;SN18700;19.09.2013;2
Oslo - Blindern;SN18700;20.09.2013;0
Oslo - Blindern;SN18700;21.09.2013;0
Oslo - Blindern;SN18700;22.09.2013;0
Oslo - Blindern;SN18700;23.09.2013;0
Oslo - Blindern;SN18700;24.09.2013;0
Oslo - Blindern;SN18700;25.09.2013;0
Oslo - Blindern;SN18700;26.09.2013;0,9
Oslo - Blindern;SN18700;27.09.2013;0,7
Oslo - Blindern;SN18700;28.09.2013;0
Oslo - Blindern;SN18700;29.09.2013;0
Oslo - Blindern;SN18700;30.09.2013;0
Oslo - Blindern;SN18700;01.10.2013;0
Oslo - Blindern;SN18700;02.10.2013;0
Oslo - Blindern;SN18700;03.10.2013;0
Oslo - Blindern;SN18700;04.10.2013;0
Oslo - Blindern;SN18700;05.10.2013;14,6
Oslo - Blindern;SN18700;06.10.2013;9,2
Oslo - Blindern;SN18700;07.10.2013;0
Oslo - Blindern;SN18700;08.10.2013;3
Oslo - Blindern;SN18700;09.10.2013;0,1
Oslo - Blindern;SN18700;10.10.2013;14,5
Oslo - Blindern;SN18700;11.10.2013;3,8
Oslo - Blindern;SN18700;12.10.2013;0
Oslo - Blindern;SN18700;13.10.2013;0
Oslo - Blindern;SN18700;14.10.2013;0
Oslo - Blindern;SN18700;15.10.2013;0
Oslo - Blindern;SN18700;16.10.2013;0
Oslo - Blindern;SN18700;17.10.2013;0
Oslo - Blindern;SN18700;18.10.2013;0,1
Oslo - Blindern;SN18700;19.10.2013;0
Oslo - Blindern;SN18700;20.10.2013;0
Oslo - Blindern;SN18700;21.10.2013;0
Oslo - Blindern;SN18700;22.10.2013;5
Oslo - Blindern;SN18700;23.10.2013;20,5
Oslo - Blindern;SN18700;24.10.2013;1,7
Oslo - Blindern;SN18700;25.10.2013;0
Oslo - Blindern;SN18700;26.10.2013;3
Oslo - Blindern;SN18700;27.10.2013;2,3
Oslo - Blindern;SN18700;28.10.2013;12,5
Oslo - Blindern;SN18700;29.10.2013;0,1
Oslo - Blindern;SN18700;30.10.2013;0
Oslo - Blindern;SN18700;31.10.2013;1,3
Oslo - Blindern;SN18700;01.11.2013;2,7
Oslo - Blindern;SN18700;02.11.2013;0
Oslo - Blindern;SN18700;03.11.2013;0,6
Oslo - Blindern;SN18700;04.11.2013;11,2
Oslo - Blindern;SN18700;05.11.2013;0
Oslo - Blindern;SN18700;06.11.2013;0
Oslo - Blindern;SN18700;07.11.2013;0
Oslo - Blindern;SN18700;08.11.2013;1,8
Oslo - Blindern;SN18700;09.11.2013;0
Oslo - Blindern;SN18700;10.11.2013;3,6
Oslo - Blindern;SN18700;11.11.2013;0
Oslo - Blindern;SN18700;12.11.2013;0,3
Oslo - Blindern;SN18700;13.11.2013;0
Oslo - Blindern;SN18700;14.11.2013;0
Oslo - Blindern;SN18700;15.11.2013;2,6
Oslo - Blindern;SN18700;16.11.2013;2
Oslo - Blindern;SN18700;17.11.2013;0
Oslo - Blindern;SN18700;18.11.2013;0
Oslo - Blindern;SN18700;19.11.2013;27,3
Oslo - Blindern;SN18700;20.11.2013;0
Oslo - Blindern;SN18700;21.11.2013;0
Oslo - Blindern;SN18700;22.11.2013;0
Oslo - Blindern;SN18700;23.11.2013;0
Oslo - Blindern;SN18700;24.11.2013;0
Oslo - Blindern;SN18700;25.11.2013;0
Oslo - Blindern;SN18700;26.11.2013;0
Oslo - Blindern;SN18700;27.11.2013;0
Oslo - Blindern;SN18700;28.11.2013;0
Oslo - Blindern;SN18700;29.11.2013;0
Oslo - Blindern;SN18700;30.11.2013;0
Oslo - Blindern;SN18700;01.12.2013;0
Oslo - Blindern;SN18700;02.12.2013;0
Oslo - Blindern;SN18700;03.12.2013;0
Oslo - Blindern;SN18700;04.12.2013;0
Oslo - Blindern;SN18700;05.12.2013;0
Oslo - Blindern;SN18700;06.12.2013;1,4
Oslo - Blindern;SN18700;07.12.2013;0
Oslo - Blindern;SN18700;08.12.2013;1
Oslo - Blindern;SN18700;09.12.2013;7,2
Oslo - Blindern;SN18700;10.12.2013;4,6
Oslo - Blindern;SN18700;11.12.2013;0,3
Oslo - Blindern;SN18700;12.12.2013;0,1
Oslo - Blindern;SN18700;13.12.2013;0
Oslo - Blindern;SN18700;14.12.2013;7
Oslo - Blindern;SN18700;15.12.2013;11,2
Oslo - Blindern;SN18700;16.12.2013;7,5
Oslo - Blindern;SN18700;17.12.2013;1,7
Oslo - Blindern;SN18700;18.12.2013;0
Oslo - Blindern;SN18700;19.12.2013;3,4
Oslo - Blindern;SN18700;20.12.2013;3,2
Oslo - Blindern;SN18700;21.12.2013;8
Oslo - Blindern;SN18700;22.12.2013;4,4
Oslo - Blindern;SN18700;23.12.2013;0
Oslo - Blindern;SN18700;24.12.2013;8,5
Oslo - Blindern;SN18700;25.12.2013;13,3
Oslo - Blindern;SN18700;26.12.2013;3,5
Oslo - Blindern;SN18700;27.12.2013;1,6
Oslo - Blindern;SN18700;28.12.2013;13
Oslo - Blindern;SN18700;29.12.2013;0
Oslo - Blindern;SN18700;30.12.2013;0
Oslo - Blindern;SN18700;31.12.2013;6,6
Oslo - Blindern;SN18700;01.01.2014;0
Oslo - Blindern;SN18700;02.01.2014;2,5
Oslo - Blindern;SN18700;03.01.2014;10,2
Oslo - Blindern;SN18700;04.01.2014;13,9
Oslo - Blindern;SN18700;05.01.2014;0,5
Oslo - Blindern;SN18700;06.01.2014;1,7
Oslo - Blindern;SN18700;07.01.2014;7,3
Oslo - Blindern;SN18700;08.01.2014;0,3
Oslo - Blindern;SN18700;09.01.2014;0,8
Oslo - Blindern;SN18700;10.01.2014;0
Oslo - Blindern;SN18700;11.01.2014;1,4
Oslo - Blindern;SN18700;12.01.2014;0,9
Oslo - Blindern;SN18700;13.01.2014;0
Oslo - Blindern;SN18700;14.01.2014;3,4
Oslo - Blindern;SN18700;15.01.2014;0,4
Oslo - Blindern;SN18700;16.01.2014;4,4
Oslo - Blindern;SN18700;17.01.2014;3,8
Oslo - Blindern;SN18700;18.01.2014;3,8
Oslo - Blindern;SN18700;19.01.2014;0,2
Oslo - Blindern;SN18700;20.01.2014;0
Oslo - Blindern;SN18700;21.01.2014;0
Oslo - Blindern;SN18700;22.01.2014;0
Oslo - Blindern;SN18700;23.01.2014;0,3
Oslo - Blindern;SN18700;24.01.2014;0,4
Oslo - Blindern;SN18700;25.01.2014;0,2
Oslo - Blindern;SN18700;26.01.2014;0
Oslo - Blindern;SN18700;27.01.2014;2,7
Oslo - Blindern;SN18700;28.01.2014;6,5
Oslo - Blindern;SN18700;29.01.2014;2,1
Oslo - Blindern;SN18700;30.01.2014;2,5
Oslo - Blindern;SN18700;31.01.2014;2,9
Oslo - Blindern;SN18700;01.02.2014;0,8
Oslo - Blindern;SN18700;02.02.2014;3
Oslo - Blindern;SN18700;03.02.2014;1,6
Oslo - Blindern;SN18700;04.02.2014;0,2
Oslo - Blindern;SN18700;05.02.2014;1,4
Oslo - Blindern;SN18700;06.02.2014;1,5
Oslo - Blindern;SN18700;07.02.2014;5,6
Oslo - Blindern;SN18700;08.02.2014;12,5
Oslo - Blindern;SN18700;09.02.2014;7,6
Oslo - Blindern;SN18700;10.02.2014;13,5
Oslo - Blindern;SN18700;11.02.2014;0
Oslo - Blindern;SN18700;12.02.2014;3,3
Oslo - Blindern;SN18700;13.02.2014;4,4
Oslo - Blindern;SN18700;14.02.2014;11,8
Oslo - Blindern;SN18700;15.02.2014;1,5
Oslo - Blindern;SN18700;16.02.2014;25,7
Oslo - Blindern;SN18700;17.02.2014;3,3
Oslo - Blindern;SN18700;18.02.2014;0
Oslo - Blindern;SN18700;19.02.2014;0
Oslo - Blindern;SN18700;20.02.2014;1,4
Oslo - Blindern;SN18700;21.02.2014;12,7
Oslo - Blindern;SN18700;22.02.2014;3,9
Oslo - Blindern;SN18700;23.02.2014;0,3
Oslo - Blindern;SN18700;24.02.2014;0
Oslo - Blindern;SN18700;25.02.2014;0,1
Oslo - Blindern;SN18700;26.02.2014;2,2
Oslo - Blindern;SN18700;27.02.2014;10
Oslo - Blindern;SN18700;28.02.2014;1,5
Oslo - Blindern;SN18700;01.03.2014;7,9
Oslo - Blindern;SN18700;02.03.2014;5,1
Oslo - Blindern;SN18700;03.03.2014;7,3
Oslo - Blindern;SN18700;04.03.2014;1,7
Oslo - Blindern;SN18700;05.03.2014;4,2
Oslo - Blindern;SN18700;06.03.2014;3,9
Oslo - Blindern;SN18700;07.03.2014;9,1
Oslo - Blindern;SN18700;08.03.2014;9,9
Oslo - Blindern;SN18700;09.03.2014;0
Oslo - Blindern;SN18700;10.03.2014;0
Oslo - Blindern;SN18700;11.03.2014;0
Oslo - Blindern;SN18700;12.03.2014;0
Oslo - Blindern;SN18700;13.03.2014;0
Oslo - Blindern;SN18700;14.03.2014;0
Oslo - Blindern;SN18700;15.03.2014;0
Oslo - Blindern;SN18700;16.03.2014;0
Oslo - Blindern;SN18700;17.03.2014;1,5
Oslo - Blindern;SN18700;18.03.2014;0
Oslo - Blindern;SN18700;19.03.2014;0,2
Oslo - Blindern;SN18700;20.03.2014;1,7
Oslo - Blindern;SN18700;21.03.2014;0
Oslo - Blindern;SN18700;22.03.2014;0
Oslo - Blindern;SN18700;23.03.2014;4,9
Oslo - Blindern;SN18700;24.03.2014;0
Oslo - Blindern;SN18700;25.03.2014;0
Oslo - Blindern;SN18700;26.03.2014;0
Oslo - Blindern;SN18700;27.03.2014;0,1
Oslo - Blindern;SN18700;28.03.2014;0
Oslo - Blindern;SN18700;29.03.2014;0
Oslo - Blindern;SN18700;30.03.2014;0
Oslo - Blindern;SN18700;31.03.2014;0
Oslo - Blindern;SN18700;01.04.2014;0
Oslo - Blindern;SN18700;02.04.2014;0
Oslo - Blindern;SN18700;03.04.2014;0
Oslo - Blindern;SN18700;04.04.2014;0
Oslo - Blindern;SN18700;05.04.2014;0
Oslo - Blindern;SN18700;06.04.2014;3,9
Oslo - Blindern;SN18700;07.04.2014;9,2
Oslo - Blindern;SN18700;08.04.2014;1,2
Oslo - Blindern;SN18700;09.04.2014;16,9
Oslo - Blindern;SN18700;10.04.2014;2,1
Oslo - Blindern;SN18700;11.04.2014;2,5
Oslo - Blindern;SN18700;12.04.2014;0
Oslo - Blindern;SN18700;13.04.2014;4,1
Oslo - Blindern;SN18700;14.04.2014;0
Oslo - Blindern;SN18700;15.04.2014;0
Oslo - Blindern;SN18700;16.04.2014;0
Oslo - Blindern;SN18700;17.04.2014;0
Oslo - Blindern;SN18700;18.04.2014;15,3
Oslo - Blindern;SN18700;19.04.2014;0
Oslo - Blindern;SN18700;20.04.2014;0
Oslo - Blindern;SN18700;21.04.2014;0
Oslo - Blindern;SN18700;22.04.2014;0
Oslo - Blindern;SN18700;23.04.2014;0
Oslo - Blindern;SN18700;24.04.2014;0
Oslo - Blindern;SN18700;25.04.2014;0
Oslo - Blindern;SN18700;26.04.2014;0
Oslo - Blindern;SN18700;27.04.2014;0
Oslo - Blindern;SN18700;28.04.2014;0
Oslo - Blindern;SN18700;29.04.2014;0
Oslo - Blindern;SN18700;30.04.2014;0
Oslo - Blindern;SN18700;01.05.2014;0
Oslo - Blindern;SN18700;02.05.2014;0
Oslo - Blindern;SN18700;03.05.2014;0
Oslo - Blindern;SN18700;04.05.2014;0
Oslo - Blindern;SN18700;05.05.2014;0
Oslo - Blindern;SN18700;06.05.2014;3,4
Oslo - Blindern;SN18700;07.05.2014;26,8
Oslo - Blindern;SN18700;08.05.2014;1,6
Oslo - Blindern;SN18700;09.05.2014;0
Oslo - Blindern;SN18700;10.05.2014;0
Oslo - Blindern;SN18700;11.05.2014;0
Oslo - Blindern;SN18700;12.05.2014;0,6
Oslo - Blindern;SN18700;13.05.2014;1,8
Oslo - Blindern;SN18700;14.05.2014;3,4
Oslo - Blindern;SN18700;15.05.2014;0
Oslo - Blindern;SN18700;16.05.2014;0,2
Oslo - Blindern;SN18700;17.05.2014;0
Oslo - Blindern;SN18700;18.05.2014;0
Oslo - Blindern;SN18700;19.05.2014;0,1
Oslo - Blindern;SN18700;20.05.2014;3,1
Oslo - Blindern;SN18700;21.05.2014;0
Oslo - Blindern;SN18700;22.05.2014;6,2
Oslo - Blindern;SN18700;23.05.2014;0
Oslo - Blindern;SN18700;24.05.2014;6,4
Oslo - Blindern;SN18700;25.05.2014;0
Oslo - Blindern;SN18700;26.05.2014;3,9
Oslo - Blindern;SN18700;27.05.2014;0
Oslo - Blindern;SN18700;28.05.2014;0
Oslo - Blindern;SN18700;29.05.2014;0
Oslo - Blindern;SN18700;30.05.2014;0
Oslo - Blindern;SN18700;31.05.2014;0
Oslo - Blindern;SN18700;01.06.2014;0
Oslo - Blindern;SN18700;02.06.2014;0
Oslo - Blindern;SN18700;03.06.2014;0
Oslo - Blindern;SN18700;04.06.2014;2,5
Oslo - Blindern;SN18700;05.06.2014;5,1
Oslo - Blindern;SN18700;06.06.2014;17
Oslo - Blindern;SN18700;07.06.2014;0
Oslo - Blindern;SN18700;08.06.2014;8,4
Oslo - Blindern;SN18700;09.06.2014;0
Oslo - Blindern;SN18700;10.06.2014;0
Oslo - Blindern;SN18700;11.06.2014;0,1
Oslo - Blindern;SN18700;12.06.2014;0
Oslo - Blindern;SN18700;13.06.2014;0
Oslo - Blindern;SN18700;14.06.2014;0
Oslo - Blindern;SN18700;15.06.2014;0
Oslo - Blindern;SN18700;16.06.2014;0,4
Oslo - Blindern;SN18700;17.06.2014;0
Oslo - Blindern;SN18700;18.06.2014;0
Oslo - Blindern;SN18700;19.06.2014;0
Oslo - Blindern;SN18700;20.06.2014;1,1
Oslo - Blindern;SN18700;21.06.2014;0,7
Oslo - Blindern;SN18700;22.06.2014;0
Oslo - Blindern;SN18700;23.06.2014;1,3
Oslo - Blindern;SN18700;24.06.2014;0,1
Oslo - Blindern;SN18700;25.06.2014;0,1
Oslo - Blindern;SN18700;26.06.2014;0,9
Oslo - Blindern;SN18700;27.06.2014;72,8
Oslo - Blindern;SN18700;28.06.2014;0
Oslo - Blindern;SN18700;29.06.2014;0
Oslo - Blindern;SN18700;30.06.2014;0
Oslo - Blindern;SN18700;01.07.2014;1,4
Oslo - Blindern;SN18700;02.07.2014;1,9
Oslo - Blindern;SN18700;03.07.2014;1,1
Oslo - Blindern;SN18700;04.07.2014;0
Oslo - Blindern;SN18700;05.07.2014;0
Oslo - Blindern;SN18700;06.07.2014;5,7
Oslo - Blindern;SN18700;07.07.2014;0,3
Oslo - Blindern;SN18700;08.07.2014;18,1
Oslo - Blindern;SN18700;09.07.2014;3,8
Oslo - Blindern;SN18700;10.07.2014;0
Oslo - Blindern;SN18700;11.07.2014;0
Oslo - Blindern;SN18700;12.07.2014;0
Oslo - Blindern;SN18700;13.07.2014;0
Oslo - Blindern;SN18700;14.07.2014;3
Oslo - Blindern;SN18700;15.07.2014;0,9
Oslo - Blindern;SN18700;16.07.2014;2,1
Oslo - Blindern;SN18700;17.07.2014;0
Oslo - Blindern;SN18700;18.07.2014;6
Oslo - Blindern;SN18700;19.07.2014;0
Oslo - Blindern;SN18700;20.07.2014;0
Oslo - Blindern;SN18700;21.07.2014;0
Oslo - Blindern;SN18700;22.07.2014;0
Oslo - Blindern;SN18700;23.07.2014;1,8
Oslo - Blindern;SN18700;24.07.2014;0
Oslo - Blindern;SN18700;25.07.2014;0,5
Oslo - Blindern;SN18700;26.07.2014;0
Oslo - Blindern;SN18700;27.07.2014;5,6
Oslo - Blindern;SN18700;28.07.2014;0,4
Oslo - Blindern;SN18700;29.07.2014;0
Oslo - Blindern;SN18700;30.07.2014;0
Oslo - Blindern;SN18700;31.07.2014;0
Oslo - Blindern;SN18700;01.08.2014;0
Oslo - Blindern;SN18700;02.08.2014;0,7
Oslo - Blindern;SN18700;03.08.2014;7,8
Oslo - Blindern;SN18700;04.08.2014;25,1
Oslo - Blindern;SN18700;05.08.2014;9,7
Oslo - Blindern;SN18700;06.08.2014;0
Oslo - Blindern;SN18700;07.08.2014;0
Oslo - Blindern;SN18700;08.08.2014;0
Oslo - Blindern;SN18700;09.08.2014;0
Oslo - Blindern;SN18700;10.08.2014;2,8
Oslo - Blindern;SN18700;11.08.2014;4
Oslo - Blindern;SN18700;12.08.2014;9,6
Oslo - Blindern;SN18700;13.08.2014;2,5
Oslo - Blindern;SN18700;14.08.2014;7,2
Oslo - Blindern;SN18700;15.08.2014;6,7
Oslo - Blindern;SN18700;16.08.2014;0,2
Oslo - Blindern;SN18700;17.08.2014;0,5
Oslo - Blindern;SN18700;18.08.2014;9
Oslo - Blindern;SN18700;19.08.2014;0,7
Oslo - Blindern;SN18700;20.08.2014;1,5
Oslo - Blindern;SN18700;21.08.2014;4,3
Oslo - Blindern;SN18700;22.08.2014;1,8
Oslo - Blindern;SN18700;23.08.2014;2,6
Oslo - Blindern;SN18700;24.08.2014;0,5
Oslo - Blindern;SN18700;25.08.2014;3,2
Oslo - Blindern;SN18700;26.08.2014;6,1
Oslo - Blindern;SN18700;27.08.2014;0
Oslo - Blindern;SN18700;28.08.2014;0
Oslo - Blindern;SN18700;29.08.2014;0
Oslo - Blindern;SN18700;30.08.2014;0
Oslo - Blindern;SN18700;31.08.2014;2,9
Oslo - Blindern;SN18700;01.09.2014;0
Oslo - Blindern;SN18700;02.09.2014;0
Oslo - Blindern;SN18700;03.09.2014;0
Oslo - Blindern;SN18700;04.09.2014;0
Oslo - Blindern;SN18700;05.09.2014;0
Oslo - Blindern;SN18700;06.09.2014;0
Oslo - Blindern;SN18700;07.09.2014;0
Oslo - Blindern;SN18700;08.09.2014;9,4
Oslo - Blindern;SN18700;09.09.2014;19,8
Oslo - Blindern;SN18700;10.09.2014;7,6
Oslo - Blindern;SN18700;11.09.2014;0
Oslo - Blindern;SN18700;12.09.2014;0
Oslo - Blindern;SN18700;13.09.2014;0
Oslo - Blindern;SN18700;14.09.2014;0
Oslo - Blindern;SN18700;15.09.2014;0
Oslo - Blindern;SN18700;16.09.2014;0
Oslo - Blindern;SN18700;17.09.2014;0
Oslo - Blindern;SN18700;18.09.2014;0
Oslo - Blindern;SN18700;19.09.2014;0
Oslo - Blindern;SN18700;20.09.2014;0
Oslo - Blindern;SN18700;21.09.2014;4
Oslo - Blindern;SN18700;22.09.2014;0,2
Oslo - Blindern;SN18700;23.09.2014;0
Oslo - Blindern;SN18700;24.09.2014;0
Oslo - Blindern;SN18700;25.09.2014;1,4
Oslo - Blindern;SN18700;26.09.2014;0
Oslo - Blindern;SN18700;27.09.2014;0
Oslo - Blindern;SN18700;28.09.2014;0
Oslo - Blindern;SN18700;29.09.2014;0
Oslo - Blindern;SN18700;30.09.2014;0
Oslo - Blindern;SN18700;01.10.2014;0
Oslo - Blindern;SN18700;02.10.2014;10,5
Oslo - Blindern;SN18700;03.10.2014;0
Oslo - Blindern;SN18700;04.10.2014;0
Oslo - Blindern;SN18700;05.10.2014;4,8
Oslo - Blindern;SN18700;06.10.2014;1,7
Oslo - Blindern;SN18700;07.10.2014;0
Oslo - Blindern;SN18700;08.10.2014;15,9
Oslo - Blindern;SN18700;09.10.2014;6,4
Oslo - Blindern;SN18700;10.10.2014;33,3
Oslo - Blindern;SN18700;11.10.2014;4,2
Oslo - Blindern;SN18700;12.10.2014;15,5
Oslo - Blindern;SN18700;13.10.2014;11,7
Oslo - Blindern;SN18700;14.10.2014;0
Oslo - Blindern;SN18700;15.10.2014;2
Oslo - Blindern;SN18700;16.10.2014;0,3
Oslo - Blindern;SN18700;17.10.2014;5,5
Oslo - Blindern;SN18700;18.10.2014;5,6
Oslo - Blindern;SN18700;19.10.2014;19,2
Oslo - Blindern;SN18700;20.10.2014;3,2
Oslo - Blindern;SN18700;21.10.2014;0,2
Oslo - Blindern;SN18700;22.10.2014;5
Oslo - Blindern;SN18700;23.10.2014;12,9
Oslo - Blindern;SN18700;24.10.2014;28,8
Oslo - Blindern;SN18700;25.10.2014;9,2
Oslo - Blindern;SN18700;26.10.2014;0
Oslo - Blindern;SN18700;27.10.2014;0
Oslo - Blindern;SN18700;28.10.2014;0
Oslo - Blindern;SN18700;29.10.2014;15,1
Oslo - Blindern;SN18700;30.10.2014;0
Oslo - Blindern;SN18700;31.10.2014;0
Oslo - Blindern;SN18700;01.11.2014;9,2
Oslo - Blindern;SN18700;02.11.2014;5
Oslo - Blindern;SN18700;03.11.2014;6
Oslo - Blindern;SN18700;04.11.2014;19,9
Oslo - Blindern;SN18700;05.11.2014;0
Oslo - Blindern;SN18700;06.11.2014;0,1
Oslo - Blindern;SN18700;07.11.2014;0
Oslo - Blindern;SN18700;08.11.2014;0,7
Oslo - Blindern;SN18700;09.11.2014;3,2
Oslo - Blindern;SN18700;10.11.2014;1,8
Oslo - Blindern;SN18700;11.11.2014;15,9
Oslo - Blindern;SN18700;12.11.2014;0
Oslo - Blindern;SN18700;13.11.2014;3,3
Oslo - Blindern;SN18700;14.11.2014;11,8
Oslo - Blindern;SN18700;15.11.2014;0,2
Oslo - Blindern;SN18700;16.11.2014;0
Oslo - Blindern;SN18700;17.11.2014;0,1
Oslo - Blindern;SN18700;18.11.2014;0
Oslo - Blindern;SN18700;19.11.2014;0
Oslo - Blindern;SN18700;20.11.2014;0,2
Oslo - Blindern;SN18700;21.11.2014;0,6
Oslo - Blindern;SN18700;22.11.2014;0
Oslo - Blindern;SN18700;23.11.2014;0
Oslo - Blindern;SN18700;24.11.2014;18,8
Oslo - Blindern;SN18700;25.11.2014;3,9
Oslo - Blindern;SN18700;26.11.2014;0
Oslo - Blindern;SN18700;27.11.2014;0
Oslo - Blindern;SN18700;28.11.2014;0,1
Oslo - Blindern;SN18700;29.11.2014;0,6
Oslo - Blindern;SN18700;30.11.2014;0,1
Oslo - Blindern;SN18700;01.12.2014;0
Oslo - Blindern;SN18700;02.12.2014;0,5
Oslo - Blindern;SN18700;03.12.2014;2,8
Oslo - Blindern;SN18700;04.12.2014;0
Oslo - Blindern;SN18700;05.12.2014;0,3
Oslo - Blindern;SN18700;06.12.2014;4,6
Oslo - Blindern;SN18700;07.12.2014;0
Oslo - Blindern;SN18700;08.12.2014;2,4
Oslo - Blindern;SN18700;09.12.2014;0
Oslo - Blindern;SN18700;10.12.2014;5,8
Oslo - Blindern;SN18700;11.12.2014;0
Oslo - Blindern;SN18700;12.12.2014;0
Oslo - Blindern;SN18700;13.12.2014;0,1
Oslo - Blindern;SN18700;14.12.2014;0
Oslo - Blindern;SN18700;15.12.2014;0,2
Oslo - Blindern;SN18700;16.12.2014;0
Oslo - Blindern;SN18700;17.12.2014;0,6
Oslo - Blindern;SN18700;18.12.2014;4,4
Oslo - Blindern;SN18700;19.12.2014;0
Oslo - Blindern;SN18700;20.12.2014;0
Oslo - Blindern;SN18700;21.12.2014;0
Oslo - Blindern;SN18700;22.12.2014;5,2
Oslo - Blindern;SN18700;23.12.2014;0
Oslo - Blindern;SN18700;24.12.2014;0
Oslo - Blindern;SN18700;25.12.2014;0
Oslo - Blindern;SN18700;26.12.2014;0
Oslo - Blindern;SN18700;27.12.2014;0,3
Oslo - Blindern;SN18700;28.12.2014;0
Oslo - Blindern;SN18700;29.12.2014;0
Oslo - Blindern;SN18700;30.12.2014;0,1
Oslo - Blindern;SN18700;31.12.2014;0,2
Oslo - Blindern;SN18700;01.01.2015;0
Oslo - Blindern;SN18700;02.01.2015;0,7
Oslo - Blindern;SN18700;03.01.2015;0
Oslo - Blindern;SN18700;04.01.2015;0
Oslo - Blindern;SN18700;05.01.2015;0
Oslo - Blindern;SN18700;06.01.2015;1,6
Oslo - Blindern;SN18700;07.01.2015;15,9
Oslo - Blindern;SN18700;08.01.2015;3,7
Oslo - Blindern;SN18700;09.01.2015;0
Oslo - Blindern;SN18700;10.01.2015;2,2
Oslo - Blindern;SN18700;11.01.2015;11,8
Oslo - Blindern;SN18700;12.01.2015;5,2
Oslo - Blindern;SN18700;13.01.2015;0
Oslo - Blindern;SN18700;14.01.2015;0
Oslo - Blindern;SN18700;15.01.2015;0,3
Oslo - Blindern;SN18700;16.01.2015;18,4
Oslo - Blindern;SN18700;17.01.2015;0,2
Oslo - Blindern;SN18700;18.01.2015;0
Oslo - Blindern;SN18700;19.01.2015;0,1
Oslo - Blindern;SN18700;20.01.2015;5,6
Oslo - Blindern;SN18700;21.01.2015;3,2
Oslo - Blindern;SN18700;22.01.2015;5,4
Oslo - Blindern;SN18700;23.01.2015;0,4
Oslo - Blindern;SN18700;24.01.2015;2,9
Oslo - Blindern;SN18700;25.01.2015;6,4
Oslo - Blindern;SN18700;26.01.2015;7,7
Oslo - Blindern;SN18700;27.01.2015;6,2
Oslo - Blindern;SN18700;28.01.2015;1,8
Oslo - Blindern;SN18700;29.01.2015;8,7
Oslo - Blindern;SN18700;30.01.2015;2
Oslo - Blindern;SN18700;31.01.2015;0,6
Oslo - Blindern;SN18700;01.02.2015;0,4
Oslo - Blindern;SN18700;02.02.2015;0,4
Oslo - Blindern;SN18700;03.02.2015;0,5
Oslo - Blindern;SN18700;04.02.2015;0
Oslo - Blindern;SN18700;05.02.2015;0
Oslo - Blindern;SN18700;06.02.2015;0
Oslo - Blindern;SN18700;07.02.2015;0
Oslo - Blindern;SN18700;08.02.2015;0
Oslo - Blindern;SN18700;09.02.2015;0
Oslo - Blindern;SN18700;10.02.2015;0
Oslo - Blindern;SN18700;11.02.2015;0
Oslo - Blindern;SN18700;12.02.2015;0
Oslo - Blindern;SN18700;13.02.2015;0
Oslo - Blindern;SN18700;14.02.2015;0,1
Oslo - Blindern;SN18700;15.02.2015;0
Oslo - Blindern;SN18700;16.02.2015;0
Oslo - Blindern;SN18700;17.02.2015;1,5
Oslo - Blindern;SN18700;18.02.2015;1,4
Oslo - Blindern;SN18700;19.02.2015;0
Oslo - Blindern;SN18700;20.02.2015;0
Oslo - Blindern;SN18700;21.02.2015;0
Oslo - Blindern;SN18700;22.02.2015;0
Oslo - Blindern;SN18700;23.02.2015;3,8
Oslo - Blindern;SN18700;24.02.2015;6,7
Oslo - Blindern;SN18700;25.02.2015;6,5
Oslo - Blindern;SN18700;26.02.2015;0
Oslo - Blindern;SN18700;27.02.2015;4,2
Oslo - Blindern;SN18700;28.02.2015;2,2
Oslo - Blindern;SN18700;01.03.2015;2,4
Oslo - Blindern;SN18700;02.03.2015;8
Oslo - Blindern;SN18700;03.03.2015;1,8
Oslo - Blindern;SN18700;04.03.2015;0,1
Oslo - Blindern;SN18700;05.03.2015;0
Oslo - Blindern;SN18700;06.03.2015;0
Oslo - Blindern;SN18700;07.03.2015;0
Oslo - Blindern;SN18700;08.03.2015;0
Oslo - Blindern;SN18700;09.03.2015;0
Oslo - Blindern;SN18700;10.03.2015;1,2
Oslo - Blindern;SN18700;11.03.2015;0
Oslo - Blindern;SN18700;12.03.2015;0
Oslo - Blindern;SN18700;13.03.2015;0
Oslo - Blindern;SN18700;14.03.2015;0
Oslo - Blindern;SN18700;15.03.2015;0
Oslo - Blindern;SN18700;16.03.2015;0
Oslo - Blindern;SN18700;17.03.2015;0
Oslo - Blindern;SN18700;18.03.2015;0
Oslo - Blindern;SN18700;19.03.2015;2,8
Oslo - Blindern;SN18700;20.03.2015;0,9
Oslo - Blindern;SN18700;21.03.2015;1,4
Oslo - Blindern;SN18700;22.03.2015;0
Oslo - Blindern;SN18700;23.03.2015;3
Oslo - Blindern;SN18700;24.03.2015;0
Oslo - Blindern;SN18700;25.03.2015;0,1
Oslo - Blindern;SN18700;26.03.2015;10,4
Oslo - Blindern;SN18700;27.03.2015;18,4
Oslo - Blindern;SN18700;28.03.2015;0,2
Oslo - Blindern;SN18700;29.03.2015;5,3
Oslo - Blindern;SN18700;30.03.2015;5,3
Oslo - Blindern;SN18700;31.03.2015;0,5
Oslo - Blindern;SN18700;01.04.2015;0
Oslo - Blindern;SN18700;02.04.2015;0
Oslo - Blindern;SN18700;03.04.2015;0
Oslo - Blindern;SN18700;04.04.2015;0
Oslo - Blindern;SN18700;05.04.2015;0
Oslo - Blindern;SN18700;06.04.2015;0
Oslo - Blindern;SN18700;07.04.2015;0
Oslo - Blindern;SN18700;08.04.2015;0
Oslo - Blindern;SN18700;09.04.2015;0
Oslo - Blindern;SN18700;10.04.2015;0
Oslo - Blindern;SN18700;11.04.2015;0
Oslo - Blindern;SN18700;12.04.2015;2,4
Oslo - Blindern;SN18700;13.04.2015;0,1
Oslo - Blindern;SN18700;14.04.2015;0
Oslo - Blindern;SN18700;15.04.2015;3,3
Oslo - Blindern;SN18700;16.04.2015;2,3
Oslo - Blindern;SN18700;17.04.2015;0
Oslo - Blindern;SN18700;18.04.2015;0
Oslo - Blindern;SN18700;19.04.2015;0
Oslo - Blindern;SN18700;20.04.2015;0
Oslo - Blindern;SN18700;21.04.2015;0
Oslo - Blindern;SN18700;22.04.2015;0
Oslo - Blindern;SN18700;23.04.2015;0
Oslo - Blindern;SN18700;24.04.2015;0
Oslo - Blindern;SN18700;25.04.2015;0,2
Oslo - Blindern;SN18700;26.04.2015;4,4
Oslo - Blindern;SN18700;27.04.2015;0,1
Oslo - Blindern;SN18700;28.04.2015;0
Oslo - Blindern;SN18700;29.04.2015;0
Oslo - Blindern;SN18700;30.04.2015;4,1
Oslo - Blindern;SN18700;01.05.2015;0,1
Oslo - Blindern;SN18700;02.05.2015;0,1
Oslo - Blindern;SN18700;03.05.2015;0
Oslo - Blindern;SN18700;04.05.2015;0,1
Oslo - Blindern;SN18700;05.05.2015;5
Oslo - Blindern;SN18700;06.05.2015;15
Oslo - Blindern;SN18700;07.05.2015;7,4
Oslo - Blindern;SN18700;08.05.2015;5,2
Oslo - Blindern;SN18700;09.05.2015;0
Oslo - Blindern;SN18700;10.05.2015;15,9
Oslo - Blindern;SN18700;11.05.2015;0,6
Oslo - Blindern;SN18700;12.05.2015;4,3
Oslo - Blindern;SN18700;13.05.2015;3,8
Oslo - Blindern;SN18700;14.05.2015;0,2
Oslo - Blindern;SN18700;15.05.2015;0
Oslo - Blindern;SN18700;16.05.2015;0
Oslo - Blindern;SN18700;17.05.2015;11,1
Oslo - Blindern;SN18700;18.05.2015;0
Oslo - Blindern;SN18700;19.05.2015;1
Oslo - Blindern;SN18700;20.05.2015;4,6
Oslo - Blindern;SN18700;21.05.2015;0
Oslo - Blindern;SN18700;22.05.2015;1
Oslo - Blindern;SN18700;23.05.2015;0,2
Oslo - Blindern;SN18700;24.05.2015;0
Oslo - Blindern;SN18700;25.05.2015;9,7
Oslo - Blindern;SN18700;26.05.2015;1,4
Oslo - Blindern;SN18700;27.05.2015;0
Oslo - Blindern;SN18700;28.05.2015;0
Oslo - Blindern;SN18700;29.05.2015;6,3
Oslo - Blindern;SN18700;30.05.2015;8,4
Oslo - Blindern;SN18700;31.05.2015;5,2
Oslo - Blindern;SN18700;01.06.2015;4,8
Oslo - Blindern;SN18700;02.06.2015;0
Oslo - Blindern;SN18700;03.06.2015;12,2
Oslo - Blindern;SN18700;04.06.2015;0
Oslo - Blindern;SN18700;05.06.2015;0
Oslo - Blindern;SN18700;06.06.2015;7,6
Oslo - Blindern;SN18700;07.06.2015;11,2
Oslo - Blindern;SN18700;08.06.2015;0,2
Oslo - Blindern;SN18700;09.06.2015;0,4
Oslo - Blindern;SN18700;10.06.2015;0
Oslo - Blindern;SN18700;11.06.2015;0,1
Oslo - Blindern;SN18700;12.06.2015;0
Oslo - Blindern;SN18700;13.06.2015;0
Oslo - Blindern;SN18700;14.06.2015;0
Oslo - Blindern;SN18700;15.06.2015;1,8
Oslo - Blindern;SN18700;16.06.2015;0
Oslo - Blindern;SN18700;17.06.2015;0
Oslo - Blindern;SN18700;18.06.2015;8,5
Oslo - Blindern;SN18700;19.06.2015;1,7
Oslo - Blindern;SN18700;20.06.2015;0
Oslo - Blindern;SN18700;21.06.2015;0
Oslo - Blindern;SN18700;22.06.2015;2,2
Oslo - Blindern;SN18700;23.06.2015;2,5
Oslo - Blindern;SN18700;24.06.2015;6,4
Oslo - Blindern;SN18700;25.06.2015;8,9
Oslo - Blindern;SN18700;26.06.2015;0
Oslo - Blindern;SN18700;27.06.2015;0
Oslo - Blindern;SN18700;28.06.2015;0
Oslo - Blindern;SN18700;29.06.2015;0,2
Oslo - Blindern;SN18700;30.06.2015;0
Oslo - Blindern;SN18700;01.07.2015;0
Oslo - Blindern;SN18700;02.07.2015;0
Oslo - Blindern;SN18700;03.07.2015;0
Oslo - Blindern;SN18700;04.07.2015;0
Oslo - Blindern;SN18700;05.07.2015;0
Oslo - Blindern;SN18700;06.07.2015;9,7
Oslo - Blindern;SN18700;07.07.2015;3,2
Oslo - Blindern;SN18700;08.07.2015;2,1
Oslo - Blindern;SN18700;09.07.2015;19,2
Oslo - Blindern;SN18700;10.07.2015;0
Oslo - Blindern;SN18700;11.07.2015;0
Oslo - Blindern;SN18700;12.07.2015;0
Oslo - Blindern;SN18700;13.07.2015;1,4
Oslo - Blindern;SN18700;14.07.2015;1,3
Oslo - Blindern;SN18700;15.07.2015;0
Oslo - Blindern;SN18700;16.07.2015;9,3
Oslo - Blindern;SN18700;17.07.2015;0
Oslo - Blindern;SN18700;18.07.2015;5,5
Oslo - Blindern;SN18700;19.07.2015;0,5
Oslo - Blindern;SN18700;20.07.2015;0
Oslo - Blindern;SN18700;21.07.2015;3,1
Oslo - Blindern;SN18700;22.07.2015;4,5
Oslo - Blindern;SN18700;23.07.2015;2
Oslo - Blindern;SN18700;24.07.2015;0
Oslo - Blindern;SN18700;25.07.2015;0
Oslo - Blindern;SN18700;26.07.2015;8,6
Oslo - Blindern;SN18700;27.07.2015;8,3
Oslo - Blindern;SN18700;28.07.2015;0,6
Oslo - Blindern;SN18700;29.07.2015;6,9
Oslo - Blindern;SN18700;30.07.2015;2,2
Oslo - Blindern;SN18700;31.07.2015;0,1
Oslo - Blindern;SN18700;01.08.2015;0,1
Oslo - Blindern;SN18700;02.08.2015;9,3
Oslo - Blindern;SN18700;03.08.2015;1,7
Oslo - Blindern;SN18700;04.08.2015;0
Oslo - Blindern;SN18700;05.08.2015;55,6
Oslo - Blindern;SN18700;06.08.2015;0,3
Oslo - Blindern;SN18700;07.08.2015;1
Oslo - Blindern;SN18700;08.08.2015;2,1
Oslo - Blindern;SN18700;09.08.2015;0
Oslo - Blindern;SN18700;10.08.2015;0
Oslo - Blindern;SN18700;11.08.2015;0
Oslo - Blindern;SN18700;12.08.2015;0,1
Oslo - Blindern;SN18700;13.08.2015;0
Oslo - Blindern;SN18700;14.08.2015;0
Oslo - Blindern;SN18700;15.08.2015;0
Oslo - Blindern;SN18700;16.08.2015;0
Oslo - Blindern;SN18700;17.08.2015;0
Oslo - Blindern;SN18700;18.08.2015;0
Oslo - Blindern;SN18700;19.08.2015;0
Oslo - Blindern;SN18700;20.08.2015;0
Oslo - Blindern;SN18700;21.08.2015;0
Oslo - Blindern;SN18700;22.08.2015;0
Oslo - Blindern;SN18700;23.08.2015;0
Oslo - Blindern;SN18700;24.08.2015;0
Oslo - Blindern;SN18700;25.08.2015;3,2
Oslo - Blindern;SN18700;26.08.2015;11,9
Oslo - Blindern;SN18700;27.08.2015;34,4
Oslo - Blindern;SN18700;28.08.2015;11
Oslo - Blindern;SN18700;29.08.2015;0
Oslo - Blindern;SN18700;30.08.2015;0
Oslo - Blindern;SN18700;31.08.2015;0
Oslo - Blindern;SN18700;01.09.2015;0,1
Oslo - Blindern;SN18700;02.09.2015;28,1
Oslo - Blindern;SN18700;03.09.2015;26,1
Oslo - Blindern;SN18700;04.09.2015;3,8
Oslo - Blindern;SN18700;05.09.2015;4,7
Oslo - Blindern;SN18700;06.09.2015;2,6
Oslo - Blindern;SN18700;07.09.2015;0
Oslo - Blindern;SN18700;08.09.2015;0
Oslo - Blindern;SN18700;09.09.2015;0,2
Oslo - Blindern;SN18700;10.09.2015;0
Oslo - Blindern;SN18700;11.09.2015;0
Oslo - Blindern;SN18700;12.09.2015;0
Oslo - Blindern;SN18700;13.09.2015;0,9
Oslo - Blindern;SN18700;14.09.2015;1,7
Oslo - Blindern;SN18700;15.09.2015;3,3
Oslo - Blindern;SN18700;16.09.2015;20,6
Oslo - Blindern;SN18700;17.09.2015;12,3
Oslo - Blindern;SN18700;18.09.2015;39,2
Oslo - Blindern;SN18700;19.09.2015;1
Oslo - Blindern;SN18700;20.09.2015;0,3
Oslo - Blindern;SN18700;21.09.2015;0,7
Oslo - Blindern;SN18700;22.09.2015;0
Oslo - Blindern;SN18700;23.09.2015;5,4
Oslo - Blindern;SN18700;24.09.2015;0,1
Oslo - Blindern;SN18700;25.09.2015;7,2
Oslo - Blindern;SN18700;26.09.2015;0
Oslo - Blindern;SN18700;27.09.2015;0
Oslo - Blindern;SN18700;28.09.2015;0
Oslo - Blindern;SN18700;29.09.2015;0
Oslo - Blindern;SN18700;30.09.2015;0
Oslo - Blindern;SN18700;01.10.2015;0
Oslo - Blindern;SN18700;02.10.2015;0
Oslo - Blindern;SN18700;03.10.2015;0
Oslo - Blindern;SN18700;04.10.2015;0
Oslo - Blindern;SN18700;05.10.2015;0
Oslo - Blindern;SN18700;06.10.2015;0
Oslo - Blindern;SN18700;07.10.2015;0
Oslo - Blindern;SN18700;08.10.2015;0
Oslo - Blindern;SN18700;09.10.2015;0
Oslo - Blindern;SN18700;10.10.2015;0
Oslo - Blindern;SN18700;11.10.2015;0
Oslo - Blindern;SN18700;12.10.2015;0,3
Oslo - Blindern;SN18700;13.10.2015;0
Oslo - Blindern;SN18700;14.10.2015;0
Oslo - Blindern;SN18700;15.10.2015;0
Oslo - Blindern;SN18700;16.10.2015;0
Oslo - Blindern;SN18700;17.10.2015;0
Oslo - Blindern;SN18700;18.10.2015;0
Oslo - Blindern;SN18700;19.10.2015;0
Oslo - Blindern;SN18700;20.10.2015;0,5
Oslo - Blindern;SN18700;21.10.2015;0,2
Oslo - Blindern;SN18700;22.10.2015;5,1
Oslo - Blindern;SN18700;23.10.2015;0,1
Oslo - Blindern;SN18700;24.10.2015;0
Oslo - Blindern;SN18700;25.10.2015;1,5
Oslo - Blindern;SN18700;26.10.2015;0
Oslo - Blindern;SN18700;27.10.2015;0
Oslo - Blindern;SN18700;28.10.2015;0
Oslo - Blindern;SN18700;29.10.2015;0
Oslo - Blindern;SN18700;30.10.2015;0
Oslo - Blindern;SN18700;31.10.2015;0,6
Oslo - Blindern;SN18700;01.11.2015;0
Oslo - Blindern;SN18700;02.11.2015;0
Oslo - Blindern;SN18700;03.11.2015;0
Oslo - Blindern;SN18700;04.11.2015;0,1
Oslo - Blindern;SN18700;05.11.2015;0
Oslo - Blindern;SN18700;06.11.2015;0,5
Oslo - Blindern;SN18700;07.11.2015;20,9
Oslo - Blindern;SN18700;08.11.2015;8,2
Oslo - Blindern;SN18700;09.11.2015;4,4
Oslo - Blindern;SN18700;10.11.2015;0
Oslo - Blindern;SN18700;11.11.2015;0
Oslo - Blindern;SN18700;12.11.2015;0,3
Oslo - Blindern;SN18700;13.11.2015;1,5
Oslo - Blindern;SN18700;14.11.2015;1
Oslo - Blindern;SN18700;15.11.2015;0
Oslo - Blindern;SN18700;16.11.2015;0
Oslo - Blindern;SN18700;17.11.2015;7,5
Oslo - Blindern;SN18700;18.11.2015;0
Oslo - Blindern;SN18700;19.11.2015;0
Oslo - Blindern;SN18700;20.11.2015;0
Oslo - Blindern;SN18700;21.11.2015;0
Oslo - Blindern;SN18700;22.11.2015;0
Oslo - Blindern;SN18700;23.11.2015;0
Oslo - Blindern;SN18700;24.11.2015;1,4
Oslo - Blindern;SN18700;25.11.2015;13,4
Oslo - Blindern;SN18700;26.11.2015;0,1
Oslo - Blindern;SN18700;27.11.2015;0
Oslo - Blindern;SN18700;28.11.2015;7,8
Oslo - Blindern;SN18700;29.11.2015;4,8
Oslo - Blindern;SN18700;30.11.2015;3,6
Oslo - Blindern;SN18700;01.12.2015;0
Oslo - Blindern;SN18700;02.12.2015;0
Oslo - Blindern;SN18700;03.12.2015;1,6
Oslo - Blindern;SN18700;04.12.2015;9,6
Oslo - Blindern;SN18700;05.12.2015;11,7
Oslo - Blindern;SN18700;06.12.2015;0
Oslo - Blindern;SN18700;07.12.2015;0
Oslo - Blindern;SN18700;08.12.2015;0
Oslo - Blindern;SN18700;09.12.2015;4,7
Oslo - Blindern;SN18700;10.12.2015;0
Oslo - Blindern;SN18700;11.12.2015;0
Oslo - Blindern;SN18700;12.12.2015;0
Oslo - Blindern;SN18700;13.12.2015;0
Oslo - Blindern;SN18700;14.12.2015;0
Oslo - Blindern;SN18700;15.12.2015;0
Oslo - Blindern;SN18700;16.12.2015;0,1
Oslo - Blindern;SN18700;17.12.2015;4,9
Oslo - Blindern;SN18700;18.12.2015;6,7
Oslo - Blindern;SN18700;19.12.2015;0
Oslo - Blindern;SN18700;20.12.2015;3,1
Oslo - Blindern;SN18700;21.12.2015;0
Oslo - Blindern;SN18700;22.12.2015;0
Oslo - Blindern;SN18700;23.12.2015;6,3
Oslo - Blindern;SN18700;24.12.2015;0
Oslo - Blindern;SN18700;25.12.2015;1
Oslo - Blindern;SN18700;26.12.2015;0
Oslo - Blindern;SN18700;27.12.2015;0
Oslo - Blindern;SN18700;28.12.2015;4,1
Oslo - Blindern;SN18700;29.12.2015;0,1
Oslo - Blindern;SN18700;30.12.2015;0,9
Oslo - Blindern;SN18700;31.12.2015;2,4
Oslo - Blindern;SN18700;01.01.2016;6,1
Oslo - Blindern;SN18700;02.01.2016;3,9
Oslo - Blindern;SN18700;03.01.2016;0,1
Oslo - Blindern;SN18700;04.01.2016;0
Oslo - Blindern;SN18700;05.01.2016;0
Oslo - Blindern;SN18700;06.01.2016;0
Oslo - Blindern;SN18700;07.01.2016;0
Oslo - Blindern;SN18700;08.01.2016;1,2
Oslo - Blindern;SN18700;09.01.2016;0
Oslo - Blindern;SN18700;10.01.2016;4,3
Oslo - Blindern;SN18700;11.01.2016;8,6
Oslo - Blindern;SN18700;12.01.2016;1,1
Oslo - Blindern;SN18700;13.01.2016;0,8
Oslo - Blindern;SN18700;14.01.2016;0
Oslo - Blindern;SN18700;15.01.2016;0
Oslo - Blindern;SN18700;16.01.2016;2,3
Oslo - Blindern;SN18700;17.01.2016;0
Oslo - Blindern;SN18700;18.01.2016;0
Oslo - Blindern;SN18700;19.01.2016;0
Oslo - Blindern;SN18700;20.01.2016;0
Oslo - Blindern;SN18700;21.01.2016;0
Oslo - Blindern;SN18700;22.01.2016;0
Oslo - Blindern;SN18700;23.01.2016;3,2
Oslo - Blindern;SN18700;24.01.2016;0,4
Oslo - Blindern;SN18700;25.01.2016;0,2
Oslo - Blindern;SN18700;26.01.2016;0,7
Oslo - Blindern;SN18700;27.01.2016;0,6
Oslo - Blindern;SN18700;28.01.2016;9
Oslo - Blindern;SN18700;29.01.2016;0
Oslo - Blindern;SN18700;30.01.2016;0,5
Oslo - Blindern;SN18700;31.01.2016;0
Oslo - Blindern;SN18700;01.02.2016;0
Oslo - Blindern;SN18700;02.02.2016;3,8
Oslo - Blindern;SN18700;03.02.2016;1,3
Oslo - Blindern;SN18700;04.02.2016;0
Oslo - Blindern;SN18700;05.02.2016;0
Oslo - Blindern;SN18700;06.02.2016;8
Oslo - Blindern;SN18700;07.02.2016;4,9
Oslo - Blindern;SN18700;08.02.2016;2,1
Oslo - Blindern;SN18700;09.02.2016;19,5
Oslo - Blindern;SN18700;10.02.2016;0,9
Oslo - Blindern;SN18700;11.02.2016;0
Oslo - Blindern;SN18700;12.02.2016;0
Oslo - Blindern;SN18700;13.02.2016;0,3
Oslo - Blindern;SN18700;14.02.2016;0
Oslo - Blindern;SN18700;15.02.2016;0
Oslo - Blindern;SN18700;16.02.2016;0
Oslo - Blindern;SN18700;17.02.2016;0
Oslo - Blindern;SN18700;18.02.2016;0
Oslo - Blindern;SN18700;19.02.2016;0
Oslo - Blindern;SN18700;20.02.2016;2,1
Oslo - Blindern;SN18700;21.02.2016;7,5
Oslo - Blindern;SN18700;22.02.2016;0
Oslo - Blindern;SN18700;23.02.2016;0
Oslo - Blindern;SN18700;24.02.2016;0
Oslo - Blindern;SN18700;25.02.2016;0
Oslo - Blindern;SN18700;26.02.2016;0
Oslo - Blindern;SN18700;27.02.2016;0
Oslo - Blindern;SN18700;28.02.2016;0
Oslo - Blindern;SN18700;29.02.2016;0
Oslo - Blindern;SN18700;01.03.2016;0
Oslo - Blindern;SN18700;02.03.2016;2,6
Oslo - Blindern;SN18700;03.03.2016;10,9
Oslo - Blindern;SN18700;04.03.2016;3,5
Oslo - Blindern;SN18700;05.03.2016;6,1
Oslo - Blindern;SN18700;06.03.2016;0,8
Oslo - Blindern;SN18700;07.03.2016;5,6
Oslo - Blindern;SN18700;08.03.2016;3,1
Oslo - Blindern;SN18700;09.03.2016;0
Oslo - Blindern;SN18700;10.03.2016;0,1
Oslo - Blindern;SN18700;11.03.2016;0
Oslo - Blindern;SN18700;12.03.2016;0
Oslo - Blindern;SN18700;13.03.2016;0
Oslo - Blindern;SN18700;14.03.2016;0,7
Oslo - Blindern;SN18700;15.03.2016;0
Oslo - Blindern;SN18700;16.03.2016;0
Oslo - Blindern;SN18700;17.03.2016;0
Oslo - Blindern;SN18700;18.03.2016;0
Oslo - Blindern;SN18700;19.03.2016;0
Oslo - Blindern;SN18700;20.03.2016;0
Oslo - Blindern;SN18700;21.03.2016;0
Oslo - Blindern;SN18700;22.03.2016;0
Oslo - Blindern;SN18700;23.03.2016;0
Oslo - Blindern;SN18700;24.03.2016;0
Oslo - Blindern;SN18700;25.03.2016;0
Oslo - Blindern;SN18700;26.03.2016;0,5
Oslo - Blindern;SN18700;27.03.2016;0,8
Oslo - Blindern;SN18700;28.03.2016;6,6
Oslo - Blindern;SN18700;29.03.2016;3,6
Oslo - Blindern;SN18700;30.03.2016;2,2
Oslo - Blindern;SN18700;31.03.2016;0
Oslo - Blindern;SN18700;01.04.2016;0
Oslo - Blindern;SN18700;02.04.2016;1,8
Oslo - Blindern;SN18700;03.04.2016;5,6
Oslo - Blindern;SN18700;04.04.2016;1,5
Oslo - Blindern;SN18700;05.04.2016;8,3
Oslo - Blindern;SN18700;06.04.2016;0,3
Oslo - Blindern;SN18700;07.04.2016;7,2
Oslo - Blindern;SN18700;08.04.2016;4,5
Oslo - Blindern;SN18700;09.04.2016;1,4
Oslo - Blindern;SN18700;10.04.2016;0,1
Oslo - Blindern;SN18700;11.04.2016;0
Oslo - Blindern;SN18700;12.04.2016;0
Oslo - Blindern;SN18700;13.04.2016;0
Oslo - Blindern;SN18700;14.04.2016;0,1
Oslo - Blindern;SN18700;15.04.2016;0,2
Oslo - Blindern;SN18700;16.04.2016;0,6
Oslo - Blindern;SN18700;17.04.2016;12,2
Oslo - Blindern;SN18700;18.04.2016;1,9
Oslo - Blindern;SN18700;19.04.2016;4,3
Oslo - Blindern;SN18700;20.04.2016;0
Oslo - Blindern;SN18700;21.04.2016;0
Oslo - Blindern;SN18700;22.04.2016;0
Oslo - Blindern;SN18700;23.04.2016;0
Oslo - Blindern;SN18700;24.04.2016;0,5
Oslo - Blindern;SN18700;25.04.2016;0,4
Oslo - Blindern;SN18700;26.04.2016;0,1
Oslo - Blindern;SN18700;27.04.2016;0
Oslo - Blindern;SN18700;28.04.2016;0
Oslo - Blindern;SN18700;29.04.2016;12,1
Oslo - Blindern;SN18700;30.04.2016;13,4
Oslo - Blindern;SN18700;01.05.2016;21,7
Oslo - Blindern;SN18700;02.05.2016;0
Oslo - Blindern;SN18700;03.05.2016;3
Oslo - Blindern;SN18700;04.05.2016;1,1
Oslo - Blindern;SN18700;05.05.2016;0
Oslo - Blindern;SN18700;06.05.2016;0
Oslo - Blindern;SN18700;07.05.2016;0
Oslo - Blindern;SN18700;08.05.2016;0
Oslo - Blindern;SN18700;09.05.2016;0
Oslo - Blindern;SN18700;10.05.2016;0
Oslo - Blindern;SN18700;11.05.2016;0
Oslo - Blindern;SN18700;12.05.2016;0
Oslo - Blindern;SN18700;13.05.2016;0
Oslo - Blindern;SN18700;14.05.2016;0
Oslo - Blindern;SN18700;15.05.2016;0
Oslo - Blindern;SN18700;16.05.2016;0
Oslo - Blindern;SN18700;17.05.2016;0
Oslo - Blindern;SN18700;18.05.2016;0
Oslo - Blindern;SN18700;19.05.2016;0
Oslo - Blindern;SN18700;20.05.2016;0,6
Oslo - Blindern;SN18700;21.05.2016;1,8
Oslo - Blindern;SN18700;22.05.2016;3,5
Oslo - Blindern;SN18700;23.05.2016;9,4
Oslo - Blindern;SN18700;24.05.2016;27
Oslo - Blindern;SN18700;25.05.2016;0,3
Oslo - Blindern;SN18700;26.05.2016;0,2
Oslo - Blindern;SN18700;27.05.2016;0
Oslo - Blindern;SN18700;28.05.2016;0
Oslo - Blindern;SN18700;29.05.2016;0,1
Oslo - Blindern;SN18700;30.05.2016;3
Oslo - Blindern;SN18700;31.05.2016;1,8
Oslo - Blindern;SN18700;01.06.2016;0
Oslo - Blindern;SN18700;02.06.2016;0
Oslo - Blindern;SN18700;03.06.2016;0
Oslo - Blindern;SN18700;04.06.2016;4,7
Oslo - Blindern;SN18700;05.06.2016;0
Oslo - Blindern;SN18700;06.06.2016;0
Oslo - Blindern;SN18700;07.06.2016;0
Oslo - Blindern;SN18700;08.06.2016;0,2
Oslo - Blindern;SN18700;09.06.2016;0
Oslo - Blindern;SN18700;10.06.2016;0,2
Oslo - Blindern;SN18700;11.06.2016;0
Oslo - Blindern;SN18700;12.06.2016;0
Oslo - Blindern;SN18700;13.06.2016;0
Oslo - Blindern;SN18700;14.06.2016;0
Oslo - Blindern;SN18700;15.06.2016;0
Oslo - Blindern;SN18700;16.06.2016;11,6
Oslo - Blindern;SN18700;17.06.2016;0,7
Oslo - Blindern;SN18700;18.06.2016;1,8
Oslo - Blindern;SN18700;19.06.2016;4,1
Oslo - Blindern;SN18700;20.06.2016;0
Oslo - Blindern;SN18700;21.06.2016;24,3
Oslo - Blindern;SN18700;22.06.2016;0
Oslo - Blindern;SN18700;23.06.2016;0
Oslo - Blindern;SN18700;24.06.2016;0,1
Oslo - Blindern;SN18700;25.06.2016;0,2
Oslo - Blindern;SN18700;26.06.2016;0,4
Oslo - Blindern;SN18700;27.06.2016;5,2
Oslo - Blindern;SN18700;28.06.2016;5,7
Oslo - Blindern;SN18700;29.06.2016;0
Oslo - Blindern;SN18700;30.06.2016;1,9
Oslo - Blindern;SN18700;01.07.2016;5,5
Oslo - Blindern;SN18700;02.07.2016;5,9
Oslo - Blindern;SN18700;03.07.2016;8,1
Oslo - Blindern;SN18700;04.07.2016;0,8
Oslo - Blindern;SN18700;05.07.2016;0,1
Oslo - Blindern;SN18700;06.07.2016;3,1
Oslo - Blindern;SN18700;07.07.2016;0,4
Oslo - Blindern;SN18700;08.07.2016;0,2
Oslo - Blindern;SN18700;09.07.2016;0
Oslo - Blindern;SN18700;10.07.2016;0
Oslo - Blindern;SN18700;11.07.2016;0,2
Oslo - Blindern;SN18700;12.07.2016;5,8
Oslo - Blindern;SN18700;13.07.2016;2,9
Oslo - Blindern;SN18700;14.07.2016;10,9
Oslo - Blindern;SN18700;15.07.2016;5
Oslo - Blindern;SN18700;16.07.2016;0,2
Oslo - Blindern;SN18700;17.07.2016;0,3
Oslo - Blindern;SN18700;18.07.2016;0,1
Oslo - Blindern;SN18700;19.07.2016;0,1
Oslo - Blindern;SN18700;20.07.2016;0,3
Oslo - Blindern;SN18700;21.07.2016;0
Oslo - Blindern;SN18700;22.07.2016;0
Oslo - Blindern;SN18700;23.07.2016;0
Oslo - Blindern;SN18700;24.07.2016;0
Oslo - Blindern;SN18700;25.07.2016;0
Oslo - Blindern;SN18700;26.07.2016;6
Oslo - Blindern;SN18700;27.07.2016;0,2
Oslo - Blindern;SN18700;28.07.2016;11,8
Oslo - Blindern;SN18700;29.07.2016;0
Oslo - Blindern;SN18700;30.07.2016;13,8
Oslo - Blindern;SN18700;31.07.2016;3,6
Oslo - Blindern;SN18700;01.08.2016;0
Oslo - Blindern;SN18700;02.08.2016;0,1
Oslo - Blindern;SN18700;03.08.2016;0,2
Oslo - Blindern;SN18700;04.08.2016;14,8
Oslo - Blindern;SN18700;05.08.2016;12,4
Oslo - Blindern;SN18700;06.08.2016;12,4
Oslo - Blindern;SN18700;07.08.2016;16,8
Oslo - Blindern;SN18700;08.08.2016;7,2
Oslo - Blindern;SN18700;09.08.2016;14,3
Oslo - Blindern;SN18700;10.08.2016;26,1
Oslo - Blindern;SN18700;11.08.2016;1,2
Oslo - Blindern;SN18700;12.08.2016;0
Oslo - Blindern;SN18700;13.08.2016;6
Oslo - Blindern;SN18700;14.08.2016;0
Oslo - Blindern;SN18700;15.08.2016;0
Oslo - Blindern;SN18700;16.08.2016;0
Oslo - Blindern;SN18700;17.08.2016;0
Oslo - Blindern;SN18700;18.08.2016;0
Oslo - Blindern;SN18700;19.08.2016;0
Oslo - Blindern;SN18700;20.08.2016;2,8
Oslo - Blindern;SN18700;21.08.2016;15
Oslo - Blindern;SN18700;22.08.2016;0
Oslo - Blindern;SN18700;23.08.2016;0,6
Oslo - Blindern;SN18700;24.08.2016;0
Oslo - Blindern;SN18700;25.08.2016;0
Oslo - Blindern;SN18700;26.08.2016;12,8
Oslo - Blindern;SN18700;27.08.2016;0
Oslo - Blindern;SN18700;28.08.2016;0
Oslo - Blindern;SN18700;29.08.2016;0,3
Oslo - Blindern;SN18700;30.08.2016;0,7
Oslo - Blindern;SN18700;31.08.2016;0
Oslo - Blindern;SN18700;01.09.2016;0
Oslo - Blindern;SN18700;02.09.2016;0
Oslo - Blindern;SN18700;03.09.2016;0,1
Oslo - Blindern;SN18700;04.09.2016;0
Oslo - Blindern;SN18700;05.09.2016;0
Oslo - Blindern;SN18700;06.09.2016;0
Oslo - Blindern;SN18700;07.09.2016;0
Oslo - Blindern;SN18700;08.09.2016;0
Oslo - Blindern;SN18700;09.09.2016;0
Oslo - Blindern;SN18700;10.09.2016;0,4
Oslo - Blindern;SN18700;11.09.2016;6
Oslo - Blindern;SN18700;12.09.2016;0
Oslo - Blindern;SN18700;13.09.2016;0
Oslo - Blindern;SN18700;14.09.2016;0
Oslo - Blindern;SN18700;15.09.2016;0
Oslo - Blindern;SN18700;16.09.2016;0,1
Oslo - Blindern;SN18700;17.09.2016;0,1
Oslo - Blindern;SN18700;18.09.2016;0
Oslo - Blindern;SN18700;19.09.2016;0
Oslo - Blindern;SN18700;20.09.2016;0
Oslo - Blindern;SN18700;21.09.2016;0
Oslo - Blindern;SN18700;22.09.2016;1,5
Oslo - Blindern;SN18700;23.09.2016;0,7
Oslo - Blindern;SN18700;24.09.2016;19,5
Oslo - Blindern;SN18700;25.09.2016;0
Oslo - Blindern;SN18700;26.09.2016;0
Oslo - Blindern;SN18700;27.09.2016;1,2
Oslo - Blindern;SN18700;28.09.2016;2,9
Oslo - Blindern;SN18700;29.09.2016;8,3
Oslo - Blindern;SN18700;30.09.2016;0,2
Oslo - Blindern;SN18700;01.10.2016;0
Oslo - Blindern;SN18700;02.10.2016;0
Oslo - Blindern;SN18700;03.10.2016;0
Oslo - Blindern;SN18700;04.10.2016;0
Oslo - Blindern;SN18700;05.10.2016;0
Oslo - Blindern;SN18700;06.10.2016;0
Oslo - Blindern;SN18700;07.10.2016;0
Oslo - Blindern;SN18700;08.10.2016;0,1
Oslo - Blindern;SN18700;09.10.2016;0
Oslo - Blindern;SN18700;10.10.2016;0
Oslo - Blindern;SN18700;11.10.2016;0
Oslo - Blindern;SN18700;12.10.2016;0
Oslo - Blindern;SN18700;13.10.2016;0
Oslo - Blindern;SN18700;14.10.2016;0
Oslo - Blindern;SN18700;15.10.2016;0
Oslo - Blindern;SN18700;16.10.2016;0
Oslo - Blindern;SN18700;17.10.2016;2,6
Oslo - Blindern;SN18700;18.10.2016;1,7
Oslo - Blindern;SN18700;19.10.2016;0,7
Oslo - Blindern;SN18700;20.10.2016;0,1
Oslo - Blindern;SN18700;21.10.2016;0,3
Oslo - Blindern;SN18700;22.10.2016;0,1
Oslo - Blindern;SN18700;23.10.2016;1,5
Oslo - Blindern;SN18700;24.10.2016;0,8
Oslo - Blindern;SN18700;25.10.2016;4,5
Oslo - Blindern;SN18700;26.10.2016;0
Oslo - Blindern;SN18700;27.10.2016;0,8
Oslo - Blindern;SN18700;28.10.2016;0
Oslo - Blindern;SN18700;29.10.2016;0
Oslo - Blindern;SN18700;30.10.2016;0
Oslo - Blindern;SN18700;31.10.2016;0
Oslo - Blindern;SN18700;01.11.2016;8,8
Oslo - Blindern;SN18700;02.11.2016;1,2
Oslo - Blindern;SN18700;03.11.2016;0
Oslo - Blindern;SN18700;04.11.2016;0
Oslo - Blindern;SN18700;05.11.2016;4,5
Oslo - Blindern;SN18700;06.11.2016;3,9
Oslo - Blindern;SN18700;07.11.2016;0
Oslo - Blindern;SN18700;08.11.2016;0
Oslo - Blindern;SN18700;09.11.2016;0,2
Oslo - Blindern;SN18700;10.11.2016;1,1
Oslo - Blindern;SN18700;11.11.2016;0
Oslo - Blindern;SN18700;12.11.2016;0
Oslo - Blindern;SN18700;13.11.2016;0,4
Oslo - Blindern;SN18700;14.11.2016;0
Oslo - Blindern;SN18700;15.11.2016;11,7
Oslo - Blindern;SN18700;16.11.2016;0,1
Oslo - Blindern;SN18700;17.11.2016;9,7
Oslo - Blindern;SN18700;18.11.2016;5,1
Oslo - Blindern;SN18700;19.11.2016;5
Oslo - Blindern;SN18700;20.11.2016;6,1
Oslo - Blindern;SN18700;21.11.2016;5,1
Oslo - Blindern;SN18700;22.11.2016;0,9
Oslo - Blindern;SN18700;23.11.2016;4,8
Oslo - Blindern;SN18700;24.11.2016;0
Oslo - Blindern;SN18700;25.11.2016;1,2
Oslo - Blindern;SN18700;26.11.2016;0
Oslo - Blindern;SN18700;27.11.2016;0
Oslo - Blindern;SN18700;28.11.2016;0
Oslo - Blindern;SN18700;29.11.2016;0
Oslo - Blindern;SN18700;30.11.2016;0
Oslo - Blindern;SN18700;01.12.2016;0,2
Oslo - Blindern;SN18700;02.12.2016;0
Oslo - Blindern;SN18700;03.12.2016;0
Oslo - Blindern;SN18700;04.12.2016;0
Oslo - Blindern;SN18700;05.12.2016;0
Oslo - Blindern;SN18700;06.12.2016;0
Oslo - Blindern;SN18700;07.12.2016;0
Oslo - Blindern;SN18700;08.12.2016;10,3
Oslo - Blindern;SN18700;09.12.2016;0
Oslo - Blindern;SN18700;10.12.2016;0,3
Oslo - Blindern;SN18700;11.12.2016;4,1
Oslo - Blindern;SN18700;12.12.2016;0,1
Oslo - Blindern;SN18700;13.12.2016;0,1
Oslo - Blindern;SN18700;14.12.2016;0
Oslo - Blindern;SN18700;15.12.2016;0,1
Oslo - Blindern;SN18700;16.12.2016;0
Oslo - Blindern;SN18700;17.12.2016;0,3
Oslo - Blindern;SN18700;18.12.2016;0,1
Oslo - Blindern;SN18700;19.12.2016;0
Oslo - Blindern;SN18700;20.12.2016;0,8
Oslo - Blindern;SN18700;21.12.2016;0,2
Oslo - Blindern;SN18700;22.12.2016;0,3
Oslo - Blindern;SN18700;23.12.2016;0
Oslo - Blindern;SN18700;24.12.2016;2,6
Oslo - Blindern;SN18700;25.12.2016;0
Oslo - Blindern;SN18700;26.12.2016;0
Oslo - Blindern;SN18700;27.12.2016;0
Oslo - Blindern;SN18700;28.12.2016;0
Oslo - Blindern;SN18700;29.12.2016;0
Oslo - Blindern;SN18700;30.12.2016;0
Oslo - Blindern;SN18700;31.12.2016;0
Oslo - Blindern;SN18700;01.01.2017;0,1
Oslo - Blindern;SN18700;02.01.2017;0
Oslo - Blindern;SN18700;03.01.2017;0
Oslo - Blindern;SN18700;04.01.2017;0
Oslo - Blindern;SN18700;05.01.2017;0,2
Oslo - Blindern;SN18700;06.01.2017;0
Oslo - Blindern;SN18700;07.01.2017;2,9
Oslo - Blindern;SN18700;08.01.2017;0
Oslo - Blindern;SN18700;09.01.2017;0
Oslo - Blindern;SN18700;10.01.2017;2,7
Oslo - Blindern;SN18700;11.01.2017;6,4
Oslo - Blindern;SN18700;12.01.2017;8,6
Oslo - Blindern;SN18700;13.01.2017;0,1
Oslo - Blindern;SN18700;14.01.2017;0
Oslo - Blindern;SN18700;15.01.2017;0
Oslo - Blindern;SN18700;16.01.2017;0
Oslo - Blindern;SN18700;17.01.2017;0,4
Oslo - Blindern;SN18700;18.01.2017;0,7
Oslo - Blindern;SN18700;19.01.2017;0,1
Oslo - Blindern;SN18700;20.01.2017;0
Oslo - Blindern;SN18700;21.01.2017;0
Oslo - Blindern;SN18700;22.01.2017;0,1
Oslo - Blindern;SN18700;23.01.2017;0,5
Oslo - Blindern;SN18700;24.01.2017;0,2
Oslo - Blindern;SN18700;25.01.2017;0
Oslo - Blindern;SN18700;26.01.2017;0
Oslo - Blindern;SN18700;27.01.2017;0,2
Oslo - Blindern;SN18700;28.01.2017;0,3
Oslo - Blindern;SN18700;29.01.2017;0,1
Oslo - Blindern;SN18700;30.01.2017;2
Oslo - Blindern;SN18700;31.01.2017;0,1
Oslo - Blindern;SN18700;01.02.2017;0,1
Oslo - Blindern;SN18700;02.02.2017;1,6
Oslo - Blindern;SN18700;03.02.2017;2,7
Oslo - Blindern;SN18700;04.02.2017;0,3
Oslo - Blindern;SN18700;05.02.2017;1,1
Oslo - Blindern;SN18700;06.02.2017;1,1
Oslo - Blindern;SN18700;07.02.2017;0,2
Oslo - Blindern;SN18700;08.02.2017;0,1
Oslo - Blindern;SN18700;09.02.2017;0,1
Oslo - Blindern;SN18700;10.02.2017;1,6
Oslo - Blindern;SN18700;11.02.2017;1,5
Oslo - Blindern;SN18700;12.02.2017;0
Oslo - Blindern;SN18700;13.02.2017;0
Oslo - Blindern;SN18700;14.02.2017;0
Oslo - Blindern;SN18700;15.02.2017;0
Oslo - Blindern;SN18700;16.02.2017;0
Oslo - Blindern;SN18700;17.02.2017;0,1
Oslo - Blindern;SN18700;18.02.2017;0,1
Oslo - Blindern;SN18700;19.02.2017;0,8
Oslo - Blindern;SN18700;20.02.2017;0
Oslo - Blindern;SN18700;21.02.2017;0
Oslo - Blindern;SN18700;22.02.2017;11,2
Oslo - Blindern;SN18700;23.02.2017;3,8
Oslo - Blindern;SN18700;24.02.2017;0,1
Oslo - Blindern;SN18700;25.02.2017;0
Oslo - Blindern;SN18700;26.02.2017;10,8
Oslo - Blindern;SN18700;27.02.2017;4,1
Oslo - Blindern;SN18700;28.02.2017;14,4
Oslo - Blindern;SN18700;01.03.2017;9,9
Oslo - Blindern;SN18700;02.03.2017;0
Oslo - Blindern;SN18700;03.03.2017;0,5
Oslo - Blindern;SN18700;04.03.2017;0,7
Oslo - Blindern;SN18700;05.03.2017;0,4
Oslo - Blindern;SN18700;06.03.2017;0
Oslo - Blindern;SN18700;07.03.2017;0,1
Oslo - Blindern;SN18700;08.03.2017;0
Oslo - Blindern;SN18700;09.03.2017;5
Oslo - Blindern;SN18700;10.03.2017;0,2
Oslo - Blindern;SN18700;11.03.2017;0
Oslo - Blindern;SN18700;12.03.2017;1,7
Oslo - Blindern;SN18700;13.03.2017;0,1
Oslo - Blindern;SN18700;14.03.2017;1,8
Oslo - Blindern;SN18700;15.03.2017;1,1
Oslo - Blindern;SN18700;16.03.2017;0
Oslo - Blindern;SN18700;17.03.2017;0
Oslo - Blindern;SN18700;18.03.2017;0
Oslo - Blindern;SN18700;19.03.2017;0
Oslo - Blindern;SN18700;20.03.2017;3,4
Oslo - Blindern;SN18700;21.03.2017;6,4
Oslo - Blindern;SN18700;22.03.2017;0,1
Oslo - Blindern;SN18700;23.03.2017;0
Oslo - Blindern;SN18700;24.03.2017;0
Oslo - Blindern;SN18700;25.03.2017;0
Oslo - Blindern;SN18700;26.03.2017;0
Oslo - Blindern;SN18700;27.03.2017;0
Oslo - Blindern;SN18700;28.03.2017;0
Oslo - Blindern;SN18700;29.03.2017;0
Oslo - Blindern;SN18700;30.03.2017;0
Oslo - Blindern;SN18700;31.03.2017;9,1
Oslo - Blindern;SN18700;01.04.2017;10,9
Oslo - Blindern;SN18700;02.04.2017;0,1
Oslo - Blindern;SN18700;03.04.2017;0
Oslo - Blindern;SN18700;04.04.2017;0,1
Oslo - Blindern;SN18700;05.04.2017;0
Oslo - Blindern;SN18700;06.04.2017;0,1
Oslo - Blindern;SN18700;07.04.2017;0
Oslo - Blindern;SN18700;08.04.2017;0
Oslo - Blindern;SN18700;09.04.2017;0
Oslo - Blindern;SN18700;10.04.2017;0,3
Oslo - Blindern;SN18700;11.04.2017;0
Oslo - Blindern;SN18700;12.04.2017;3,1
Oslo - Blindern;SN18700;13.04.2017;5,4
Oslo - Blindern;SN18700;14.04.2017;9,9
Oslo - Blindern;SN18700;15.04.2017;0
Oslo - Blindern;SN18700;16.04.2017;0
Oslo - Blindern;SN18700;17.04.2017;0,4
Oslo - Blindern;SN18700;18.04.2017;0
Oslo - Blindern;SN18700;19.04.2017;0
Oslo - Blindern;SN18700;20.04.2017;0
Oslo - Blindern;SN18700;21.04.2017;0
Oslo - Blindern;SN18700;22.04.2017;0,1
Oslo - Blindern;SN18700;23.04.2017;0
Oslo - Blindern;SN18700;24.04.2017;4,9
Oslo - Blindern;SN18700;25.04.2017;17,9
Oslo - Blindern;SN18700;26.04.2017;0
Oslo - Blindern;SN18700;27.04.2017;0
Oslo - Blindern;SN18700;28.04.2017;0,4
Oslo - Blindern;SN18700;29.04.2017;3,4
Oslo - Blindern;SN18700;30.04.2017;0
Oslo - Blindern;SN18700;01.05.2017;0
Oslo - Blindern;SN18700;02.05.2017;0
Oslo - Blindern;SN18700;03.05.2017;0
Oslo - Blindern;SN18700;04.05.2017;0
Oslo - Blindern;SN18700;05.05.2017;0
Oslo - Blindern;SN18700;06.05.2017;0
Oslo - Blindern;SN18700;07.05.2017;1,4
Oslo - Blindern;SN18700;08.05.2017;0,2
Oslo - Blindern;SN18700;09.05.2017;0
Oslo - Blindern;SN18700;10.05.2017;5,6
Oslo - Blindern;SN18700;11.05.2017;22
Oslo - Blindern;SN18700;12.05.2017;0,3
Oslo - Blindern;SN18700;13.05.2017;0
Oslo - Blindern;SN18700;14.05.2017;0,5
Oslo - Blindern;SN18700;15.05.2017;2,7
Oslo - Blindern;SN18700;16.05.2017;1,4
Oslo - Blindern;SN18700;17.05.2017;19
Oslo - Blindern;SN18700;18.05.2017;17,7
Oslo - Blindern;SN18700;19.05.2017;3,7
Oslo - Blindern;SN18700;20.05.2017;0
Oslo - Blindern;SN18700;21.05.2017;1,2
Oslo - Blindern;SN18700;22.05.2017;0,2
Oslo - Blindern;SN18700;23.05.2017;0
Oslo - Blindern;SN18700;24.05.2017;0
Oslo - Blindern;SN18700;25.05.2017;0
Oslo - Blindern;SN18700;26.05.2017;0
Oslo - Blindern;SN18700;27.05.2017;0
Oslo - Blindern;SN18700;28.05.2017;0
Oslo - Blindern;SN18700;29.05.2017;0
Oslo - Blindern;SN18700;30.05.2017;1,2
Oslo - Blindern;SN18700;31.05.2017;1,1
Oslo - Blindern;SN18700;01.06.2017;1,2
Oslo - Blindern;SN18700;02.06.2017;0,1
Oslo - Blindern;SN18700;03.06.2017;1,2
Oslo - Blindern;SN18700;04.06.2017;0,1
Oslo - Blindern;SN18700;05.06.2017;7,7
Oslo - Blindern;SN18700;06.06.2017;2,9
Oslo - Blindern;SN18700;07.06.2017;0,4
Oslo - Blindern;SN18700;08.06.2017;12
Oslo - Blindern;SN18700;09.06.2017;5,9
Oslo - Blindern;SN18700;10.06.2017;29,6
Oslo - Blindern;SN18700;11.06.2017;9,1
Oslo - Blindern;SN18700;12.06.2017;3,7
Oslo - Blindern;SN18700;13.06.2017;0,1
Oslo - Blindern;SN18700;14.06.2017;2,8
Oslo - Blindern;SN18700;15.06.2017;0
Oslo - Blindern;SN18700;16.06.2017;0,5
Oslo - Blindern;SN18700;17.06.2017;2,3
Oslo - Blindern;SN18700;18.06.2017;0,1
Oslo - Blindern;SN18700;19.06.2017;0
Oslo - Blindern;SN18700;20.06.2017;3,6
Oslo - Blindern;SN18700;21.06.2017;0
Oslo - Blindern;SN18700;22.06.2017;0,1
Oslo - Blindern;SN18700;23.06.2017;0
Oslo - Blindern;SN18700;24.06.2017;5,9
Oslo - Blindern;SN18700;25.06.2017;0
Oslo - Blindern;SN18700;26.06.2017;0,2
Oslo - Blindern;SN18700;27.06.2017;1,2
Oslo - Blindern;SN18700;28.06.2017;0
Oslo - Blindern;SN18700;29.06.2017;0
Oslo - Blindern;SN18700;30.06.2017;0
Oslo - Blindern;SN18700;01.07.2017;0
Oslo - Blindern;SN18700;02.07.2017;0,1
Oslo - Blindern;SN18700;03.07.2017;0,1
Oslo - Blindern;SN18700;04.07.2017;0
Oslo - Blindern;SN18700;05.07.2017;0,6
Oslo - Blindern;SN18700;06.07.2017;0
Oslo - Blindern;SN18700;07.07.2017;0
Oslo - Blindern;SN18700;08.07.2017;19,2
Oslo - Blindern;SN18700;09.07.2017;3,7
Oslo - Blindern;SN18700;10.07.2017;0,4
Oslo - Blindern;SN18700;11.07.2017;9,5
Oslo - Blindern;SN18700;12.07.2017;0,3
Oslo - Blindern;SN18700;13.07.2017;0,1
Oslo - Blindern;SN18700;14.07.2017;0
Oslo - Blindern;SN18700;15.07.2017;0
Oslo - Blindern;SN18700;16.07.2017;17
Oslo - Blindern;SN18700;17.07.2017;19,7
Oslo - Blindern;SN18700;18.07.2017;0
Oslo - Blindern;SN18700;19.07.2017;0
Oslo - Blindern;SN18700;20.07.2017;0
Oslo - Blindern;SN18700;21.07.2017;0
Oslo - Blindern;SN18700;22.07.2017;0,2
Oslo - Blindern;SN18700;23.07.2017;0
Oslo - Blindern;SN18700;24.07.2017;0,6
Oslo - Blindern;SN18700;25.07.2017;0
Oslo - Blindern;SN18700;26.07.2017;1,3
Oslo - Blindern;SN18700;27.07.2017;0,3
Oslo - Blindern;SN18700;28.07.2017;15
Oslo - Blindern;SN18700;29.07.2017;0
Oslo - Blindern;SN18700;30.07.2017;0,7
Oslo - Blindern;SN18700;31.07.2017;9,4
Oslo - Blindern;SN18700;01.08.2017;1,4
Oslo - Blindern;SN18700;02.08.2017;1,2
Oslo - Blindern;SN18700;03.08.2017;0,2
Oslo - Blindern;SN18700;04.08.2017;9,7
Oslo - Blindern;SN18700;05.08.2017;4
Oslo - Blindern;SN18700;06.08.2017;8,8
Oslo - Blindern;SN18700;07.08.2017;6,3
Oslo - Blindern;SN18700;08.08.2017;3,9
Oslo - Blindern;SN18700;09.08.2017;13
Oslo - Blindern;SN18700;10.08.2017;42,2
Oslo - Blindern;SN18700;11.08.2017;0
Oslo - Blindern;SN18700;12.08.2017;0,1
Oslo - Blindern;SN18700;13.08.2017;0,7
Oslo - Blindern;SN18700;14.08.2017;0
Oslo - Blindern;SN18700;15.08.2017;0
Oslo - Blindern;SN18700;16.08.2017;29,4
Oslo - Blindern;SN18700;17.08.2017;0
Oslo - Blindern;SN18700;18.08.2017;14,5
Oslo - Blindern;SN18700;19.08.2017;6
Oslo - Blindern;SN18700;20.08.2017;0,2
Oslo - Blindern;SN18700;21.08.2017;0
Oslo - Blindern;SN18700;22.08.2017;0,4
Oslo - Blindern;SN18700;23.08.2017;0
Oslo - Blindern;SN18700;24.08.2017;0
Oslo - Blindern;SN18700;25.08.2017;8,6
Oslo - Blindern;SN18700;26.08.2017;0
Oslo - Blindern;SN18700;27.08.2017;0
Oslo - Blindern;SN18700;28.08.2017;0
Oslo - Blindern;SN18700;29.08.2017;8,1
Oslo - Blindern;SN18700;30.08.2017;0,2
Oslo - Blindern;SN18700;31.08.2017;0
Oslo - Blindern;SN18700;01.09.2017;0,9
Oslo - Blindern;SN18700;02.09.2017;0
Oslo - Blindern;SN18700;03.09.2017;0
Oslo - Blindern;SN18700;04.09.2017;0
Oslo - Blindern;SN18700;05.09.2017;0,3
Oslo - Blindern;SN18700;06.09.2017;6,8
Oslo - Blindern;SN18700;07.09.2017;25,9
Oslo - Blindern;SN18700;08.09.2017;0
Oslo - Blindern;SN18700;09.09.2017;6,3
Oslo - Blindern;SN18700;10.09.2017;9,3
Oslo - Blindern;SN18700;11.09.2017;12,7
Oslo - Blindern;SN18700;12.09.2017;16
Oslo - Blindern;SN18700;13.09.2017;6,2
Oslo - Blindern;SN18700;14.09.2017;8,2
Oslo - Blindern;SN18700;15.09.2017;0,1
Oslo - Blindern;SN18700;16.09.2017;0,5
Oslo - Blindern;SN18700;17.09.2017;0,1
Oslo - Blindern;SN18700;18.09.2017;0
Oslo - Blindern;SN18700;19.09.2017;0,6
Oslo - Blindern;SN18700;20.09.2017;0,2
Oslo - Blindern;SN18700;21.09.2017;2,8
Oslo - Blindern;SN18700;22.09.2017;0
Oslo - Blindern;SN18700;23.09.2017;2,3
Oslo - Blindern;SN18700;24.09.2017;0
Oslo - Blindern;SN18700;25.09.2017;0,1
Oslo - Blindern;SN18700;26.09.2017;0
Oslo - Blindern;SN18700;27.09.2017;0,6
Oslo - Blindern;SN18700;28.09.2017;0
Oslo - Blindern;SN18700;29.09.2017;0
Oslo - Blindern;SN18700;30.09.2017;0
Oslo - Blindern;SN18700;01.10.2017;0
Oslo - Blindern;SN18700;02.10.2017;10,4
Oslo - Blindern;SN18700;03.10.2017;10,1
Oslo - Blindern;SN18700;04.10.2017;0
Oslo - Blindern;SN18700;05.10.2017;2,9
Oslo - Blindern;SN18700;06.10.2017;0
Oslo - Blindern;SN18700;07.10.2017;0
Oslo - Blindern;SN18700;08.10.2017;0
Oslo - Blindern;SN18700;09.10.2017;0
Oslo - Blindern;SN18700;10.10.2017;0
Oslo - Blindern;SN18700;11.10.2017;2,6
Oslo - Blindern;SN18700;12.10.2017;19,2
Oslo - Blindern;SN18700;13.10.2017;0
Oslo - Blindern;SN18700;14.10.2017;9,3
Oslo - Blindern;SN18700;15.10.2017;0
Oslo - Blindern;SN18700;16.10.2017;1,4
Oslo - Blindern;SN18700;17.10.2017;4,7
Oslo - Blindern;SN18700;18.10.2017;2,5
Oslo - Blindern;SN18700;19.10.2017;0
Oslo - Blindern;SN18700;20.10.2017;0,2
Oslo - Blindern;SN18700;21.10.2017;1,4
Oslo - Blindern;SN18700;22.10.2017;4,8
Oslo - Blindern;SN18700;23.10.2017;4,5
Oslo - Blindern;SN18700;24.10.2017;0,3
Oslo - Blindern;SN18700;25.10.2017;35,5
Oslo - Blindern;SN18700;26.10.2017;0,2
Oslo - Blindern;SN18700;27.10.2017;0,3
Oslo - Blindern;SN18700;28.10.2017;0
Oslo - Blindern;SN18700;29.10.2017;0,5
Oslo - Blindern;SN18700;30.10.2017;0
Oslo - Blindern;SN18700;31.10.2017;0
Oslo - Blindern;SN18700;01.11.2017;0
Oslo - Blindern;SN18700;02.11.2017;0,3
Oslo - Blindern;SN18700;03.11.2017;0
Oslo - Blindern;SN18700;04.11.2017;0
Oslo - Blindern;SN18700;05.11.2017;17,7
Oslo - Blindern;SN18700;06.11.2017;10,7
Oslo - Blindern;SN18700;07.11.2017;0
Oslo - Blindern;SN18700;08.11.2017;0,7
Oslo - Blindern;SN18700;09.11.2017;0,5
Oslo - Blindern;SN18700;10.11.2017;0,3
Oslo - Blindern;SN18700;11.11.2017;5,8
Oslo - Blindern;SN18700;12.11.2017;0
Oslo - Blindern;SN18700;13.11.2017;0
Oslo - Blindern;SN18700;14.11.2017;0
Oslo - Blindern;SN18700;15.11.2017;4,8
Oslo - Blindern;SN18700;16.11.2017;0
Oslo - Blindern;SN18700;17.11.2017;5,7
Oslo - Blindern;SN18700;18.11.2017;0
Oslo - Blindern;SN18700;19.11.2017;0,8
Oslo - Blindern;SN18700;20.11.2017;0
Oslo - Blindern;SN18700;21.11.2017;0
Oslo - Blindern;SN18700;22.11.2017;1,2
Oslo - Blindern;SN18700;23.11.2017;17,4
Oslo - Blindern;SN18700;24.11.2017;2,6
Oslo - Blindern;SN18700;25.11.2017;0,2
Oslo - Blindern;SN18700;26.11.2017;0,7
Oslo - Blindern;SN18700;27.11.2017;1,7
Oslo - Blindern;SN18700;28.11.2017;2,1
Oslo - Blindern;SN18700;29.11.2017;4,9
Oslo - Blindern;SN18700;30.11.2017;0,3
Oslo - Blindern;SN18700;01.12.2017;0
Oslo - Blindern;SN18700;02.12.2017;0
Oslo - Blindern;SN18700;03.12.2017;0,2
Oslo - Blindern;SN18700;04.12.2017;0
Oslo - Blindern;SN18700;05.12.2017;0
Oslo - Blindern;SN18700;06.12.2017;2,6
Oslo - Blindern;SN18700;07.12.2017;1
Oslo - Blindern;SN18700;08.12.2017;0,3
Oslo - Blindern;SN18700;09.12.2017;0
Oslo - Blindern;SN18700;10.12.2017;0
Oslo - Blindern;SN18700;11.12.2017;0,2
Oslo - Blindern;SN18700;12.12.2017;0,1
Oslo - Blindern;SN18700;13.12.2017;0
Oslo - Blindern;SN18700;14.12.2017;6
Oslo - Blindern;SN18700;15.12.2017;0,4
Oslo - Blindern;SN18700;16.12.2017;0
Oslo - Blindern;SN18700;17.12.2017;1,3
Oslo - Blindern;SN18700;18.12.2017;0,4
Oslo - Blindern;SN18700;19.12.2017;0,2
Oslo - Blindern;SN18700;20.12.2017;0,2
Oslo - Blindern;SN18700;21.12.2017;0,3
Oslo - Blindern;SN18700;22.12.2017;0
Oslo - Blindern;SN18700;23.12.2017;0
Oslo - Blindern;SN18700;24.12.2017;1,3
Oslo - Blindern;SN18700;25.12.2017;0
Oslo - Blindern;SN18700;26.12.2017;3,2
Oslo - Blindern;SN18700;27.12.2017;15,9
Oslo - Blindern;SN18700;28.12.2017;5,4
Oslo - Blindern;SN18700;29.12.2017;8,6
Oslo - Blindern;SN18700;30.12.2017;0
Oslo - Blindern;SN18700;31.12.2017;0,5
Oslo - Blindern;SN18700;01.01.2018;7
Oslo - Blindern;SN18700;02.01.2018;1,1
Oslo - Blindern;SN18700;03.01.2018;0,4
Oslo - Blindern;SN18700;04.01.2018;5,5
Oslo - Blindern;SN18700;05.01.2018;1,4
Oslo - Blindern;SN18700;06.01.2018;0,1
Oslo - Blindern;SN18700;07.01.2018;0
Oslo - Blindern;SN18700;08.01.2018;0
Oslo - Blindern;SN18700;09.01.2018;0
Oslo - Blindern;SN18700;10.01.2018;0
Oslo - Blindern;SN18700;11.01.2018;6,5
Oslo - Blindern;SN18700;12.01.2018;3,7
Oslo - Blindern;SN18700;13.01.2018;0,4
Oslo - Blindern;SN18700;14.01.2018;0
Oslo - Blindern;SN18700;15.01.2018;0,8
Oslo - Blindern;SN18700;16.01.2018;14,3
Oslo - Blindern;SN18700;17.01.2018;4,9
Oslo - Blindern;SN18700;18.01.2018;1
Oslo - Blindern;SN18700;19.01.2018;0,6
Oslo - Blindern;SN18700;20.01.2018;1,5
Oslo - Blindern;SN18700;21.01.2018;1,6
Oslo - Blindern;SN18700;22.01.2018;0
Oslo - Blindern;SN18700;23.01.2018;1,8
Oslo - Blindern;SN18700;24.01.2018;15,4
Oslo - Blindern;SN18700;25.01.2018;3,9
Oslo - Blindern;SN18700;26.01.2018;0
Oslo - Blindern;SN18700;27.01.2018;0
Oslo - Blindern;SN18700;28.01.2018;8,9
Oslo - Blindern;SN18700;29.01.2018;0,7
Oslo - Blindern;SN18700;30.01.2018;3,3
Oslo - Blindern;SN18700;31.01.2018;1,5
Oslo - Blindern;SN18700;01.02.2018;13,3
Oslo - Blindern;SN18700;02.02.2018;2
Oslo - Blindern;SN18700;03.02.2018;0
Oslo - Blindern;SN18700;04.02.2018;0,2
Oslo - Blindern;SN18700;05.02.2018;0
Oslo - Blindern;SN18700;06.02.2018;0
Oslo - Blindern;SN18700;07.02.2018;0
Oslo - Blindern;SN18700;08.02.2018;0
Oslo - Blindern;SN18700;09.02.2018;7,4
Oslo - Blindern;SN18700;10.02.2018;2,2
Oslo - Blindern;SN18700;11.02.2018;3,8
Oslo - Blindern;SN18700;12.02.2018;6,1
Oslo - Blindern;SN18700;13.02.2018;4,6
Oslo - Blindern;SN18700;14.02.2018;0,2
Oslo - Blindern;SN18700;15.02.2018;0,3
Oslo - Blindern;SN18700;16.02.2018;3,8
Oslo - Blindern;SN18700;17.02.2018;0,2
Oslo - Blindern;SN18700;18.02.2018;1,2
Oslo - Blindern;SN18700;19.02.2018;4,5
Oslo - Blindern;SN18700;20.02.2018;0,1
Oslo - Blindern;SN18700;21.02.2018;0,2
Oslo - Blindern;SN18700;22.02.2018;0,5
Oslo - Blindern;SN18700;23.02.2018;0
Oslo - Blindern;SN18700;24.02.2018;0
Oslo - Blindern;SN18700;25.02.2018;2,5
Oslo - Blindern;SN18700;26.02.2018;0,6
Oslo - Blindern;SN18700;27.02.2018;0
Oslo - Blindern;SN18700;28.02.2018;0,2
Oslo - Blindern;SN18700;01.03.2018;0,1
Oslo - Blindern;SN18700;02.03.2018;0
Oslo - Blindern;SN18700;03.03.2018;0
Oslo - Blindern;SN18700;04.03.2018;0
Oslo - Blindern;SN18700;05.03.2018;0,1
Oslo - Blindern;SN18700;06.03.2018;1,1
Oslo - Blindern;SN18700;07.03.2018;0,2
Oslo - Blindern;SN18700;08.03.2018;0,1
Oslo - Blindern;SN18700;09.03.2018;2,2
Oslo - Blindern;SN18700;10.03.2018;0,1
Oslo - Blindern;SN18700;11.03.2018;0
Oslo - Blindern;SN18700;12.03.2018;7,1
Oslo - Blindern;SN18700;13.03.2018;0,9
Oslo - Blindern;SN18700;14.03.2018;0
Oslo - Blindern;SN18700;15.03.2018;0
Oslo - Blindern;SN18700;16.03.2018;0
Oslo - Blindern;SN18700;17.03.2018;0
Oslo - Blindern;SN18700;18.03.2018;0
Oslo - Blindern;SN18700;19.03.2018;0
Oslo - Blindern;SN18700;20.03.2018;0,5
Oslo - Blindern;SN18700;21.03.2018;0
Oslo - Blindern;SN18700;22.03.2018;0
Oslo - Blindern;SN18700;23.03.2018;0
Oslo - Blindern;SN18700;24.03.2018;0,7
Oslo - Blindern;SN18700;25.03.2018;0
Oslo - Blindern;SN18700;26.03.2018;0,2
Oslo - Blindern;SN18700;27.03.2018;0,3
Oslo - Blindern;SN18700;28.03.2018;0
Oslo - Blindern;SN18700;29.03.2018;0
Oslo - Blindern;SN18700;30.03.2018;0
Oslo - Blindern;SN18700;31.03.2018;0
Oslo - Blindern;SN18700;01.04.2018;0
Oslo - Blindern;SN18700;02.04.2018;0
Oslo - Blindern;SN18700;03.04.2018;0
Oslo - Blindern;SN18700;04.04.2018;7,3
Oslo - Blindern;SN18700;05.04.2018;5,2
Oslo - Blindern;SN18700;06.04.2018;7,5
Oslo - Blindern;SN18700;07.04.2018;0
Oslo - Blindern;SN18700;08.04.2018;0
Oslo - Blindern;SN18700;09.04.2018;5,4
Oslo - Blindern;SN18700;10.04.2018;2,2
Oslo - Blindern;SN18700;11.04.2018;0
Oslo - Blindern;SN18700;12.04.2018;0
Oslo - Blindern;SN18700;13.04.2018;0
Oslo - Blindern;SN18700;14.04.2018;0
Oslo - Blindern;SN18700;15.04.2018;0
Oslo - Blindern;SN18700;16.04.2018;0,2
Oslo - Blindern;SN18700;17.04.2018;0,4
Oslo - Blindern;SN18700;18.04.2018;1,3
Oslo - Blindern;SN18700;19.04.2018;0
Oslo - Blindern;SN18700;20.04.2018;0,1
Oslo - Blindern;SN18700;21.04.2018;0
Oslo - Blindern;SN18700;22.04.2018;0
Oslo - Blindern;SN18700;23.04.2018;0,1
Oslo - Blindern;SN18700;24.04.2018;5,8
Oslo - Blindern;SN18700;25.04.2018;0,1
Oslo - Blindern;SN18700;26.04.2018;0
Oslo - Blindern;SN18700;27.04.2018;0
Oslo - Blindern;SN18700;28.04.2018;0
Oslo - Blindern;SN18700;29.04.2018;0
Oslo - Blindern;SN18700;30.04.2018;0
Oslo - Blindern;SN18700;01.05.2018;9,1
Oslo - Blindern;SN18700;02.05.2018;2,9
Oslo - Blindern;SN18700;03.05.2018;0
Oslo - Blindern;SN18700;04.05.2018;3,4
Oslo - Blindern;SN18700;05.05.2018;0
Oslo - Blindern;SN18700;06.05.2018;0
Oslo - Blindern;SN18700;07.05.2018;0
Oslo - Blindern;SN18700;08.05.2018;0
Oslo - Blindern;SN18700;09.05.2018;0
Oslo - Blindern;SN18700;10.05.2018;0
Oslo - Blindern;SN18700;11.05.2018;11,2
Oslo - Blindern;SN18700;12.05.2018;0,3
Oslo - Blindern;SN18700;13.05.2018;0
Oslo - Blindern;SN18700;14.05.2018;0
Oslo - Blindern;SN18700;15.05.2018;0
Oslo - Blindern;SN18700;16.05.2018;0
Oslo - Blindern;SN18700;17.05.2018;0,6
Oslo - Blindern;SN18700;18.05.2018;0
Oslo - Blindern;SN18700;19.05.2018;0
Oslo - Blindern;SN18700;20.05.2018;0
Oslo - Blindern;SN18700;21.05.2018;0,1
Oslo - Blindern;SN18700;22.05.2018;0
Oslo - Blindern;SN18700;23.05.2018;0
Oslo - Blindern;SN18700;24.05.2018;0
Oslo - Blindern;SN18700;25.05.2018;0
Oslo - Blindern;SN18700;26.05.2018;0
Oslo - Blindern;SN18700;27.05.2018;0
Oslo - Blindern;SN18700;28.05.2018;0
Oslo - Blindern;SN18700;29.05.2018;0,5
Oslo - Blindern;SN18700;30.05.2018;0
Oslo - Blindern;SN18700;31.05.2018;0
Oslo - Blindern;SN18700;01.06.2018;0
Oslo - Blindern;SN18700;02.06.2018;0
Oslo - Blindern;SN18700;03.06.2018;0
Oslo - Blindern;SN18700;04.06.2018;0
Oslo - Blindern;SN18700;05.06.2018;0
Oslo - Blindern;SN18700;06.06.2018;0
Oslo - Blindern;SN18700;07.06.2018;0
Oslo - Blindern;SN18700;08.06.2018;0
Oslo - Blindern;SN18700;09.06.2018;0
Oslo - Blindern;SN18700;10.06.2018;0
Oslo - Blindern;SN18700;11.06.2018;10,4
Oslo - Blindern;SN18700;12.06.2018;0
Oslo - Blindern;SN18700;13.06.2018;0,4
Oslo - Blindern;SN18700;14.06.2018;0,1
Oslo - Blindern;SN18700;15.06.2018;5,5
Oslo - Blindern;SN18700;16.06.2018;0,1
Oslo - Blindern;SN18700;17.06.2018;4,8
Oslo - Blindern;SN18700;18.06.2018;16
Oslo - Blindern;SN18700;19.06.2018;0,5
Oslo - Blindern;SN18700;20.06.2018;0,1
Oslo - Blindern;SN18700;21.06.2018;0
Oslo - Blindern;SN18700;22.06.2018;0,9
Oslo - Blindern;SN18700;23.06.2018;0
Oslo - Blindern;SN18700;24.06.2018;0
Oslo - Blindern;SN18700;25.06.2018;0
Oslo - Blindern;SN18700;26.06.2018;0
Oslo - Blindern;SN18700;27.06.2018;0
Oslo - Blindern;SN18700;28.06.2018;0
Oslo - Blindern;SN18700;29.06.2018;0
Oslo - Blindern;SN18700;30.06.2018;0
Oslo - Blindern;SN18700;01.07.2018;0
Oslo - Blindern;SN18700;02.07.2018;0
Oslo - Blindern;SN18700;03.07.2018;0
Oslo - Blindern;SN18700;04.07.2018;0
Oslo - Blindern;SN18700;05.07.2018;0
Oslo - Blindern;SN18700;06.07.2018;0
Oslo - Blindern;SN18700;07.07.2018;0,1
Oslo - Blindern;SN18700;08.07.2018;0
Oslo - Blindern;SN18700;09.07.2018;0
Oslo - Blindern;SN18700;10.07.2018;1,8
Oslo - Blindern;SN18700;11.07.2018;0
Oslo - Blindern;SN18700;12.07.2018;0
Oslo - Blindern;SN18700;13.07.2018;1,8
Oslo - Blindern;SN18700;14.07.2018;0
Oslo - Blindern;SN18700;15.07.2018;0
Oslo - Blindern;SN18700;16.07.2018;0
Oslo - Blindern;SN18700;17.07.2018;1,2
Oslo - Blindern;SN18700;18.07.2018;0
Oslo - Blindern;SN18700;19.07.2018;0,1
Oslo - Blindern;SN18700;20.07.2018;0
Oslo - Blindern;SN18700;21.07.2018;0
Oslo - Blindern;SN18700;22.07.2018;0
Oslo - Blindern;SN18700;23.07.2018;0
Oslo - Blindern;SN18700;24.07.2018;0
Oslo - Blindern;SN18700;25.07.2018;0
Oslo - Blindern;SN18700;26.07.2018;0
Oslo - Blindern;SN18700;27.07.2018;0
Oslo - Blindern;SN18700;28.07.2018;0
Oslo - Blindern;SN18700;29.07.2018;9,6
Oslo - Blindern;SN18700;30.07.2018;0
Oslo - Blindern;SN18700;31.07.2018;1,3
Oslo - Blindern;SN18700;01.08.2018;9,8
Oslo - Blindern;SN18700;02.08.2018;0
Oslo - Blindern;SN18700;03.08.2018;0,1
Oslo - Blindern;SN18700;04.08.2018;0,1
Oslo - Blindern;SN18700;05.08.2018;0
Oslo - Blindern;SN18700;06.08.2018;0
Oslo - Blindern;SN18700;07.08.2018;0
Oslo - Blindern;SN18700;08.08.2018;1,2
Oslo - Blindern;SN18700;09.08.2018;7,1
Oslo - Blindern;SN18700;10.08.2018;13,4
Oslo - Blindern;SN18700;11.08.2018;2,2
Oslo - Blindern;SN18700;12.08.2018;1,2
Oslo - Blindern;SN18700;13.08.2018;3
Oslo - Blindern;SN18700;14.08.2018;0
Oslo - Blindern;SN18700;15.08.2018;0
Oslo - Blindern;SN18700;16.08.2018;0
Oslo - Blindern;SN18700;17.08.2018;0,8
Oslo - Blindern;SN18700;18.08.2018;4,8
Oslo - Blindern;SN18700;19.08.2018;0,1
Oslo - Blindern;SN18700;20.08.2018;0
Oslo - Blindern;SN18700;21.08.2018;0,1
Oslo - Blindern;SN18700;22.08.2018;0,1
Oslo - Blindern;SN18700;23.08.2018;2,7
Oslo - Blindern;SN18700;24.08.2018;0,3
Oslo - Blindern;SN18700;25.08.2018;1,5
Oslo - Blindern;SN18700;26.08.2018;0
Oslo - Blindern;SN18700;27.08.2018;0,2
Oslo - Blindern;SN18700;28.08.2018;2,7
Oslo - Blindern;SN18700;29.08.2018;0
Oslo - Blindern;SN18700;30.08.2018;5,6
Oslo - Blindern;SN18700;31.08.2018;0,1
Oslo - Blindern;SN18700;01.09.2018;0
Oslo - Blindern;SN18700;02.09.2018;0
Oslo - Blindern;SN18700;03.09.2018;0
Oslo - Blindern;SN18700;04.09.2018;0
Oslo - Blindern;SN18700;05.09.2018;0,3
Oslo - Blindern;SN18700;06.09.2018;0
Oslo - Blindern;SN18700;07.09.2018;2,2
Oslo - Blindern;SN18700;08.09.2018;13
Oslo - Blindern;SN18700;09.09.2018;8,5
Oslo - Blindern;SN18700;10.09.2018;41,5
Oslo - Blindern;SN18700;11.09.2018;1,2
Oslo - Blindern;SN18700;12.09.2018;23
Oslo - Blindern;SN18700;13.09.2018;0
Oslo - Blindern;SN18700;14.09.2018;0,1
Oslo - Blindern;SN18700;15.09.2018;0,6
Oslo - Blindern;SN18700;16.09.2018;0
Oslo - Blindern;SN18700;17.09.2018;6,3
Oslo - Blindern;SN18700;18.09.2018;0,7
Oslo - Blindern;SN18700;19.09.2018;0,1
Oslo - Blindern;SN18700;20.09.2018;0,3
Oslo - Blindern;SN18700;21.09.2018;2,6
Oslo - Blindern;SN18700;22.09.2018;19,1
Oslo - Blindern;SN18700;23.09.2018;0,1
Oslo - Blindern;SN18700;24.09.2018;0
Oslo - Blindern;SN18700;25.09.2018;0
Oslo - Blindern;SN18700;26.09.2018;0
Oslo - Blindern;SN18700;27.09.2018;0
Oslo - Blindern;SN18700;28.09.2018;4,8
Oslo - Blindern;SN18700;29.09.2018;0,2
Oslo - Blindern;SN18700;30.09.2018;0,1
Oslo - Blindern;SN18700;01.10.2018;0
Oslo - Blindern;SN18700;02.10.2018;2,6
Oslo - Blindern;SN18700;03.10.2018;4,4
Oslo - Blindern;SN18700;04.10.2018;0
Oslo - Blindern;SN18700;05.10.2018;0,4
Oslo - Blindern;SN18700;06.10.2018;0
Oslo - Blindern;SN18700;07.10.2018;0
Oslo - Blindern;SN18700;08.10.2018;1,3
Oslo - Blindern;SN18700;09.10.2018;0
Oslo - Blindern;SN18700;10.10.2018;0
Oslo - Blindern;SN18700;11.10.2018;0
Oslo - Blindern;SN18700;12.10.2018;0
Oslo - Blindern;SN18700;13.10.2018;0
Oslo - Blindern;SN18700;14.10.2018;0
Oslo - Blindern;SN18700;15.10.2018;0,2
Oslo - Blindern;SN18700;16.10.2018;2,1
Oslo - Blindern;SN18700;17.10.2018;0,8
Oslo - Blindern;SN18700;18.10.2018;0,2
Oslo - Blindern;SN18700;19.10.2018;0
Oslo - Blindern;SN18700;20.10.2018;0
Oslo - Blindern;SN18700;21.10.2018;0
Oslo - Blindern;SN18700;22.10.2018;2,4
Oslo - Blindern;SN18700;23.10.2018;0
Oslo - Blindern;SN18700;24.10.2018;0
Oslo - Blindern;SN18700;25.10.2018;0
Oslo - Blindern;SN18700;26.10.2018;0
Oslo - Blindern;SN18700;27.10.2018;0
Oslo - Blindern;SN18700;28.10.2018;0,3
Oslo - Blindern;SN18700;29.10.2018;0
Oslo - Blindern;SN18700;30.10.2018;3,5
Oslo - Blindern;SN18700;31.10.2018;20,4
Oslo - Blindern;SN18700;01.11.2018;6,6
Oslo - Blindern;SN18700;02.11.2018;0,3
Oslo - Blindern;SN18700;03.11.2018;5,8
Oslo - Blindern;SN18700;04.11.2018;1
Oslo - Blindern;SN18700;05.11.2018;0,1
Oslo - Blindern;SN18700;06.11.2018;0
Oslo - Blindern;SN18700;07.11.2018;0,1
Oslo - Blindern;SN18700;08.11.2018;0
Oslo - Blindern;SN18700;09.11.2018;1,3
Oslo - Blindern;SN18700;10.11.2018;8,4
Oslo - Blindern;SN18700;11.11.2018;25,8
Oslo - Blindern;SN18700;12.11.2018;28,3
Oslo - Blindern;SN18700;13.11.2018;4,8
Oslo - Blindern;SN18700;14.11.2018;4,6
Oslo - Blindern;SN18700;15.11.2018;2,6
Oslo - Blindern;SN18700;16.11.2018;0
Oslo - Blindern;SN18700;17.11.2018;0
Oslo - Blindern;SN18700;18.11.2018;0
Oslo - Blindern;SN18700;19.11.2018;0
Oslo - Blindern;SN18700;20.11.2018;0,1
Oslo - Blindern;SN18700;21.11.2018;0
Oslo - Blindern;SN18700;22.11.2018;0
Oslo - Blindern;SN18700;23.11.2018;0
Oslo - Blindern;SN18700;24.11.2018;0
Oslo - Blindern;SN18700;25.11.2018;0
Oslo - Blindern;SN18700;26.11.2018;0
Oslo - Blindern;SN18700;27.11.2018;0
Oslo - Blindern;SN18700;28.11.2018;0
Oslo - Blindern;SN18700;29.11.2018;1,4
Oslo - Blindern;SN18700;30.11.2018;10,1
Oslo - Blindern;SN18700;01.12.2018;8,9
Oslo - Blindern;SN18700;02.12.2018;0,4
Oslo - Blindern;SN18700;03.12.2018;16,2
Oslo - Blindern;SN18700;04.12.2018;8,9
Oslo - Blindern;SN18700;05.12.2018;0
Oslo - Blindern;SN18700;06.12.2018;0
Oslo - Blindern;SN18700;07.12.2018;5,3
Oslo - Blindern;SN18700;08.12.2018;7,7
Oslo - Blindern;SN18700;09.12.2018;1
Oslo - Blindern;SN18700;10.12.2018;0
Oslo - Blindern;SN18700;11.12.2018;0
Oslo - Blindern;SN18700;12.12.2018;0
Oslo - Blindern;SN18700;13.12.2018;0,4
Oslo - Blindern;SN18700;14.12.2018;0,6
Oslo - Blindern;SN18700;15.12.2018;0
Oslo - Blindern;SN18700;16.12.2018;1
Oslo - Blindern;SN18700;17.12.2018;2,3
Oslo - Blindern;SN18700;18.12.2018;0
Oslo - Blindern;SN18700;19.12.2018;1
Oslo - Blindern;SN18700;20.12.2018;1,6
Oslo - Blindern;SN18700;21.12.2018;1,6
Oslo - Blindern;SN18700;22.12.2018;1,9
Oslo - Blindern;SN18700;23.12.2018;0
Oslo - Blindern;SN18700;24.12.2018;0
Oslo - Blindern;SN18700;25.12.2018;0
Oslo - Blindern;SN18700;26.12.2018;0
Oslo - Blindern;SN18700;27.12.2018;1,1
Oslo - Blindern;SN18700;28.12.2018;1,8
Oslo - Blindern;SN18700;29.12.2018;0
Oslo - Blindern;SN18700;30.12.2018;0
Oslo - Blindern;SN18700;31.12.2018;1,5
Oslo - Blindern;SN18700;01.01.2019;0
Oslo - Blindern;SN18700;02.01.2019;0
Oslo - Blindern;SN18700;03.01.2019;0
Oslo - Blindern;SN18700;04.01.2019;0
Oslo - Blindern;SN18700;05.01.2019;0
Oslo - Blindern;SN18700;06.01.2019;0
Oslo - Blindern;SN18700;07.01.2019;0
Oslo - Blindern;SN18700;08.01.2019;6,8
Oslo - Blindern;SN18700;09.01.2019;4,2
Oslo - Blindern;SN18700;10.01.2019;0
Oslo - Blindern;SN18700;11.01.2019;0
Oslo - Blindern;SN18700;12.01.2019;0
Oslo - Blindern;SN18700;13.01.2019;0,1
Oslo - Blindern;SN18700;14.01.2019;0
Oslo - Blindern;SN18700;15.01.2019;0
Oslo - Blindern;SN18700;16.01.2019;2,3
Oslo - Blindern;SN18700;17.01.2019;5,8
Oslo - Blindern;SN18700;18.01.2019;0
Oslo - Blindern;SN18700;19.01.2019;0
Oslo - Blindern;SN18700;20.01.2019;0
Oslo - Blindern;SN18700;21.01.2019;1,1
Oslo - Blindern;SN18700;22.01.2019;0
Oslo - Blindern;SN18700;23.01.2019;0
Oslo - Blindern;SN18700;24.01.2019;0
Oslo - Blindern;SN18700;25.01.2019;2,8
Oslo - Blindern;SN18700;26.01.2019;2,5
Oslo - Blindern;SN18700;27.01.2019;0,6
Oslo - Blindern;SN18700;28.01.2019;6
Oslo - Blindern;SN18700;29.01.2019;2,9
Oslo - Blindern;SN18700;30.01.2019;0
Oslo - Blindern;SN18700;31.01.2019;0,5
Oslo - Blindern;SN18700;01.02.2019;2,5
Oslo - Blindern;SN18700;02.02.2019;11,9
Oslo - Blindern;SN18700;03.02.2019;3,5
Oslo - Blindern;SN18700;04.02.2019;0
Oslo - Blindern;SN18700;05.02.2019;10,3
Oslo - Blindern;SN18700;06.02.2019;0,3
Oslo - Blindern;SN18700;07.02.2019;2,9
Oslo - Blindern;SN18700;08.02.2019;3,3
Oslo - Blindern;SN18700;09.02.2019;15
Oslo - Blindern;SN18700;10.02.2019;6,1
Oslo - Blindern;SN18700;11.02.2019;10,2
Oslo - Blindern;SN18700;12.02.2019;0
Oslo - Blindern;SN18700;13.02.2019;2,2
Oslo - Blindern;SN18700;14.02.2019;0
Oslo - Blindern;SN18700;15.02.2019;0
Oslo - Blindern;SN18700;16.02.2019;0
Oslo - Blindern;SN18700;17.02.2019;0
Oslo - Blindern;SN18700;18.02.2019;0,6
Oslo - Blindern;SN18700;19.02.2019;0
Oslo - Blindern;SN18700;20.02.2019;0
Oslo - Blindern;SN18700;21.02.2019;9,7
Oslo - Blindern;SN18700;22.02.2019;0,4
Oslo - Blindern;SN18700;23.02.2019;2,1
Oslo - Blindern;SN18700;24.02.2019;0,1
Oslo - Blindern;SN18700;25.02.2019;0
Oslo - Blindern;SN18700;26.02.2019;0
Oslo - Blindern;SN18700;27.02.2019;0
Oslo - Blindern;SN18700;28.02.2019;0
Oslo - Blindern;SN18700;01.03.2019;0
Oslo - Blindern;SN18700;02.03.2019;0
Oslo - Blindern;SN18700;03.03.2019;5,6
Oslo - Blindern;SN18700;04.03.2019;5,8
Oslo - Blindern;SN18700;05.03.2019;3,4
Oslo - Blindern;SN18700;06.03.2019;3,6
Oslo - Blindern;SN18700;07.03.2019;6,9
Oslo - Blindern;SN18700;08.03.2019;12,9
Oslo - Blindern;SN18700;09.03.2019;0,8
Oslo - Blindern;SN18700;10.03.2019;1,5
Oslo - Blindern;SN18700;11.03.2019;0
Oslo - Blindern;SN18700;12.03.2019;0
Oslo - Blindern;SN18700;13.03.2019;8,2
Oslo - Blindern;SN18700;14.03.2019;5,6
Oslo - Blindern;SN18700;15.03.2019;0
Oslo - Blindern;SN18700;16.03.2019;0,6
Oslo - Blindern;SN18700;17.03.2019;8,2
Oslo - Blindern;SN18700;18.03.2019;8,8
Oslo - Blindern;SN18700;19.03.2019;0
Oslo - Blindern;SN18700;20.03.2019;0
Oslo - Blindern;SN18700;21.03.2019;0
Oslo - Blindern;SN18700;22.03.2019;0
Oslo - Blindern;SN18700;23.03.2019;0
Oslo - Blindern;SN18700;24.03.2019;0,2
Oslo - Blindern;SN18700;25.03.2019;0
Oslo - Blindern;SN18700;26.03.2019;0
Oslo - Blindern;SN18700;27.03.2019;0
Oslo - Blindern;SN18700;28.03.2019;0
Oslo - Blindern;SN18700;29.03.2019;0
Oslo - Blindern;SN18700;30.03.2019;0
Oslo - Blindern;SN18700;31.03.2019;1,3
Oslo - Blindern;SN18700;01.04.2019;0
Oslo - Blindern;SN18700;02.04.2019;0
Oslo - Blindern;SN18700;03.04.2019;0
Oslo - Blindern;SN18700;04.04.2019;0,1
Oslo - Blindern;SN18700;05.04.2019;0
Oslo - Blindern;SN18700;06.04.2019;0
Oslo - Blindern;SN18700;07.04.2019;0
Oslo - Blindern;SN18700;08.04.2019;0
Oslo - Blindern;SN18700;09.04.2019;0
Oslo - Blindern;SN18700;10.04.2019;0
Oslo - Blindern;SN18700;11.04.2019;0
Oslo - Blindern;SN18700;12.04.2019;0
Oslo - Blindern;SN18700;13.04.2019;0
Oslo - Blindern;SN18700;14.04.2019;0
Oslo - Blindern;SN18700;15.04.2019;0
Oslo - Blindern;SN18700;16.04.2019;0
Oslo - Blindern;SN18700;17.04.2019;0
Oslo - Blindern;SN18700;18.04.2019;0
Oslo - Blindern;SN18700;19.04.2019;0
Oslo - Blindern;SN18700;20.04.2019;0
Oslo - Blindern;SN18700;21.04.2019;0
Oslo - Blindern;SN18700;22.04.2019;0
Oslo - Blindern;SN18700;23.04.2019;0
Oslo - Blindern;SN18700;24.04.2019;0
Oslo - Blindern;SN18700;25.04.2019;0,1
Oslo - Blindern;SN18700;26.04.2019;1,5
Oslo - Blindern;SN18700;27.04.2019;0,1
Oslo - Blindern;SN18700;28.04.2019;9,5
Oslo - Blindern;SN18700;29.04.2019;0
Oslo - Blindern;SN18700;30.04.2019;0
Oslo - Blindern;SN18700;01.05.2019;0
Oslo - Blindern;SN18700;02.05.2019;0,5
Oslo - Blindern;SN18700;03.05.2019;0
Oslo - Blindern;SN18700;04.05.2019;0,4
Oslo - Blindern;SN18700;05.05.2019;0,9
Oslo - Blindern;SN18700;06.05.2019;0,2
Oslo - Blindern;SN18700;07.05.2019;0,9
Oslo - Blindern;SN18700;08.05.2019;0
Oslo - Blindern;SN18700;09.05.2019;0,3
Oslo - Blindern;SN18700;10.05.2019;10,5
Oslo - Blindern;SN18700;11.05.2019;15,2
Oslo - Blindern;SN18700;12.05.2019;0,6
Oslo - Blindern;SN18700;13.05.2019;0
Oslo - Blindern;SN18700;14.05.2019;0
Oslo - Blindern;SN18700;15.05.2019;0
Oslo - Blindern;SN18700;16.05.2019;0
Oslo - Blindern;SN18700;17.05.2019;0
Oslo - Blindern;SN18700;18.05.2019;4,4
Oslo - Blindern;SN18700;19.05.2019;12,3
Oslo - Blindern;SN18700;20.05.2019;0,1
Oslo - Blindern;SN18700;21.05.2019;2
Oslo - Blindern;SN18700;22.05.2019;0,9
Oslo - Blindern;SN18700;23.05.2019;0
Oslo - Blindern;SN18700;24.05.2019;12,3
Oslo - Blindern;SN18700;25.05.2019;8,9
Oslo - Blindern;SN18700;26.05.2019;0,6
Oslo - Blindern;SN18700;27.05.2019;0
Oslo - Blindern;SN18700;28.05.2019;0,3
Oslo - Blindern;SN18700;29.05.2019;1,8
Oslo - Blindern;SN18700;30.05.2019;0,7
Oslo - Blindern;SN18700;31.05.2019;9,2
Oslo - Blindern;SN18700;01.06.2019;2
Oslo - Blindern;SN18700;02.06.2019;1,7
Oslo - Blindern;SN18700;03.06.2019;5,9
Oslo - Blindern;SN18700;04.06.2019;0
Oslo - Blindern;SN18700;05.06.2019;0
Oslo - Blindern;SN18700;06.06.2019;2,5
Oslo - Blindern;SN18700;07.06.2019;27,8
Oslo - Blindern;SN18700;08.06.2019;0,3
Oslo - Blindern;SN18700;09.06.2019;15,9
Oslo - Blindern;SN18700;10.06.2019;3,9
Oslo - Blindern;SN18700;11.06.2019;0
Oslo - Blindern;SN18700;12.06.2019;18,1
Oslo - Blindern;SN18700;13.06.2019;18,4
Oslo - Blindern;SN18700;14.06.2019;0,3
Oslo - Blindern;SN18700;15.06.2019;1,9
Oslo - Blindern;SN18700;16.06.2019;0
Oslo - Blindern;SN18700;17.06.2019;0,2
Oslo - Blindern;SN18700;18.06.2019;0,1
Oslo - Blindern;SN18700;19.06.2019;0
Oslo - Blindern;SN18700;20.06.2019;18,2
Oslo - Blindern;SN18700;21.06.2019;0,1
Oslo - Blindern;SN18700;22.06.2019;0,7
Oslo - Blindern;SN18700;23.06.2019;0
Oslo - Blindern;SN18700;24.06.2019;0
Oslo - Blindern;SN18700;25.06.2019;0
Oslo - Blindern;SN18700;26.06.2019;3,7
Oslo - Blindern;SN18700;27.06.2019;3,1
Oslo - Blindern;SN18700;28.06.2019;0
Oslo - Blindern;SN18700;29.06.2019;0
Oslo - Blindern;SN18700;30.06.2019;0
Oslo - Blindern;SN18700;01.07.2019;0,2
Oslo - Blindern;SN18700;02.07.2019;2,1
Oslo - Blindern;SN18700;03.07.2019;0,4
Oslo - Blindern;SN18700;04.07.2019;0,6
Oslo - Blindern;SN18700;05.07.2019;1,5
Oslo - Blindern;SN18700;06.07.2019;0
Oslo - Blindern;SN18700;07.07.2019;7,3
Oslo - Blindern;SN18700;08.07.2019;1,2
Oslo - Blindern;SN18700;09.07.2019;0
Oslo - Blindern;SN18700;10.07.2019;0
Oslo - Blindern;SN18700;11.07.2019;0
Oslo - Blindern;SN18700;12.07.2019;0
Oslo - Blindern;SN18700;13.07.2019;0
Oslo - Blindern;SN18700;14.07.2019;0,2
Oslo - Blindern;SN18700;15.07.2019;0,2
Oslo - Blindern;SN18700;16.07.2019;7,5
Oslo - Blindern;SN18700;17.07.2019;0,5
Oslo - Blindern;SN18700;18.07.2019;0
Oslo - Blindern;SN18700;19.07.2019;0,2
Oslo - Blindern;SN18700;20.07.2019;15,1
Oslo - Blindern;SN18700;21.07.2019;8,2
Oslo - Blindern;SN18700;22.07.2019;5,3
Oslo - Blindern;SN18700;23.07.2019;4,5
Oslo - Blindern;SN18700;24.07.2019;0
Oslo - Blindern;SN18700;25.07.2019;0
Oslo - Blindern;SN18700;26.07.2019;0
Oslo - Blindern;SN18700;27.07.2019;0
Oslo - Blindern;SN18700;28.07.2019;0,3
Oslo - Blindern;SN18700;29.07.2019;0,5
Oslo - Blindern;SN18700;30.07.2019;0
Oslo - Blindern;SN18700;31.07.2019;2,6
Oslo - Blindern;SN18700;01.08.2019;0,1
Oslo - Blindern;SN18700;02.08.2019;0
Oslo - Blindern;SN18700;03.08.2019;0
Oslo - Blindern;SN18700;04.08.2019;25,5
Oslo - Blindern;SN18700;05.08.2019;0,3
Oslo - Blindern;SN18700;06.08.2019;0
Oslo - Blindern;SN18700;07.08.2019;0
Oslo - Blindern;SN18700;08.08.2019;3,3
Oslo - Blindern;SN18700;09.08.2019;0,3
Oslo - Blindern;SN18700;10.08.2019;3,7
Oslo - Blindern;SN18700;11.08.2019;28,1
Oslo - Blindern;SN18700;12.08.2019;3
Oslo - Blindern;SN18700;13.08.2019;0,2
Oslo - Blindern;SN18700;14.08.2019;1
Oslo - Blindern;SN18700;15.08.2019;0
Oslo - Blindern;SN18700;16.08.2019;1,7
Oslo - Blindern;SN18700;17.08.2019;3,7
Oslo - Blindern;SN18700;18.08.2019;11,6
Oslo - Blindern;SN18700;19.08.2019;3,5
Oslo - Blindern;SN18700;20.08.2019;3,5
Oslo - Blindern;SN18700;21.08.2019;0,1
Oslo - Blindern;SN18700;22.08.2019;0
Oslo - Blindern;SN18700;23.08.2019;13,4
Oslo - Blindern;SN18700;24.08.2019;0
Oslo - Blindern;SN18700;25.08.2019;0,1
Oslo - Blindern;SN18700;26.08.2019;0
Oslo - Blindern;SN18700;27.08.2019;0
Oslo - Blindern;SN18700;28.08.2019;0,1
Oslo - Blindern;SN18700;29.08.2019;13,4
Oslo - Blindern;SN18700;30.08.2019;10,5
Oslo - Blindern;SN18700;31.08.2019;0
Oslo - Blindern;SN18700;01.09.2019;34,1
Oslo - Blindern;SN18700;02.09.2019;1
Oslo - Blindern;SN18700;03.09.2019;3,1
Oslo - Blindern;SN18700;04.09.2019;6,7
Oslo - Blindern;SN18700;05.09.2019;31
Oslo - Blindern;SN18700;06.09.2019;0,1
Oslo - Blindern;SN18700;07.09.2019;18,1
Oslo - Blindern;SN18700;08.09.2019;3
Oslo - Blindern;SN18700;09.09.2019;0,1
Oslo - Blindern;SN18700;10.09.2019;0,1
Oslo - Blindern;SN18700;11.09.2019;4,7
Oslo - Blindern;SN18700;12.09.2019;6,7
Oslo - Blindern;SN18700;13.09.2019;0
Oslo - Blindern;SN18700;14.09.2019;0
Oslo - Blindern;SN18700;15.09.2019;0,4
Oslo - Blindern;SN18700;16.09.2019;0
Oslo - Blindern;SN18700;17.09.2019;0
Oslo - Blindern;SN18700;18.09.2019;0
Oslo - Blindern;SN18700;19.09.2019;0,1
Oslo - Blindern;SN18700;20.09.2019;0
Oslo - Blindern;SN18700;21.09.2019;0,2
Oslo - Blindern;SN18700;22.09.2019;0
Oslo - Blindern;SN18700;23.09.2019;0
Oslo - Blindern;SN18700;24.09.2019;0
Oslo - Blindern;SN18700;25.09.2019;0
Oslo - Blindern;SN18700;26.09.2019;0
Oslo - Blindern;SN18700;27.09.2019;3,1
Oslo - Blindern;SN18700;28.09.2019;39,6
Oslo - Blindern;SN18700;29.09.2019;16,1
Oslo - Blindern;SN18700;30.09.2019;0,6
Oslo - Blindern;SN18700;01.10.2019;3,5
Oslo - Blindern;SN18700;02.10.2019;3
Oslo - Blindern;SN18700;03.10.2019;0
Oslo - Blindern;SN18700;04.10.2019;2,6
Oslo - Blindern;SN18700;05.10.2019;0
Oslo - Blindern;SN18700;06.10.2019;0
Oslo - Blindern;SN18700;07.10.2019;0
Oslo - Blindern;SN18700;08.10.2019;0,7
Oslo - Blindern;SN18700;09.10.2019;4,7
Oslo - Blindern;SN18700;10.10.2019;7,5
Oslo - Blindern;SN18700;11.10.2019;0,5
Oslo - Blindern;SN18700;12.10.2019;4
Oslo - Blindern;SN18700;13.10.2019;0,2
Oslo - Blindern;SN18700;14.10.2019;6,7
Oslo - Blindern;SN18700;15.10.2019;0,1
Oslo - Blindern;SN18700;16.10.2019;28,8
Oslo - Blindern;SN18700;17.10.2019;8,9
Oslo - Blindern;SN18700;18.10.2019;4,1
Oslo - Blindern;SN18700;19.10.2019;7,1
Oslo - Blindern;SN18700;20.10.2019;8,2
Oslo - Blindern;SN18700;21.10.2019;10,4
Oslo - Blindern;SN18700;22.10.2019;0
Oslo - Blindern;SN18700;23.10.2019;0,2
Oslo - Blindern;SN18700;24.10.2019;0
Oslo - Blindern;SN18700;25.10.2019;7,5
Oslo - Blindern;SN18700;26.10.2019;1,5
Oslo - Blindern;SN18700;27.10.2019;0,1
Oslo - Blindern;SN18700;28.10.2019;0
Oslo - Blindern;SN18700;29.10.2019;0
Oslo - Blindern;SN18700;30.10.2019;0
Oslo - Blindern;SN18700;31.10.2019;0
Oslo - Blindern;SN18700;01.11.2019;0
Oslo - Blindern;SN18700;02.11.2019;0
Oslo - Blindern;SN18700;03.11.2019;0
Oslo - Blindern;SN18700;04.11.2019;0
Oslo - Blindern;SN18700;05.11.2019;0
Oslo - Blindern;SN18700;06.11.2019;0
Oslo - Blindern;SN18700;07.11.2019;0
Oslo - Blindern;SN18700;08.11.2019;0
Oslo - Blindern;SN18700;09.11.2019;3,8
Oslo - Blindern;SN18700;10.11.2019;0
Oslo - Blindern;SN18700;11.11.2019;3,4
Oslo - Blindern;SN18700;12.11.2019;2,4
Oslo - Blindern;SN18700;13.11.2019;9,7
Oslo - Blindern;SN18700;14.11.2019;1,8
Oslo - Blindern;SN18700;15.11.2019;0,2
Oslo - Blindern;SN18700;16.11.2019;0
Oslo - Blindern;SN18700;17.11.2019;15,2
Oslo - Blindern;SN18700;18.11.2019;2
Oslo - Blindern;SN18700;19.11.2019;19,2
Oslo - Blindern;SN18700;20.11.2019;12,8
Oslo - Blindern;SN18700;21.11.2019;0,6
Oslo - Blindern;SN18700;22.11.2019;12,7
Oslo - Blindern;SN18700;23.11.2019;6,6
Oslo - Blindern;SN18700;24.11.2019;1,1
Oslo - Blindern;SN18700;25.11.2019;0,4
Oslo - Blindern;SN18700;26.11.2019;2,2
Oslo - Blindern;SN18700;27.11.2019;9
Oslo - Blindern;SN18700;28.11.2019;3,3
Oslo - Blindern;SN18700;29.11.2019;5,9
Oslo - Blindern;SN18700;30.11.2019;0
Oslo - Blindern;SN18700;01.12.2019;0
Oslo - Blindern;SN18700;02.12.2019;0
Oslo - Blindern;SN18700;03.12.2019;0
Oslo - Blindern;SN18700;04.12.2019;5,3
Oslo - Blindern;SN18700;05.12.2019;0
Oslo - Blindern;SN18700;06.12.2019;4,4
Oslo - Blindern;SN18700;07.12.2019;1,6
Oslo - Blindern;SN18700;08.12.2019;1,7
Oslo - Blindern;SN18700;09.12.2019;4,1
Oslo - Blindern;SN18700;10.12.2019;0,7
Oslo - Blindern;SN18700;11.12.2019;6,1
Oslo - Blindern;SN18700;12.12.2019;0
Oslo - Blindern;SN18700;13.12.2019;7
Oslo - Blindern;SN18700;14.12.2019;1
Oslo - Blindern;SN18700;15.12.2019;1,2
Oslo - Blindern;SN18700;16.12.2019;2,9
Oslo - Blindern;SN18700;17.12.2019;0
Oslo - Blindern;SN18700;18.12.2019;0
Oslo - Blindern;SN18700;19.12.2019;0
Oslo - Blindern;SN18700;20.12.2019;5,3
Oslo - Blindern;SN18700;21.12.2019;0,2
Oslo - Blindern;SN18700;22.12.2019;3,9
Oslo - Blindern;SN18700;23.12.2019;0
Oslo - Blindern;SN18700;24.12.2019;4,4
Oslo - Blindern;SN18700;25.12.2019;1,9
Oslo - Blindern;SN18700;26.12.2019;0
Oslo - Blindern;SN18700;27.12.2019;0
Oslo - Blindern;SN18700;28.12.2019;0,6
Oslo - Blindern;SN18700;29.12.2019;4,7
Oslo - Blindern;SN18700;30.12.2019;0
Oslo - Blindern;SN18700;31.12.2019;0
Oslo - Blindern;SN18700;01.01.2020;0
Oslo - Blindern;SN18700;02.01.2020;0
Oslo - Blindern;SN18700;03.01.2020;0
Oslo - Blindern;SN18700;04.01.2020;0,2
Oslo - Blindern;SN18700;05.01.2020;0
Oslo - Blindern;SN18700;06.01.2020;0,6
Oslo - Blindern;SN18700;07.01.2020;0
Oslo - Blindern;SN18700;08.01.2020;0,4
Oslo - Blindern;SN18700;09.01.2020;0
Oslo - Blindern;SN18700;10.01.2020;0
Oslo - Blindern;SN18700;11.01.2020;0
Oslo - Blindern;SN18700;12.01.2020;1,1
Oslo - Blindern;SN18700;13.01.2020;0
Oslo - Blindern;SN18700;14.01.2020;8,2
Oslo - Blindern;SN18700;15.01.2020;7,4
Oslo - Blindern;SN18700;16.01.2020;0
Oslo - Blindern;SN18700;17.01.2020;1,8
Oslo - Blindern;SN18700;18.01.2020;27,5
Oslo - Blindern;SN18700;19.01.2020;0,8
Oslo - Blindern;SN18700;20.01.2020;0
Oslo - Blindern;SN18700;21.01.2020;0
Oslo - Blindern;SN18700;22.01.2020;0
Oslo - Blindern;SN18700;23.01.2020;0
Oslo - Blindern;SN18700;24.01.2020;0
Oslo - Blindern;SN18700;25.01.2020;0
Oslo - Blindern;SN18700;26.01.2020;0
Oslo - Blindern;SN18700;27.01.2020;1,5
Oslo - Blindern;SN18700;28.01.2020;10,1
Oslo - Blindern;SN18700;29.01.2020;8,4
Oslo - Blindern;SN18700;30.01.2020;2,9
Oslo - Blindern;SN18700;31.01.2020;4
Oslo - Blindern;SN18700;01.02.2020;1,8
Oslo - Blindern;SN18700;02.02.2020;0
Oslo - Blindern;SN18700;03.02.2020;0
Oslo - Blindern;SN18700;04.02.2020;2,4
Oslo - Blindern;SN18700;05.02.2020;0,3
Oslo - Blindern;SN18700;06.02.2020;0
Oslo - Blindern;SN18700;07.02.2020;0
Oslo - Blindern;SN18700;08.02.2020;0,3
Oslo - Blindern;SN18700;09.02.2020;1,7
Oslo - Blindern;SN18700;10.02.2020;7,9
Oslo - Blindern;SN18700;11.02.2020;0
Oslo - Blindern;SN18700;12.02.2020;0
Oslo - Blindern;SN18700;13.02.2020;0
Oslo - Blindern;SN18700;14.02.2020;0
Oslo - Blindern;SN18700;15.02.2020;0,1
Oslo - Blindern;SN18700;16.02.2020;7
Oslo - Blindern;SN18700;17.02.2020;3,2
Oslo - Blindern;SN18700;18.02.2020;0
Oslo - Blindern;SN18700;19.02.2020;0
Oslo - Blindern;SN18700;20.02.2020;0
Oslo - Blindern;SN18700;21.02.2020;9
Oslo - Blindern;SN18700;22.02.2020;0,1
Oslo - Blindern;SN18700;23.02.2020;0,5
Oslo - Blindern;SN18700;24.02.2020;0
Oslo - Blindern;SN18700;25.02.2020;0
Oslo - Blindern;SN18700;26.02.2020;0
Oslo - Blindern;SN18700;27.02.2020;0
Oslo - Blindern;SN18700;28.02.2020;0
Oslo - Blindern;SN18700;29.02.2020;0
Oslo - Blindern;SN18700;01.03.2020;12,3
Oslo - Blindern;SN18700;02.03.2020;4,7
Oslo - Blindern;SN18700;03.03.2020;5
Oslo - Blindern;SN18700;04.03.2020;3,3
Oslo - Blindern;SN18700;05.03.2020;4
Oslo - Blindern;SN18700;06.03.2020;0
Oslo - Blindern;SN18700;07.03.2020;0
Oslo - Blindern;SN18700;08.03.2020;2,2
Oslo - Blindern;SN18700;09.03.2020;1,8
Oslo - Blindern;SN18700;10.03.2020;0
Oslo - Blindern;SN18700;11.03.2020;7,9
Oslo - Blindern;SN18700;12.03.2020;0
Oslo - Blindern;SN18700;13.03.2020;0,1
Oslo - Blindern;SN18700;14.03.2020;0,1
Oslo - Blindern;SN18700;15.03.2020;0,8
Oslo - Blindern;SN18700;16.03.2020;2,2
Oslo - Blindern;SN18700;17.03.2020;0
Oslo - Blindern;SN18700;18.03.2020;0
Oslo - Blindern;SN18700;19.03.2020;0
Oslo - Blindern;SN18700;20.03.2020;0
Oslo - Blindern;SN18700;21.03.2020;0
Oslo - Blindern;SN18700;22.03.2020;0
Oslo - Blindern;SN18700;23.03.2020;0
Oslo - Blindern;SN18700;24.03.2020;0
Oslo - Blindern;SN18700;25.03.2020;0
Oslo - Blindern;SN18700;26.03.2020;0
Oslo - Blindern;SN18700;27.03.2020;0
Oslo - Blindern;SN18700;28.03.2020;0
Oslo - Blindern;SN18700;29.03.2020;0
Oslo - Blindern;SN18700;30.03.2020;0
Oslo - Blindern;SN18700;31.03.2020;0
Oslo - Blindern;SN18700;01.04.2020;0
Oslo - Blindern;SN18700;02.04.2020;0
Oslo - Blindern;SN18700;03.04.2020;0,7
Oslo - Blindern;SN18700;04.04.2020;0
Oslo - Blindern;SN18700;05.04.2020;0,3
Oslo - Blindern;SN18700;06.04.2020;1,6
Oslo - Blindern;SN18700;07.04.2020;0,3
Oslo - Blindern;SN18700;08.04.2020;0
Oslo - Blindern;SN18700;09.04.2020;0
Oslo - Blindern;SN18700;10.04.2020;0
Oslo - Blindern;SN18700;11.04.2020;0
Oslo - Blindern;SN18700;12.04.2020;11,3
Oslo - Blindern;SN18700;13.04.2020;0
Oslo - Blindern;SN18700;14.04.2020;0
Oslo - Blindern;SN18700;15.04.2020;0
Oslo - Blindern;SN18700;16.04.2020;0,3
Oslo - Blindern;SN18700;17.04.2020;0,7
Oslo - Blindern;SN18700;18.04.2020;0
Oslo - Blindern;SN18700;19.04.2020;0,3
Oslo - Blindern;SN18700;20.04.2020;0
Oslo - Blindern;SN18700;21.04.2020;0
Oslo - Blindern;SN18700;22.04.2020;0
Oslo - Blindern;SN18700;23.04.2020;0
Oslo - Blindern;SN18700;24.04.2020;0
Oslo - Blindern;SN18700;25.04.2020;0
Oslo - Blindern;SN18700;26.04.2020;0
Oslo - Blindern;SN18700;27.04.2020;0,3
Oslo - Blindern;SN18700;28.04.2020;16,4
Oslo - Blindern;SN18700;29.04.2020;0,1
Oslo - Blindern;SN18700;30.04.2020;0
Oslo - Blindern;SN18700;01.05.2020;7,1
Oslo - Blindern;SN18700;02.05.2020;1,9
Oslo - Blindern;SN18700;03.05.2020;0,2
Oslo - Blindern;SN18700;04.05.2020;6,3
Oslo - Blindern;SN18700;05.05.2020;0,1
Oslo - Blindern;SN18700;06.05.2020;0
Oslo - Blindern;SN18700;07.05.2020;0,2
Oslo - Blindern;SN18700;08.05.2020;0
Oslo - Blindern;SN18700;09.05.2020;0,3
Oslo - Blindern;SN18700;10.05.2020;13
Oslo - Blindern;SN18700;11.05.2020;1,2
Oslo - Blindern;SN18700;12.05.2020;1,3
Oslo - Blindern;SN18700;13.05.2020;0,4
Oslo - Blindern;SN18700;14.05.2020;0
Oslo - Blindern;SN18700;15.05.2020;0
Oslo - Blindern;SN18700;16.05.2020;0
Oslo - Blindern;SN18700;17.05.2020;0
Oslo - Blindern;SN18700;18.05.2020;0,5
Oslo - Blindern;SN18700;19.05.2020;0
Oslo - Blindern;SN18700;20.05.2020;0
Oslo - Blindern;SN18700;21.05.2020;0
Oslo - Blindern;SN18700;22.05.2020;0
Oslo - Blindern;SN18700;23.05.2020;6,3
Oslo - Blindern;SN18700;24.05.2020;4,4
Oslo - Blindern;SN18700;25.05.2020;2,3
Oslo - Blindern;SN18700;26.05.2020;0
Oslo - Blindern;SN18700;27.05.2020;0
Oslo - Blindern;SN18700;28.05.2020;0
Oslo - Blindern;SN18700;29.05.2020;0
Oslo - Blindern;SN18700;30.05.2020;0
Oslo - Blindern;SN18700;31.05.2020;0
Oslo - Blindern;SN18700;01.06.2020;0
Oslo - Blindern;SN18700;02.06.2020;0,1
Oslo - Blindern;SN18700;03.06.2020;0,2
Oslo - Blindern;SN18700;04.06.2020;0,8
Oslo - Blindern;SN18700;05.06.2020;0,7
Oslo - Blindern;SN18700;06.06.2020;9,9
Oslo - Blindern;SN18700;07.06.2020;20,5
Oslo - Blindern;SN18700;08.06.2020;3,3
Oslo - Blindern;SN18700;09.06.2020;0,4
Oslo - Blindern;SN18700;10.06.2020;0
Oslo - Blindern;SN18700;11.06.2020;0,9
Oslo - Blindern;SN18700;12.06.2020;0
Oslo - Blindern;SN18700;13.06.2020;0
Oslo - Blindern;SN18700;14.06.2020;0
Oslo - Blindern;SN18700;15.06.2020;0
Oslo - Blindern;SN18700;16.06.2020;0
Oslo - Blindern;SN18700;17.06.2020;0,6
Oslo - Blindern;SN18700;18.06.2020;0
Oslo - Blindern;SN18700;19.06.2020;0
Oslo - Blindern;SN18700;20.06.2020;0
Oslo - Blindern;SN18700;21.06.2020;5,9
Oslo - Blindern;SN18700;22.06.2020;34,9
Oslo - Blindern;SN18700;23.06.2020;0
Oslo - Blindern;SN18700;24.06.2020;0
Oslo - Blindern;SN18700;25.06.2020;0
Oslo - Blindern;SN18700;26.06.2020;0
Oslo - Blindern;SN18700;27.06.2020;0,1
Oslo - Blindern;SN18700;28.06.2020;0,6
Oslo - Blindern;SN18700;29.06.2020;25,9
Oslo - Blindern;SN18700;30.06.2020;4,5
Oslo - Blindern;SN18700;01.07.2020;10,2
Oslo - Blindern;SN18700;02.07.2020;0,6
Oslo - Blindern;SN18700;03.07.2020;3
Oslo - Blindern;SN18700;04.07.2020;3
Oslo - Blindern;SN18700;05.07.2020;0
Oslo - Blindern;SN18700;06.07.2020;47
Oslo - Blindern;SN18700;07.07.2020;2,3
Oslo - Blindern;SN18700;08.07.2020;8,2
Oslo - Blindern;SN18700;09.07.2020;2,1
Oslo - Blindern;SN18700;10.07.2020;0
Oslo - Blindern;SN18700;11.07.2020;0,7
Oslo - Blindern;SN18700;12.07.2020;0
Oslo - Blindern;SN18700;13.07.2020;0
Oslo - Blindern;SN18700;14.07.2020;1,5
Oslo - Blindern;SN18700;15.07.2020;12
Oslo - Blindern;SN18700;16.07.2020;0,1
Oslo - Blindern;SN18700;17.07.2020;0
Oslo - Blindern;SN18700;18.07.2020;2,3
Oslo - Blindern;SN18700;19.07.2020;14,9
Oslo - Blindern;SN18700;20.07.2020;5
Oslo - Blindern;SN18700;21.07.2020;0
Oslo - Blindern;SN18700;22.07.2020;0,1
Oslo - Blindern;SN18700;23.07.2020;1,7
Oslo - Blindern;SN18700;24.07.2020;0
Oslo - Blindern;SN18700;25.07.2020;0
Oslo - Blindern;SN18700;26.07.2020;11,3
Oslo - Blindern;SN18700;27.07.2020;13,1
Oslo - Blindern;SN18700;28.07.2020;2,1
Oslo - Blindern;SN18700;29.07.2020;16,5
Oslo - Blindern;SN18700;30.07.2020;6,9
Oslo - Blindern;SN18700;31.07.2020;0
Oslo - Blindern;SN18700;01.08.2020;0,1
Oslo - Blindern;SN18700;02.08.2020;0
Oslo - Blindern;SN18700;03.08.2020;8,4
Oslo - Blindern;SN18700;04.08.2020;0
Oslo - Blindern;SN18700;05.08.2020;1,6
Oslo - Blindern;SN18700;06.08.2020;9,6
Oslo - Blindern;SN18700;07.08.2020;0,2
Oslo - Blindern;SN18700;08.08.2020;0
Oslo - Blindern;SN18700;09.08.2020;0
Oslo - Blindern;SN18700;10.08.2020;0
Oslo - Blindern;SN18700;11.08.2020;0,1
Oslo - Blindern;SN18700;12.08.2020;0
Oslo - Blindern;SN18700;13.08.2020;0
Oslo - Blindern;SN18700;14.08.2020;9,5
Oslo - Blindern;SN18700;15.08.2020;0
Oslo - Blindern;SN18700;16.08.2020;0
Oslo - Blindern;SN18700;17.08.2020;0
Oslo - Blindern;SN18700;18.08.2020;0
Oslo - Blindern;SN18700;19.08.2020;0
Oslo - Blindern;SN18700;20.08.2020;0
Oslo - Blindern;SN18700;21.08.2020;5
Oslo - Blindern;SN18700;22.08.2020;13,3
Oslo - Blindern;SN18700;23.08.2020;4,4
Oslo - Blindern;SN18700;24.08.2020;2,5
Oslo - Blindern;SN18700;25.08.2020;0
Oslo - Blindern;SN18700;26.08.2020;0,9
Oslo - Blindern;SN18700;27.08.2020;0
Oslo - Blindern;SN18700;28.08.2020;0
Oslo - Blindern;SN18700;29.08.2020;0
Oslo - Blindern;SN18700;30.08.2020;0
Oslo - Blindern;SN18700;31.08.2020;0
Oslo - Blindern;SN18700;01.09.2020;0
Oslo - Blindern;SN18700;02.09.2020;0
Oslo - Blindern;SN18700;03.09.2020;0
Oslo - Blindern;SN18700;04.09.2020;2,9
Oslo - Blindern;SN18700;05.09.2020;0
Oslo - Blindern;SN18700;06.09.2020;1,6
Oslo - Blindern;SN18700;07.09.2020;0
Oslo - Blindern;SN18700;08.09.2020;3,6
Oslo - Blindern;SN18700;09.09.2020;4,2
Oslo - Blindern;SN18700;10.09.2020;3,9
Oslo - Blindern;SN18700;11.09.2020;0
Oslo - Blindern;SN18700;12.09.2020;0,7
Oslo - Blindern;SN18700;13.09.2020;0,1
Oslo - Blindern;SN18700;14.09.2020;0
Oslo - Blindern;SN18700;15.09.2020;0
Oslo - Blindern;SN18700;16.09.2020;0
Oslo - Blindern;SN18700;17.09.2020;0
Oslo - Blindern;SN18700;18.09.2020;0,1
Oslo - Blindern;SN18700;19.09.2020;0,1
Oslo - Blindern;SN18700;20.09.2020;0
Oslo - Blindern;SN18700;21.09.2020;0
Oslo - Blindern;SN18700;22.09.2020;0
Oslo - Blindern;SN18700;23.09.2020;0
Oslo - Blindern;SN18700;24.09.2020;11
Oslo - Blindern;SN18700;25.09.2020;13,4
Oslo - Blindern;SN18700;26.09.2020;27,5
Oslo - Blindern;SN18700;27.09.2020;2,5
Oslo - Blindern;SN18700;28.09.2020;0
Oslo - Blindern;SN18700;29.09.2020;0,8
Oslo - Blindern;SN18700;30.09.2020;3,9
Oslo - Blindern;SN18700;01.10.2020;0,3
Oslo - Blindern;SN18700;02.10.2020;0,3
Oslo - Blindern;SN18700;03.10.2020;0
Oslo - Blindern;SN18700;04.10.2020;0,1
Oslo - Blindern;SN18700;05.10.2020;20,8
Oslo - Blindern;SN18700;06.10.2020;0,3
Oslo - Blindern;SN18700;07.10.2020;13,3
Oslo - Blindern;SN18700;08.10.2020;13,2
Oslo - Blindern;SN18700;09.10.2020;3,6
Oslo - Blindern;SN18700;10.10.2020;1,3
Oslo - Blindern;SN18700;11.10.2020;26,9
Oslo - Blindern;SN18700;12.10.2020;0
Oslo - Blindern;SN18700;13.10.2020;0
Oslo - Blindern;SN18700;14.10.2020;0
Oslo - Blindern;SN18700;15.10.2020;0
Oslo - Blindern;SN18700;16.10.2020;0
Oslo - Blindern;SN18700;17.10.2020;0
Oslo - Blindern;SN18700;18.10.2020;0
Oslo - Blindern;SN18700;19.10.2020;0
Oslo - Blindern;SN18700;20.10.2020;7,8
Oslo - Blindern;SN18700;21.10.2020;24,3
Oslo - Blindern;SN18700;22.10.2020;11,5
Oslo - Blindern;SN18700;23.10.2020;7,9
Oslo - Blindern;SN18700;24.10.2020;1,6
Oslo - Blindern;SN18700;25.10.2020;5,2
Oslo - Blindern;SN18700;26.10.2020;12,1
Oslo - Blindern;SN18700;27.10.2020;26,2
Oslo - Blindern;SN18700;28.10.2020;20,1
Oslo - Blindern;SN18700;29.10.2020;2,6
Oslo - Blindern;SN18700;30.10.2020;0
Oslo - Blindern;SN18700;31.10.2020;6,5
Oslo - Blindern;SN18700;01.11.2020;3,4
Oslo - Blindern;SN18700;02.11.2020;14,4
Oslo - Blindern;SN18700;03.11.2020;0,4
Oslo - Blindern;SN18700;04.11.2020;0
Oslo - Blindern;SN18700;05.11.2020;0
Oslo - Blindern;SN18700;06.11.2020;0
Oslo - Blindern;SN18700;07.11.2020;0,1
Oslo - Blindern;SN18700;08.11.2020;0,1
Oslo - Blindern;SN18700;09.11.2020;0
Oslo - Blindern;SN18700;10.11.2020;0
Oslo - Blindern;SN18700;11.11.2020;0,6
Oslo - Blindern;SN18700;12.11.2020;2,8
Oslo - Blindern;SN18700;13.11.2020;0
Oslo - Blindern;SN18700;14.11.2020;8,4
Oslo - Blindern;SN18700;15.11.2020;7,1
Oslo - Blindern;SN18700;16.11.2020;20,4
Oslo - Blindern;SN18700;17.11.2020;7,3
Oslo - Blindern;SN18700;18.11.2020;3,5
Oslo - Blindern;SN18700;19.11.2020;1,2
Oslo - Blindern;SN18700;20.11.2020;0,9
Oslo - Blindern;SN18700;21.11.2020;8,4
Oslo - Blindern;SN18700;22.11.2020;0,2
Oslo - Blindern;SN18700;23.11.2020;0
Oslo - Blindern;SN18700;24.11.2020;0
Oslo - Blindern;SN18700;25.11.2020;0
Oslo - Blindern;SN18700;26.11.2020;0,3
Oslo - Blindern;SN18700;27.11.2020;0
Oslo - Blindern;SN18700;28.11.2020;0
Oslo - Blindern;SN18700;29.11.2020;0
Oslo - Blindern;SN18700;30.11.2020;0
Oslo - Blindern;SN18700;01.12.2020;9,7
Oslo - Blindern;SN18700;02.12.2020;0
Oslo - Blindern;SN18700;03.12.2020;3,1
Oslo - Blindern;SN18700;04.12.2020;2,4
Oslo - Blindern;SN18700;05.12.2020;0,2
Oslo - Blindern;SN18700;06.12.2020;0,5
Oslo - Blindern;SN18700;07.12.2020;2,5
Oslo - Blindern;SN18700;08.12.2020;1,8
Oslo - Blindern;SN18700;09.12.2020;8,1
Oslo - Blindern;SN18700;10.12.2020;3,7
Oslo - Blindern;SN18700;11.12.2020;1,8
Oslo - Blindern;SN18700;12.12.2020;0,9
Oslo - Blindern;SN18700;13.12.2020;0,2
Oslo - Blindern;SN18700;14.12.2020;4
Oslo - Blindern;SN18700;15.12.2020;10,2
Oslo - Blindern;SN18700;16.12.2020;13,9
Oslo - Blindern;SN18700;17.12.2020;0,6
Oslo - Blindern;SN18700;18.12.2020;11,5
Oslo - Blindern;SN18700;19.12.2020;5,1
Oslo - Blindern;SN18700;20.12.2020;6,8
Oslo - Blindern;SN18700;21.12.2020;1
Oslo - Blindern;SN18700;22.12.2020;1,2
Oslo - Blindern;SN18700;23.12.2020;4
Oslo - Blindern;SN18700;24.12.2020;0
Oslo - Blindern;SN18700;25.12.2020;0
Oslo - Blindern;SN18700;26.12.2020;0,1
Oslo - Blindern;SN18700;27.12.2020;23,6
Oslo - Blindern;SN18700;28.12.2020;23,2
Oslo - Blindern;SN18700;29.12.2020;9,6
Oslo - Blindern;SN18700;30.12.2020;5,6
Oslo - Blindern;SN18700;31.12.2020;2,6
Oslo - Blindern;SN18700;01.01.2021;0
Oslo - Blindern;SN18700;02.01.2021;1
Oslo - Blindern;SN18700;03.01.2021;0
Oslo - Blindern;SN18700;04.01.2021;0
Oslo - Blindern;SN18700;05.01.2021;0
Oslo - Blindern;SN18700;06.01.2021;0
Oslo - Blindern;SN18700;07.01.2021;0,3
Oslo - Blindern;SN18700;08.01.2021;0,4
Oslo - Blindern;SN18700;09.01.2021;0
Oslo - Blindern;SN18700;10.01.2021;0,8
Oslo - Blindern;SN18700;11.01.2021;0
Oslo - Blindern;SN18700;12.01.2021;1,1
Oslo - Blindern;SN18700;13.01.2021;1,6
Oslo - Blindern;SN18700;14.01.2021;0,7
Oslo - Blindern;SN18700;15.01.2021;0
Oslo - Blindern;SN18700;16.01.2021;0
Oslo - Blindern;SN18700;17.01.2021;0
Oslo - Blindern;SN18700;18.01.2021;0,9
Oslo - Blindern;SN18700;19.01.2021;2,9
Oslo - Blindern;SN18700;20.01.2021;2,6
Oslo - Blindern;SN18700;21.01.2021;13,4
Oslo - Blindern;SN18700;22.01.2021;17,1
Oslo - Blindern;SN18700;23.01.2021;3,7
Oslo - Blindern;SN18700;24.01.2021;0,2
Oslo - Blindern;SN18700;25.01.2021;0,4
Oslo - Blindern;SN18700;26.01.2021;0
Oslo - Blindern;SN18700;27.01.2021;0
Oslo - Blindern;SN18700;28.01.2021;0
Oslo - Blindern;SN18700;29.01.2021;0
Oslo - Blindern;SN18700;30.01.2021;0
Oslo - Blindern;SN18700;31.01.2021;0
Oslo - Blindern;SN18700;01.02.2021;0,2
Oslo - Blindern;SN18700;02.02.2021;0
Oslo - Blindern;SN18700;03.02.2021;0,2
Oslo - Blindern;SN18700;04.02.2021;0,1
Oslo - Blindern;SN18700;05.02.2021;0
Oslo - Blindern;SN18700;06.02.2021;0
Oslo - Blindern;SN18700;07.02.2021;0
Oslo - Blindern;SN18700;08.02.2021;0,1
Oslo - Blindern;SN18700;09.02.2021;0,1
Oslo - Blindern;SN18700;10.02.2021;0,1
Oslo - Blindern;SN18700;11.02.2021;0
Oslo - Blindern;SN18700;12.02.2021;0
Oslo - Blindern;SN18700;13.02.2021;0,1
Oslo - Blindern;SN18700;14.02.2021;0
Oslo - Blindern;SN18700;15.02.2021;0
Oslo - Blindern;SN18700;16.02.2021;4,3
Oslo - Blindern;SN18700;17.02.2021;2,7
Oslo - Blindern;SN18700;18.02.2021;5,1
Oslo - Blindern;SN18700;19.02.2021;4,5
Oslo - Blindern;SN18700;20.02.2021;3,8
Oslo - Blindern;SN18700;21.02.2021;3,8
Oslo - Blindern;SN18700;22.02.2021;0,3
Oslo - Blindern;SN18700;23.02.2021;0,3
Oslo - Blindern;SN18700;24.02.2021;0,7
Oslo - Blindern;SN18700;25.02.2021;0,4
Oslo - Blindern;SN18700;26.02.2021;0
Oslo - Blindern;SN18700;27.02.2021;0
Oslo - Blindern;SN18700;28.02.2021;0
Oslo - Blindern;SN18700;01.03.2021;0
Oslo - Blindern;SN18700;02.03.2021;0
Oslo - Blindern;SN18700;03.03.2021;0,2
Oslo - Blindern;SN18700;04.03.2021;0
Oslo - Blindern;SN18700;05.03.2021;0
Oslo - Blindern;SN18700;06.03.2021;0
Oslo - Blindern;SN18700;07.03.2021;0
Oslo - Blindern;SN18700;08.03.2021;0
Oslo - Blindern;SN18700;09.03.2021;0
Oslo - Blindern;SN18700;10.03.2021;1,8
Oslo - Blindern;SN18700;11.03.2021;12,9
Oslo - Blindern;SN18700;12.03.2021;12,3
Oslo - Blindern;SN18700;13.03.2021;0
Oslo - Blindern;SN18700;14.03.2021;0
Oslo - Blindern;SN18700;15.03.2021;0,2
Oslo - Blindern;SN18700;16.03.2021;0
Oslo - Blindern;SN18700;17.03.2021;0
Oslo - Blindern;SN18700;18.03.2021;0
Oslo - Blindern;SN18700;19.03.2021;0,1
Oslo - Blindern;SN18700;20.03.2021;0
Oslo - Blindern;SN18700;21.03.2021;0
Oslo - Blindern;SN18700;22.03.2021;0
Oslo - Blindern;SN18700;23.03.2021;0
Oslo - Blindern;SN18700;24.03.2021;0
Oslo - Blindern;SN18700;25.03.2021;0
Oslo - Blindern;SN18700;26.03.2021;0
Oslo - Blindern;SN18700;27.03.2021;0,8
Oslo - Blindern;SN18700;28.03.2021;3
Oslo - Blindern;SN18700;29.03.2021;2,8
Oslo - Blindern;SN18700;30.03.2021;0
Oslo - Blindern;SN18700;31.03.2021;0
Oslo - Blindern;SN18700;01.04.2021;0
Oslo - Blindern;SN18700;02.04.2021;0
Oslo - Blindern;SN18700;03.04.2021;0
Oslo - Blindern;SN18700;04.04.2021;0
Oslo - Blindern;SN18700;05.04.2021;0,8
Oslo - Blindern;SN18700;06.04.2021;0
Oslo - Blindern;SN18700;07.04.2021;0
Oslo - Blindern;SN18700;08.04.2021;0,1
Oslo - Blindern;SN18700;09.04.2021;1,4
Oslo - Blindern;SN18700;10.04.2021;0,1
Oslo - Blindern;SN18700;11.04.2021;0
Oslo - Blindern;SN18700;12.04.2021;6,2
Oslo - Blindern;SN18700;13.04.2021;3,9
Oslo - Blindern;SN18700;14.04.2021;0,5
Oslo - Blindern;SN18700;15.04.2021;0
Oslo - Blindern;SN18700;16.04.2021;0
Oslo - Blindern;SN18700;17.04.2021;0
Oslo - Blindern;SN18700;18.04.2021;0
Oslo - Blindern;SN18700;19.04.2021;0
Oslo - Blindern;SN18700;20.04.2021;0
Oslo - Blindern;SN18700;21.04.2021;0
Oslo - Blindern;SN18700;22.04.2021;0,7
Oslo - Blindern;SN18700;23.04.2021;0
Oslo - Blindern;SN18700;24.04.2021;0
Oslo - Blindern;SN18700;25.04.2021;0
Oslo - Blindern;SN18700;26.04.2021;0
Oslo - Blindern;SN18700;27.04.2021;0
Oslo - Blindern;SN18700;28.04.2021;0
Oslo - Blindern;SN18700;29.04.2021;0
Oslo - Blindern;SN18700;30.04.2021;0
Oslo - Blindern;SN18700;01.05.2021;0
Oslo - Blindern;SN18700;02.05.2021;0,1
Oslo - Blindern;SN18700;03.05.2021;0
Oslo - Blindern;SN18700;04.05.2021;4,6
Oslo - Blindern;SN18700;05.05.2021;3,1
Oslo - Blindern;SN18700;06.05.2021;5,9
Oslo - Blindern;SN18700;07.05.2021;0,6
Oslo - Blindern;SN18700;08.05.2021;0,2
Oslo - Blindern;SN18700;09.05.2021;0,6
Oslo - Blindern;SN18700;10.05.2021;8,9
Oslo - Blindern;SN18700;11.05.2021;12,8
Oslo - Blindern;SN18700;12.05.2021;1,9
Oslo - Blindern;SN18700;13.05.2021;16
Oslo - Blindern;SN18700;14.05.2021;0,6
Oslo - Blindern;SN18700;15.05.2021;1
Oslo - Blindern;SN18700;16.05.2021;7,7
Oslo - Blindern;SN18700;17.05.2021;0,4
Oslo - Blindern;SN18700;18.05.2021;12,1
Oslo - Blindern;SN18700;19.05.2021;0,5
Oslo - Blindern;SN18700;20.05.2021;0,2
Oslo - Blindern;SN18700;21.05.2021;0,1
Oslo - Blindern;SN18700;22.05.2021;0,1
Oslo - Blindern;SN18700;23.05.2021;3
Oslo - Blindern;SN18700;24.05.2021;2,6
Oslo - Blindern;SN18700;25.05.2021;1,6
Oslo - Blindern;SN18700;26.05.2021;4,9
Oslo - Blindern;SN18700;27.05.2021;7,2
Oslo - Blindern;SN18700;28.05.2021;0
Oslo - Blindern;SN18700;29.05.2021;0,1
Oslo - Blindern;SN18700;30.05.2021;0
Oslo - Blindern;SN18700;31.05.2021;0
Oslo - Blindern;SN18700;01.06.2021;0
Oslo - Blindern;SN18700;02.06.2021;0
Oslo - Blindern;SN18700;03.06.2021;0
Oslo - Blindern;SN18700;04.06.2021;0
Oslo - Blindern;SN18700;05.06.2021;0
Oslo - Blindern;SN18700;06.06.2021;0
Oslo - Blindern;SN18700;07.06.2021;0,2
Oslo - Blindern;SN18700;08.06.2021;0
Oslo - Blindern;SN18700;09.06.2021;0
Oslo - Blindern;SN18700;10.06.2021;0,1
Oslo - Blindern;SN18700;11.06.2021;0
Oslo - Blindern;SN18700;12.06.2021;0,3
Oslo - Blindern;SN18700;13.06.2021;0
Oslo - Blindern;SN18700;14.06.2021;0,8
Oslo - Blindern;SN18700;15.06.2021;9,4
Oslo - Blindern;SN18700;16.06.2021;0,1
Oslo - Blindern;SN18700;17.06.2021;0
Oslo - Blindern;SN18700;18.06.2021;28,5
Oslo - Blindern;SN18700;19.06.2021;0,9
Oslo - Blindern;SN18700;20.06.2021;2,6
Oslo - Blindern;SN18700;21.06.2021;11,4
Oslo - Blindern;SN18700;22.06.2021;7,7
Oslo - Blindern;SN18700;23.06.2021;0,1
Oslo - Blindern;SN18700;24.06.2021;0
Oslo - Blindern;SN18700;25.06.2021;0
Oslo - Blindern;SN18700;26.06.2021;0
Oslo - Blindern;SN18700;27.06.2021;0,1
Oslo - Blindern;SN18700;28.06.2021;0
Oslo - Blindern;SN18700;29.06.2021;0
Oslo - Blindern;SN18700;30.06.2021;0,1
Oslo - Blindern;SN18700;01.07.2021;0
Oslo - Blindern;SN18700;02.07.2021;0,4
Oslo - Blindern;SN18700;03.07.2021;0,2
Oslo - Blindern;SN18700;04.07.2021;0
Oslo - Blindern;SN18700;05.07.2021;12,6
Oslo - Blindern;SN18700;06.07.2021;1,3
Oslo - Blindern;SN18700;07.07.2021;14,5
Oslo - Blindern;SN18700;08.07.2021;1,1
Oslo - Blindern;SN18700;09.07.2021;0,3
Oslo - Blindern;SN18700;10.07.2021;5
Oslo - Blindern;SN18700;11.07.2021;7,7
Oslo - Blindern;SN18700;12.07.2021;0
Oslo - Blindern;SN18700;13.07.2021;0
Oslo - Blindern;SN18700;14.07.2021;0
Oslo - Blindern;SN18700;15.07.2021;2,1
Oslo - Blindern;SN18700;16.07.2021;0,1
Oslo - Blindern;SN18700;17.07.2021;0
Oslo - Blindern;SN18700;18.07.2021;0
Oslo - Blindern;SN18700;19.07.2021;0
Oslo - Blindern;SN18700;20.07.2021;0
Oslo - Blindern;SN18700;21.07.2021;0
Oslo - Blindern;SN18700;22.07.2021;0
Oslo - Blindern;SN18700;23.07.2021;0
Oslo - Blindern;SN18700;24.07.2021;0
Oslo - Blindern;SN18700;25.07.2021;0
Oslo - Blindern;SN18700;26.07.2021;0
Oslo - Blindern;SN18700;27.07.2021;9,5
Oslo - Blindern;SN18700;28.07.2021;39
Oslo - Blindern;SN18700;29.07.2021;17
Oslo - Blindern;SN18700;30.07.2021;15,5
Oslo - Blindern;SN18700;31.07.2021;0,4
Oslo - Blindern;SN18700;01.08.2021;0,2
Oslo - Blindern;SN18700;02.08.2021;2,2
Oslo - Blindern;SN18700;03.08.2021;0,1
Oslo - Blindern;SN18700;04.08.2021;0
Oslo - Blindern;SN18700;05.08.2021;0,2
Oslo - Blindern;SN18700;06.08.2021;0
Oslo - Blindern;SN18700;07.08.2021;1
Oslo - Blindern;SN18700;08.08.2021;0,1
Oslo - Blindern;SN18700;09.08.2021;0
Oslo - Blindern;SN18700;10.08.2021;4,1
Oslo - Blindern;SN18700;11.08.2021;0
Oslo - Blindern;SN18700;12.08.2021;0
Oslo - Blindern;SN18700;13.08.2021;0
Oslo - Blindern;SN18700;14.08.2021;2,8
Oslo - Blindern;SN18700;15.08.2021;0,9
Oslo - Blindern;SN18700;16.08.2021;0,9
Oslo - Blindern;SN18700;17.08.2021;0,2
Oslo - Blindern;SN18700;18.08.2021;0,1
Oslo - Blindern;SN18700;19.08.2021;0,6
Oslo - Blindern;SN18700;20.08.2021;0,3
Oslo - Blindern;SN18700;21.08.2021;0
Oslo - Blindern;SN18700;22.08.2021;0,1
Oslo - Blindern;SN18700;23.08.2021;0
Oslo - Blindern;SN18700;24.08.2021;0
Oslo - Blindern;SN18700;25.08.2021;0,2
Oslo - Blindern;SN18700;26.08.2021;0
Oslo - Blindern;SN18700;27.08.2021;0,1
Oslo - Blindern;SN18700;28.08.2021;0
Oslo - Blindern;SN18700;29.08.2021;0
Oslo - Blindern;SN18700;30.08.2021;0
Oslo - Blindern;SN18700;31.08.2021;0
Oslo - Blindern;SN18700;01.09.2021;0
Oslo - Blindern;SN18700;02.09.2021;0
Oslo - Blindern;SN18700;03.09.2021;0
Oslo - Blindern;SN18700;04.09.2021;0,2
Oslo - Blindern;SN18700;05.09.2021;0
Oslo - Blindern;SN18700;06.09.2021;0,1
Oslo - Blindern;SN18700;07.09.2021;0
Oslo - Blindern;SN18700;08.09.2021;0
Oslo - Blindern;SN18700;09.09.2021;0
Oslo - Blindern;SN18700;10.09.2021;0
Oslo - Blindern;SN18700;11.09.2021;0
Oslo - Blindern;SN18700;12.09.2021;9,2
Oslo - Blindern;SN18700;13.09.2021;2
Oslo - Blindern;SN18700;14.09.2021;0
Oslo - Blindern;SN18700;15.09.2021;0
Oslo - Blindern;SN18700;16.09.2021;2,8
Oslo - Blindern;SN18700;17.09.2021;0,2
Oslo - Blindern;SN18700;18.09.2021;0
Oslo - Blindern;SN18700;19.09.2021;0
Oslo - Blindern;SN18700;20.09.2021;0
Oslo - Blindern;SN18700;21.09.2021;3,6
Oslo - Blindern;SN18700;22.09.2021;0
Oslo - Blindern;SN18700;23.09.2021;2,9
Oslo - Blindern;SN18700;24.09.2021;0,1
Oslo - Blindern;SN18700;25.09.2021;0,6
Oslo - Blindern;SN18700;26.09.2021;0
Oslo - Blindern;SN18700;27.09.2021;0,1
Oslo - Blindern;SN18700;28.09.2021;18,4
Oslo - Blindern;SN18700;29.09.2021;0
Oslo - Blindern;SN18700;30.09.2021;13,8
Oslo - Blindern;SN18700;01.10.2021;10,5
Oslo - Blindern;SN18700;02.10.2021;36,4
Oslo - Blindern;SN18700;03.10.2021;7,3
Oslo - Blindern;SN18700;04.10.2021;30,4
Oslo - Blindern;SN18700;05.10.2021;9,7
Oslo - Blindern;SN18700;06.10.2021;2,4
Oslo - Blindern;SN18700;07.10.2021;0
Oslo - Blindern;SN18700;08.10.2021;0
Oslo - Blindern;SN18700;09.10.2021;6,6
Oslo - Blindern;SN18700;10.10.2021;0
Oslo - Blindern;SN18700;11.10.2021;4,1
Oslo - Blindern;SN18700;12.10.2021;0
Oslo - Blindern;SN18700;13.10.2021;0
Oslo - Blindern;SN18700;14.10.2021;0,2
Oslo - Blindern;SN18700;15.10.2021;0
Oslo - Blindern;SN18700;16.10.2021;0
Oslo - Blindern;SN18700;17.10.2021;0
Oslo - Blindern;SN18700;18.10.2021;0
Oslo - Blindern;SN18700;19.10.2021;8,6
Oslo - Blindern;SN18700;20.10.2021;6,9
Oslo - Blindern;SN18700;21.10.2021;0
Oslo - Blindern;SN18700;22.10.2021;0
Oslo - Blindern;SN18700;23.10.2021;0
Oslo - Blindern;SN18700;24.10.2021;0
Oslo - Blindern;SN18700;25.10.2021;0
Oslo - Blindern;SN18700;26.10.2021;0,8
Oslo - Blindern;SN18700;27.10.2021;8,2
Oslo - Blindern;SN18700;28.10.2021;0,6
Oslo - Blindern;SN18700;29.10.2021;0,5
Oslo - Blindern;SN18700;30.10.2021;0,5
Oslo - Blindern;SN18700;31.10.2021;9,6
Oslo - Blindern;SN18700;01.11.2021;10,7
Oslo - Blindern;SN18700;02.11.2021;2,6
Oslo - Blindern;SN18700;03.11.2021;0,1
Oslo - Blindern;SN18700;04.11.2021;0,1
Oslo - Blindern;SN18700;05.11.2021;0
Oslo - Blindern;SN18700;06.11.2021;0
Oslo - Blindern;SN18700;07.11.2021;10
Oslo - Blindern;SN18700;08.11.2021;1,2
Oslo - Blindern;SN18700;09.11.2021;2,4
Oslo - Blindern;SN18700;10.11.2021;4,9
Oslo - Blindern;SN18700;11.11.2021;0
Oslo - Blindern;SN18700;12.11.2021;0
Oslo - Blindern;SN18700;13.11.2021;0,4
Oslo - Blindern;SN18700;14.11.2021;0
Oslo - Blindern;SN18700;15.11.2021;0,3
Oslo - Blindern;SN18700;16.11.2021;0
Oslo - Blindern;SN18700;17.11.2021;0,8
Oslo - Blindern;SN18700;18.11.2021;6,1
Oslo - Blindern;SN18700;19.11.2021;0,2
Oslo - Blindern;SN18700;20.11.2021;0
Oslo - Blindern;SN18700;21.11.2021;0
Oslo - Blindern;SN18700;22.11.2021;0
Oslo - Blindern;SN18700;23.11.2021;0
Oslo - Blindern;SN18700;24.11.2021;0
Oslo - Blindern;SN18700;25.11.2021;0
Oslo - Blindern;SN18700;26.11.2021;0
Oslo - Blindern;SN18700;27.11.2021;0
Oslo - Blindern;SN18700;28.11.2021;0
Oslo - Blindern;SN18700;29.11.2021;0
Oslo - Blindern;SN18700;30.11.2021;3,7
Oslo - Blindern;SN18700;01.12.2021;0,6
Oslo - Blindern;SN18700;02.12.2021;0
Oslo - Blindern;SN18700;03.12.2021;0
Oslo - Blindern;SN18700;04.12.2021;1
Oslo - Blindern;SN18700;05.12.2021;0
Oslo - Blindern;SN18700;06.12.2021;0
Oslo - Blindern;SN18700;07.12.2021;0,1
Oslo - Blindern;SN18700;08.12.2021;0,9
Oslo - Blindern;SN18700;09.12.2021;2
Oslo - Blindern;SN18700;10.12.2021;3,4
Oslo - Blindern;SN18700;11.12.2021;1,7
Oslo - Blindern;SN18700;12.12.2021;0,2
Oslo - Blindern;SN18700;13.12.2021;5,5
Oslo - Blindern;SN18700;14.12.2021;2
Oslo - Blindern;SN18700;15.12.2021;0
Oslo - Blindern;SN18700;16.12.2021;0
Oslo - Blindern;SN18700;17.12.2021;0
Oslo - Blindern;SN18700;18.12.2021;0,1
Oslo - Blindern;SN18700;19.12.2021;0
Oslo - Blindern;SN18700;20.12.2021;0
Oslo - Blindern;SN18700;21.12.2021;0
Oslo - Blindern;SN18700;22.12.2021;3,3
Oslo - Blindern;SN18700;23.12.2021;0,8
Oslo - Blindern;SN18700;24.12.2021;0
Oslo - Blindern;SN18700;25.12.2021;0
Oslo - Blindern;SN18700;26.12.2021;0
Oslo - Blindern;SN18700;27.12.2021;0
Oslo - Blindern;SN18700;28.12.2021;3,5
Oslo - Blindern;SN18700;29.12.2021;4,6
Oslo - Blindern;SN18700;30.12.2021;3,7
Oslo - Blindern;SN18700;31.12.2021;0,1
Oslo - Blindern;SN18700;01.01.2022;0
Oslo - Blindern;SN18700;02.01.2022;7,6
Oslo - Blindern;SN18700;03.01.2022;0,1
Oslo - Blindern;SN18700;04.01.2022;0,6
Oslo - Blindern;SN18700;05.01.2022;0
Oslo - Blindern;SN18700;06.01.2022;0
Oslo - Blindern;SN18700;07.01.2022;0,5
Oslo - Blindern;SN18700;08.01.2022;8,2
Oslo - Blindern;SN18700;09.01.2022;0,7
Oslo - Blindern;SN18700;10.01.2022;0
Oslo - Blindern;SN18700;11.01.2022;0,9
Oslo - Blindern;SN18700;12.01.2022;2,9
Oslo - Blindern;SN18700;13.01.2022;0
Oslo - Blindern;SN18700;14.01.2022;0
Oslo - Blindern;SN18700;15.01.2022;0
Oslo - Blindern;SN18700;16.01.2022;0
Oslo - Blindern;SN18700;17.01.2022;0,3
Oslo - Blindern;SN18700;18.01.2022;0
Oslo - Blindern;SN18700;19.01.2022;0
Oslo - Blindern;SN18700;20.01.2022;0,8
Oslo - Blindern;SN18700;21.01.2022;0
Oslo - Blindern;SN18700;22.01.2022;0
Oslo - Blindern;SN18700;23.01.2022;0
Oslo - Blindern;SN18700;24.01.2022;0
Oslo - Blindern;SN18700;25.01.2022;0
Oslo - Blindern;SN18700;26.01.2022;0
Oslo - Blindern;SN18700;27.01.2022;0
Oslo - Blindern;SN18700;28.01.2022;0
Oslo - Blindern;SN18700;29.01.2022;1,1
Oslo - Blindern;SN18700;30.01.2022;0
Oslo - Blindern;SN18700;31.01.2022;0
Oslo - Blindern;SN18700;01.02.2022;0
Oslo - Blindern;SN18700;02.02.2022;7,7
Oslo - Blindern;SN18700;03.02.2022;0
Oslo - Blindern;SN18700;04.02.2022;7,3
Oslo - Blindern;SN18700;05.02.2022;1,1
Oslo - Blindern;SN18700;06.02.2022;0
Oslo - Blindern;SN18700;07.02.2022;0
Oslo - Blindern;SN18700;08.02.2022;0
Oslo - Blindern;SN18700;09.02.2022;0
Oslo - Blindern;SN18700;10.02.2022;0
Oslo - Blindern;SN18700;11.02.2022;0
Oslo - Blindern;SN18700;12.02.2022;0
Oslo - Blindern;SN18700;13.02.2022;0
Oslo - Blindern;SN18700;14.02.2022;10,3
Oslo - Blindern;SN18700;15.02.2022;26,6
Oslo - Blindern;SN18700;16.02.2022;7,8
Oslo - Blindern;SN18700;17.02.2022;0,1
Oslo - Blindern;SN18700;18.02.2022;0
Oslo - Blindern;SN18700;19.02.2022;0
Oslo - Blindern;SN18700;20.02.2022;0
Oslo - Blindern;SN18700;21.02.2022;1,4
Oslo - Blindern;SN18700;22.02.2022;0,2
Oslo - Blindern;SN18700;23.02.2022;2,7
Oslo - Blindern;SN18700;24.02.2022;2,3
Oslo - Blindern;SN18700;25.02.2022;0
Oslo - Blindern;SN18700;26.02.2022;0
Oslo - Blindern;SN18700;27.02.2022;0
Oslo - Blindern;SN18700;28.02.2022;0
Oslo - Blindern;SN18700;01.03.2022;0,6
Oslo - Blindern;SN18700;02.03.2022;0
Oslo - Blindern;SN18700;03.03.2022;0
Oslo - Blindern;SN18700;04.03.2022;0
Oslo - Blindern;SN18700;05.03.2022;0
Oslo - Blindern;SN18700;06.03.2022;0
Oslo - Blindern;SN18700;07.03.2022;0
Oslo - Blindern;SN18700;08.03.2022;0
Oslo - Blindern;SN18700;09.03.2022;0
Oslo - Blindern;SN18700;10.03.2022;0,1
Oslo - Blindern;SN18700;11.03.2022;0,2
Oslo - Blindern;SN18700;12.03.2022;0
Oslo - Blindern;SN18700;13.03.2022;0
Oslo - Blindern;SN18700;14.03.2022;0
Oslo - Blindern;SN18700;15.03.2022;0
Oslo - Blindern;SN18700;16.03.2022;0
Oslo - Blindern;SN18700;17.03.2022;0
Oslo - Blindern;SN18700;18.03.2022;2,4
Oslo - Blindern;SN18700;19.03.2022;0
Oslo - Blindern;SN18700;20.03.2022;0
Oslo - Blindern;SN18700;21.03.2022;0
Oslo - Blindern;SN18700;22.03.2022;0
Oslo - Blindern;SN18700;23.03.2022;0
Oslo - Blindern;SN18700;24.03.2022;0
Oslo - Blindern;SN18700;25.03.2022;0
Oslo - Blindern;SN18700;26.03.2022;0
Oslo - Blindern;SN18700;27.03.2022;0
Oslo - Blindern;SN18700;28.03.2022;0
Oslo - Blindern;SN18700;29.03.2022;0
Oslo - Blindern;SN18700;30.03.2022;0,2
Oslo - Blindern;SN18700;31.03.2022;0,1
Oslo - Blindern;SN18700;01.04.2022;0
Oslo - Blindern;SN18700;02.04.2022;0
Oslo - Blindern;SN18700;03.04.2022;0
Oslo - Blindern;SN18700;04.04.2022;0,9
Oslo - Blindern;SN18700;05.04.2022;3,5
Oslo - Blindern;SN18700;06.04.2022;0
Oslo - Blindern;SN18700;07.04.2022;0
Oslo - Blindern;SN18700;08.04.2022;0
Oslo - Blindern;SN18700;09.04.2022;0
Oslo - Blindern;SN18700;10.04.2022;0
Oslo - Blindern;SN18700;11.04.2022;0,3
Oslo - Blindern;SN18700;12.04.2022;0,1
Oslo - Blindern;SN18700;13.04.2022;0
Oslo - Blindern;SN18700;14.04.2022;4,8
Oslo - Blindern;SN18700;15.04.2022;0
Oslo - Blindern;SN18700;16.04.2022;0
Oslo - Blindern;SN18700;17.04.2022;0
Oslo - Blindern;SN18700;18.04.2022;0
Oslo - Blindern;SN18700;19.04.2022;0
Oslo - Blindern;SN18700;20.04.2022;0
Oslo - Blindern;SN18700;21.04.2022;0
Oslo - Blindern;SN18700;22.04.2022;0
Oslo - Blindern;SN18700;23.04.2022;0
Oslo - Blindern;SN18700;24.04.2022;0
Oslo - Blindern;SN18700;25.04.2022;0
Oslo - Blindern;SN18700;26.04.2022;0
Oslo - Blindern;SN18700;27.04.2022;0
Oslo - Blindern;SN18700;28.04.2022;0,1
Oslo - Blindern;SN18700;29.04.2022;0
Oslo - Blindern;SN18700;30.04.2022;0
Oslo - Blindern;SN18700;01.05.2022;0
Oslo - Blindern;SN18700;02.05.2022;0
Oslo - Blindern;SN18700;03.05.2022;0
Oslo - Blindern;SN18700;04.05.2022;0
Oslo - Blindern;SN18700;05.05.2022;0
Oslo - Blindern;SN18700;06.05.2022;0
Oslo - Blindern;SN18700;07.05.2022;0,9
Oslo - Blindern;SN18700;08.05.2022;0
Oslo - Blindern;SN18700;09.05.2022;0
Oslo - Blindern;SN18700;10.05.2022;0,3
Oslo - Blindern;SN18700;11.05.2022;2,8
Oslo - Blindern;SN18700;12.05.2022;0,4
Oslo - Blindern;SN18700;13.05.2022;0
Oslo - Blindern;SN18700;14.05.2022;1,2
Oslo - Blindern;SN18700;15.05.2022;0
Oslo - Blindern;SN18700;16.05.2022;0
Oslo - Blindern;SN18700;17.05.2022;0
Oslo - Blindern;SN18700;18.05.2022;0
Oslo - Blindern;SN18700;19.05.2022;1,8
Oslo - Blindern;SN18700;20.05.2022;0
Oslo - Blindern;SN18700;21.05.2022;6,1
Oslo - Blindern;SN18700;22.05.2022;2
Oslo - Blindern;SN18700;23.05.2022;0
Oslo - Blindern;SN18700;24.05.2022;0
Oslo - Blindern;SN18700;25.05.2022;6,5
Oslo - Blindern;SN18700;26.05.2022;19,1
Oslo - Blindern;SN18700;27.05.2022;1,8
Oslo - Blindern;SN18700;28.05.2022;0,5
Oslo - Blindern;SN18700;29.05.2022;0
Oslo - Blindern;SN18700;30.05.2022;2,6
Oslo - Blindern;SN18700;31.05.2022;4,6
Oslo - Blindern;SN18700;01.06.2022;0
Oslo - Blindern;SN18700;02.06.2022;0,5
Oslo - Blindern;SN18700;03.06.2022;0,2
Oslo - Blindern;SN18700;04.06.2022;5,4
Oslo - Blindern;SN18700;05.06.2022;0
Oslo - Blindern;SN18700;06.06.2022;0
Oslo - Blindern;SN18700;07.06.2022;0,1
Oslo - Blindern;SN18700;08.06.2022;14,2
Oslo - Blindern;SN18700;09.06.2022;4,6
Oslo - Blindern;SN18700;10.06.2022;0
Oslo - Blindern;SN18700;11.06.2022;0
Oslo - Blindern;SN18700;12.06.2022;9,3
Oslo - Blindern;SN18700;13.06.2022;0
Oslo - Blindern;SN18700;14.06.2022;1,1
Oslo - Blindern;SN18700;15.06.2022;0
Oslo - Blindern;SN18700;16.06.2022;0
Oslo - Blindern;SN18700;17.06.2022;3,8
Oslo - Blindern;SN18700;18.06.2022;7,6
Oslo - Blindern;SN18700;19.06.2022;0,1
Oslo - Blindern;SN18700;20.06.2022;0
Oslo - Blindern;SN18700;21.06.2022;0
Oslo - Blindern;SN18700;22.06.2022;0,2
Oslo - Blindern;SN18700;23.06.2022;0
Oslo - Blindern;SN18700;24.06.2022;0
Oslo - Blindern;SN18700;25.06.2022;0,2
Oslo - Blindern;SN18700;26.06.2022;2,4
Oslo - Blindern;SN18700;27.06.2022;10,8
Oslo - Blindern;SN18700;28.06.2022;25,6
Oslo - Blindern;SN18700;29.06.2022;2,3
Oslo - Blindern;SN18700;30.06.2022;0,6
Oslo - Blindern;SN18700;01.07.2022;0,1
Oslo - Blindern;SN18700;02.07.2022;28,8
Oslo - Blindern;SN18700;03.07.2022;0,4
Oslo - Blindern;SN18700;04.07.2022;3,6
Oslo - Blindern;SN18700;05.07.2022;0,8
Oslo - Blindern;SN18700;06.07.2022;0,1
Oslo - Blindern;SN18700;07.07.2022;10,4
Oslo - Blindern;SN18700;08.07.2022;0,1
Oslo - Blindern;SN18700;09.07.2022;0
Oslo - Blindern;SN18700;10.07.2022;0
Oslo - Blindern;SN18700;11.07.2022;0,1
Oslo - Blindern;SN18700;12.07.2022;0
Oslo - Blindern;SN18700;13.07.2022;0
Oslo - Blindern;SN18700;14.07.2022;2,2
Oslo - Blindern;SN18700;15.07.2022;0
Oslo - Blindern;SN18700;16.07.2022;0,5
Oslo - Blindern;SN18700;17.07.2022;0
Oslo - Blindern;SN18700;18.07.2022;1,2
Oslo - Blindern;SN18700;19.07.2022;0
Oslo - Blindern;SN18700;20.07.2022;0
Oslo - Blindern;SN18700;21.07.2022;0,1
Oslo - Blindern;SN18700;22.07.2022;0
Oslo - Blindern;SN18700;23.07.2022;6,6
Oslo - Blindern;SN18700;24.07.2022;0
Oslo - Blindern;SN18700;25.07.2022;1,9
Oslo - Blindern;SN18700;26.07.2022;1,1
Oslo - Blindern;SN18700;27.07.2022;0
Oslo - Blindern;SN18700;28.07.2022;0
Oslo - Blindern;SN18700;29.07.2022;0,5
Oslo - Blindern;SN18700;30.07.2022;0
Oslo - Blindern;SN18700;31.07.2022;0
Oslo - Blindern;SN18700;01.08.2022;9,4
Oslo - Blindern;SN18700;02.08.2022;0,8
Oslo - Blindern;SN18700;03.08.2022;15
Oslo - Blindern;SN18700;04.08.2022;0
Oslo - Blindern;SN18700;05.08.2022;1,7
Oslo - Blindern;SN18700;06.08.2022;0
Oslo - Blindern;SN18700;07.08.2022;0
Oslo - Blindern;SN18700;08.08.2022;0
Oslo - Blindern;SN18700;09.08.2022;0
Oslo - Blindern;SN18700;10.08.2022;0
Oslo - Blindern;SN18700;11.08.2022;0
Oslo - Blindern;SN18700;12.08.2022;0
Oslo - Blindern;SN18700;13.08.2022;0,1
Oslo - Blindern;SN18700;14.08.2022;0
Oslo - Blindern;SN18700;15.08.2022;0
Oslo - Blindern;SN18700;16.08.2022;27,6
Oslo - Blindern;SN18700;17.08.2022;23,7
Oslo - Blindern;SN18700;18.08.2022;0,2
Oslo - Blindern;SN18700;19.08.2022;1,8
Oslo - Blindern;SN18700;20.08.2022;0
Oslo - Blindern;SN18700;21.08.2022;0
Oslo - Blindern;SN18700;22.08.2022;2,8
Oslo - Blindern;SN18700;23.08.2022;0
Oslo - Blindern;SN18700;24.08.2022;0
Oslo - Blindern;SN18700;25.08.2022;0
Oslo - Blindern;SN18700;26.08.2022;0
Oslo - Blindern;SN18700;27.08.2022;2,4
Oslo - Blindern;SN18700;28.08.2022;0
Oslo - Blindern;SN18700;29.08.2022;0
Oslo - Blindern;SN18700;30.08.2022;0
Oslo - Blindern;SN18700;31.08.2022;0
Oslo - Blindern;SN18700;01.09.2022;0
Oslo - Blindern;SN18700;02.09.2022;0
Oslo - Blindern;SN18700;03.09.2022;2,6
Oslo - Blindern;SN18700;04.09.2022;1,8
Oslo - Blindern;SN18700;05.09.2022;0
Oslo - Blindern;SN18700;06.09.2022;0,1
Oslo - Blindern;SN18700;07.09.2022;0
Oslo - Blindern;SN18700;08.09.2022;0
Oslo - Blindern;SN18700;09.09.2022;0
Oslo - Blindern;SN18700;10.09.2022;0
Oslo - Blindern;SN18700;11.09.2022;0
Oslo - Blindern;SN18700;12.09.2022;0
Oslo - Blindern;SN18700;13.09.2022;25,6
Oslo - Blindern;SN18700;14.09.2022;0,3
Oslo - Blindern;SN18700;15.09.2022;0,4
Oslo - Blindern;SN18700;16.09.2022;0,1
Oslo - Blindern;SN18700;17.09.2022;0
Oslo - Blindern;SN18700;18.09.2022;0
Oslo - Blindern;SN18700;19.09.2022;0
Oslo - Blindern;SN18700;20.09.2022;0
Oslo - Blindern;SN18700;21.09.2022;0
Oslo - Blindern;SN18700;22.09.2022;0
Oslo - Blindern;SN18700;23.09.2022;2
Oslo - Blindern;SN18700;24.09.2022;15,7
Oslo - Blindern;SN18700;25.09.2022;0
Oslo - Blindern;SN18700;26.09.2022;3,6
Oslo - Blindern;SN18700;27.09.2022;10,9
Oslo - Blindern;SN18700;28.09.2022;0,1
Oslo - Blindern;SN18700;29.09.2022;0
Oslo - Blindern;SN18700;30.09.2022;0
Oslo - Blindern;SN18700;01.10.2022;1,2
Oslo - Blindern;SN18700;02.10.2022;4,1
Oslo - Blindern;SN18700;03.10.2022;0,3
Oslo - Blindern;SN18700;04.10.2022;0,1
Oslo - Blindern;SN18700;05.10.2022;0,2
Oslo - Blindern;SN18700;06.10.2022;5,8
Oslo - Blindern;SN18700;07.10.2022;0,1
Oslo - Blindern;SN18700;08.10.2022;0,6
Oslo - Blindern;SN18700;09.10.2022;0
Oslo - Blindern;SN18700;10.10.2022;0
Oslo - Blindern;SN18700;11.10.2022;1,3
Oslo - Blindern;SN18700;12.10.2022;0
Oslo - Blindern;SN18700;13.10.2022;3,5
Oslo - Blindern;SN18700;14.10.2022;14,4
Oslo - Blindern;SN18700;15.10.2022;6,6
Oslo - Blindern;SN18700;16.10.2022;8
Oslo - Blindern;SN18700;17.10.2022;8,1
Oslo - Blindern;SN18700;18.10.2022;5,3
Oslo - Blindern;SN18700;19.10.2022;0
Oslo - Blindern;SN18700;20.10.2022;0
Oslo - Blindern;SN18700;21.10.2022;0
Oslo - Blindern;SN18700;22.10.2022;0
Oslo - Blindern;SN18700;23.10.2022;0
Oslo - Blindern;SN18700;24.10.2022;0,1
Oslo - Blindern;SN18700;25.10.2022;10,6
Oslo - Blindern;SN18700;26.10.2022;1,3
Oslo - Blindern;SN18700;27.10.2022;1,6
Oslo - Blindern;SN18700;28.10.2022;0,3
Oslo - Blindern;SN18700;29.10.2022;8,2
Oslo - Blindern;SN18700;30.10.2022;0
Oslo - Blindern;SN18700;31.10.2022;1,2
Oslo - Blindern;SN18700;01.11.2022;0,1
Oslo - Blindern;SN18700;02.11.2022;7
Oslo - Blindern;SN18700;03.11.2022;5,5
Oslo - Blindern;SN18700;04.11.2022;6,4
Oslo - Blindern;SN18700;05.11.2022;6,4
Oslo - Blindern;SN18700;06.11.2022;6,1
Oslo - Blindern;SN18700;07.11.2022;13,9
Oslo - Blindern;SN18700;08.11.2022;6,7
Oslo - Blindern;SN18700;09.11.2022;10,1
Oslo - Blindern;SN18700;10.11.2022;0,6
Oslo - Blindern;SN18700;11.11.2022;1,6
Oslo - Blindern;SN18700;12.11.2022;0
Oslo - Blindern;SN18700;13.11.2022;0
Oslo - Blindern;SN18700;14.11.2022;0
Oslo - Blindern;SN18700;15.11.2022;0
Oslo - Blindern;SN18700;16.11.2022;0
Oslo - Blindern;SN18700;17.11.2022;0,2
Oslo - Blindern;SN18700;18.11.2022;0
Oslo - Blindern;SN18700;19.11.2022;0
Oslo - Blindern;SN18700;20.11.2022;0
Oslo - Blindern;SN18700;21.11.2022;0,3
Oslo - Blindern;SN18700;22.11.2022;1,3
Oslo - Blindern;SN18700;23.11.2022;2,4
Oslo - Blindern;SN18700;24.11.2022;3,7
Oslo - Blindern;SN18700;25.11.2022;3
Oslo - Blindern;SN18700;26.11.2022;0,3
Oslo - Blindern;SN18700;27.11.2022;6,1
Oslo - Blindern;SN18700;28.11.2022;1,1
Oslo - Blindern;SN18700;29.11.2022;0,3
Oslo - Blindern;SN18700;30.11.2022;0,3
Oslo - Blindern;SN18700;01.12.2022;0
Oslo - Blindern;SN18700;02.12.2022;0
Oslo - Blindern;SN18700;03.12.2022;0
Oslo - Blindern;SN18700;04.12.2022;0
Oslo - Blindern;SN18700;05.12.2022;0
Oslo - Blindern;SN18700;06.12.2022;0
Oslo - Blindern;SN18700;07.12.2022;0,1
Oslo - Blindern;SN18700;08.12.2022;0
Oslo - Blindern;SN18700;09.12.2022;0,5
Oslo - Blindern;SN18700;10.12.2022;0
Oslo - Blindern;SN18700;11.12.2022;0
Oslo - Blindern;SN18700;12.12.2022;0,2
Oslo - Blindern;SN18700;13.12.2022;0
Oslo - Blindern;SN18700;14.12.2022;4,2
Oslo - Blindern;SN18700;15.12.2022;0
Oslo - Blindern;SN18700;16.12.2022;0
Oslo - Blindern;SN18700;17.12.2022;2,4
Oslo - Blindern;SN18700;18.12.2022;3
Oslo - Blindern;SN18700;19.12.2022;0,4
Oslo - Blindern;SN18700;20.12.2022;3,9
Oslo - Blindern;SN18700;21.12.2022;7,4
Oslo - Blindern;SN18700;22.12.2022;8,1
Oslo - Blindern;SN18700;23.12.2022;4,8
Oslo - Blindern;SN18700;24.12.2022;0
Oslo - Blindern;SN18700;25.12.2022;0
Oslo - Blindern;SN18700;26.12.2022;12,8
Oslo - Blindern;SN18700;27.12.2022;19,6
Oslo - Blindern;SN18700;28.12.2022;0
Oslo - Blindern;SN18700;29.12.2022;3,3
Oslo - Blindern;SN18700;30.12.2022;7,6
Oslo - Blindern;SN18700;31.12.2022;7,2
Oslo - Blindern;SN18700;01.01.2023;0
Oslo - Blindern;SN18700;02.01.2023;0,6
Oslo - Blindern;SN18700;03.01.2023;0
Oslo - Blindern;SN18700;04.01.2023;0,9
Oslo - Blindern;SN18700;05.01.2023;19,8
Oslo - Blindern;SN18700;06.01.2023;2,9
Oslo - Blindern;SN18700;07.01.2023;7
Oslo - Blindern;SN18700;08.01.2023;9,1
Oslo - Blindern;SN18700;09.01.2023;11,2
Oslo - Blindern;SN18700;10.01.2023;4,6
Oslo - Blindern;SN18700;11.01.2023;7,7
Oslo - Blindern;SN18700;12.01.2023;0,8
Oslo - Blindern;SN18700;13.01.2023;6,6
Oslo - Blindern;SN18700;14.01.2023;6,2
Oslo - Blindern;SN18700;15.01.2023;9,4
Oslo - Blindern;SN18700;16.01.2023;1,8
Oslo - Blindern;SN18700;17.01.2023;2,7
Oslo - Blindern;SN18700;18.01.2023;5,6
Oslo - Blindern;SN18700;19.01.2023;2,3
Oslo - Blindern;SN18700;20.01.2023;1
Oslo - Blindern;SN18700;21.01.2023;0
Oslo - Blindern;SN18700;22.01.2023;0
Oslo - Blindern;SN18700;23.01.2023;0,2
Oslo - Blindern;SN18700;24.01.2023;0,1
Oslo - Blindern;SN18700;25.01.2023;0
Oslo - Blindern;SN18700;26.01.2023;0
Oslo - Blindern;SN18700;27.01.2023;0
Oslo - Blindern;SN18700;28.01.2023;0
Oslo - Blindern;SN18700;29.01.2023;0
Oslo - Blindern;SN18700;30.01.2023;0
Oslo - Blindern;SN18700;31.01.2023;0
Oslo - Blindern;SN18700;01.02.2023;0,4
Oslo - Blindern;SN18700;02.02.2023;0
Oslo - Blindern;SN18700;03.02.2023;0,6
Oslo - Blindern;SN18700;04.02.2023;0,3
Oslo - Blindern;SN18700;05.02.2023;4,8
Oslo - Blindern;SN18700;06.02.2023;0,2
Oslo - Blindern;SN18700;07.02.2023;0
Oslo - Blindern;SN18700;08.02.2023;0
Oslo - Blindern;SN18700;09.02.2023;0
Oslo - Blindern;SN18700;10.02.2023;0,1
Oslo - Blindern;SN18700;11.02.2023;0,2
Oslo - Blindern;SN18700;12.02.2023;0
Oslo - Blindern;SN18700;13.02.2023;0
Oslo - Blindern;SN18700;14.02.2023;0
Oslo - Blindern;SN18700;15.02.2023;0
Oslo - Blindern;SN18700;16.02.2023;0,5
Oslo - Blindern;SN18700;17.02.2023;1,8
Oslo - Blindern;SN18700;18.02.2023;12,8
Oslo - Blindern;SN18700;19.02.2023;0
Oslo - Blindern;SN18700;20.02.2023;8,2
Oslo - Blindern;SN18700;21.02.2023;0
Oslo - Blindern;SN18700;22.02.2023;0,2
Oslo - Blindern;SN18700;23.02.2023;9,9
Oslo - Blindern;SN18700;24.02.2023;6
Oslo - Blindern;SN18700;25.02.2023;0
Oslo - Blindern;SN18700;26.02.2023;0
Oslo - Blindern;SN18700;27.02.2023;0
Oslo - Blindern;SN18700;28.02.2023;0
Oslo - Blindern;SN18700;01.03.2023;0
Oslo - Blindern;SN18700;02.03.2023;0
Oslo - Blindern;SN18700;03.03.2023;0
Oslo - Blindern;SN18700;04.03.2023;0
Oslo - Blindern;SN18700;05.03.2023;0
Oslo - Blindern;SN18700;06.03.2023;0
Oslo - Blindern;SN18700;07.03.2023;0
Oslo - Blindern;SN18700;08.03.2023;0
Oslo - Blindern;SN18700;09.03.2023;1,1
Oslo - Blindern;SN18700;10.03.2023;0
Oslo - Blindern;SN18700;11.03.2023;0
Oslo - Blindern;SN18700;12.03.2023;0
Oslo - Blindern;SN18700;13.03.2023;2,6
Oslo - Blindern;SN18700;14.03.2023;12,8
Oslo - Blindern;SN18700;15.03.2023;0
Oslo - Blindern;SN18700;16.03.2023;0
Oslo - Blindern;SN18700;17.03.2023;5,8
Oslo - Blindern;SN18700;18.03.2023;13,1
Oslo - Blindern;SN18700;19.03.2023;0,1
Oslo - Blindern;SN18700;20.03.2023;1,2
Oslo - Blindern;SN18700;21.03.2023;0
Oslo - Blindern;SN18700;22.03.2023;5,8
Oslo - Blindern;SN18700;23.03.2023;7
Oslo - Blindern;SN18700;24.03.2023;5,1
Oslo - Blindern;SN18700;25.03.2023;7,2
Oslo - Blindern;SN18700;26.03.2023;1,4
Oslo - Blindern;SN18700;27.03.2023;0
Oslo - Blindern;SN18700;28.03.2023;0
Oslo - Blindern;SN18700;29.03.2023;9,4
Oslo - Blindern;SN18700;30.03.2023;0
Oslo - Blindern;SN18700;31.03.2023;0
Oslo - Blindern;SN18700;01.04.2023;0
Oslo - Blindern;SN18700;02.04.2023;1
Oslo - Blindern;SN18700;03.04.2023;0
Oslo - Blindern;SN18700;04.04.2023;0
Oslo - Blindern;SN18700;05.04.2023;0
Oslo - Blindern;SN18700;06.04.2023;0,1
Oslo - Blindern;SN18700;07.04.2023;1,4
Oslo - Blindern;SN18700;08.04.2023;0
Oslo - Blindern;SN18700;09.04.2023;0
Oslo - Blindern;SN18700;10.04.2023;1,4
Oslo - Blindern;SN18700;11.04.2023;1,6
Oslo - Blindern;SN18700;12.04.2023;6,3
Oslo - Blindern;SN18700;13.04.2023;4
Oslo - Blindern;SN18700;14.04.2023;4
Oslo - Blindern;SN18700;15.04.2023;22
Oslo - Blindern;SN18700;16.04.2023;3,1
Oslo - Blindern;SN18700;17.04.2023;0
Oslo - Blindern;SN18700;18.04.2023;0
Oslo - Blindern;SN18700;19.04.2023;0
Oslo - Blindern;SN18700;20.04.2023;0
Oslo - Blindern;SN18700;21.04.2023;0
Oslo - Blindern;SN18700;22.04.2023;0
Oslo - Blindern;SN18700;23.04.2023;4,6
Oslo - Blindern;SN18700;24.04.2023;6,6
Oslo - Blindern;SN18700;25.04.2023;34,5
Oslo - Blindern;SN18700;26.04.2023;8,2
Oslo - Blindern;SN18700;27.04.2023;0,2
Oslo - Blindern;SN18700;28.04.2023;0
Oslo - Blindern;SN18700;29.04.2023;0
Oslo - Blindern;SN18700;30.04.2023;0,7
Oslo - Blindern;SN18700;01.05.2023;0,5
Oslo - Blindern;SN18700;02.05.2023;3,4
Oslo - Blindern;SN18700;03.05.2023;0
Oslo - Blindern;SN18700;04.05.2023;0
Oslo - Blindern;SN18700;05.05.2023;0
Oslo - Blindern;SN18700;06.05.2023;0
Oslo - Blindern;SN18700;07.05.2023;0
Oslo - Blindern;SN18700;08.05.2023;0
Oslo - Blindern;SN18700;09.05.2023;0
Oslo - Blindern;SN18700;10.05.2023;0
Oslo - Blindern;SN18700;11.05.2023;0
Oslo - Blindern;SN18700;12.05.2023;0
Oslo - Blindern;SN18700;13.05.2023;0
Oslo - Blindern;SN18700;14.05.2023;0
Oslo - Blindern;SN18700;15.05.2023;0
Oslo - Blindern;SN18700;16.05.2023;0,3
Oslo - Blindern;SN18700;17.05.2023;5,6
Oslo - Blindern;SN18700;18.05.2023;0
Oslo - Blindern;SN18700;19.05.2023;0
Oslo - Blindern;SN18700;20.05.2023;0
Oslo - Blindern;SN18700;21.05.2023;0
Oslo - Blindern;SN18700;22.05.2023;0
Oslo - Blindern;SN18700;23.05.2023;2,1
Oslo - Blindern;SN18700;24.05.2023;4,3
Oslo - Blindern;SN18700;25.05.2023;0
Oslo - Blindern;SN18700;26.05.2023;0
Oslo - Blindern;SN18700;27.05.2023;0
Oslo - Blindern;SN18700;28.05.2023;0,8
Oslo - Blindern;SN18700;29.05.2023;0
Oslo - Blindern;SN18700;30.05.2023;0
Oslo - Blindern;SN18700;31.05.2023;0
Oslo - Blindern;SN18700;01.06.2023;0
Oslo - Blindern;SN18700;02.06.2023;0
Oslo - Blindern;SN18700;03.06.2023;0
Oslo - Blindern;SN18700;04.06.2023;0
Oslo - Blindern;SN18700;05.06.2023;0
Oslo - Blindern;SN18700;06.06.2023;0
Oslo - Blindern;SN18700;07.06.2023;0
Oslo - Blindern;SN18700;08.06.2023;0
Oslo - Blindern;SN18700;09.06.2023;0
Oslo - Blindern;SN18700;10.06.2023;0
Oslo - Blindern;SN18700;11.06.2023;0
Oslo - Blindern;SN18700;12.06.2023;0
Oslo - Blindern;SN18700;13.06.2023;0
Oslo - Blindern;SN18700;14.06.2023;0
Oslo - Blindern;SN18700;15.06.2023;0
Oslo - Blindern;SN18700;16.06.2023;0
Oslo - Blindern;SN18700;17.06.2023;0
Oslo - Blindern;SN18700;18.06.2023;0
Oslo - Blindern;SN18700;19.06.2023;2,5
Oslo - Blindern;SN18700;20.06.2023;0
Oslo - Blindern;SN18700;21.06.2023;8,6
Oslo - Blindern;SN18700;22.06.2023;15,4
Oslo - Blindern;SN18700;23.06.2023;0,1
Oslo - Blindern;SN18700;24.06.2023;0
Oslo - Blindern;SN18700;25.06.2023;0
Oslo - Blindern;SN18700;26.06.2023;0
Oslo - Blindern;SN18700;27.06.2023;10,7
Oslo - Blindern;SN18700;28.06.2023;0
Oslo - Blindern;SN18700;29.06.2023;0
Oslo - Blindern;SN18700;30.06.2023;2,6
Oslo - Blindern;SN18700;01.07.2023;1,8
Oslo - Blindern;SN18700;02.07.2023;6,3
Oslo - Blindern;SN18700;03.07.2023;21,1
Oslo - Blindern;SN18700;04.07.2023;1,9
Oslo - Blindern;SN18700;05.07.2023;0,4
Oslo - Blindern;SN18700;06.07.2023;2,3
Oslo - Blindern;SN18700;07.07.2023;9,7
Oslo - Blindern;SN18700;08.07.2023;5,5
Oslo - Blindern;SN18700;09.07.2023;0
Oslo - Blindern;SN18700;10.07.2023;0
Oslo - Blindern;SN18700;11.07.2023;0,1
Oslo - Blindern;SN18700;12.07.2023;15,8
Oslo - Blindern;SN18700;13.07.2023;17,9
Oslo - Blindern;SN18700;14.07.2023;4,6
Oslo - Blindern;SN18700;15.07.2023;0
Oslo - Blindern;SN18700;16.07.2023;16,9
Oslo - Blindern;SN18700;17.07.2023;6,4
Oslo - Blindern;SN18700;18.07.2023;1,2
Oslo - Blindern;SN18700;19.07.2023;1,1
Oslo - Blindern;SN18700;20.07.2023;0,7
Oslo - Blindern;SN18700;21.07.2023;1,3
Oslo - Blindern;SN18700;22.07.2023;0,7
Oslo - Blindern;SN18700;23.07.2023;3,3
Oslo - Blindern;SN18700;24.07.2023;0,4
Oslo - Blindern;SN18700;25.07.2023;20,4
Oslo - Blindern;SN18700;26.07.2023;1,1
Oslo - Blindern;SN18700;27.07.2023;0,5
Oslo - Blindern;SN18700;28.07.2023;1,7
Oslo - Blindern;SN18700;29.07.2023;0
Oslo - Blindern;SN18700;30.07.2023;0
Oslo - Blindern;SN18700;31.07.2023;3,8
Oslo - Blindern;SN18700;01.08.2023;2,7
Oslo - Blindern;SN18700;02.08.2023;0,3
Oslo - Blindern;SN18700;03.08.2023;18,5
Oslo - Blindern;SN18700;04.08.2023;0,4
Oslo - Blindern;SN18700;05.08.2023;8,5
Oslo - Blindern;SN18700;06.08.2023;3,6
Oslo - Blindern;SN18700;07.08.2023;9,5
Oslo - Blindern;SN18700;08.08.2023;57,2
Oslo - Blindern;SN18700;09.08.2023;3,1
Oslo - Blindern;SN18700;10.08.2023;2
Oslo - Blindern;SN18700;11.08.2023;0
Oslo - Blindern;SN18700;12.08.2023;1,4
Oslo - Blindern;SN18700;13.08.2023;0,6
Oslo - Blindern;SN18700;14.08.2023;4,3
Oslo - Blindern;SN18700;15.08.2023;6,3
Oslo - Blindern;SN18700;16.08.2023;6,1
Oslo - Blindern;SN18700;17.08.2023;0,3
Oslo - Blindern;SN18700;18.08.2023;0
Oslo - Blindern;SN18700;19.08.2023;1,7
Oslo - Blindern;SN18700;20.08.2023;41,4
Oslo - Blindern;SN18700;21.08.2023;4,6
Oslo - Blindern;SN18700;22.08.2023;0
Oslo - Blindern;SN18700;23.08.2023;0
Oslo - Blindern;SN18700;24.08.2023;5,8
Oslo - Blindern;SN18700;25.08.2023;0,5
Oslo - Blindern;SN18700;26.08.2023;12,7
Oslo - Blindern;SN18700;27.08.2023;52
Oslo - Blindern;SN18700;28.08.2023;2,1
Oslo - Blindern;SN18700;29.08.2023;14,2
Oslo - Blindern;SN18700;30.08.2023;0
Oslo - Blindern;SN18700;31.08.2023;0
Oslo - Blindern;SN18700;01.09.2023;0
Oslo - Blindern;SN18700;02.09.2023;0,8
Oslo - Blindern;SN18700;03.09.2023;0
Oslo - Blindern;SN18700;04.09.2023;0,2
Oslo - Blindern;SN18700;05.09.2023;0
Oslo - Blindern;SN18700;06.09.2023;0
Oslo - Blindern;SN18700;07.09.2023;0
Oslo - Blindern;SN18700;08.09.2023;0
Oslo - Blindern;SN18700;09.09.2023;0,1
Oslo - Blindern;SN18700;10.09.2023;0
Oslo - Blindern;SN18700;11.09.2023;0,7
Oslo - Blindern;SN18700;12.09.2023;1,2
Oslo - Blindern;SN18700;13.09.2023;0,3
Oslo - Blindern;SN18700;14.09.2023;0
Oslo - Blindern;SN18700;15.09.2023;1
Oslo - Blindern;SN18700;16.09.2023;4,5
Oslo - Blindern;SN18700;17.09.2023;1,5
Oslo - Blindern;SN18700;18.09.2023;1,8
Oslo - Blindern;SN18700;19.09.2023;42,3
Oslo - Blindern;SN18700;20.09.2023;0,6
Oslo - Blindern;SN18700;21.09.2023;3
Oslo - Blindern;SN18700;22.09.2023;33,3
Oslo - Blindern;SN18700;23.09.2023;6
Oslo - Blindern;SN18700;24.09.2023;0
Oslo - Blindern;SN18700;25.09.2023;3,5
Oslo - Blindern;SN18700;26.09.2023;0,1
Oslo - Blindern;SN18700;27.09.2023;0,7
Oslo - Blindern;SN18700;28.09.2023;1,8
Oslo - Blindern;SN18700;29.09.2023;2,1
Oslo - Blindern;SN18700;30.09.2023;0,3
Oslo - Blindern;SN18700;01.10.2023;0
Oslo - Blindern;SN18700;02.10.2023;0,3
Oslo - Blindern;SN18700;03.10.2023;0
Oslo - Blindern;SN18700;04.10.2023;0
Oslo - Blindern;SN18700;05.10.2023;0
Oslo - Blindern;SN18700;06.10.2023;2,3
Oslo - Blindern;SN18700;07.10.2023;4,7
Oslo - Blindern;SN18700;08.10.2023;0
Oslo - Blindern;SN18700;09.10.2023;0
Oslo - Blindern;SN18700;10.10.2023;0
Oslo - Blindern;SN18700;11.10.2023;4,7
Oslo - Blindern;SN18700;12.10.2023;0
Oslo - Blindern;SN18700;13.10.2023;0
Oslo - Blindern;SN18700;14.10.2023;10,5
Oslo - Blindern;SN18700;15.10.2023;0
Oslo - Blindern;SN18700;16.10.2023;0
Oslo - Blindern;SN18700;17.10.2023;0
Oslo - Blindern;SN18700;18.10.2023;0
Oslo - Blindern;SN18700;19.10.2023;0
Oslo - Blindern;SN18700;20.10.2023;0
Oslo - Blindern;SN18700;21.10.2023;0
Oslo - Blindern;SN18700;22.10.2023;1,9
Oslo - Blindern;SN18700;23.10.2023;0,5
Oslo - Blindern;SN18700;24.10.2023;0
Oslo - Blindern;SN18700;25.10.2023;0
Oslo - Blindern;SN18700;26.10.2023;0
Oslo - Blindern;SN18700;27.10.2023;0
Oslo - Blindern;SN18700;28.10.2023;0
Oslo - Blindern;SN18700;29.10.2023;0
Oslo - Blindern;SN18700;30.10.2023;1,5
Oslo - Blindern;SN18700;31.10.2023;9,2
Oslo - Blindern;SN18700;01.11.2023;1
Oslo - Blindern;SN18700;02.11.2023;2
Oslo - Blindern;SN18700;03.11.2023;21,7
Oslo - Blindern;SN18700;04.11.2023;6,6
Oslo - Blindern;SN18700;05.11.2023;0,7
Oslo - Blindern;SN18700;06.11.2023;0,9
Oslo - Blindern;SN18700;07.11.2023;15,2
Oslo - Blindern;SN18700;08.11.2023;0,1
Oslo - Blindern;SN18700;09.11.2023;2,9
Oslo - Blindern;SN18700;10.11.2023;2,6
Oslo - Blindern;SN18700;11.11.2023;0
Oslo - Blindern;SN18700;12.11.2023;0,1
Oslo - Blindern;SN18700;13.11.2023;0,3
Oslo - Blindern;SN18700;14.11.2023;0
Oslo - Blindern;SN18700;15.11.2023;0,1
Oslo - Blindern;SN18700;16.11.2023;0
Oslo - Blindern;SN18700;17.11.2023;0
Oslo - Blindern;SN18700;18.11.2023;0
Oslo - Blindern;SN18700;19.11.2023;0
Oslo - Blindern;SN18700;20.11.2023;1,1
Oslo - Blindern;SN18700;21.11.2023;0
Oslo - Blindern;SN18700;22.11.2023;0
Oslo - Blindern;SN18700;23.11.2023;1,3
Oslo - Blindern;SN18700;24.11.2023;0
Oslo - Blindern;SN18700;25.11.2023;0,1
Oslo - Blindern;SN18700;26.11.2023;0,1
Oslo - Blindern;SN18700;27.11.2023;0
Oslo - Blindern;SN18700;28.11.2023;0,4
Oslo - Blindern;SN18700;29.11.2023;2,2
Oslo - Blindern;SN18700;30.11.2023;1,1
Oslo - Blindern;SN18700;01.12.2023;0,2
Oslo - Blindern;SN18700;02.12.2023;0
Oslo - Blindern;SN18700;03.12.2023;0
Oslo - Blindern;SN18700;04.12.2023;0
Oslo - Blindern;SN18700;05.12.2023;0
Oslo - Blindern;SN18700;06.12.2023;0,1
Oslo - Blindern;SN18700;07.12.2023;2
Oslo - Blindern;SN18700;08.12.2023;0
Oslo - Blindern;SN18700;09.12.2023;2,5
Oslo - Blindern;SN18700;10.12.2023;4,7
Oslo - Blindern;SN18700;11.12.2023;2,2
Oslo - Blindern;SN18700;12.12.2023;0,3
Oslo - Blindern;SN18700;13.12.2023;0
Oslo - Blindern;SN18700;14.12.2023;0
Oslo - Blindern;SN18700;15.12.2023;0,1
Oslo - Blindern;SN18700;16.12.2023;0
Oslo - Blindern;SN18700;17.12.2023;0
Oslo - Blindern;SN18700;18.12.2023;0
Oslo - Blindern;SN18700;19.12.2023;2,1
Oslo - Blindern;SN18700;20.12.2023;0,2
Oslo - Blindern;SN18700;21.12.2023;0,1
Oslo - Blindern;SN18700;22.12.2023;8,4
Oslo - Blindern;SN18700;23.12.2023;0
Oslo - Blindern;SN18700;24.12.2023;0
Oslo - Blindern;SN18700;25.12.2023;5,6
Oslo - Blindern;SN18700;26.12.2023;0,8
Oslo - Blindern;SN18700;27.12.2023;0
Oslo - Blindern;SN18700;28.12.2023;2,2
Oslo - Blindern;SN18700;29.12.2023;5,5
Oslo - Blindern;SN18700;30.12.2023;1,8
Oslo - Blindern;SN18700;31.12.2023;0,4
Oslo - Blindern;SN18700;01.01.2024;6,3
Oslo - Blindern;SN18700;02.01.2024;6,4
Oslo - Blindern;SN18700;03.01.2024;2,1
Oslo - Blindern;SN18700;04.01.2024;0,9
Oslo - Blindern;SN18700;05.01.2024;0
Oslo - Blindern;SN18700;06.01.2024;0
Oslo - Blindern;SN18700;07.01.2024;0
Oslo - Blindern;SN18700;08.01.2024;0
Oslo - Blindern;SN18700;09.01.2024;0
Oslo - Blindern;SN18700;10.01.2024;0
Oslo - Blindern;SN18700;11.01.2024;0
Oslo - Blindern;SN18700;12.01.2024;0
Oslo - Blindern;SN18700;13.01.2024;0
Oslo - Blindern;SN18700;14.01.2024;0,1
Oslo - Blindern;SN18700;15.01.2024;6,4
Oslo - Blindern;SN18700;16.01.2024;0
Oslo - Blindern;SN18700;17.01.2024;4,1
Oslo - Blindern;SN18700;18.01.2024;10,5
Oslo - Blindern;SN18700;19.01.2024;0,1
Oslo - Blindern;SN18700;20.01.2024;0
Oslo - Blindern;SN18700;21.01.2024;1,1
Oslo - Blindern;SN18700;22.01.2024;11,4
Oslo - Blindern;SN18700;23.01.2024;0,1
Oslo - Blindern;SN18700;24.01.2024;9,1
Oslo - Blindern;SN18700;25.01.2024;0
Oslo - Blindern;SN18700;26.01.2024;0,1
Oslo - Blindern;SN18700;27.01.2024;12,4
Oslo - Blindern;SN18700;28.01.2024;0
Oslo - Blindern;SN18700;29.01.2024;0
Oslo - Blindern;SN18700;30.01.2024;0
Oslo - Blindern;SN18700;31.01.2024;4,3
Oslo - Blindern;SN18700;01.02.2024;0,4
Oslo - Blindern;SN18700;02.02.2024;0
Oslo - Blindern;SN18700;03.02.2024;6,2
Oslo - Blindern;SN18700;04.02.2024;0
Oslo - Blindern;SN18700;05.02.2024;0,1
Oslo - Blindern;SN18700;06.02.2024;0
Oslo - Blindern;SN18700;07.02.2024;0,9
Oslo - Blindern;SN18700;08.02.2024;0
Oslo - Blindern;SN18700;09.02.2024;0
Oslo - Blindern;SN18700;10.02.2024;0,5
Oslo - Blindern;SN18700;11.02.2024;1,6
Oslo - Blindern;SN18700;12.02.2024;0,6
Oslo - Blindern;SN18700;13.02.2024;10,9
Oslo - Blindern;SN18700;14.02.2024;0,8
Oslo - Blindern;SN18700;15.02.2024;0
Oslo - Blindern;SN18700;16.02.2024;18,1
Oslo - Blindern;SN18700;17.02.2024;11,6
Oslo - Blindern;SN18700;18.02.2024;0
Oslo - Blindern;SN18700;19.02.2024;3,2
Oslo - Blindern;SN18700;20.02.2024;0
Oslo - Blindern;SN18700;21.02.2024;2,1
Oslo - Blindern;SN18700;22.02.2024;6
Oslo - Blindern;SN18700;23.02.2024;13,3
Oslo - Blindern;SN18700;24.02.2024;1,7
Oslo - Blindern;SN18700;25.02.2024;4,9
Oslo - Blindern;SN18700;26.02.2024;0,3
Oslo - Blindern;SN18700;27.02.2024;0
Oslo - Blindern;SN18700;28.02.2024;0,6
Oslo - Blindern;SN18700;29.02.2024;0
Oslo - Blindern;SN18700;01.03.2024;14,1
Oslo - Blindern;SN18700;02.03.2024;1,7
Oslo - Blindern;SN18700;03.03.2024;7,5
Oslo - Blindern;SN18700;04.03.2024;7,4
Oslo - Blindern;SN18700;05.03.2024;0
Oslo - Blindern;SN18700;06.03.2024;0
Oslo - Blindern;SN18700;07.03.2024;0
Oslo - Blindern;SN18700;08.03.2024;0
Oslo - Blindern;SN18700;09.03.2024;0
Oslo - Blindern;SN18700;10.03.2024;0
Oslo - Blindern;SN18700;11.03.2024;0
Oslo - Blindern;SN18700;12.03.2024;0
Oslo - Blindern;SN18700;13.03.2024;0
Oslo - Blindern;SN18700;14.03.2024;4,7
Oslo - Blindern;SN18700;15.03.2024;0,7
Oslo - Blindern;SN18700;16.03.2024;24,3
Oslo - Blindern;SN18700;17.03.2024;8,7
Oslo - Blindern;SN18700;18.03.2024;0
Oslo - Blindern;SN18700;19.03.2024;0,1
Oslo - Blindern;SN18700;20.03.2024;2,1
Oslo - Blindern;SN18700;21.03.2024;0
Oslo - Blindern;SN18700;22.03.2024;3,9
Oslo - Blindern;SN18700;23.03.2024;0
Oslo - Blindern;SN18700;24.03.2024;1,1
Oslo - Blindern;SN18700;25.03.2024;1,3
Oslo - Blindern;SN18700;26.03.2024;2,4
Oslo - Blindern;SN18700;27.03.2024;3,4
Oslo - Blindern;SN18700;28.03.2024;0,9
Oslo - Blindern;SN18700;29.03.2024;7
Oslo - Blindern;SN18700;30.03.2024;0,4
Oslo - Blindern;SN18700;31.03.2024;6,6
Oslo - Blindern;SN18700;01.04.2024;0,2
Oslo - Blindern;SN18700;02.04.2024;0
Oslo - Blindern;SN18700;03.04.2024;0
Oslo - Blindern;SN18700;04.04.2024;0
Oslo - Blindern;SN18700;05.04.2024;8
Oslo - Blindern;SN18700;06.04.2024;1,6
Oslo - Blindern;SN18700;07.04.2024;1,7
Oslo - Blindern;SN18700;08.04.2024;2,1
Oslo - Blindern;SN18700;09.04.2024;0
Oslo - Blindern;SN18700;10.04.2024;7,2
Oslo - Blindern;SN18700;11.04.2024;4,2
Oslo - Blindern;SN18700;12.04.2024;1
Oslo - Blindern;SN18700;13.04.2024;1,3
Oslo - Blindern;SN18700;14.04.2024;5,5
Oslo - Blindern;SN18700;15.04.2024;0
Oslo - Blindern;SN18700;16.04.2024;0
Oslo - Blindern;SN18700;17.04.2024;0
Oslo - Blindern;SN18700;18.04.2024;0
Oslo - Blindern;SN18700;19.04.2024;4,8
Oslo - Blindern;SN18700;20.04.2024;0
Oslo - Blindern;SN18700;21.04.2024;0
Oslo - Blindern;SN18700;22.04.2024;0
Oslo - Blindern;SN18700;23.04.2024;0
Oslo - Blindern;SN18700;24.04.2024;0
Oslo - Blindern;SN18700;25.04.2024;1,9
Oslo - Blindern;SN18700;26.04.2024;0,4
Oslo - Blindern;SN18700;27.04.2024;0
Oslo - Blindern;SN18700;28.04.2024;0
Oslo - Blindern;SN18700;29.04.2024;5,7
Oslo - Blindern;SN18700;30.04.2024;0,3
Oslo - Blindern;SN18700;01.05.2024;0
Oslo - Blindern;SN18700;02.05.2024;0
Oslo - Blindern;SN18700;03.05.2024;0
Oslo - Blindern;SN18700;04.05.2024;0
Oslo - Blindern;SN18700;05.05.2024;0,4
Oslo - Blindern;SN18700;06.05.2024;0
Oslo - Blindern;SN18700;07.05.2024;0
Oslo - Blindern;SN18700;08.05.2024;0,1
Oslo - Blindern;SN18700;09.05.2024;0,5
Oslo - Blindern;SN18700;10.05.2024;1,1
Oslo - Blindern;SN18700;11.05.2024;0
Oslo - Blindern;SN18700;12.05.2024;0
Oslo - Blindern;SN18700;13.05.2024;0
Oslo - Blindern;SN18700;14.05.2024;0
Oslo - Blindern;SN18700;15.05.2024;0
Oslo - Blindern;SN18700;16.05.2024;0
Oslo - Blindern;SN18700;17.05.2024;0
Oslo - Blindern;SN18700;18.05.2024;0
Oslo - Blindern;SN18700;19.05.2024;0
Oslo - Blindern;SN18700;20.05.2024;0
Oslo - Blindern;SN18700;21.05.2024;0
Oslo - Blindern;SN18700;22.05.2024;0
Oslo - Blindern;SN18700;23.05.2024;0
Oslo - Blindern;SN18700;24.05.2024;0
Oslo - Blindern;SN18700;25.05.2024;0
Oslo - Blindern;SN18700;26.05.2024;0,9
Oslo - Blindern;SN18700;27.05.2024;4,3
Oslo - Blindern;SN18700;28.05.2024;42,7
Oslo - Blindern;SN18700;29.05.2024;14,2
Oslo - Blindern;SN18700;30.05.2024;0
Oslo - Blindern;SN18700;31.05.2024;3,4
Oslo - Blindern;SN18700;01.06.2024;4,9
Oslo - Blindern;SN18700;02.06.2024;0,3
Oslo - Blindern;SN18700;03.06.2024;0
Oslo - Blindern;SN18700;04.06.2024;0
