date,sst
1980-01-01,20.165
1980-01-02,20.171
1980-01-03,20.174
1980-01-04,20.177
1980-01-05,20.182
1980-01-06,20.187
1980-01-07,20.192
1980-01-08,20.198
1980-01-09,20.203
1980-01-10,20.207
1980-01-11,20.211
1980-01-12,20.215
1980-01-13,20.219
1980-01-14,20.223
1980-01-15,20.226
1980-01-16,20.230
1980-01-17,20.244
1980-01-18,20.248
1980-01-19,20.245
1980-01-20,20.236
1980-01-21,20.256
1980-01-22,20.261
1980-01-23,20.255
1980-01-24,20.265
1980-01-25,20.261
1980-01-26,20.265
1980-01-27,20.255
1980-01-28,20.256
1980-01-29,20.262
1980-01-30,20.268
1980-01-31,20.271
1980-02-01,20.275
1980-02-02,20.278
1980-02-03,20.287
1980-02-04,20.292
1980-02-05,20.294
1980-02-06,20.306
1980-02-07,20.306
1980-02-08,20.318
1980-02-09,20.316
1980-02-10,20.321
1980-02-11,20.317
1980-02-12,20.314
1980-02-13,20.319
1980-02-14,20.340
1980-02-15,20.345
1980-02-16,20.342
1980-02-17,20.352
1980-02-18,20.355
1980-02-19,20.356
1980-02-20,20.355
1980-02-21,20.360
1980-02-22,20.367
1980-02-23,20.365
1980-02-24,20.372
1980-02-25,20.379
1980-02-26,20.374
1980-02-27,20.386
1980-02-28,20.392
1980-02-29,20.377
1980-03-01,20.388
1980-03-02,20.385
1980-03-03,20.390
1980-03-04,20.384
1980-03-05,20.379
1980-03-06,20.377
1980-03-07,20.385
1980-03-08,20.384
1980-03-09,20.380
1980-03-10,20.383
1980-03-11,20.387
1980-03-12,20.380
1980-03-13,20.391
1980-03-14,20.392
1980-03-15,20.392
1980-03-16,20.392
1980-03-17,20.401
1980-03-18,20.399
1980-03-19,20.396
1980-03-20,20.395
1980-03-21,20.393
1980-03-22,20.392
1980-03-23,20.400
1980-03-24,20.400
1980-03-25,20.403
1980-03-26,20.407
1980-03-27,20.403
1980-03-28,20.399
1980-03-29,20.397
1980-03-30,20.390
1980-03-31,20.391
1980-04-01,20.392
1980-04-02,20.389
1980-04-03,20.401
1980-04-04,20.402
1980-04-05,20.412
1980-04-06,20.418
1980-04-07,20.408
1980-04-08,20.396
1980-04-09,20.394
1980-04-10,20.392
1980-04-11,20.385
1980-04-12,20.399
1980-04-13,20.399
1980-04-14,20.403
1980-04-15,20.408
1980-04-16,20.410
1980-04-17,20.400
1980-04-18,20.390
1980-04-19,20.384
1980-04-20,20.370
1980-04-21,20.358
1980-04-22,20.341
1980-04-23,20.334
1980-04-24,20.321
1980-04-25,20.313
1980-04-26,20.302
1980-04-27,20.303
1980-04-28,20.283
1980-04-29,20.280
1980-04-30,20.276
1980-05-01,20.267
1980-05-02,20.264
1980-05-03,20.249
1980-05-04,20.246
1980-05-05,20.239
1980-05-06,20.244
1980-05-07,20.243
1980-05-08,20.237
1980-05-09,20.234
1980-05-10,20.234
1980-05-11,20.231
1980-05-12,20.233
1980-05-13,20.231
1980-05-14,20.233
1980-05-15,20.226
1980-05-16,20.219
1980-05-17,20.209
1980-05-18,20.207
1980-05-19,20.208
1980-05-20,20.206
1980-05-21,20.202
1980-05-22,20.205
1980-05-23,20.203
1980-05-24,20.195
1980-05-25,20.195
1980-05-26,20.194
1980-05-27,20.190
1980-05-28,20.188
1980-05-29,20.190
1980-05-30,20.186
1980-05-31,20.188
1980-06-01,20.187
1980-06-02,20.186
1980-06-03,20.187
1980-06-04,20.186
1980-06-05,20.184
1980-06-06,20.180
1980-06-07,20.179
1980-06-08,20.181
1980-06-09,20.176
1980-06-10,20.183
1980-06-11,20.182
1980-06-12,20.182
1980-06-13,20.178
1980-06-14,20.177
1980-06-15,20.169
1980-06-16,20.167
1980-06-17,20.167
1980-06-18,20.163
1980-06-19,20.162
1980-06-20,20.162
1980-06-21,20.166
1980-06-22,20.168
1980-06-23,20.167
1980-06-24,20.168
1980-06-25,20.163
1980-06-26,20.169
1980-06-27,20.173
1980-06-28,20.167
1980-06-29,20.162
1980-06-30,20.153
1980-07-01,20.152
1980-07-02,20.161
1980-07-03,20.160
1980-07-04,20.155
1980-07-05,20.156
1980-07-06,20.151
1980-07-07,20.146
1980-07-08,20.137
1980-07-09,20.135
1980-07-10,20.135
1980-07-11,20.129
1980-07-12,20.136
1980-07-13,20.145
1980-07-14,20.143
1980-07-15,20.151
1980-07-16,20.149
1980-07-17,20.156
1980-07-18,20.153
1980-07-19,20.144
1980-07-20,20.129
1980-07-21,20.125
1980-07-22,20.123
1980-07-23,20.122
1980-07-24,20.120
1980-07-25,20.120
1980-07-26,20.122
1980-07-27,20.121
1980-07-28,20.113
1980-07-29,20.111
1980-07-30,20.105
1980-07-31,20.113
1980-08-01,20.114
1980-08-02,20.110
1980-08-03,20.112
1980-08-04,20.112
1980-08-05,20.123
1980-08-06,20.127
1980-08-07,20.128
1980-08-08,20.132
1980-08-09,20.126
1980-08-10,20.126
1980-08-11,20.131
1980-08-12,20.135
1980-08-13,20.137
1980-08-14,20.136
1980-08-15,20.142
1980-08-16,20.149
1980-08-17,20.146
1980-08-18,20.156
1980-08-19,20.164
1980-08-20,20.164
1980-08-21,20.169
1980-08-22,20.181
1980-08-23,20.177
1980-08-24,20.184
1980-08-25,20.185
1980-08-26,20.191
1980-08-27,20.187
1980-08-28,20.189
1980-08-29,20.186
1980-08-30,20.181
1980-08-31,20.178
1980-09-01,20.174
1980-09-02,20.177
1980-09-03,20.160
1980-09-04,20.157
1980-09-05,20.152
1980-09-06,20.149
1980-09-07,20.145
1980-09-08,20.143
1980-09-09,20.136
1980-09-10,20.131
1980-09-11,20.125
1980-09-12,20.121
1980-09-13,20.121
1980-09-14,20.125
1980-09-15,20.127
1980-09-16,20.121
1980-09-17,20.118
1980-09-18,20.108
1980-09-19,20.108
1980-09-20,20.109
1980-09-21,20.102
1980-09-22,20.106
1980-09-23,20.100
1980-09-24,20.102
1980-09-25,20.094
1980-09-26,20.087
1980-09-27,20.083
1980-09-28,20.075
1980-09-29,20.077
1980-09-30,20.072
1980-10-01,20.073
1980-10-02,20.068
1980-10-03,20.058
1980-10-04,20.050
1980-10-05,20.032
1980-10-06,20.026
1980-10-07,20.022
1980-10-08,20.022
1980-10-09,20.020
1980-10-10,20.009
1980-10-11,19.999
1980-10-12,19.991
1980-10-13,19.982
1980-10-14,19.986
1980-10-15,19.978
1980-10-16,19.974
1980-10-17,19.976
1980-10-18,19.979
1980-10-19,19.981
1980-10-20,19.976
1980-10-21,19.976
1980-10-22,19.972
1980-10-23,19.977
1980-10-24,19.981
1980-10-25,19.974
1980-10-26,19.979
1980-10-27,19.985
1980-10-28,19.986
1980-10-29,19.984
1980-10-30,19.987
1980-10-31,19.989
1980-11-01,19.983
1980-11-02,19.991
1980-11-03,19.991
1980-11-04,19.987
1980-11-05,19.990
1980-11-06,19.981
1980-11-07,19.980
1980-11-08,19.985
1980-11-09,19.979
1980-11-10,19.974
1980-11-11,19.974
1980-11-12,19.985
1980-11-13,19.986
1980-11-14,19.987
1980-11-15,19.982
1980-11-16,19.992
1980-11-17,19.983
1980-11-18,19.983
1980-11-19,19.984
1980-11-20,19.989
1980-11-21,19.989
1980-11-22,19.989
1980-11-23,19.994
1980-11-24,19.996
1980-11-25,19.996
1980-11-26,19.992
1980-11-27,19.993
1980-11-28,19.997
1980-11-29,20.001
1980-11-30,19.999
1980-12-01,20.000
1980-12-02,20.001
1980-12-03,19.995
1980-12-04,20.000
1980-12-05,19.997
1980-12-06,19.999
1980-12-07,20.004
1980-12-08,20.006
1980-12-09,20.011
1980-12-10,20.005
1980-12-11,20.011
1980-12-12,20.009
1980-12-13,20.005
1980-12-14,20.011
1980-12-15,20.019
1980-12-16,20.026
1980-12-17,20.033
1980-12-18,20.027
1980-12-19,20.031
1980-12-20,20.038
1980-12-21,20.052
1980-12-22,20.053
1980-12-23,20.067
1980-12-24,20.090
1980-12-25,20.090
1980-12-26,20.110
1980-12-27,20.111
1980-12-28,20.117
1980-12-29,20.122
1980-12-30,20.118
1980-12-31,20.102
1981-01-01,20.109
1981-01-02,20.109
1981-01-03,20.111
1981-01-04,20.110
1981-01-05,20.111
1981-01-06,20.109
1981-01-07,20.116
1981-01-08,20.121
1981-01-09,20.127
1981-01-10,20.131
1981-01-11,20.132
1981-01-12,20.140
1981-01-13,20.143
1981-01-14,20.151
1981-01-15,20.159
1981-01-16,20.158
1981-01-17,20.160
1981-01-18,20.154
1981-01-19,20.145
1981-01-20,20.148
1981-01-21,20.142
1981-01-22,20.134
1981-01-23,20.139
1981-01-24,20.143
1981-01-25,20.134
1981-01-26,20.137
1981-01-27,20.134
1981-01-28,20.135
1981-01-29,20.143
1981-01-30,20.147
1981-01-31,20.149
1981-02-01,20.151
1981-02-02,20.148
1981-02-03,20.152
1981-02-04,20.147
1981-02-05,20.146
1981-02-06,20.148
1981-02-07,20.158
1981-02-08,20.165
1981-02-09,20.169
1981-02-10,20.178
1981-02-11,20.179
1981-02-12,20.186
1981-02-13,20.185
1981-02-14,20.189
1981-02-15,20.195
1981-02-16,20.206
1981-02-17,20.208
1981-02-18,20.222
1981-02-19,20.224
1981-02-20,20.227
1981-02-21,20.224
1981-02-22,20.235
1981-02-23,20.243
1981-02-24,20.240
1981-02-25,20.248
1981-02-26,20.245
1981-02-27,20.252
1981-02-28,20.253
1981-03-01,20.258
1981-03-02,20.249
1981-03-03,20.249
1981-03-04,20.247
1981-03-05,20.254
1981-03-06,20.255
1981-03-07,20.258
1981-03-08,20.253
1981-03-09,20.263
1981-03-10,20.264
1981-03-11,20.259
1981-03-12,20.266
1981-03-13,20.276
1981-03-14,20.278
1981-03-15,20.284
1981-03-16,20.293
1981-03-17,20.298
1981-03-18,20.305
1981-03-19,20.311
1981-03-20,20.318
1981-03-21,20.327
1981-03-22,20.341
1981-03-23,20.337
1981-03-24,20.337
1981-03-25,20.341
1981-03-26,20.340
1981-03-27,20.337
1981-03-28,20.329
1981-03-29,20.318
1981-03-30,20.319
1981-03-31,20.326
1981-04-01,20.334
1981-04-02,20.343
1981-04-03,20.341
1981-04-04,20.325
1981-04-05,20.323
1981-04-06,20.326
1981-04-07,20.327
1981-04-08,20.327
1981-04-09,20.334
1981-04-10,20.340
1981-04-11,20.348
1981-04-12,20.351
1981-04-13,20.345
1981-04-14,20.334
1981-04-15,20.329
1981-04-16,20.321
1981-04-17,20.326
1981-04-18,20.311
1981-04-19,20.310
1981-04-20,20.297
1981-04-21,20.286
1981-04-22,20.283
1981-04-23,20.275
1981-04-24,20.267
1981-04-25,20.261
1981-04-26,20.253
1981-04-27,20.243
1981-04-28,20.240
1981-04-29,20.233
1981-04-30,20.220
1981-05-01,20.215
1981-05-02,20.218
1981-05-03,20.210
1981-05-04,20.208
1981-05-05,20.197
1981-05-06,20.198
1981-05-07,20.204
1981-05-08,20.203
1981-05-09,20.207
1981-05-10,20.205
1981-05-11,20.205
1981-05-12,20.196
1981-05-13,20.196
1981-05-14,20.192
1981-05-15,20.190
1981-05-16,20.187
1981-05-17,20.188
1981-05-18,20.188
1981-05-19,20.184
1981-05-20,20.179
1981-05-21,20.173
1981-05-22,20.172
1981-05-23,20.176
1981-05-24,20.176
1981-05-25,20.176
1981-05-26,20.177
1981-05-27,20.174
1981-05-28,20.174
1981-05-29,20.177
1981-05-30,20.181
1981-05-31,20.175
1981-06-01,20.182
1981-06-02,20.186
1981-06-03,20.190
1981-06-04,20.187
1981-06-05,20.187
1981-06-06,20.186
1981-06-07,20.187
1981-06-08,20.179
1981-06-09,20.176
1981-06-10,20.174
1981-06-11,20.171
1981-06-12,20.175
1981-06-13,20.170
1981-06-14,20.173
1981-06-15,20.179
1981-06-16,20.170
1981-06-17,20.167
1981-06-18,20.165
1981-06-19,20.168
1981-06-20,20.168
1981-06-21,20.166
1981-06-22,20.162
1981-06-23,20.158
1981-06-24,20.156
1981-06-25,20.158
1981-06-26,20.153
1981-06-27,20.151
1981-06-28,20.148
1981-06-29,20.148
1981-06-30,20.145
1981-07-01,20.140
1981-07-02,20.146
1981-07-03,20.148
1981-07-04,20.146
1981-07-05,20.140
1981-07-06,20.131
1981-07-07,20.129
1981-07-08,20.137
1981-07-09,20.125
1981-07-10,20.131
1981-07-11,20.124
1981-07-12,20.122
1981-07-13,20.124
1981-07-14,20.129
1981-07-15,20.132
1981-07-16,20.127
1981-07-17,20.132
1981-07-18,20.139
1981-07-19,20.141
1981-07-20,20.141
1981-07-21,20.145
1981-07-22,20.147
1981-07-23,20.155
1981-07-24,20.156
1981-07-25,20.155
1981-07-26,20.149
1981-07-27,20.158
1981-07-28,20.161
1981-07-29,20.163
1981-07-30,20.157
1981-07-31,20.159
1981-08-01,20.167
1981-08-02,20.163
1981-08-03,20.168
1981-08-04,20.168
1981-08-05,20.166
1981-08-06,20.167
1981-08-07,20.175
1981-08-08,20.183
1981-08-09,20.180
1981-08-10,20.193
1981-08-11,20.193
1981-08-12,20.184
1981-08-13,20.183
1981-08-14,20.184
1981-08-15,20.194
1981-08-16,20.200
1981-08-17,20.203
1981-08-18,20.208
1981-08-19,20.206
1981-08-20,20.204
1981-08-21,20.202
1981-08-22,20.200
1981-08-23,20.200
1981-08-24,20.207
1981-08-25,20.204
1981-08-26,20.211
1981-08-27,20.216
1981-08-28,20.219
1981-08-29,20.219
1981-08-30,20.215
1981-08-31,20.219
1981-09-01,20.216
1981-09-02,20.225
1981-09-03,20.224
1981-09-04,20.215
1981-09-05,20.206
1981-09-06,20.213
1981-09-07,20.210
1981-09-08,20.202
1981-09-09,20.202
1981-09-10,20.202
1981-09-11,20.204
1981-09-12,20.197
1981-09-13,20.192
1981-09-14,20.190
1981-09-15,20.177
1981-09-16,20.175
1981-09-17,20.169
1981-09-18,20.161
1981-09-19,20.144
1981-09-20,20.130
1981-09-21,20.111
1981-09-22,20.104
1981-09-23,20.104
1981-09-24,20.105
1981-09-25,20.099
1981-09-26,20.086
1981-09-27,20.071
1981-09-28,20.061
1981-09-29,20.048
1981-09-30,20.045
1981-10-01,20.038
1981-10-02,20.036
1981-10-03,20.029
1981-10-04,20.019
1981-10-05,20.015
1981-10-06,20.011
1981-10-07,20.008
1981-10-08,19.997
1981-10-09,20.000
1981-10-10,20.007
1981-10-11,20.002
1981-10-12,19.994
1981-10-13,19.986
1981-10-14,19.978
1981-10-15,19.976
1981-10-16,19.976
1981-10-17,19.956
1981-10-18,19.953
1981-10-19,19.955
1981-10-20,19.953
1981-10-21,19.950
1981-10-22,19.947
1981-10-23,19.941
1981-10-24,19.933
1981-10-25,19.933
1981-10-26,19.925
1981-10-27,19.927
1981-10-28,19.925
1981-10-29,19.927
1981-10-30,19.928
1981-10-31,19.933
1981-11-01,19.936
1981-11-02,19.930
1981-11-03,19.930
1981-11-04,19.928
1981-11-05,19.925
1981-11-06,19.928
1981-11-07,19.919
1981-11-08,19.906
1981-11-09,19.896
1981-11-10,19.896
1981-11-11,19.884
1981-11-12,19.887
1981-11-13,19.889
1981-11-14,19.890
1981-11-15,19.882
1981-11-16,19.872
1981-11-17,19.865
1981-11-18,19.862
1981-11-19,19.855
1981-11-20,19.865
1981-11-21,19.868
1981-11-22,19.861
1981-11-23,19.860
1981-11-24,19.870
1981-11-25,19.877
1981-11-26,19.887
1981-11-27,19.895
1981-11-28,19.895
1981-11-29,19.901
1981-11-30,19.907
1981-12-01,19.905
1981-12-02,19.903
1981-12-03,19.914
1981-12-04,19.925
1981-12-05,19.934
1981-12-06,19.938
1981-12-07,19.936
1981-12-08,19.938
1981-12-09,19.943
1981-12-10,19.952
1981-12-11,19.955
1981-12-12,19.961
1981-12-13,19.965
1981-12-14,19.959
1981-12-15,19.965
1981-12-16,19.973
1981-12-17,19.988
1981-12-18,19.993
1981-12-19,20.007
1981-12-20,20.008
1981-12-21,20.001
1981-12-22,20.006
1981-12-23,20.023
1981-12-24,20.036
1981-12-25,20.051
1981-12-26,20.062
1981-12-27,20.080
1981-12-28,20.090
1981-12-29,20.107
1981-12-30,20.111
1981-12-31,20.110
1982-01-01,20.113
1982-01-02,20.124
1982-01-03,20.129
1982-01-04,20.136
1982-01-05,20.152
1982-01-06,20.160
1982-01-07,20.155
1982-01-08,20.166
1982-01-09,20.175
1982-01-10,20.187
1982-01-11,20.199
1982-01-12,20.201
1982-01-13,20.207
1982-01-14,20.212
1982-01-15,20.210
1982-01-16,20.210
1982-01-17,20.201
1982-01-18,20.205
1982-01-19,20.207
1982-01-20,20.206
1982-01-21,20.202
1982-01-22,20.202
1982-01-23,20.197
1982-01-24,20.206
1982-01-25,20.199
1982-01-26,20.201
1982-01-27,20.200
1982-01-28,20.211
1982-01-29,20.216
1982-01-30,20.218
1982-01-31,20.219
1982-02-01,20.226
1982-02-02,20.228
1982-02-03,20.228
1982-02-04,20.231
1982-02-05,20.229
1982-02-06,20.228
1982-02-07,20.228
1982-02-08,20.223
1982-02-09,20.230
1982-02-10,20.234
1982-02-11,20.240
1982-02-12,20.234
1982-02-13,20.231
1982-02-14,20.238
1982-02-15,20.239
1982-02-16,20.253
1982-02-17,20.263
1982-02-18,20.267
1982-02-19,20.274
1982-02-20,20.283
1982-02-21,20.288
1982-02-22,20.291
1982-02-23,20.284
1982-02-24,20.290
1982-02-25,20.287
1982-02-26,20.293
1982-02-27,20.293
1982-02-28,20.292
1982-03-01,20.281
1982-03-02,20.282
1982-03-03,20.279
1982-03-04,20.270
1982-03-05,20.270
1982-03-06,20.271
1982-03-07,20.270
1982-03-08,20.270
1982-03-09,20.278
1982-03-10,20.284
1982-03-11,20.284
1982-03-12,20.290
1982-03-13,20.292
1982-03-14,20.293
1982-03-15,20.299
1982-03-16,20.299
1982-03-17,20.310
1982-03-18,20.315
1982-03-19,20.313
1982-03-20,20.313
1982-03-21,20.302
1982-03-22,20.310
1982-03-23,20.305
1982-03-24,20.300
1982-03-25,20.305
1982-03-26,20.306
1982-03-27,20.304
1982-03-28,20.302
1982-03-29,20.292
1982-03-30,20.290
1982-03-31,20.286
1982-04-01,20.284
1982-04-02,20.279
1982-04-03,20.275
1982-04-04,20.269
1982-04-05,20.268
1982-04-06,20.266
1982-04-07,20.263
1982-04-08,20.265
1982-04-09,20.265
1982-04-10,20.261
1982-04-11,20.257
1982-04-12,20.269
1982-04-13,20.272
1982-04-14,20.278
1982-04-15,20.279
1982-04-16,20.290
1982-04-17,20.290
1982-04-18,20.288
1982-04-19,20.292
1982-04-20,20.296
1982-04-21,20.300
1982-04-22,20.302
1982-04-23,20.300
1982-04-24,20.315
1982-04-25,20.305
1982-04-26,20.297
1982-04-27,20.284
1982-04-28,20.292
1982-04-29,20.283
1982-04-30,20.284
1982-05-01,20.285
1982-05-02,20.285
1982-05-03,20.268
1982-05-04,20.259
1982-05-05,20.253
1982-05-06,20.248
1982-05-07,20.244
1982-05-08,20.230
1982-05-09,20.231
1982-05-10,20.225
1982-05-11,20.222
1982-05-12,20.221
1982-05-13,20.210
1982-05-14,20.206
1982-05-15,20.197
1982-05-16,20.207
1982-05-17,20.202
1982-05-18,20.184
1982-05-19,20.182
1982-05-20,20.167
1982-05-21,20.175
1982-05-22,20.166
1982-05-23,20.171
1982-05-24,20.166
1982-05-25,20.154
1982-05-26,20.153
1982-05-27,20.154
1982-05-28,20.156
1982-05-29,20.155
1982-05-30,20.153
1982-05-31,20.141
1982-06-01,20.137
1982-06-02,20.131
1982-06-03,20.132
1982-06-04,20.148
1982-06-05,20.149
1982-06-06,20.163
1982-06-07,20.171
1982-06-08,20.172
1982-06-09,20.166
1982-06-10,20.171
1982-06-11,20.167
1982-06-12,20.173
1982-06-13,20.166
1982-06-14,20.152
1982-06-15,20.144
1982-06-16,20.124
1982-06-17,20.121
1982-06-18,20.104
1982-06-19,20.107
1982-06-20,20.110
1982-06-21,20.110
1982-06-22,20.103
1982-06-23,20.096
1982-06-24,20.096
1982-06-25,20.095
1982-06-26,20.080
1982-06-27,20.077
1982-06-28,20.083
1982-06-29,20.081
1982-06-30,20.090
1982-07-01,20.078
1982-07-02,20.072
1982-07-03,20.056
1982-07-04,20.059
1982-07-05,20.052
1982-07-06,20.059
1982-07-07,20.059
1982-07-08,20.061
1982-07-09,20.069
1982-07-10,20.070
1982-07-11,20.067
1982-07-12,20.073
1982-07-13,20.060
1982-07-14,20.061
1982-07-15,20.063
1982-07-16,20.061
1982-07-17,20.056
1982-07-18,20.051
1982-07-19,20.055
1982-07-20,20.049
1982-07-21,20.052
1982-07-22,20.050
1982-07-23,20.054
1982-07-24,20.054
1982-07-25,20.057
1982-07-26,20.048
1982-07-27,20.048
1982-07-28,20.053
1982-07-29,20.041
1982-07-30,20.038
1982-07-31,20.047
1982-08-01,20.041
1982-08-02,20.035
1982-08-03,20.036
1982-08-04,20.045
1982-08-05,20.061
1982-08-06,20.070
1982-08-07,20.083
1982-08-08,20.086
1982-08-09,20.086
1982-08-10,20.087
1982-08-11,20.091
1982-08-12,20.087
1982-08-13,20.090
1982-08-14,20.086
1982-08-15,20.089
1982-08-16,20.093
1982-08-17,20.088
1982-08-18,20.075
1982-08-19,20.066
1982-08-20,20.049
1982-08-21,20.042
1982-08-22,20.045
1982-08-23,20.038
1982-08-24,20.034
1982-08-25,20.033
1982-08-26,20.031
1982-08-27,20.037
1982-08-28,20.040
1982-08-29,20.036
1982-08-30,20.040
1982-08-31,20.049
1982-09-01,20.055
1982-09-02,20.049
1982-09-03,20.057
1982-09-04,20.056
1982-09-05,20.054
1982-09-06,20.050
1982-09-07,20.058
1982-09-08,20.072
1982-09-09,20.069
1982-09-10,20.059
1982-09-11,20.048
1982-09-12,20.041
1982-09-13,20.039
1982-09-14,20.035
1982-09-15,20.047
1982-09-16,20.036
1982-09-17,20.033
1982-09-18,20.026
1982-09-19,20.020
1982-09-20,20.027
1982-09-21,20.028
1982-09-22,20.028
1982-09-23,20.030
1982-09-24,20.030
1982-09-25,20.032
1982-09-26,20.036
1982-09-27,20.031
1982-09-28,20.026
1982-09-29,20.034
1982-09-30,20.045
1982-10-01,20.031
1982-10-02,20.004
1982-10-03,19.963
1982-10-04,19.975
1982-10-05,20.011
1982-10-06,20.059
1982-10-07,20.066
1982-10-08,20.052
1982-10-09,20.029
1982-10-10,20.027
1982-10-11,20.026
1982-10-12,20.022
1982-10-13,20.024
1982-10-14,20.024
1982-10-15,20.018
1982-10-16,20.018
1982-10-17,20.017
1982-10-18,20.011
1982-10-19,20.019
1982-10-20,20.028
1982-10-21,20.041
1982-10-22,20.050
1982-10-23,20.061
1982-10-24,20.071
1982-10-25,20.073
1982-10-26,20.080
1982-10-27,20.095
1982-10-28,20.098
1982-10-29,20.106
1982-10-30,20.114
1982-10-31,20.129
1982-11-01,20.152
1982-11-02,20.167
1982-11-03,20.180
1982-11-04,20.194
1982-11-05,20.203
1982-11-06,20.212
1982-11-07,20.202
1982-11-08,20.197
1982-11-09,20.187
1982-11-10,20.184
1982-11-11,20.169
1982-11-12,20.160
1982-11-13,20.153
1982-11-14,20.126
1982-11-15,20.111
1982-11-16,20.093
1982-11-17,20.079
1982-11-18,20.072
1982-11-19,20.066
1982-11-20,20.067
1982-11-21,20.071
1982-11-22,20.075
1982-11-23,20.073
1982-11-24,20.071
1982-11-25,20.057
1982-11-26,20.051
1982-11-27,20.042
1982-11-28,20.020
1982-11-29,20.007
1982-11-30,19.995
1982-12-01,19.982
1982-12-02,19.980
1982-12-03,19.986
1982-12-04,19.981
1982-12-05,19.976
1982-12-06,19.982
1982-12-07,19.968
1982-12-08,19.969
1982-12-09,19.958
1982-12-10,19.955
1982-12-11,19.945
1982-12-12,19.931
1982-12-13,19.927
1982-12-14,19.916
1982-12-15,19.904
1982-12-16,19.905
1982-12-17,19.914
1982-12-18,19.911
1982-12-19,19.907
1982-12-20,19.913
1982-12-21,19.915
1982-12-22,19.922
1982-12-23,19.936
1982-12-24,19.942
1982-12-25,19.964
1982-12-26,19.980
1982-12-27,19.991
1982-12-28,19.999
1982-12-29,20.026
1982-12-30,20.039
1982-12-31,20.051
1983-01-01,20.071
1983-01-02,20.089
1983-01-03,20.104
1983-01-04,20.130
1983-01-05,20.134
1983-01-06,20.145
1983-01-07,20.145
1983-01-08,20.142
1983-01-09,20.154
1983-01-10,20.160
1983-01-11,20.169
1983-01-12,20.177
1983-01-13,20.188
1983-01-14,20.196
1983-01-15,20.219
1983-01-16,20.221
1983-01-17,20.220
1983-01-18,20.226
1983-01-19,20.231
1983-01-20,20.246
1983-01-21,20.268
1983-01-22,20.285
1983-01-23,20.301
1983-01-24,20.311
1983-01-25,20.304
1983-01-26,20.303
1983-01-27,20.297
1983-01-28,20.287
1983-01-29,20.281
1983-01-30,20.274
1983-01-31,20.276
1983-02-01,20.257
1983-02-02,20.255
1983-02-03,20.248
1983-02-04,20.244
1983-02-05,20.240
1983-02-06,20.244
1983-02-07,20.240
1983-02-08,20.252
1983-02-09,20.267
1983-02-10,20.292
1983-02-11,20.305
1983-02-12,20.326
1983-02-13,20.330
1983-02-14,20.361
1983-02-15,20.393
1983-02-16,20.428
1983-02-17,20.462
1983-02-18,20.490
1983-02-19,20.485
1983-02-20,20.504
1983-02-21,20.485
1983-02-22,20.479
1983-02-23,20.469
1983-02-24,20.487
1983-02-25,20.499
1983-02-26,20.511
1983-02-27,20.527
1983-02-28,20.532
1983-03-01,20.518
1983-03-02,20.515
1983-03-03,20.520
1983-03-04,20.508
1983-03-05,20.506
1983-03-06,20.505
1983-03-07,20.510
1983-03-08,20.514
1983-03-09,20.518
1983-03-10,20.515
1983-03-11,20.499
1983-03-12,20.491
1983-03-13,20.493
1983-03-14,20.487
1983-03-15,20.488
1983-03-16,20.486
1983-03-17,20.480
1983-03-18,20.479
1983-03-19,20.463
1983-03-20,20.451
1983-03-21,20.455
1983-03-22,20.456
1983-03-23,20.475
1983-03-24,20.475
1983-03-25,20.473
1983-03-26,20.458
1983-03-27,20.451
1983-03-28,20.448
1983-03-29,20.443
1983-03-30,20.435
1983-03-31,20.444
1983-04-01,20.456
1983-04-02,20.463
1983-04-03,20.460
1983-04-04,20.462
1983-04-05,20.463
1983-04-06,20.462
1983-04-07,20.461
1983-04-08,20.461
1983-04-09,20.460
1983-04-10,20.463
1983-04-11,20.462
1983-04-12,20.469
1983-04-13,20.470
1983-04-14,20.470
1983-04-15,20.460
1983-04-16,20.464
1983-04-17,20.461
1983-04-18,20.455
1983-04-19,20.456
1983-04-20,20.460
1983-04-21,20.454
1983-04-22,20.451
1983-04-23,20.449
1983-04-24,20.447
1983-04-25,20.445
1983-04-26,20.457
1983-04-27,20.448
1983-04-28,20.437
1983-04-29,20.430
1983-04-30,20.414
1983-05-01,20.382
1983-05-02,20.366
1983-05-03,20.356
1983-05-04,20.378
1983-05-05,20.384
1983-05-06,20.387
1983-05-07,20.382
1983-05-08,20.394
1983-05-09,20.392
1983-05-10,20.396
1983-05-11,20.400
1983-05-12,20.395
1983-05-13,20.382
1983-05-14,20.361
1983-05-15,20.335
1983-05-16,20.312
1983-05-17,20.290
1983-05-18,20.264
1983-05-19,20.232
1983-05-20,20.216
1983-05-21,20.199
1983-05-22,20.190
1983-05-23,20.193
1983-05-24,20.197
1983-05-25,20.198
1983-05-26,20.201
1983-05-27,20.205
1983-05-28,20.211
1983-05-29,20.201
1983-05-30,20.197
1983-05-31,20.198
1983-06-01,20.205
1983-06-02,20.225
1983-06-03,20.236
1983-06-04,20.262
1983-06-05,20.267
1983-06-06,20.280
1983-06-07,20.277
1983-06-08,20.269
1983-06-09,20.266
1983-06-10,20.267
1983-06-11,20.265
1983-06-12,20.265
1983-06-13,20.274
1983-06-14,20.285
1983-06-15,20.292
1983-06-16,20.291
1983-06-17,20.291
1983-06-18,20.292
1983-06-19,20.290
1983-06-20,20.286
1983-06-21,20.296
1983-06-22,20.290
1983-06-23,20.303
1983-06-24,20.298
1983-06-25,20.298
1983-06-26,20.284
1983-06-27,20.283
1983-06-28,20.272
1983-06-29,20.270
1983-06-30,20.272
1983-07-01,20.277
1983-07-02,20.280
1983-07-03,20.284
1983-07-04,20.287
1983-07-05,20.304
1983-07-06,20.294
1983-07-07,20.290
1983-07-08,20.278
1983-07-09,20.279
1983-07-10,20.292
1983-07-11,20.294
1983-07-12,20.299
1983-07-13,20.294
1983-07-14,20.296
1983-07-15,20.301
1983-07-16,20.309
1983-07-17,20.313
1983-07-18,20.303
1983-07-19,20.285
1983-07-20,20.292
1983-07-21,20.279
1983-07-22,20.275
1983-07-23,20.268
1983-07-24,20.259
1983-07-25,20.259
1983-07-26,20.238
1983-07-27,20.237
1983-07-28,20.237
1983-07-29,20.231
1983-07-30,20.231
1983-07-31,20.221
1983-08-01,20.220
1983-08-02,20.204
1983-08-03,20.199
1983-08-04,20.201
1983-08-05,20.197
1983-08-06,20.203
1983-08-07,20.223
1983-08-08,20.227
1983-08-09,20.227
1983-08-10,20.220
1983-08-11,20.207
1983-08-12,20.207
1983-08-13,20.192
1983-08-14,20.198
1983-08-15,20.192
1983-08-16,20.197
1983-08-17,20.188
1983-08-18,20.187
1983-08-19,20.196
1983-08-20,20.193
1983-08-21,20.190
1983-08-22,20.197
1983-08-23,20.197
1983-08-24,20.198
1983-08-25,20.192
1983-08-26,20.190
1983-08-27,20.191
1983-08-28,20.206
1983-08-29,20.202
1983-08-30,20.206
1983-08-31,20.211
1983-09-01,20.213
1983-09-02,20.202
1983-09-03,20.198
1983-09-04,20.198
1983-09-05,20.195
1983-09-06,20.208
1983-09-07,20.207
1983-09-08,20.211
1983-09-09,20.208
1983-09-10,20.216
1983-09-11,20.212
1983-09-12,20.212
1983-09-13,20.223
1983-09-14,20.222
1983-09-15,20.215
1983-09-16,20.219
1983-09-17,20.213
1983-09-18,20.203
1983-09-19,20.197
1983-09-20,20.182
1983-09-21,20.173
1983-09-22,20.142
1983-09-23,20.122
1983-09-24,20.101
1983-09-25,20.101
1983-09-26,20.041
1983-09-27,20.031
1983-09-28,20.019
1983-09-29,20.021
1983-09-30,20.017
1983-10-01,20.008
1983-10-02,20.011
1983-10-03,20.004
1983-10-04,20.006
1983-10-05,20.006
1983-10-06,20.003
1983-10-07,20.004
1983-10-08,19.993
1983-10-09,19.990
1983-10-10,19.983
1983-10-11,19.989
1983-10-12,19.984
1983-10-13,19.989
1983-10-14,19.984
1983-10-15,19.971
1983-10-16,19.968
1983-10-17,19.953
1983-10-18,19.946
1983-10-19,19.944
1983-10-20,19.943
1983-10-21,19.941
1983-10-22,19.931
1983-10-23,19.928
1983-10-24,19.921
1983-10-25,19.915
1983-10-26,19.914
1983-10-27,19.906
1983-10-28,19.903
1983-10-29,19.895
1983-10-30,19.893
1983-10-31,19.889
1983-11-01,19.887
1983-11-02,19.889
1983-11-03,19.895
1983-11-04,19.899
1983-11-05,19.900
1983-11-06,19.901
1983-11-07,19.900
1983-11-08,19.904
1983-11-09,19.910
1983-11-10,19.914
1983-11-11,19.906
1983-11-12,19.910
1983-11-13,19.907
1983-11-14,19.905
1983-11-15,19.909
1983-11-16,19.906
1983-11-17,19.908
1983-11-18,19.912
1983-11-19,19.902
1983-11-20,19.904
1983-11-21,19.908
1983-11-22,19.908
1983-11-23,19.912
1983-11-24,19.911
1983-11-25,19.913
1983-11-26,19.910
1983-11-27,19.919
1983-11-28,19.918
1983-11-29,19.920
1983-11-30,19.911
1983-12-01,19.911
1983-12-02,19.917
1983-12-03,19.916
1983-12-04,19.911
1983-12-05,19.914
1983-12-06,19.912
1983-12-07,19.914
1983-12-08,19.919
1983-12-09,19.915
1983-12-10,19.912
1983-12-11,19.915
1983-12-12,19.923
1983-12-13,19.940
1983-12-14,19.945
1983-12-15,19.952
1983-12-16,19.955
1983-12-17,19.951
1983-12-18,19.953
1983-12-19,19.954
1983-12-20,19.965
1983-12-21,19.957
1983-12-22,19.954
1983-12-23,19.967
1983-12-24,19.980
1983-12-25,19.984
1983-12-26,19.988
1983-12-27,19.995
1983-12-28,20.004
1983-12-29,20.011
1983-12-30,20.012
1983-12-31,20.008
1984-01-01,20.013
1984-01-02,20.011
1984-01-03,20.027
1984-01-04,20.042
1984-01-05,20.048
1984-01-06,20.057
1984-01-07,20.060
1984-01-08,20.064
1984-01-09,20.059
1984-01-10,20.067
1984-01-11,20.065
1984-01-12,20.065
1984-01-13,20.070
1984-01-14,20.073
1984-01-15,20.083
1984-01-16,20.095
1984-01-17,20.105
1984-01-18,20.108
1984-01-19,20.110
1984-01-20,20.126
1984-01-21,20.133
1984-01-22,20.128
1984-01-23,20.138
1984-01-24,20.146
1984-01-25,20.146
1984-01-26,20.154
1984-01-27,20.161
1984-01-28,20.164
1984-01-29,20.170
1984-01-30,20.175
1984-01-31,20.189
1984-02-01,20.188
1984-02-02,20.197
1984-02-03,20.196
1984-02-04,20.198
1984-02-05,20.209
1984-02-06,20.207
1984-02-07,20.204
1984-02-08,20.212
1984-02-09,20.218
1984-02-10,20.229
1984-02-11,20.239
1984-02-12,20.256
1984-02-13,20.259
1984-02-14,20.298
1984-02-15,20.325
1984-02-16,20.336
1984-02-17,20.343
1984-02-18,20.342
1984-02-19,20.342
1984-02-20,20.356
1984-02-21,20.352
1984-02-22,20.345
1984-02-23,20.303
1984-02-24,20.278
1984-02-25,20.261
1984-02-26,20.262
1984-02-27,20.264
1984-02-28,20.258
1984-02-29,20.258
1984-03-01,20.280
1984-03-02,20.294
1984-03-03,20.308
1984-03-04,20.312
1984-03-05,20.314
1984-03-06,20.310
1984-03-07,20.307
1984-03-08,20.307
1984-03-09,20.316
1984-03-10,20.321
1984-03-11,20.330
1984-03-12,20.331
1984-03-13,20.333
1984-03-14,20.328
1984-03-15,20.324
1984-03-16,20.325
1984-03-17,20.331
1984-03-18,20.337
1984-03-19,20.332
1984-03-20,20.329
1984-03-21,20.324
1984-03-22,20.321
1984-03-23,20.310
1984-03-24,20.310
1984-03-25,20.303
1984-03-26,20.304
1984-03-27,20.299
1984-03-28,20.299
1984-03-29,20.303
1984-03-30,20.317
1984-03-31,20.325
1984-04-01,20.328
1984-04-02,20.328
1984-04-03,20.327
1984-04-04,20.329
1984-04-05,20.334
1984-04-06,20.336
1984-04-07,20.333
1984-04-08,20.335
1984-04-09,20.331
1984-04-10,20.326
1984-04-11,20.315
1984-04-12,20.320
1984-04-13,20.317
1984-04-14,20.319
1984-04-15,20.314
1984-04-16,20.308
1984-04-17,20.284
1984-04-18,20.279
1984-04-19,20.272
1984-04-20,20.261
1984-04-21,20.255
1984-04-22,20.258
1984-04-23,20.256
1984-04-24,20.235
1984-04-25,20.230
1984-04-26,20.230
1984-04-27,20.221
1984-04-28,20.204
1984-04-29,20.192
1984-04-30,20.174
1984-05-01,20.166
1984-05-02,20.165
1984-05-03,20.163
1984-05-04,20.158
1984-05-05,20.170
1984-05-06,20.167
1984-05-07,20.169
1984-05-08,20.173
1984-05-09,20.171
1984-05-10,20.166
1984-05-11,20.152
1984-05-12,20.159
1984-05-13,20.148
1984-05-14,20.148
1984-05-15,20.132
1984-05-16,20.123
1984-05-17,20.120
1984-05-18,20.116
1984-05-19,20.114
1984-05-20,20.109
1984-05-21,20.101
1984-05-22,20.098
1984-05-23,20.094
1984-05-24,20.099
1984-05-25,20.097
1984-05-26,20.105
1984-05-27,20.094
1984-05-28,20.096
1984-05-29,20.084
1984-05-30,20.079
1984-05-31,20.070
1984-06-01,20.075
1984-06-02,20.080
1984-06-03,20.078
1984-06-04,20.079
1984-06-05,20.081
1984-06-06,20.079
1984-06-07,20.062
1984-06-08,20.042
1984-06-09,20.044
1984-06-10,20.036
1984-06-11,20.048
1984-06-12,20.053
1984-06-13,20.063
1984-06-14,20.066
1984-06-15,20.058
1984-06-16,20.046
1984-06-17,20.053
1984-06-18,20.056
1984-06-19,20.053
1984-06-20,20.055
1984-06-21,20.053
1984-06-22,20.058
1984-06-23,20.059
1984-06-24,20.062
1984-06-25,20.059
1984-06-26,20.057
1984-06-27,20.053
1984-06-28,20.062
1984-06-29,20.065
1984-06-30,20.065
1984-07-01,20.075
1984-07-02,20.071
1984-07-03,20.061
1984-07-04,20.057
1984-07-05,20.061
1984-07-06,20.055
1984-07-07,20.060
1984-07-08,20.058
1984-07-09,20.054
1984-07-10,20.058
1984-07-11,20.055
1984-07-12,20.052
1984-07-13,20.048
1984-07-14,20.054
1984-07-15,20.056
1984-07-16,20.064
1984-07-17,20.056
1984-07-18,20.061
1984-07-19,20.082
1984-07-20,20.094
1984-07-21,20.093
1984-07-22,20.101
1984-07-23,20.111
1984-07-24,20.116
1984-07-25,20.125
1984-07-26,20.134
1984-07-27,20.134
1984-07-28,20.132
1984-07-29,20.142
1984-07-30,20.131
1984-07-31,20.123
1984-08-01,20.124
1984-08-02,20.114
1984-08-03,20.118
1984-08-04,20.113
1984-08-05,20.114
1984-08-06,20.116
1984-08-07,20.117
1984-08-08,20.129
1984-08-09,20.129
1984-08-10,20.135
1984-08-11,20.134
1984-08-12,20.136
1984-08-13,20.154
1984-08-14,20.156
1984-08-15,20.161
1984-08-16,20.166
1984-08-17,20.173
1984-08-18,20.173
1984-08-19,20.172
1984-08-20,20.171
1984-08-21,20.160
1984-08-22,20.160
1984-08-23,20.156
1984-08-24,20.162
1984-08-25,20.161
1984-08-26,20.163
1984-08-27,20.173
1984-08-28,20.188
1984-08-29,20.194
1984-08-30,20.195
1984-08-31,20.203
1984-09-01,20.201
1984-09-02,20.194
1984-09-03,20.197
1984-09-04,20.192
1984-09-05,20.187
1984-09-06,20.177
1984-09-07,20.172
1984-09-08,20.156
1984-09-09,20.145
1984-09-10,20.136
1984-09-11,20.132
1984-09-12,20.131
1984-09-13,20.134
1984-09-14,20.132
1984-09-15,20.124
1984-09-16,20.123
1984-09-17,20.122
1984-09-18,20.114
1984-09-19,20.099
1984-09-20,20.093
1984-09-21,20.082
1984-09-22,20.079
1984-09-23,20.068
1984-09-24,20.063
1984-09-25,20.054
1984-09-26,20.056
1984-09-27,20.045
1984-09-28,20.041
1984-09-29,20.031
1984-09-30,20.019
1984-10-01,20.007
1984-10-02,20.002
1984-10-03,19.993
1984-10-04,19.983
1984-10-05,19.983
1984-10-06,19.975
1984-10-07,19.966
1984-10-08,19.964
1984-10-09,19.957
1984-10-10,19.954
1984-10-11,19.938
1984-10-12,19.924
1984-10-13,19.920
1984-10-14,19.911
1984-10-15,19.896
1984-10-16,19.887
1984-10-17,19.869
1984-10-18,19.849
1984-10-19,19.828
1984-10-20,19.806
1984-10-21,19.787
1984-10-22,19.782
1984-10-23,19.779
1984-10-24,19.779
1984-10-25,19.785
1984-10-26,19.780
1984-10-27,19.780
1984-10-28,19.784
1984-10-29,19.784
1984-10-30,19.779
1984-10-31,19.776
1984-11-01,19.778
1984-11-02,19.781
1984-11-03,19.789
1984-11-04,19.794
1984-11-05,19.799
1984-11-06,19.797
1984-11-07,19.802
1984-11-08,19.806
1984-11-09,19.815
1984-11-10,19.822
1984-11-11,19.816
1984-11-12,19.829
1984-11-13,19.850
1984-11-14,19.851
1984-11-15,19.859
1984-11-16,19.874
1984-11-17,19.866
1984-11-18,19.860
1984-11-19,19.852
1984-11-20,19.842
1984-11-21,19.840
1984-11-22,19.827
1984-11-23,19.820
1984-11-24,19.816
1984-11-25,19.818
1984-11-26,19.830
1984-11-27,19.833
1984-11-28,19.838
1984-11-29,19.839
1984-11-30,19.837
1984-12-01,19.822
1984-12-02,19.823
1984-12-03,19.815
1984-12-04,19.820
1984-12-05,19.821
1984-12-06,19.823
1984-12-07,19.852
1984-12-08,19.850
1984-12-09,19.853
1984-12-10,19.857
1984-12-11,19.860
1984-12-12,19.872
1984-12-13,19.879
1984-12-14,19.886
1984-12-15,19.888
1984-12-16,19.904
1984-12-17,19.913
1984-12-18,19.915
1984-12-19,19.923
1984-12-20,19.921
1984-12-21,19.925
1984-12-22,19.934
1984-12-23,19.932
1984-12-24,19.928
1984-12-25,19.934
1984-12-26,19.928
1984-12-27,19.940
1984-12-28,19.947
1984-12-29,19.948
1984-12-30,19.956
1984-12-31,19.962
1985-01-01,19.976
1985-01-02,19.982
1985-01-03,19.989
1985-01-04,19.997
1985-01-05,20.017
1985-01-06,20.021
1985-01-07,20.034
1985-01-08,20.045
1985-01-09,20.057
1985-01-10,20.059
1985-01-11,20.073
1985-01-12,20.079
1985-01-13,20.077
1985-01-14,20.074
1985-01-15,20.073
1985-01-16,20.081
1985-01-17,20.085
1985-01-18,20.087
1985-01-19,20.078
1985-01-20,20.073
1985-01-21,20.087
1985-01-22,20.094
1985-01-23,20.105
1985-01-24,20.106
1985-01-25,20.107
1985-01-26,20.110
1985-01-27,20.105
1985-01-28,20.110
1985-01-29,20.118
1985-01-30,20.127
1985-01-31,20.142
1985-02-01,20.153
1985-02-02,20.166
1985-02-03,20.180
1985-02-04,20.189
1985-02-05,20.198
1985-02-06,20.206
1985-02-07,20.209
1985-02-08,20.207
1985-02-09,20.216
1985-02-10,20.222
1985-02-11,20.215
1985-02-12,20.224
1985-02-13,20.216
1985-02-14,20.216
1985-02-15,20.218
1985-02-16,20.213
1985-02-17,20.220
1985-02-18,20.212
1985-02-19,20.209
1985-02-20,20.220
1985-02-21,20.217
1985-02-22,20.221
1985-02-23,20.221
1985-02-24,20.234
1985-02-25,20.232
1985-02-26,20.238
1985-02-27,20.251
1985-02-28,20.263
1985-03-01,20.262
1985-03-02,20.264
1985-03-03,20.266
1985-03-04,20.268
1985-03-05,20.274
1985-03-06,20.268
1985-03-07,20.267
1985-03-08,20.261
1985-03-09,20.259
1985-03-10,20.261
1985-03-11,20.267
1985-03-12,20.273
1985-03-13,20.258
1985-03-14,20.239
1985-03-15,20.237
1985-03-16,20.250
1985-03-17,20.255
1985-03-18,20.262
1985-03-19,20.255
1985-03-20,20.247
1985-03-21,20.249
1985-03-22,20.257
1985-03-23,20.253
1985-03-24,20.249
1985-03-25,20.248
1985-03-26,20.238
1985-03-27,20.235
1985-03-28,20.240
1985-03-29,20.242
1985-03-30,20.249
1985-03-31,20.249
1985-04-01,20.248
1985-04-02,20.241
1985-04-03,20.228
1985-04-04,20.228
1985-04-05,20.231
1985-04-06,20.232
1985-04-07,20.226
1985-04-08,20.218
1985-04-09,20.198
1985-04-10,20.194
1985-04-11,20.185
1985-04-12,20.179
1985-04-13,20.173
1985-04-14,20.168
1985-04-15,20.164
1985-04-16,20.157
1985-04-17,20.153
1985-04-18,20.156
1985-04-19,20.151
1985-04-20,20.153
1985-04-21,20.155
1985-04-22,20.151
1985-04-23,20.154
1985-04-24,20.155
1985-04-25,20.155
1985-04-26,20.152
1985-04-27,20.138
1985-04-28,20.138
1985-04-29,20.127
1985-04-30,20.129
1985-05-01,20.123
1985-05-02,20.119
1985-05-03,20.119
1985-05-04,20.121
1985-05-05,20.116
1985-05-06,20.117
1985-05-07,20.129
1985-05-08,20.134
1985-05-09,20.132
1985-05-10,20.128
1985-05-11,20.132
1985-05-12,20.118
1985-05-13,20.111
1985-05-14,20.114
1985-05-15,20.107
1985-05-16,20.105
1985-05-17,20.105
1985-05-18,20.105
1985-05-19,20.107
1985-05-20,20.100
1985-05-21,20.096
1985-05-22,20.093
1985-05-23,20.087
1985-05-24,20.080
1985-05-25,20.070
1985-05-26,20.069
1985-05-27,20.074
1985-05-28,20.067
1985-05-29,20.056
1985-05-30,20.058
1985-05-31,20.056
1985-06-01,20.054
1985-06-02,20.060
1985-06-03,20.064
1985-06-04,20.065
1985-06-05,20.067
1985-06-06,20.054
1985-06-07,20.062
1985-06-08,20.062
1985-06-09,20.066
1985-06-10,20.068
1985-06-11,20.066
1985-06-12,20.065
1985-06-13,20.070
1985-06-14,20.061
1985-06-15,20.057
1985-06-16,20.051
1985-06-17,20.047
1985-06-18,20.048
1985-06-19,20.042
1985-06-20,20.037
1985-06-21,20.036
1985-06-22,20.030
1985-06-23,20.028
1985-06-24,20.029
1985-06-25,20.024
1985-06-26,20.034
1985-06-27,20.037
1985-06-28,20.037
1985-06-29,20.045
1985-06-30,20.047
1985-07-01,20.057
1985-07-02,20.057
1985-07-03,20.056
1985-07-04,20.059
1985-07-05,20.061
1985-07-06,20.057
1985-07-07,20.065
1985-07-08,20.066
1985-07-09,20.073
1985-07-10,20.086
1985-07-11,20.085
1985-07-12,20.090
1985-07-13,20.088
1985-07-14,20.089
1985-07-15,20.088
1985-07-16,20.108
1985-07-17,20.106
1985-07-18,20.108
1985-07-19,20.107
1985-07-20,20.114
1985-07-21,20.112
1985-07-22,20.118
1985-07-23,20.112
1985-07-24,20.108
1985-07-25,20.106
1985-07-26,20.108
1985-07-27,20.111
1985-07-28,20.105
1985-07-29,20.103
1985-07-30,20.107
1985-07-31,20.100
1985-08-01,20.091
1985-08-02,20.077
1985-08-03,20.076
1985-08-04,20.070
1985-08-05,20.063
1985-08-06,20.060
1985-08-07,20.055
1985-08-08,20.057
1985-08-09,20.051
1985-08-10,20.055
1985-08-11,20.058
1985-08-12,20.050
1985-08-13,20.051
1985-08-14,20.041
1985-08-15,20.046
1985-08-16,20.036
1985-08-17,20.052
1985-08-18,20.056
1985-08-19,20.067
1985-08-20,20.059
1985-08-21,20.049
1985-08-22,20.039
1985-08-23,20.032
1985-08-24,20.039
1985-08-25,20.054
1985-08-26,20.062
1985-08-27,20.061
1985-08-28,20.075
1985-08-29,20.076
1985-08-30,20.083
1985-08-31,20.091
1985-09-01,20.095
1985-09-02,20.100
1985-09-03,20.097
1985-09-04,20.101
1985-09-05,20.097
1985-09-06,20.089
1985-09-07,20.078
1985-09-08,20.068
1985-09-09,20.066
1985-09-10,20.060
1985-09-11,20.052
1985-09-12,20.049
1985-09-13,20.048
1985-09-14,20.046
1985-09-15,20.049
1985-09-16,20.039
1985-09-17,20.028
1985-09-18,20.021
1985-09-19,20.008
1985-09-20,20.006
1985-09-21,20.012
1985-09-22,20.015
1985-09-23,20.015
1985-09-24,20.008
1985-09-25,20.018
1985-09-26,20.019
1985-09-27,20.012
1985-09-28,20.006
1985-09-29,20.001
1985-09-30,19.998
1985-10-01,19.997
1985-10-02,19.985
1985-10-03,19.979
1985-10-04,19.966
1985-10-05,19.962
1985-10-06,19.950
1985-10-07,19.946
1985-10-08,19.934
1985-10-09,19.930
1985-10-10,19.933
1985-10-11,19.937
1985-10-12,19.934
1985-10-13,19.928
1985-10-14,19.929
1985-10-15,19.935
1985-10-16,19.938
1985-10-17,19.939
1985-10-18,19.941
1985-10-19,19.946
1985-10-20,19.950
1985-10-21,19.944
1985-10-22,19.941
1985-10-23,19.940
1985-10-24,19.937
1985-10-25,19.943
1985-10-26,19.942
1985-10-27,19.930
1985-10-28,19.922
1985-10-29,19.920
1985-10-30,19.922
1985-10-31,19.904
1985-11-01,19.903
1985-11-02,19.896
1985-11-03,19.897
1985-11-04,19.890
1985-11-05,19.893
1985-11-06,19.889
1985-11-07,19.886
1985-11-08,19.877
1985-11-09,19.877
1985-11-10,19.868
1985-11-11,19.867
1985-11-12,19.863
1985-11-13,19.854
1985-11-14,19.848
1985-11-15,19.840
1985-11-16,19.843
1985-11-17,19.843
1985-11-18,19.840
1985-11-19,19.847
1985-11-20,19.854
1985-11-21,19.858
1985-11-22,19.870
1985-11-23,19.879
1985-11-24,19.890
1985-11-25,19.899
1985-11-26,19.904
1985-11-27,19.900
1985-11-28,19.907
1985-11-29,19.905
1985-11-30,19.913
1985-12-01,19.912
1985-12-02,19.912
1985-12-03,19.905
1985-12-04,19.899
1985-12-05,19.901
1985-12-06,19.901
1985-12-07,19.909
1985-12-08,19.907
1985-12-09,19.903
1985-12-10,19.903
1985-12-11,19.905
1985-12-12,19.910
1985-12-13,19.912
1985-12-14,19.919
1985-12-15,19.920
1985-12-16,19.925
1985-12-17,19.918
1985-12-18,19.924
1985-12-19,19.930
1985-12-20,19.936
1985-12-21,19.941
1985-12-22,19.941
1985-12-23,19.944
1985-12-24,19.949
1985-12-25,19.972
1985-12-26,19.984
1985-12-27,19.986
1985-12-28,20.002
1985-12-29,20.013
1985-12-30,20.012
1985-12-31,20.012
1986-01-01,20.024
1986-01-02,20.046
1986-01-03,20.041
1986-01-04,20.049
1986-01-05,20.041
1986-01-06,20.041
1986-01-07,20.041
1986-01-08,20.039
1986-01-09,20.038
1986-01-10,20.046
1986-01-11,20.046
1986-01-12,20.056
1986-01-13,20.061
1986-01-14,20.061
1986-01-15,20.054
1986-01-16,20.058
1986-01-17,20.057
1986-01-18,20.064
1986-01-19,20.067
1986-01-20,20.080
1986-01-21,20.088
1986-01-22,20.094
1986-01-23,20.095
1986-01-24,20.092
1986-01-25,20.096
1986-01-26,20.107
1986-01-27,20.116
1986-01-28,20.114
1986-01-29,20.119
1986-01-30,20.125
1986-01-31,20.129
1986-02-01,20.140
1986-02-02,20.149
1986-02-03,20.155
1986-02-04,20.167
1986-02-05,20.169
1986-02-06,20.184
1986-02-07,20.190
1986-02-08,20.205
1986-02-09,20.210
1986-02-10,20.216
1986-02-11,20.225
1986-02-12,20.228
1986-02-13,20.234
1986-02-14,20.242
1986-02-15,20.252
1986-02-16,20.253
1986-02-17,20.245
1986-02-18,20.251
1986-02-19,20.259
1986-02-20,20.256
1986-02-21,20.266
1986-02-22,20.270
1986-02-23,20.280
1986-02-24,20.293
1986-02-25,20.289
1986-02-26,20.289
1986-02-27,20.298
1986-02-28,20.297
1986-03-01,20.291
1986-03-02,20.290
1986-03-03,20.284
1986-03-04,20.279
1986-03-05,20.267
1986-03-06,20.278
1986-03-07,20.281
1986-03-08,20.288
1986-03-09,20.291
1986-03-10,20.288
1986-03-11,20.289
1986-03-12,20.298
1986-03-13,20.291
1986-03-14,20.285
1986-03-15,20.291
1986-03-16,20.296
1986-03-17,20.302
1986-03-18,20.293
1986-03-19,20.288
1986-03-20,20.279
1986-03-21,20.271
1986-03-22,20.276
1986-03-23,20.274
1986-03-24,20.263
1986-03-25,20.256
1986-03-26,20.250
1986-03-27,20.254
1986-03-28,20.260
1986-03-29,20.258
1986-03-30,20.254
1986-03-31,20.255
1986-04-01,20.251
1986-04-02,20.256
1986-04-03,20.257
1986-04-04,20.257
1986-04-05,20.260
1986-04-06,20.271
1986-04-07,20.275
1986-04-08,20.273
1986-04-09,20.270
1986-04-10,20.276
1986-04-11,20.277
1986-04-12,20.270
1986-04-13,20.268
1986-04-14,20.267
1986-04-15,20.275
1986-04-16,20.260
1986-04-17,20.260
1986-04-18,20.260
1986-04-19,20.261
1986-04-20,20.255
1986-04-21,20.248
1986-04-22,20.245
1986-04-23,20.248
1986-04-24,20.250
1986-04-25,20.247
1986-04-26,20.238
1986-04-27,20.238
1986-04-28,20.229
1986-04-29,20.230
1986-04-30,20.222
1986-05-01,20.224
1986-05-02,20.224
1986-05-03,20.238
1986-05-04,20.233
1986-05-05,20.237
1986-05-06,20.231
1986-05-07,20.223
1986-05-08,20.206
1986-05-09,20.201
1986-05-10,20.199
1986-05-11,20.198
1986-05-12,20.189
1986-05-13,20.179
1986-05-14,20.173
1986-05-15,20.172
1986-05-16,20.164
1986-05-17,20.162
1986-05-18,20.143
1986-05-19,20.142
1986-05-20,20.133
1986-05-21,20.140
1986-05-22,20.134
1986-05-23,20.140
1986-05-24,20.141
1986-05-25,20.135
1986-05-26,20.135
1986-05-27,20.133
1986-05-28,20.133
1986-05-29,20.132
1986-05-30,20.134
1986-05-31,20.129
1986-06-01,20.129
1986-06-02,20.130
1986-06-03,20.128
1986-06-04,20.121
1986-06-05,20.114
1986-06-06,20.105
1986-06-07,20.106
1986-06-08,20.110
1986-06-09,20.107
1986-06-10,20.105
1986-06-11,20.106
1986-06-12,20.105
1986-06-13,20.099
1986-06-14,20.106
1986-06-15,20.102
1986-06-16,20.112
1986-06-17,20.114
1986-06-18,20.112
1986-06-19,20.112
1986-06-20,20.118
1986-06-21,20.119
1986-06-22,20.107
1986-06-23,20.115
1986-06-24,20.111
1986-06-25,20.109
1986-06-26,20.111
1986-06-27,20.115
1986-06-28,20.109
1986-06-29,20.107
1986-06-30,20.106
1986-07-01,20.107
1986-07-02,20.108
1986-07-03,20.102
1986-07-04,20.100
1986-07-05,20.097
1986-07-06,20.092
1986-07-07,20.093
1986-07-08,20.098
1986-07-09,20.106
1986-07-10,20.105
1986-07-11,20.101
1986-07-12,20.098
1986-07-13,20.096
1986-07-14,20.100
1986-07-15,20.096
1986-07-16,20.098
1986-07-17,20.101
1986-07-18,20.101
1986-07-19,20.093
1986-07-20,20.088
1986-07-21,20.090
1986-07-22,20.100
1986-07-23,20.094
1986-07-24,20.101
1986-07-25,20.095
1986-07-26,20.098
1986-07-27,20.095
1986-07-28,20.088
1986-07-29,20.092
1986-07-30,20.086
1986-07-31,20.082
1986-08-01,20.085
1986-08-02,20.100
1986-08-03,20.105
1986-08-04,20.113
1986-08-05,20.124
1986-08-06,20.133
1986-08-07,20.148
1986-08-08,20.149
1986-08-09,20.154
1986-08-10,20.171
1986-08-11,20.170
1986-08-12,20.172
1986-08-13,20.168
1986-08-14,20.171
1986-08-15,20.163
1986-08-16,20.162
1986-08-17,20.176
1986-08-18,20.174
1986-08-19,20.175
1986-08-20,20.183
1986-08-21,20.179
1986-08-22,20.186
1986-08-23,20.179
1986-08-24,20.183
1986-08-25,20.183
1986-08-26,20.186
1986-08-27,20.185
1986-08-28,20.177
1986-08-29,20.174
1986-08-30,20.168
1986-08-31,20.176
1986-09-01,20.175
1986-09-02,20.165
1986-09-03,20.157
1986-09-04,20.164
1986-09-05,20.160
1986-09-06,20.160
1986-09-07,20.160
1986-09-08,20.164
1986-09-09,20.169
1986-09-10,20.174
1986-09-11,20.174
1986-09-12,20.186
1986-09-13,20.189
1986-09-14,20.187
1986-09-15,20.184
1986-09-16,20.179
1986-09-17,20.172
1986-09-18,20.170
1986-09-19,20.168
1986-09-20,20.165
1986-09-21,20.155
1986-09-22,20.151
1986-09-23,20.148
1986-09-24,20.143
1986-09-25,20.143
1986-09-26,20.149
1986-09-27,20.149
1986-09-28,20.142
1986-09-29,20.135
1986-09-30,20.127
1986-10-01,20.122
1986-10-02,20.125
1986-10-03,20.124
1986-10-04,20.126
1986-10-05,20.125
1986-10-06,20.123
1986-10-07,20.114
1986-10-08,20.120
1986-10-09,20.119
1986-10-10,20.115
1986-10-11,20.108
1986-10-12,20.109
1986-10-13,20.103
1986-10-14,20.093
1986-10-15,20.090
1986-10-16,20.082
1986-10-17,20.081
1986-10-18,20.074
1986-10-19,20.066
1986-10-20,20.065
1986-10-21,20.063
1986-10-22,20.062
1986-10-23,20.049
1986-10-24,20.049
1986-10-25,20.052
1986-10-26,20.061
1986-10-27,20.062
1986-10-28,20.057
1986-10-29,20.046
1986-10-30,20.038
1986-10-31,20.037
1986-11-01,20.024
1986-11-02,20.013
1986-11-03,20.015
1986-11-04,20.009
1986-11-05,20.000
1986-11-06,19.996
1986-11-07,19.988
1986-11-08,19.977
1986-11-09,19.973
1986-11-10,19.964
1986-11-11,19.962
1986-11-12,19.962
1986-11-13,19.971
1986-11-14,19.972
1986-11-15,19.964
1986-11-16,19.970
1986-11-17,19.980
1986-11-18,19.977
1986-11-19,19.980
1986-11-20,19.978
1986-11-21,19.976
1986-11-22,19.977
1986-11-23,19.975
1986-11-24,19.965
1986-11-25,19.970
1986-11-26,19.972
1986-11-27,19.972
1986-11-28,19.971
1986-11-29,19.967
1986-11-30,19.968
1986-12-01,19.968
1986-12-02,19.970
1986-12-03,19.978
1986-12-04,19.976
1986-12-05,19.976
1986-12-06,19.985
1986-12-07,19.980
1986-12-08,19.982
1986-12-09,19.978
1986-12-10,19.979
1986-12-11,19.984
1986-12-12,19.985
1986-12-13,19.990
1986-12-14,19.993
1986-12-15,19.999
1986-12-16,19.993
1986-12-17,19.990
1986-12-18,19.992
1986-12-19,19.991
1986-12-20,19.993
1986-12-21,20.004
1986-12-22,20.011
1986-12-23,20.026
1986-12-24,20.029
1986-12-25,20.033
1986-12-26,20.045
1986-12-27,20.043
1986-12-28,20.057
1986-12-29,20.058
1986-12-30,20.065
1986-12-31,20.067
1987-01-01,20.076
1987-01-02,20.089
1987-01-03,20.095
1987-01-04,20.098
1987-01-05,20.100
1987-01-06,20.107
1987-01-07,20.106
1987-01-08,20.111
1987-01-09,20.111
1987-01-10,20.110
1987-01-11,20.114
1987-01-12,20.122
1987-01-13,20.130
1987-01-14,20.141
1987-01-15,20.154
1987-01-16,20.161
1987-01-17,20.168
1987-01-18,20.177
1987-01-19,20.175
1987-01-20,20.184
1987-01-21,20.194
1987-01-22,20.196
1987-01-23,20.190
1987-01-24,20.190
1987-01-25,20.186
1987-01-26,20.189
1987-01-27,20.199
1987-01-28,20.207
1987-01-29,20.219
1987-01-30,20.227
1987-01-31,20.222
1987-02-01,20.228
1987-02-02,20.239
1987-02-03,20.251
1987-02-04,20.254
1987-02-05,20.258
1987-02-06,20.263
1987-02-07,20.269
1987-02-08,20.267
1987-02-09,20.280
1987-02-10,20.273
1987-02-11,20.272
1987-02-12,20.280
1987-02-13,20.287
1987-02-14,20.286
1987-02-15,20.294
1987-02-16,20.287
1987-02-17,20.301
1987-02-18,20.299
1987-02-19,20.308
1987-02-20,20.304
1987-02-21,20.305
1987-02-22,20.307
1987-02-23,20.308
1987-02-24,20.307
1987-02-25,20.313
1987-02-26,20.316
1987-02-27,20.331
1987-02-28,20.333
1987-03-01,20.334
1987-03-02,20.336
1987-03-03,20.346
1987-03-04,20.350
1987-03-05,20.357
1987-03-06,20.362
1987-03-07,20.372
1987-03-08,20.384
1987-03-09,20.384
1987-03-10,20.397
1987-03-11,20.400
1987-03-12,20.409
1987-03-13,20.403
1987-03-14,20.412
1987-03-15,20.411
1987-03-16,20.407
1987-03-17,20.401
1987-03-18,20.399
1987-03-19,20.396
1987-03-20,20.400
1987-03-21,20.400
1987-03-22,20.401
1987-03-23,20.395
1987-03-24,20.387
1987-03-25,20.389
1987-03-26,20.378
1987-03-27,20.376
1987-03-28,20.379
1987-03-29,20.380
1987-03-30,20.381
1987-03-31,20.384
1987-04-01,20.385
1987-04-02,20.389
1987-04-03,20.384
1987-04-04,20.393
1987-04-05,20.395
1987-04-06,20.404
1987-04-07,20.408
1987-04-08,20.416
1987-04-09,20.408
1987-04-10,20.409
1987-04-11,20.380
1987-04-12,20.377
1987-04-13,20.371
1987-04-14,20.364
1987-04-15,20.362
1987-04-16,20.339
1987-04-17,20.321
1987-04-18,20.332
1987-04-19,20.346
1987-04-20,20.360
1987-04-21,20.370
1987-04-22,20.377
1987-04-23,20.382
1987-04-24,20.385
1987-04-25,20.371
1987-04-26,20.352
1987-04-27,20.335
1987-04-28,20.310
1987-04-29,20.303
1987-04-30,20.296
1987-05-01,20.305
1987-05-02,20.323
1987-05-03,20.338
1987-05-04,20.346
1987-05-05,20.349
1987-05-06,20.339
1987-05-07,20.326
1987-05-08,20.313
1987-05-09,20.313
1987-05-10,20.310
1987-05-11,20.321
1987-05-12,20.317
1987-05-13,20.318
1987-05-14,20.316
1987-05-15,20.317
1987-05-16,20.321
1987-05-17,20.294
1987-05-18,20.282
1987-05-19,20.270
1987-05-20,20.277
1987-05-21,20.276
1987-05-22,20.295
1987-05-23,20.311
1987-05-24,20.313
1987-05-25,20.321
1987-05-26,20.325
1987-05-27,20.307
1987-05-28,20.286
1987-05-29,20.265
1987-05-30,20.246
1987-05-31,20.225
1987-06-01,20.225
1987-06-02,20.223
1987-06-03,20.227
1987-06-04,20.240
1987-06-05,20.259
1987-06-06,20.260
1987-06-07,20.251
1987-06-08,20.234
1987-06-09,20.222
1987-06-10,20.216
1987-06-11,20.216
1987-06-12,20.220
1987-06-13,20.214
1987-06-14,20.206
1987-06-15,20.195
1987-06-16,20.188
1987-06-17,20.197
1987-06-18,20.206
1987-06-19,20.201
1987-06-20,20.195
1987-06-21,20.184
1987-06-22,20.173
1987-06-23,20.173
1987-06-24,20.179
1987-06-25,20.203
1987-06-26,20.218
1987-06-27,20.229
1987-06-28,20.237
1987-06-29,20.249
1987-06-30,20.244
1987-07-01,20.240
1987-07-02,20.232
1987-07-03,20.226
1987-07-04,20.224
1987-07-05,20.216
1987-07-06,20.215
1987-07-07,20.221
1987-07-08,20.236
1987-07-09,20.248
1987-07-10,20.263
1987-07-11,20.274
1987-07-12,20.268
1987-07-13,20.260
1987-07-14,20.256
1987-07-15,20.256
1987-07-16,20.253
1987-07-17,20.268
1987-07-18,20.262
1987-07-19,20.259
1987-07-20,20.256
1987-07-21,20.280
1987-07-22,20.280
1987-07-23,20.285
1987-07-24,20.268
1987-07-25,20.269
1987-07-26,20.276
1987-07-27,20.277
1987-07-28,20.279
1987-07-29,20.282
1987-07-30,20.300
1987-07-31,20.315
1987-08-01,20.324
1987-08-02,20.322
1987-08-03,20.328
1987-08-04,20.337
1987-08-05,20.333
1987-08-06,20.345
1987-08-07,20.346
1987-08-08,20.337
1987-08-09,20.324
1987-08-10,20.333
1987-08-11,20.345
1987-08-12,20.370
1987-08-13,20.373
1987-08-14,20.362
1987-08-15,20.338
1987-08-16,20.344
1987-08-17,20.350
1987-08-18,20.354
1987-08-19,20.354
1987-08-20,20.355
1987-08-21,20.359
1987-08-22,20.353
1987-08-23,20.350
1987-08-24,20.348
1987-08-25,20.348
1987-08-26,20.348
1987-08-27,20.342
1987-08-28,20.344
1987-08-29,20.338
1987-08-30,20.347
1987-08-31,20.332
1987-09-01,20.327
1987-09-02,20.324
1987-09-03,20.325
1987-09-04,20.330
1987-09-05,20.323
1987-09-06,20.339
1987-09-07,20.336
1987-09-08,20.342
1987-09-09,20.336
1987-09-10,20.337
1987-09-11,20.349
1987-09-12,20.354
1987-09-13,20.344
1987-09-14,20.354
1987-09-15,20.353
1987-09-16,20.355
1987-09-17,20.356
1987-09-18,20.357
1987-09-19,20.356
1987-09-20,20.358
1987-09-21,20.355
1987-09-22,20.345
1987-09-23,20.333
1987-09-24,20.334
1987-09-25,20.337
1987-09-26,20.322
1987-09-27,20.316
1987-09-28,20.310
1987-09-29,20.323
1987-09-30,20.306
1987-10-01,20.302
1987-10-02,20.296
1987-10-03,20.296
1987-10-04,20.296
1987-10-05,20.284
1987-10-06,20.279
1987-10-07,20.268
1987-10-08,20.264
1987-10-09,20.258
1987-10-10,20.259
1987-10-11,20.240
1987-10-12,20.217
1987-10-13,20.217
1987-10-14,20.209
1987-10-15,20.211
1987-10-16,20.195
1987-10-17,20.182
1987-10-18,20.184
1987-10-19,20.178
1987-10-20,20.171
1987-10-21,20.180
1987-10-22,20.186
1987-10-23,20.177
1987-10-24,20.174
1987-10-25,20.168
1987-10-26,20.175
1987-10-27,20.174
1987-10-28,20.170
1987-10-29,20.160
1987-10-30,20.158
1987-10-31,20.143
1987-11-01,20.137
1987-11-02,20.135
1987-11-03,20.137
1987-11-04,20.144
1987-11-05,20.140
1987-11-06,20.133
1987-11-07,20.130
1987-11-08,20.123
1987-11-09,20.123
1987-11-10,20.131
1987-11-11,20.128
1987-11-12,20.139
1987-11-13,20.143
1987-11-14,20.147
1987-11-15,20.148
1987-11-16,20.142
1987-11-17,20.149
1987-11-18,20.145
1987-11-19,20.148
1987-11-20,20.138
1987-11-21,20.141
1987-11-22,20.144
1987-11-23,20.146
1987-11-24,20.141
1987-11-25,20.146
1987-11-26,20.146
1987-11-27,20.156
1987-11-28,20.156
1987-11-29,20.150
1987-11-30,20.151
1987-12-01,20.157
1987-12-02,20.163
1987-12-03,20.170
1987-12-04,20.168
1987-12-05,20.160
1987-12-06,20.150
1987-12-07,20.148
1987-12-08,20.154
1987-12-09,20.164
1987-12-10,20.166
1987-12-11,20.178
1987-12-12,20.183
1987-12-13,20.186
1987-12-14,20.181
1987-12-15,20.194
1987-12-16,20.196
1987-12-17,20.205
1987-12-18,20.199
1987-12-19,20.201
1987-12-20,20.211
1987-12-21,20.213
1987-12-22,20.220
1987-12-23,20.217
1987-12-24,20.223
1987-12-25,20.224
1987-12-26,20.230
1987-12-27,20.227
1987-12-28,20.220
1987-12-29,20.222
1987-12-30,20.235
1987-12-31,20.241
1988-01-01,20.254
1988-01-02,20.264
1988-01-03,20.267
1988-01-04,20.274
1988-01-05,20.286
1988-01-06,20.300
1988-01-07,20.313
1988-01-08,20.318
1988-01-09,20.322
1988-01-10,20.328
1988-01-11,20.335
1988-01-12,20.345
1988-01-13,20.343
1988-01-14,20.351
1988-01-15,20.351
1988-01-16,20.363
1988-01-17,20.383
1988-01-18,20.388
1988-01-19,20.403
1988-01-20,20.409
1988-01-21,20.400
1988-01-22,20.407
1988-01-23,20.409
1988-01-24,20.419
1988-01-25,20.429
1988-01-26,20.427
1988-01-27,20.435
1988-01-28,20.438
1988-01-29,20.447
1988-01-30,20.439
1988-01-31,20.433
1988-02-01,20.431
1988-02-02,20.446
1988-02-03,20.445
1988-02-04,20.453
1988-02-05,20.460
1988-02-06,20.467
1988-02-07,20.473
1988-02-08,20.480
1988-02-09,20.482
1988-02-10,20.482
1988-02-11,20.491
1988-02-12,20.496
1988-02-13,20.508
1988-02-14,20.519
1988-02-15,20.534
1988-02-16,20.527
1988-02-17,20.530
1988-02-18,20.528
1988-02-19,20.524
1988-02-20,20.527
1988-02-21,20.517
1988-02-22,20.517
1988-02-23,20.518
1988-02-24,20.520
1988-02-25,20.514
1988-02-26,20.523
1988-02-27,20.523
1988-02-28,20.528
1988-02-29,20.524
1988-03-01,20.524
1988-03-02,20.524
1988-03-03,20.519
1988-03-04,20.516
1988-03-05,20.518
1988-03-06,20.519
1988-03-07,20.520
1988-03-08,20.519
1988-03-09,20.521
1988-03-10,20.526
1988-03-11,20.528
1988-03-12,20.531
1988-03-13,20.533
1988-03-14,20.531
1988-03-15,20.531
1988-03-16,20.522
1988-03-17,20.512
1988-03-18,20.498
1988-03-19,20.495
1988-03-20,20.489
1988-03-21,20.484
1988-03-22,20.471
1988-03-23,20.464
1988-03-24,20.465
1988-03-25,20.466
1988-03-26,20.464
1988-03-27,20.457
1988-03-28,20.453
1988-03-29,20.445
1988-03-30,20.448
1988-03-31,20.442
1988-04-01,20.446
1988-04-02,20.448
1988-04-03,20.454
1988-04-04,20.467
1988-04-05,20.470
1988-04-06,20.469
1988-04-07,20.464
1988-04-08,20.468
1988-04-09,20.461
1988-04-10,20.456
1988-04-11,20.448
1988-04-12,20.444
1988-04-13,20.439
1988-04-14,20.448
1988-04-15,20.443
1988-04-16,20.440
1988-04-17,20.439
1988-04-18,20.432
1988-04-19,20.433
1988-04-20,20.434
1988-04-21,20.437
1988-04-22,20.434
1988-04-23,20.434
1988-04-24,20.433
1988-04-25,20.427
1988-04-26,20.427
1988-04-27,20.424
1988-04-28,20.409
1988-04-29,20.404
1988-04-30,20.391
1988-05-01,20.394
1988-05-02,20.379
1988-05-03,20.368
1988-05-04,20.358
1988-05-05,20.351
1988-05-06,20.349
1988-05-07,20.350
1988-05-08,20.357
1988-05-09,20.356
1988-05-10,20.350
1988-05-11,20.342
1988-05-12,20.335
1988-05-13,20.336
1988-05-14,20.325
1988-05-15,20.321
1988-05-16,20.314
1988-05-17,20.309
1988-05-18,20.301
1988-05-19,20.299
1988-05-20,20.296
1988-05-21,20.282
1988-05-22,20.286
1988-05-23,20.282
1988-05-24,20.287
1988-05-25,20.277
1988-05-26,20.277
1988-05-27,20.270
1988-05-28,20.268
1988-05-29,20.267
1988-05-30,20.266
1988-05-31,20.259
1988-06-01,20.256
1988-06-02,20.255
1988-06-03,20.248
1988-06-04,20.232
1988-06-05,20.221
1988-06-06,20.215
1988-06-07,20.220
1988-06-08,20.215
1988-06-09,20.215
1988-06-10,20.222
1988-06-11,20.214
1988-06-12,20.225
1988-06-13,20.219
1988-06-14,20.217
1988-06-15,20.202
1988-06-16,20.204
1988-06-17,20.194
1988-06-18,20.198
1988-06-19,20.195
1988-06-20,20.196
1988-06-21,20.193
1988-06-22,20.185
1988-06-23,20.180
1988-06-24,20.172
1988-06-25,20.172
1988-06-26,20.174
1988-06-27,20.170
1988-06-28,20.179
1988-06-29,20.172
1988-06-30,20.180
1988-07-01,20.175
1988-07-02,20.183
1988-07-03,20.178
1988-07-04,20.179
1988-07-05,20.183
1988-07-06,20.180
1988-07-07,20.177
1988-07-08,20.185
1988-07-09,20.179
1988-07-10,20.180
1988-07-11,20.180
1988-07-12,20.176
1988-07-13,20.181
1988-07-14,20.181
1988-07-15,20.189
1988-07-16,20.187
1988-07-17,20.185
1988-07-18,20.182
1988-07-19,20.177
1988-07-20,20.175
1988-07-21,20.175
1988-07-22,20.181
1988-07-23,20.192
1988-07-24,20.194
1988-07-25,20.193
1988-07-26,20.187
1988-07-27,20.181
1988-07-28,20.186
1988-07-29,20.185
1988-07-30,20.185
1988-07-31,20.194
1988-08-01,20.197
1988-08-02,20.202
1988-08-03,20.209
1988-08-04,20.207
1988-08-05,20.216
1988-08-06,20.212
1988-08-07,20.219
1988-08-08,20.218
1988-08-09,20.222
1988-08-10,20.226
1988-08-11,20.227
1988-08-12,20.230
1988-08-13,20.227
1988-08-14,20.225
1988-08-15,20.217
1988-08-16,20.219
1988-08-17,20.228
1988-08-18,20.236
1988-08-19,20.235
1988-08-20,20.242
1988-08-21,20.247
1988-08-22,20.255
1988-08-23,20.260
1988-08-24,20.267
1988-08-25,20.261
1988-08-26,20.255
1988-08-27,20.252
1988-08-28,20.249
1988-08-29,20.246
1988-08-30,20.245
1988-08-31,20.238
1988-09-01,20.232
1988-09-02,20.230
1988-09-03,20.220
1988-09-04,20.209
1988-09-05,20.202
1988-09-06,20.189
1988-09-07,20.179
1988-09-08,20.166
1988-09-09,20.157
1988-09-10,20.136
1988-09-11,20.130
1988-09-12,20.113
1988-09-13,20.109
1988-09-14,20.104
1988-09-15,20.100
1988-09-16,20.089
1988-09-17,20.089
1988-09-18,20.083
1988-09-19,20.080
1988-09-20,20.072
1988-09-21,20.074
1988-09-22,20.061
1988-09-23,20.055
1988-09-24,20.047
1988-09-25,20.023
1988-09-26,20.015
1988-09-27,20.005
1988-09-28,20.008
1988-09-29,20.004
1988-09-30,19.999
1988-10-01,20.002
1988-10-02,19.997
1988-10-03,19.995
1988-10-04,19.997
1988-10-05,19.986
1988-10-06,19.982
1988-10-07,19.986
1988-10-08,19.987
1988-10-09,19.978
1988-10-10,19.977
1988-10-11,19.993
1988-10-12,19.986
1988-10-13,19.982
1988-10-14,19.973
1988-10-15,19.974
1988-10-16,19.959
1988-10-17,19.953
1988-10-18,19.947
1988-10-19,19.946
1988-10-20,19.946
1988-10-21,19.950
1988-10-22,19.952
1988-10-23,19.954
1988-10-24,19.961
1988-10-25,19.954
1988-10-26,19.953
1988-10-27,19.959
1988-10-28,19.964
1988-10-29,19.971
1988-10-30,19.976
1988-10-31,19.973
1988-11-01,19.973
1988-11-02,19.961
1988-11-03,19.965
1988-11-04,19.962
1988-11-05,19.963
1988-11-06,19.959
1988-11-07,19.950
1988-11-08,19.949
1988-11-09,19.953
1988-11-10,19.969
1988-11-11,19.971
1988-11-12,19.961
1988-11-13,19.945
1988-11-14,19.940
1988-11-15,19.933
1988-11-16,19.926
1988-11-17,19.935
1988-11-18,19.931
1988-11-19,19.913
1988-11-20,19.916
1988-11-21,19.920
1988-11-22,19.922
1988-11-23,19.923
1988-11-24,19.921
1988-11-25,19.911
1988-11-26,19.905
1988-11-27,19.896
1988-11-28,19.901
1988-11-29,19.900
1988-11-30,19.902
1988-12-01,19.911
1988-12-02,19.921
1988-12-03,19.918
1988-12-04,19.923
1988-12-05,19.922
1988-12-06,19.924
1988-12-07,19.920
1988-12-08,19.919
1988-12-09,19.915
1988-12-10,19.918
1988-12-11,19.908
1988-12-12,19.909
1988-12-13,19.905
1988-12-14,19.901
1988-12-15,19.908
1988-12-16,19.912
1988-12-17,19.928
1988-12-18,19.936
1988-12-19,19.955
1988-12-20,19.962
1988-12-21,19.971
1988-12-22,19.994
1988-12-23,20.009
1988-12-24,20.019
1988-12-25,20.036
1988-12-26,20.055
1988-12-27,20.049
1988-12-28,20.039
1988-12-29,20.037
1988-12-30,20.043
1988-12-31,20.056
1989-01-01,20.062
1989-01-02,20.090
1989-01-03,20.097
1989-01-04,20.115
1989-01-05,20.122
1989-01-06,20.133
1989-01-07,20.135
1989-01-08,20.144
1989-01-09,20.139
1989-01-10,20.133
1989-01-11,20.137
1989-01-12,20.138
1989-01-13,20.135
1989-01-14,20.133
1989-01-15,20.135
1989-01-16,20.134
1989-01-17,20.135
1989-01-18,20.135
1989-01-19,20.143
1989-01-20,20.147
1989-01-21,20.151
1989-01-22,20.144
1989-01-23,20.145
1989-01-24,20.141
1989-01-25,20.144
1989-01-26,20.143
1989-01-27,20.148
1989-01-28,20.153
1989-01-29,20.157
1989-01-30,20.164
1989-01-31,20.178
1989-02-01,20.192
1989-02-02,20.195
1989-02-03,20.191
1989-02-04,20.195
1989-02-05,20.201
1989-02-06,20.200
1989-02-07,20.203
1989-02-08,20.210
1989-02-09,20.217
1989-02-10,20.216
1989-02-11,20.222
1989-02-12,20.233
1989-02-13,20.235
1989-02-14,20.235
1989-02-15,20.255
1989-02-16,20.262
1989-02-17,20.267
1989-02-18,20.269
1989-02-19,20.269
1989-02-20,20.270
1989-02-21,20.270
1989-02-22,20.273
1989-02-23,20.273
1989-02-24,20.264
1989-02-25,20.253
1989-02-26,20.259
1989-02-27,20.263
1989-02-28,20.269
1989-03-01,20.268
1989-03-02,20.283
1989-03-03,20.288
1989-03-04,20.290
1989-03-05,20.298
1989-03-06,20.299
1989-03-07,20.300
1989-03-08,20.311
1989-03-09,20.307
1989-03-10,20.307
1989-03-11,20.309
1989-03-12,20.306
1989-03-13,20.309
1989-03-14,20.303
1989-03-15,20.309
1989-03-16,20.317
1989-03-17,20.313
1989-03-18,20.326
1989-03-19,20.330
1989-03-20,20.335
1989-03-21,20.337
1989-03-22,20.344
1989-03-23,20.341
1989-03-24,20.350
1989-03-25,20.357
1989-03-26,20.358
1989-03-27,20.357
1989-03-28,20.352
1989-03-29,20.351
1989-03-30,20.345
1989-03-31,20.344
1989-04-01,20.336
1989-04-02,20.331
1989-04-03,20.319
1989-04-04,20.320
1989-04-05,20.320
1989-04-06,20.335
1989-04-07,20.350
1989-04-08,20.353
1989-04-09,20.356
1989-04-10,20.358
1989-04-11,20.345
1989-04-12,20.349
1989-04-13,20.352
1989-04-14,20.354
1989-04-15,20.352
1989-04-16,20.341
1989-04-17,20.343
1989-04-18,20.330
1989-04-19,20.330
1989-04-20,20.332
1989-04-21,20.326
1989-04-22,20.326
1989-04-23,20.316
1989-04-24,20.307
1989-04-25,20.293
1989-04-26,20.293
1989-04-27,20.283
1989-04-28,20.274
1989-04-29,20.264
1989-04-30,20.266
1989-05-01,20.275
1989-05-02,20.272
1989-05-03,20.275
1989-05-04,20.272
1989-05-05,20.266
1989-05-06,20.261
1989-05-07,20.257
1989-05-08,20.247
1989-05-09,20.247
1989-05-10,20.234
1989-05-11,20.229
1989-05-12,20.217
1989-05-13,20.210
1989-05-14,20.208
1989-05-15,20.194
1989-05-16,20.197
1989-05-17,20.190
1989-05-18,20.183
1989-05-19,20.176
1989-05-20,20.176
1989-05-21,20.169
1989-05-22,20.167
1989-05-23,20.168
1989-05-24,20.170
1989-05-25,20.171
1989-05-26,20.168
1989-05-27,20.165
1989-05-28,20.162
1989-05-29,20.153
1989-05-30,20.144
1989-05-31,20.144
1989-06-01,20.140
1989-06-02,20.138
1989-06-03,20.140
1989-06-04,20.139
1989-06-05,20.131
1989-06-06,20.131
1989-06-07,20.142
1989-06-08,20.140
1989-06-09,20.142
1989-06-10,20.143
1989-06-11,20.140
1989-06-12,20.144
1989-06-13,20.144
1989-06-14,20.140
1989-06-15,20.131
1989-06-16,20.140
1989-06-17,20.137
1989-06-18,20.136
1989-06-19,20.142
1989-06-20,20.143
1989-06-21,20.139
1989-06-22,20.140
1989-06-23,20.144
1989-06-24,20.152
1989-06-25,20.158
1989-06-26,20.162
1989-06-27,20.165
1989-06-28,20.166
1989-06-29,20.167
1989-06-30,20.158
1989-07-01,20.154
1989-07-02,20.152
1989-07-03,20.157
1989-07-04,20.160
1989-07-05,20.167
1989-07-06,20.167
1989-07-07,20.175
1989-07-08,20.174
1989-07-09,20.175
1989-07-10,20.179
1989-07-11,20.186
1989-07-12,20.191
1989-07-13,20.192
1989-07-14,20.201
1989-07-15,20.203
1989-07-16,20.204
1989-07-17,20.201
1989-07-18,20.203
1989-07-19,20.211
1989-07-20,20.206
1989-07-21,20.207
1989-07-22,20.209
1989-07-23,20.222
1989-07-24,20.226
1989-07-25,20.225
1989-07-26,20.216
1989-07-27,20.216
1989-07-28,20.221
1989-07-29,20.216
1989-07-30,20.221
1989-07-31,20.223
1989-08-01,20.220
1989-08-02,20.226
1989-08-03,20.231
1989-08-04,20.242
1989-08-05,20.250
1989-08-06,20.250
1989-08-07,20.252
1989-08-08,20.263
1989-08-09,20.263
1989-08-10,20.260
1989-08-11,20.264
1989-08-12,20.271
1989-08-13,20.268
1989-08-14,20.281
1989-08-15,20.284
1989-08-16,20.286
1989-08-17,20.286
1989-08-18,20.281
1989-08-19,20.288
1989-08-20,20.287
1989-08-21,20.298
1989-08-22,20.311
1989-08-23,20.315
1989-08-24,20.323
1989-08-25,20.328
1989-08-26,20.334
1989-08-27,20.332
1989-08-28,20.337
1989-08-29,20.344
1989-08-30,20.340
1989-08-31,20.343
1989-09-01,20.339
1989-09-02,20.333
1989-09-03,20.336
1989-09-04,20.327
1989-09-05,20.322
1989-09-06,20.319
1989-09-07,20.312
1989-09-08,20.294
1989-09-09,20.282
1989-09-10,20.260
1989-09-11,20.241
1989-09-12,20.231
1989-09-13,20.245
1989-09-14,20.252
1989-09-15,20.247
1989-09-16,20.238
1989-09-17,20.224
1989-09-18,20.217
1989-09-19,20.203
1989-09-20,20.193
1989-09-21,20.188
1989-09-22,20.184
1989-09-23,20.172
1989-09-24,20.159
1989-09-25,20.152
1989-09-26,20.152
1989-09-27,20.140
1989-09-28,20.124
1989-09-29,20.125
1989-09-30,20.124
1989-10-01,20.113
1989-10-02,20.112
1989-10-03,20.104
1989-10-04,20.104
1989-10-05,20.096
1989-10-06,20.095
1989-10-07,20.096
1989-10-08,20.092
1989-10-09,20.100
1989-10-10,20.093
1989-10-11,20.080
1989-10-12,20.087
1989-10-13,20.090
1989-10-14,20.097
1989-10-15,20.091
1989-10-16,20.094
1989-10-17,20.104
1989-10-18,20.109
1989-10-19,20.124
1989-10-20,20.129
1989-10-21,20.124
1989-10-22,20.114
1989-10-23,20.114
1989-10-24,20.114
1989-10-25,20.120
1989-10-26,20.129
1989-10-27,20.123
1989-10-28,20.128
1989-10-29,20.130
1989-10-30,20.130
1989-10-31,20.126
1989-11-01,20.138
1989-11-02,20.137
1989-11-03,20.136
1989-11-04,20.144
1989-11-05,20.146
1989-11-06,20.138
1989-11-07,20.142
1989-11-08,20.145
1989-11-09,20.148
1989-11-10,20.144
1989-11-11,20.150
1989-11-12,20.151
1989-11-13,20.145
1989-11-14,20.136
1989-11-15,20.134
1989-11-16,20.142
1989-11-17,20.146
1989-11-18,20.135
1989-11-19,20.128
1989-11-20,20.133
1989-11-21,20.127
1989-11-22,20.128
1989-11-23,20.124
1989-11-24,20.126
1989-11-25,20.124
1989-11-26,20.111
1989-11-27,20.109
1989-11-28,20.120
1989-11-29,20.117
1989-11-30,20.104
1989-12-01,20.100
1989-12-02,20.100
1989-12-03,20.092
1989-12-04,20.080
1989-12-05,20.073
1989-12-06,20.066
1989-12-07,20.062
1989-12-08,20.053
1989-12-09,20.039
1989-12-10,20.037
1989-12-11,20.038
1989-12-12,20.036
1989-12-13,20.037
1989-12-14,20.028
1989-12-15,20.026
1989-12-16,20.022
1989-12-17,20.025
1989-12-18,20.019
1989-12-19,20.023
1989-12-20,20.030
1989-12-21,20.052
1989-12-22,20.068
1989-12-23,20.084
1989-12-24,20.077
1989-12-25,20.083
1989-12-26,20.070
1989-12-27,20.079
1989-12-28,20.085
1989-12-29,20.092
1989-12-30,20.089
1989-12-31,20.088
1990-01-01,20.092
1990-01-02,20.096
1990-01-03,20.089
1990-01-04,20.100
1990-01-05,20.108
1990-01-06,20.108
1990-01-07,20.108
1990-01-08,20.107
1990-01-09,20.114
1990-01-10,20.118
1990-01-11,20.123
1990-01-12,20.132
1990-01-13,20.138
1990-01-14,20.140
1990-01-15,20.146
1990-01-16,20.157
1990-01-17,20.177
1990-01-18,20.178
1990-01-19,20.182
1990-01-20,20.189
1990-01-21,20.190
1990-01-22,20.198
1990-01-23,20.212
1990-01-24,20.221
1990-01-25,20.233
1990-01-26,20.245
1990-01-27,20.260
1990-01-28,20.256
1990-01-29,20.276
1990-01-30,20.287
1990-01-31,20.307
1990-02-01,20.308
1990-02-02,20.316
1990-02-03,20.331
1990-02-04,20.337
1990-02-05,20.356
1990-02-06,20.361
1990-02-07,20.373
1990-02-08,20.374
1990-02-09,20.387
1990-02-10,20.392
1990-02-11,20.401
1990-02-12,20.427
1990-02-13,20.437
1990-02-14,20.456
1990-02-15,20.475
1990-02-16,20.472
1990-02-17,20.469
1990-02-18,20.480
1990-02-19,20.487
1990-02-20,20.500
1990-02-21,20.499
1990-02-22,20.499
1990-02-23,20.500
1990-02-24,20.501
1990-02-25,20.496
1990-02-26,20.487
1990-02-27,20.481
1990-02-28,20.489
1990-03-01,20.486
1990-03-02,20.484
1990-03-03,20.486
1990-03-04,20.504
1990-03-05,20.489
1990-03-06,20.485
1990-03-07,20.473
1990-03-08,20.463
1990-03-09,20.455
1990-03-10,20.450
1990-03-11,20.444
1990-03-12,20.445
1990-03-13,20.444
1990-03-14,20.438
1990-03-15,20.438
1990-03-16,20.440
1990-03-17,20.442
1990-03-18,20.450
1990-03-19,20.454
1990-03-20,20.464
1990-03-21,20.462
1990-03-22,20.462
1990-03-23,20.462
1990-03-24,20.448
1990-03-25,20.449
1990-03-26,20.455
1990-03-27,20.453
1990-03-28,20.451
1990-03-29,20.451
1990-03-30,20.454
1990-03-31,20.451
1990-04-01,20.460
1990-04-02,20.452
1990-04-03,20.453
1990-04-04,20.458
1990-04-05,20.456
1990-04-06,20.481
1990-04-07,20.496
1990-04-08,20.490
1990-04-09,20.471
1990-04-10,20.460
1990-04-11,20.450
1990-04-12,20.460
1990-04-13,20.465
1990-04-14,20.470
1990-04-15,20.479
1990-04-16,20.476
1990-04-17,20.470
1990-04-18,20.459
1990-04-19,20.456
1990-04-20,20.458
1990-04-21,20.468
1990-04-22,20.463
1990-04-23,20.464
1990-04-24,20.457
1990-04-25,20.442
1990-04-26,20.439
1990-04-27,20.436
1990-04-28,20.448
1990-04-29,20.450
1990-04-30,20.447
1990-05-01,20.446
1990-05-02,20.470
1990-05-03,20.492
1990-05-04,20.509
1990-05-05,20.511
1990-05-06,20.498
1990-05-07,20.512
1990-05-08,20.517
1990-05-09,20.524
1990-05-10,20.517
1990-05-11,20.514
1990-05-12,20.498
1990-05-13,20.500
1990-05-14,20.502
1990-05-15,20.503
1990-05-16,20.498
1990-05-17,20.487
1990-05-18,20.491
1990-05-19,20.478
1990-05-20,20.465
1990-05-21,20.463
1990-05-22,20.473
1990-05-23,20.465
1990-05-24,20.469
1990-05-25,20.457
1990-05-26,20.447
1990-05-27,20.440
1990-05-28,20.418
1990-05-29,20.417
1990-05-30,20.413
1990-05-31,20.410
1990-06-01,20.410
1990-06-02,20.401
1990-06-03,20.391
1990-06-04,20.385
1990-06-05,20.378
1990-06-06,20.372
1990-06-07,20.358
1990-06-08,20.360
1990-06-09,20.345
1990-06-10,20.339
1990-06-11,20.334
1990-06-12,20.333
1990-06-13,20.319
1990-06-14,20.311
1990-06-15,20.305
1990-06-16,20.298
1990-06-17,20.291
1990-06-18,20.286
1990-06-19,20.277
1990-06-20,20.282
1990-06-21,20.281
1990-06-22,20.282
1990-06-23,20.286
1990-06-24,20.283
1990-06-25,20.284
1990-06-26,20.277
1990-06-27,20.278
1990-06-28,20.281
1990-06-29,20.278
1990-06-30,20.289
1990-07-01,20.307
1990-07-02,20.302
1990-07-03,20.307
1990-07-04,20.301
1990-07-05,20.308
1990-07-06,20.309
1990-07-07,20.304
1990-07-08,20.303
1990-07-09,20.309
1990-07-10,20.300
1990-07-11,20.303
1990-07-12,20.306
1990-07-13,20.301
1990-07-14,20.297
1990-07-15,20.311
1990-07-16,20.319
1990-07-17,20.334
1990-07-18,20.333
1990-07-19,20.339
1990-07-20,20.328
1990-07-21,20.325
1990-07-22,20.343
1990-07-23,20.353
1990-07-24,20.366
1990-07-25,20.374
1990-07-26,20.386
1990-07-27,20.386
1990-07-28,20.395
1990-07-29,20.406
1990-07-30,20.413
1990-07-31,20.415
1990-08-01,20.415
1990-08-02,20.411
1990-08-03,20.427
1990-08-04,20.439
1990-08-05,20.445
1990-08-06,20.441
1990-08-07,20.432
1990-08-08,20.430
1990-08-09,20.432
1990-08-10,20.431
1990-08-11,20.417
1990-08-12,20.411
1990-08-13,20.388
1990-08-14,20.373
1990-08-15,20.369
1990-08-16,20.361
1990-08-17,20.346
1990-08-18,20.343
1990-08-19,20.325
1990-08-20,20.320
1990-08-21,20.309
1990-08-22,20.302
1990-08-23,20.301
1990-08-24,20.297
1990-08-25,20.282
1990-08-26,20.276
1990-08-27,20.263
1990-08-28,20.264
1990-08-29,20.255
1990-08-30,20.252
1990-08-31,20.252
1990-09-01,20.251
1990-09-02,20.246
1990-09-03,20.239
1990-09-04,20.237
1990-09-05,20.230
1990-09-06,20.233
1990-09-07,20.240
1990-09-08,20.234
1990-09-09,20.233
1990-09-10,20.231
1990-09-11,20.223
1990-09-12,20.229
1990-09-13,20.220
1990-09-14,20.219
1990-09-15,20.222
1990-09-16,20.221
1990-09-17,20.220
1990-09-18,20.217
1990-09-19,20.221
1990-09-20,20.219
1990-09-21,20.229
1990-09-22,20.241
1990-09-23,20.243
1990-09-24,20.249
1990-09-25,20.248
1990-09-26,20.259
1990-09-27,20.267
1990-09-28,20.276
1990-09-29,20.284
1990-09-30,20.279
1990-10-01,20.276
1990-10-02,20.281
1990-10-03,20.283
1990-10-04,20.283
1990-10-05,20.284
1990-10-06,20.282
1990-10-07,20.276
1990-10-08,20.265
1990-10-09,20.264
1990-10-10,20.259
1990-10-11,20.266
1990-10-12,20.269
1990-10-13,20.265
1990-10-14,20.273
1990-10-15,20.272
1990-10-16,20.273
1990-10-17,20.271
1990-10-18,20.272
1990-10-19,20.262
1990-10-20,20.254
1990-10-21,20.259
1990-10-22,20.251
1990-10-23,20.261
1990-10-24,20.261
1990-10-25,20.248
1990-10-26,20.249
1990-10-27,20.237
1990-10-28,20.226
1990-10-29,20.219
1990-10-30,20.209
1990-10-31,20.211
1990-11-01,20.211
1990-11-02,20.211
1990-11-03,20.208
1990-11-04,20.200
1990-11-05,20.194
1990-11-06,20.192
1990-11-07,20.183
1990-11-08,20.178
1990-11-09,20.166
1990-11-10,20.160
1990-11-11,20.149
1990-11-12,20.138
1990-11-13,20.140
1990-11-14,20.138
1990-11-15,20.138
1990-11-16,20.132
1990-11-17,20.137
1990-11-18,20.148
1990-11-19,20.152
1990-11-20,20.160
1990-11-21,20.155
1990-11-22,20.156
1990-11-23,20.164
1990-11-24,20.167
1990-11-25,20.178
1990-11-26,20.175
1990-11-27,20.174
1990-11-28,20.177
1990-11-29,20.184
1990-11-30,20.194
1990-12-01,20.195
1990-12-02,20.204
1990-12-03,20.202
1990-12-04,20.212
1990-12-05,20.210
1990-12-06,20.213
1990-12-07,20.216
1990-12-08,20.225
1990-12-09,20.220
1990-12-10,20.227
1990-12-11,20.233
1990-12-12,20.226
1990-12-13,20.232
1990-12-14,20.225
1990-12-15,20.231
1990-12-16,20.226
1990-12-17,20.219
1990-12-18,20.224
1990-12-19,20.233
1990-12-20,20.237
1990-12-21,20.241
1990-12-22,20.251
1990-12-23,20.252
1990-12-24,20.254
1990-12-25,20.253
1990-12-26,20.263
1990-12-27,20.250
1990-12-28,20.251
1990-12-29,20.259
1990-12-30,20.269
1990-12-31,20.277
1991-01-01,20.278
1991-01-02,20.300
1991-01-03,20.310
1991-01-04,20.315
1991-01-05,20.318
1991-01-06,20.328
1991-01-07,20.338
1991-01-08,20.341
1991-01-09,20.346
1991-01-10,20.358
1991-01-11,20.371
1991-01-12,20.377
1991-01-13,20.379
1991-01-14,20.385
1991-01-15,20.386
1991-01-16,20.396
1991-01-17,20.400
1991-01-18,20.410
1991-01-19,20.415
1991-01-20,20.418
1991-01-21,20.434
1991-01-22,20.433
1991-01-23,20.436
1991-01-24,20.432
1991-01-25,20.429
1991-01-26,20.424
1991-01-27,20.415
1991-01-28,20.397
1991-01-29,20.376
1991-01-30,20.388
1991-01-31,20.394
1991-02-01,20.411
1991-02-02,20.410
1991-02-03,20.411
1991-02-04,20.401
1991-02-05,20.402
1991-02-06,20.403
1991-02-07,20.426
1991-02-08,20.443
1991-02-09,20.459
1991-02-10,20.482
1991-02-11,20.494
1991-02-12,20.507
1991-02-13,20.509
1991-02-14,20.513
1991-02-15,20.501
1991-02-16,20.480
1991-02-17,20.482
1991-02-18,20.482
1991-02-19,20.492
1991-02-20,20.487
1991-02-21,20.467
1991-02-22,20.462
1991-02-23,20.471
1991-02-24,20.474
1991-02-25,20.477
1991-02-26,20.475
1991-02-27,20.483
1991-02-28,20.479
1991-03-01,20.483
1991-03-02,20.489
1991-03-03,20.490
1991-03-04,20.499
1991-03-05,20.490
1991-03-06,20.486
1991-03-07,20.477
1991-03-08,20.473
1991-03-09,20.470
1991-03-10,20.472
1991-03-11,20.465
1991-03-12,20.461
1991-03-13,20.467
1991-03-14,20.473
1991-03-15,20.484
1991-03-16,20.484
1991-03-17,20.486
1991-03-18,20.497
1991-03-19,20.508
1991-03-20,20.508
1991-03-21,20.517
1991-03-22,20.520
1991-03-23,20.511
1991-03-24,20.519
1991-03-25,20.517
1991-03-26,20.517
1991-03-27,20.520
1991-03-28,20.518
1991-03-29,20.523
1991-03-30,20.519
1991-03-31,20.532
1991-04-01,20.538
1991-04-02,20.548
1991-04-03,20.538
1991-04-04,20.543
1991-04-05,20.540
1991-04-06,20.535
1991-04-07,20.540
1991-04-08,20.533
1991-04-09,20.544
1991-04-10,20.539
1991-04-11,20.538
1991-04-12,20.528
1991-04-13,20.514
1991-04-14,20.522
1991-04-15,20.523
1991-04-16,20.526
1991-04-17,20.524
1991-04-18,20.510
1991-04-19,20.505
1991-04-20,20.498
1991-04-21,20.490
1991-04-22,20.485
1991-04-23,20.477
1991-04-24,20.477
1991-04-25,20.473
1991-04-26,20.470
1991-04-27,20.468
1991-04-28,20.469
1991-04-29,20.471
1991-04-30,20.456
1991-05-01,20.455
1991-05-02,20.456
1991-05-03,20.449
1991-05-04,20.434
1991-05-05,20.426
1991-05-06,20.416
1991-05-07,20.419
1991-05-08,20.415
1991-05-09,20.416
1991-05-10,20.407
1991-05-11,20.407
1991-05-12,20.406
1991-05-13,20.407
1991-05-14,20.396
1991-05-15,20.398
1991-05-16,20.389
1991-05-17,20.382
1991-05-18,20.375
1991-05-19,20.366
1991-05-20,20.353
1991-05-21,20.344
1991-05-22,20.326
1991-05-23,20.315
1991-05-24,20.306
1991-05-25,20.306
1991-05-26,20.316
1991-05-27,20.349
1991-05-28,20.366
1991-05-29,20.366
1991-05-30,20.360
1991-05-31,20.354
1991-06-01,20.351
1991-06-02,20.346
1991-06-03,20.339
1991-06-04,20.338
1991-06-05,20.340
1991-06-06,20.329
1991-06-07,20.314
1991-06-08,20.306
1991-06-09,20.296
1991-06-10,20.291
1991-06-11,20.284
1991-06-12,20.285
1991-06-13,20.291
1991-06-14,20.288
1991-06-15,20.293
1991-06-16,20.283
1991-06-17,20.283
1991-06-18,20.278
1991-06-19,20.281
1991-06-20,20.277
1991-06-21,20.287
1991-06-22,20.286
1991-06-23,20.283
1991-06-24,20.284
1991-06-25,20.280
1991-06-26,20.273
1991-06-27,20.280
1991-06-28,20.277
1991-06-29,20.276
1991-06-30,20.271
1991-07-01,20.276
1991-07-02,20.272
1991-07-03,20.279
1991-07-04,20.274
1991-07-05,20.278
1991-07-06,20.271
1991-07-07,20.280
1991-07-08,20.272
1991-07-09,20.271
1991-07-10,20.262
1991-07-11,20.252
1991-07-12,20.248
1991-07-13,20.247
1991-07-14,20.253
1991-07-15,20.247
1991-07-16,20.245
1991-07-17,20.250
1991-07-18,20.251
1991-07-19,20.244
1991-07-20,20.246
1991-07-21,20.247
1991-07-22,20.245
1991-07-23,20.249
1991-07-24,20.247
1991-07-25,20.253
1991-07-26,20.256
1991-07-27,20.246
1991-07-28,20.232
1991-07-29,20.242
1991-07-30,20.240
1991-07-31,20.234
1991-08-01,20.241
1991-08-02,20.234
1991-08-03,20.230
1991-08-04,20.235
1991-08-05,20.228
1991-08-06,20.220
1991-08-07,20.229
1991-08-08,20.232
1991-08-09,20.235
1991-08-10,20.239
1991-08-11,20.234
1991-08-12,20.239
1991-08-13,20.241
1991-08-14,20.236
1991-08-15,20.244
1991-08-16,20.258
1991-08-17,20.266
1991-08-18,20.271
1991-08-19,20.258
1991-08-20,20.264
1991-08-21,20.264
1991-08-22,20.278
1991-08-23,20.281
1991-08-24,20.279
1991-08-25,20.278
1991-08-26,20.277
1991-08-27,20.273
1991-08-28,20.277
1991-08-29,20.273
1991-08-30,20.276
1991-08-31,20.276
1991-09-01,20.277
1991-09-02,20.273
1991-09-03,20.270
1991-09-04,20.260
1991-09-05,20.247
1991-09-06,20.245
1991-09-07,20.234
1991-09-08,20.221
1991-09-09,20.218
1991-09-10,20.215
1991-09-11,20.200
1991-09-12,20.202
1991-09-13,20.187
1991-09-14,20.183
1991-09-15,20.176
1991-09-16,20.169
1991-09-17,20.162
1991-09-18,20.161
1991-09-19,20.146
1991-09-20,20.141
1991-09-21,20.135
1991-09-22,20.126
1991-09-23,20.124
1991-09-24,20.117
1991-09-25,20.108
1991-09-26,20.102
1991-09-27,20.096
1991-09-28,20.085
1991-09-29,20.083
1991-09-30,20.075
1991-10-01,20.069
1991-10-02,20.068
1991-10-03,20.061
1991-10-04,20.054
1991-10-05,20.057
1991-10-06,20.049
1991-10-07,20.051
1991-10-08,20.036
1991-10-09,20.029
1991-10-10,20.032
1991-10-11,20.029
1991-10-12,20.011
1991-10-13,20.002
1991-10-14,20.001
1991-10-15,19.990
1991-10-16,19.980
1991-10-17,19.979
1991-10-18,19.983
1991-10-19,19.978
1991-10-20,19.977
1991-10-21,19.972
1991-10-22,19.973
1991-10-23,19.977
1991-10-24,19.968
1991-10-25,19.972
1991-10-26,19.976
1991-10-27,19.974
1991-10-28,19.968
1991-10-29,19.950
1991-10-30,19.952
1991-10-31,19.954
1991-11-01,19.961
1991-11-02,19.965
1991-11-03,19.962
1991-11-04,19.967
1991-11-05,19.951
1991-11-06,19.955
1991-11-07,19.963
1991-11-08,19.960
1991-11-09,19.967
1991-11-10,19.963
1991-11-11,19.970
1991-11-12,19.973
1991-11-13,19.965
1991-11-14,19.967
1991-11-15,19.969
1991-11-16,19.961
1991-11-17,19.961
1991-11-18,19.964
1991-11-19,19.961
1991-11-20,19.959
1991-11-21,19.955
1991-11-22,19.956
1991-11-23,19.949
1991-11-24,19.951
1991-11-25,19.947
1991-11-26,19.950
1991-11-27,19.948
1991-11-28,19.949
1991-11-29,19.955
1991-11-30,19.963
1991-12-01,19.974
1991-12-02,19.986
1991-12-03,19.987
1991-12-04,19.981
1991-12-05,19.988
1991-12-06,19.989
1991-12-07,19.994
1991-12-08,19.997
1991-12-09,20.000
1991-12-10,20.005
1991-12-11,19.994
1991-12-12,19.985
1991-12-13,19.985
1991-12-14,19.985
1991-12-15,19.995
1991-12-16,20.007
1991-12-17,20.008
1991-12-18,20.023
1991-12-19,20.035
1991-12-20,20.040
1991-12-21,20.046
1991-12-22,20.053
1991-12-23,20.070
1991-12-24,20.076
1991-12-25,20.091
1991-12-26,20.101
1991-12-27,20.111
1991-12-28,20.122
1991-12-29,20.131
1991-12-30,20.126
1991-12-31,20.124
1992-01-01,20.129
1992-01-02,20.138
1992-01-03,20.149
1992-01-04,20.145
1992-01-05,20.152
1992-01-06,20.153
1992-01-07,20.144
1992-01-08,20.152
1992-01-09,20.148
1992-01-10,20.151
1992-01-11,20.144
1992-01-12,20.143
1992-01-13,20.142
1992-01-14,20.141
1992-01-15,20.135
1992-01-16,20.148
1992-01-17,20.164
1992-01-18,20.168
1992-01-19,20.181
1992-01-20,20.186
1992-01-21,20.192
1992-01-22,20.200
1992-01-23,20.221
1992-01-24,20.230
1992-01-25,20.253
1992-01-26,20.268
1992-01-27,20.289
1992-01-28,20.321
1992-01-29,20.335
1992-01-30,20.343
1992-01-31,20.360
1992-02-01,20.366
1992-02-02,20.374
1992-02-03,20.368
1992-02-04,20.372
1992-02-05,20.378
1992-02-06,20.376
1992-02-07,20.375
1992-02-08,20.380
1992-02-09,20.390
1992-02-10,20.391
1992-02-11,20.380
1992-02-12,20.373
1992-02-13,20.374
1992-02-14,20.374
1992-02-15,20.372
1992-02-16,20.373
1992-02-17,20.372
1992-02-18,20.377
1992-02-19,20.385
1992-02-20,20.395
1992-02-21,20.395
1992-02-22,20.388
1992-02-23,20.387
1992-02-24,20.383
1992-02-25,20.374
1992-02-26,20.365
1992-02-27,20.360
1992-02-28,20.359
1992-02-29,20.360
1992-03-01,20.364
1992-03-02,20.368
1992-03-03,20.359
1992-03-04,20.361
1992-03-05,20.365
1992-03-06,20.367
1992-03-07,20.372
1992-03-08,20.377
1992-03-09,20.387
1992-03-10,20.389
1992-03-11,20.391
1992-03-12,20.386
1992-03-13,20.384
1992-03-14,20.383
1992-03-15,20.394
1992-03-16,20.397
1992-03-17,20.397
1992-03-18,20.405
1992-03-19,20.402
1992-03-20,20.413
1992-03-21,20.412
1992-03-22,20.418
1992-03-23,20.413
1992-03-24,20.411
1992-03-25,20.419
1992-03-26,20.418
1992-03-27,20.412
1992-03-28,20.408
1992-03-29,20.408
1992-03-30,20.412
1992-03-31,20.406
1992-04-01,20.401
1992-04-02,20.401
1992-04-03,20.395
1992-04-04,20.395
1992-04-05,20.393
1992-04-06,20.374
1992-04-07,20.374
1992-04-08,20.369
1992-04-09,20.367
1992-04-10,20.371
1992-04-11,20.372
1992-04-12,20.374
1992-04-13,20.377
1992-04-14,20.372
1992-04-15,20.378
1992-04-16,20.369
1992-04-17,20.361
1992-04-18,20.363
1992-04-19,20.360
1992-04-20,20.357
1992-04-21,20.347
1992-04-22,20.333
1992-04-23,20.335
1992-04-24,20.330
1992-04-25,20.334
1992-04-26,20.340
1992-04-27,20.337
1992-04-28,20.339
1992-04-29,20.328
1992-04-30,20.317
1992-05-01,20.313
1992-05-02,20.312
1992-05-03,20.315
1992-05-04,20.315
1992-05-05,20.323
1992-05-06,20.319
1992-05-07,20.311
1992-05-08,20.309
1992-05-09,20.305
1992-05-10,20.309
1992-05-11,20.316
1992-05-12,20.318
1992-05-13,20.327
1992-05-14,20.323
1992-05-15,20.328
1992-05-16,20.326
1992-05-17,20.327
1992-05-18,20.330
1992-05-19,20.324
1992-05-20,20.318
1992-05-21,20.322
1992-05-22,20.325
1992-05-23,20.318
1992-05-24,20.315
1992-05-25,20.319
1992-05-26,20.315
1992-05-27,20.322
1992-05-28,20.329
1992-05-29,20.332
1992-05-30,20.328
1992-05-31,20.329
1992-06-01,20.330
1992-06-02,20.324
1992-06-03,20.319
1992-06-04,20.318
1992-06-05,20.317
1992-06-06,20.310
1992-06-07,20.300
1992-06-08,20.295
1992-06-09,20.288
1992-06-10,20.280
1992-06-11,20.261
1992-06-12,20.253
1992-06-13,20.251
1992-06-14,20.247
1992-06-15,20.255
1992-06-16,20.234
1992-06-17,20.224
1992-06-18,20.212
1992-06-19,20.203
1992-06-20,20.198
1992-06-21,20.192
1992-06-22,20.187
1992-06-23,20.196
1992-06-24,20.196
1992-06-25,20.218
1992-06-26,20.229
1992-06-27,20.227
1992-06-28,20.205
1992-06-29,20.194
1992-06-30,20.192
1992-07-01,20.189
1992-07-02,20.178
1992-07-03,20.178
1992-07-04,20.183
1992-07-05,20.190
1992-07-06,20.190
1992-07-07,20.195
1992-07-08,20.188
1992-07-09,20.185
1992-07-10,20.180
1992-07-11,20.172
1992-07-12,20.159
1992-07-13,20.155
1992-07-14,20.152
1992-07-15,20.148
1992-07-16,20.145
1992-07-17,20.142
1992-07-18,20.138
1992-07-19,20.144
1992-07-20,20.157
1992-07-21,20.161
1992-07-22,20.156
1992-07-23,20.143
1992-07-24,20.127
1992-07-25,20.121
1992-07-26,20.121
1992-07-27,20.119
1992-07-28,20.129
1992-07-29,20.129
1992-07-30,20.134
1992-07-31,20.136
1992-08-01,20.129
1992-08-02,20.121
1992-08-03,20.123
1992-08-04,20.130
1992-08-05,20.135
1992-08-06,20.134
1992-08-07,20.139
1992-08-08,20.136
1992-08-09,20.141
1992-08-10,20.138
1992-08-11,20.127
1992-08-12,20.128
1992-08-13,20.134
1992-08-14,20.144
1992-08-15,20.143
1992-08-16,20.140
1992-08-17,20.140
1992-08-18,20.141
1992-08-19,20.133
1992-08-20,20.131
1992-08-21,20.133
1992-08-22,20.124
1992-08-23,20.125
1992-08-24,20.131
1992-08-25,20.144
1992-08-26,20.142
1992-08-27,20.140
1992-08-28,20.142
1992-08-29,20.142
1992-08-30,20.141
1992-08-31,20.128
1992-09-01,20.117
1992-09-02,20.112
1992-09-03,20.111
1992-09-04,20.110
1992-09-05,20.105
1992-09-06,20.104
1992-09-07,20.101
1992-09-08,20.099
1992-09-09,20.103
1992-09-10,20.098
1992-09-11,20.087
1992-09-12,20.078
1992-09-13,20.077
1992-09-14,20.075
1992-09-15,20.074
1992-09-16,20.070
1992-09-17,20.059
1992-09-18,20.055
1992-09-19,20.040
1992-09-20,20.039
1992-09-21,20.032
1992-09-22,20.022
1992-09-23,20.017
1992-09-24,20.007
1992-09-25,19.992
1992-09-26,19.983
1992-09-27,19.983
1992-09-28,19.977
1992-09-29,19.978
1992-09-30,19.977
1992-10-01,19.971
1992-10-02,19.965
1992-10-03,19.956
1992-10-04,19.953
1992-10-05,19.946
1992-10-06,19.943
1992-10-07,19.940
1992-10-08,19.926
1992-10-09,19.921
1992-10-10,19.914
1992-10-11,19.907
1992-10-12,19.904
1992-10-13,19.900
1992-10-14,19.892
1992-10-15,19.890
1992-10-16,19.892
1992-10-17,19.886
1992-10-18,19.886
1992-10-19,19.880
1992-10-20,19.882
1992-10-21,19.874
1992-10-22,19.876
1992-10-23,19.860
1992-10-24,19.866
1992-10-25,19.857
1992-10-26,19.863
1992-10-27,19.865
1992-10-28,19.858
1992-10-29,19.853
1992-10-30,19.854
1992-10-31,19.852
1992-11-01,19.849
1992-11-02,19.851
1992-11-03,19.858
1992-11-04,19.860
1992-11-05,19.866
1992-11-06,19.880
1992-11-07,19.874
1992-11-08,19.872
1992-11-09,19.870
1992-11-10,19.871
1992-11-11,19.869
1992-11-12,19.873
1992-11-13,19.869
1992-11-14,19.877
1992-11-15,19.866
1992-11-16,19.866
1992-11-17,19.865
1992-11-18,19.869
1992-11-19,19.867
1992-11-20,19.867
1992-11-21,19.878
1992-11-22,19.879
1992-11-23,19.889
1992-11-24,19.896
1992-11-25,19.888
1992-11-26,19.888
1992-11-27,19.893
1992-11-28,19.887
1992-11-29,19.896
1992-11-30,19.892
1992-12-01,19.890
1992-12-02,19.894
1992-12-03,19.899
1992-12-04,19.902
1992-12-05,19.911
1992-12-06,19.921
1992-12-07,19.926
1992-12-08,19.934
1992-12-09,19.940
1992-12-10,19.943
1992-12-11,19.936
1992-12-12,19.927
1992-12-13,19.922
1992-12-14,19.916
1992-12-15,19.910
1992-12-16,19.913
1992-12-17,19.921
1992-12-18,19.919
1992-12-19,19.921
1992-12-20,19.936
1992-12-21,19.937
1992-12-22,19.947
1992-12-23,19.961
1992-12-24,19.960
1992-12-25,19.960
1992-12-26,19.966
1992-12-27,19.973
1992-12-28,19.978
1992-12-29,19.986
1992-12-30,19.995
1992-12-31,19.999
1993-01-01,20.005
1993-01-02,20.019
1993-01-03,20.019
1993-01-04,20.031
1993-01-05,20.052
1993-01-06,20.077
1993-01-07,20.090
1993-01-08,20.102
1993-01-09,20.114
1993-01-10,20.131
1993-01-11,20.143
1993-01-12,20.165
1993-01-13,20.174
1993-01-14,20.188
1993-01-15,20.189
1993-01-16,20.201
1993-01-17,20.207
1993-01-18,20.208
1993-01-19,20.220
1993-01-20,20.236
1993-01-21,20.236
1993-01-22,20.244
1993-01-23,20.241
1993-01-24,20.249
1993-01-25,20.245
1993-01-26,20.248
1993-01-27,20.250
1993-01-28,20.251
1993-01-29,20.262
1993-01-30,20.259
1993-01-31,20.264
1993-02-01,20.262
1993-02-02,20.262
1993-02-03,20.265
1993-02-04,20.258
1993-02-05,20.257
1993-02-06,20.258
1993-02-07,20.251
1993-02-08,20.243
1993-02-09,20.245
1993-02-10,20.264
1993-02-11,20.281
1993-02-12,20.294
1993-02-13,20.307
1993-02-14,20.312
1993-02-15,20.306
1993-02-16,20.316
1993-02-17,20.328
1993-02-18,20.331
1993-02-19,20.339
1993-02-20,20.334
1993-02-21,20.336
1993-02-22,20.346
1993-02-23,20.342
1993-02-24,20.346
1993-02-25,20.342
1993-02-26,20.341
1993-02-27,20.337
1993-02-28,20.343
1993-03-01,20.339
1993-03-02,20.334
1993-03-03,20.340
1993-03-04,20.336
1993-03-05,20.340
1993-03-06,20.343
1993-03-07,20.345
1993-03-08,20.345
1993-03-09,20.349
1993-03-10,20.363
1993-03-11,20.368
1993-03-12,20.376
1993-03-13,20.385
1993-03-14,20.376
1993-03-15,20.378
1993-03-16,20.384
1993-03-17,20.383
1993-03-18,20.383
1993-03-19,20.389
1993-03-20,20.383
1993-03-21,20.381
1993-03-22,20.393
1993-03-23,20.390
1993-03-24,20.391
1993-03-25,20.391
1993-03-26,20.389
1993-03-27,20.394
1993-03-28,20.395
1993-03-29,20.388
1993-03-30,20.374
1993-03-31,20.375
1993-04-01,20.367
1993-04-02,20.361
1993-04-03,20.346
1993-04-04,20.337
1993-04-05,20.333
1993-04-06,20.319
1993-04-07,20.316
1993-04-08,20.312
1993-04-09,20.322
1993-04-10,20.330
1993-04-11,20.337
1993-04-12,20.343
1993-04-13,20.354
1993-04-14,20.353
1993-04-15,20.360
1993-04-16,20.353
1993-04-17,20.349
1993-04-18,20.337
1993-04-19,20.335
1993-04-20,20.328
1993-04-21,20.324
1993-04-22,20.324
1993-04-23,20.316
1993-04-24,20.307
1993-04-25,20.300
1993-04-26,20.299
1993-04-27,20.302
1993-04-28,20.304
1993-04-29,20.300
1993-04-30,20.304
1993-05-01,20.307
1993-05-02,20.302
1993-05-03,20.303
1993-05-04,20.303
1993-05-05,20.301
1993-05-06,20.302
1993-05-07,20.300
1993-05-08,20.304
1993-05-09,20.303
1993-05-10,20.302
1993-05-11,20.305
1993-05-12,20.313
1993-05-13,20.326
1993-05-14,20.325
1993-05-15,20.320
1993-05-16,20.320
1993-05-17,20.307
1993-05-18,20.316
1993-05-19,20.320
1993-05-20,20.325
1993-05-21,20.315
1993-05-22,20.312
1993-05-23,20.312
1993-05-24,20.303
1993-05-25,20.295
1993-05-26,20.281
1993-05-27,20.284
1993-05-28,20.280
1993-05-29,20.271
1993-05-30,20.271
1993-05-31,20.269
1993-06-01,20.274
1993-06-02,20.266
1993-06-03,20.245
1993-06-04,20.222
1993-06-05,20.215
1993-06-06,20.203
1993-06-07,20.199
1993-06-08,20.198
1993-06-09,20.191
1993-06-10,20.200
1993-06-11,20.213
1993-06-12,20.212
1993-06-13,20.218
1993-06-14,20.215
1993-06-15,20.205
1993-06-16,20.193
1993-06-17,20.174
1993-06-18,20.165
1993-06-19,20.160
1993-06-20,20.157
1993-06-21,20.158
1993-06-22,20.161
1993-06-23,20.157
1993-06-24,20.158
1993-06-25,20.150
1993-06-26,20.145
1993-06-27,20.142
1993-06-28,20.141
1993-06-29,20.130
1993-06-30,20.130
1993-07-01,20.134
1993-07-02,20.134
1993-07-03,20.134
1993-07-04,20.142
1993-07-05,20.136
1993-07-06,20.143
1993-07-07,20.140
1993-07-08,20.138
1993-07-09,20.139
1993-07-10,20.138
1993-07-11,20.129
1993-07-12,20.132
1993-07-13,20.129
1993-07-14,20.129
1993-07-15,20.130
1993-07-16,20.125
1993-07-17,20.127
1993-07-18,20.133
1993-07-19,20.122
1993-07-20,20.120
1993-07-21,20.126
1993-07-22,20.120
1993-07-23,20.120
1993-07-24,20.125
1993-07-25,20.126
1993-07-26,20.127
1993-07-27,20.128
1993-07-28,20.126
1993-07-29,20.136
1993-07-30,20.134
1993-07-31,20.144
1993-08-01,20.147
1993-08-02,20.156
1993-08-03,20.167
1993-08-04,20.169
1993-08-05,20.174
1993-08-06,20.187
1993-08-07,20.195
1993-08-08,20.196
1993-08-09,20.197
1993-08-10,20.196
1993-08-11,20.194
1993-08-12,20.190
1993-08-13,20.193
1993-08-14,20.193
1993-08-15,20.188
1993-08-16,20.181
1993-08-17,20.177
1993-08-18,20.183
1993-08-19,20.186
1993-08-20,20.194
1993-08-21,20.199
1993-08-22,20.198
1993-08-23,20.190
1993-08-24,20.196
1993-08-25,20.200
1993-08-26,20.210
1993-08-27,20.215
1993-08-28,20.212
1993-08-29,20.212
1993-08-30,20.212
1993-08-31,20.212
1993-09-01,20.200
1993-09-02,20.181
1993-09-03,20.179
1993-09-04,20.165
1993-09-05,20.155
1993-09-06,20.152
1993-09-07,20.141
1993-09-08,20.132
1993-09-09,20.121
1993-09-10,20.115
1993-09-11,20.117
1993-09-12,20.106
1993-09-13,20.110
1993-09-14,20.108
1993-09-15,20.114
1993-09-16,20.124
1993-09-17,20.127
1993-09-18,20.130
1993-09-19,20.124
1993-09-20,20.110
1993-09-21,20.109
1993-09-22,20.104
1993-09-23,20.096
1993-09-24,20.093
1993-09-25,20.087
1993-09-26,20.087
1993-09-27,20.087
1993-09-28,20.093
1993-09-29,20.081
1993-09-30,20.074
1993-10-01,20.066
1993-10-02,20.054
1993-10-03,20.037
1993-10-04,20.032
1993-10-05,20.020
1993-10-06,20.012
1993-10-07,20.004
1993-10-08,20.009
1993-10-09,20.016
1993-10-10,20.016
1993-10-11,20.016
1993-10-12,20.008
1993-10-13,20.003
1993-10-14,20.000
1993-10-15,19.997
1993-10-16,19.990
1993-10-17,19.997
1993-10-18,20.000
1993-10-19,20.002
1993-10-20,19.993
1993-10-21,19.988
1993-10-22,19.989
1993-10-23,19.982
1993-10-24,19.982
1993-10-25,19.987
1993-10-26,19.986
1993-10-27,19.986
1993-10-28,19.989
1993-10-29,19.985
1993-10-30,19.978
1993-10-31,19.967
1993-11-01,19.964
1993-11-02,19.961
1993-11-03,19.947
1993-11-04,19.948
1993-11-05,19.949
1993-11-06,19.947
1993-11-07,19.950
1993-11-08,19.954
1993-11-09,19.967
1993-11-10,19.969
1993-11-11,19.970
1993-11-12,19.963
1993-11-13,19.960
1993-11-14,19.963
1993-11-15,19.961
1993-11-16,19.980
1993-11-17,19.977
1993-11-18,19.980
1993-11-19,19.987
1993-11-20,19.987
1993-11-21,19.988
1993-11-22,19.988
1993-11-23,19.979
1993-11-24,19.979
1993-11-25,19.975
1993-11-26,19.965
1993-11-27,19.967
1993-11-28,19.964
1993-11-29,19.962
1993-11-30,19.955
1993-12-01,19.967
1993-12-02,19.966
1993-12-03,19.967
1993-12-04,19.961
1993-12-05,19.966
1993-12-06,19.961
1993-12-07,19.959
1993-12-08,19.952
1993-12-09,19.950
1993-12-10,19.949
1993-12-11,19.935
1993-12-12,19.934
1993-12-13,19.930
1993-12-14,19.933
1993-12-15,19.945
1993-12-16,19.952
1993-12-17,19.968
1993-12-18,19.979
1993-12-19,19.985
1993-12-20,19.985
1993-12-21,19.985
1993-12-22,19.996
1993-12-23,20.007
1993-12-24,20.022
1993-12-25,20.027
1993-12-26,20.029
1993-12-27,20.031
1993-12-28,20.043
1993-12-29,20.059
1993-12-30,20.065
1993-12-31,20.066
1994-01-01,20.077
1994-01-02,20.086
1994-01-03,20.097
1994-01-04,20.107
1994-01-05,20.114
1994-01-06,20.118
1994-01-07,20.127
1994-01-08,20.130
1994-01-09,20.139
1994-01-10,20.149
1994-01-11,20.156
1994-01-12,20.173
1994-01-13,20.186
1994-01-14,20.193
1994-01-15,20.195
1994-01-16,20.209
1994-01-17,20.221
1994-01-18,20.217
1994-01-19,20.216
1994-01-20,20.220
1994-01-21,20.215
1994-01-22,20.207
1994-01-23,20.211
1994-01-24,20.206
1994-01-25,20.198
1994-01-26,20.196
1994-01-27,20.199
1994-01-28,20.199
1994-01-29,20.209
1994-01-30,20.213
1994-01-31,20.221
1994-02-01,20.228
1994-02-02,20.225
1994-02-03,20.240
1994-02-04,20.251
1994-02-05,20.248
1994-02-06,20.255
1994-02-07,20.248
1994-02-08,20.245
1994-02-09,20.247
1994-02-10,20.242
1994-02-11,20.234
1994-02-12,20.243
1994-02-13,20.250
1994-02-14,20.243
1994-02-15,20.246
1994-02-16,20.240
1994-02-17,20.253
1994-02-18,20.253
1994-02-19,20.250
1994-02-20,20.259
1994-02-21,20.264
1994-02-22,20.262
1994-02-23,20.277
1994-02-24,20.287
1994-02-25,20.288
1994-02-26,20.294
1994-02-27,20.305
1994-02-28,20.318
1994-03-01,20.321
1994-03-02,20.315
1994-03-03,20.319
1994-03-04,20.328
1994-03-05,20.338
1994-03-06,20.350
1994-03-07,20.365
1994-03-08,20.368
1994-03-09,20.367
1994-03-10,20.370
1994-03-11,20.382
1994-03-12,20.385
1994-03-13,20.390
1994-03-14,20.388
1994-03-15,20.399
1994-03-16,20.401
1994-03-17,20.398
1994-03-18,20.394
1994-03-19,20.391
1994-03-20,20.392
1994-03-21,20.380
1994-03-22,20.382
1994-03-23,20.382
1994-03-24,20.375
1994-03-25,20.354
1994-03-26,20.357
1994-03-27,20.346
1994-03-28,20.347
1994-03-29,20.352
1994-03-30,20.340
1994-03-31,20.341
1994-04-01,20.332
1994-04-02,20.339
1994-04-03,20.342
1994-04-04,20.337
1994-04-05,20.334
1994-04-06,20.330
1994-04-07,20.329
1994-04-08,20.318
1994-04-09,20.302
1994-04-10,20.301
1994-04-11,20.297
1994-04-12,20.293
1994-04-13,20.293
1994-04-14,20.292
1994-04-15,20.287
1994-04-16,20.283
1994-04-17,20.286
1994-04-18,20.284
1994-04-19,20.287
1994-04-20,20.296
1994-04-21,20.300
1994-04-22,20.305
1994-04-23,20.298
1994-04-24,20.289
1994-04-25,20.281
1994-04-26,20.273
1994-04-27,20.272
1994-04-28,20.265
1994-04-29,20.263
1994-04-30,20.258
1994-05-01,20.261
1994-05-02,20.258
1994-05-03,20.253
1994-05-04,20.250
1994-05-05,20.249
1994-05-06,20.260
1994-05-07,20.263
1994-05-08,20.271
1994-05-09,20.274
1994-05-10,20.288
1994-05-11,20.276
1994-05-12,20.263
1994-05-13,20.258
1994-05-14,20.249
1994-05-15,20.252
1994-05-16,20.245
1994-05-17,20.243
1994-05-18,20.242
1994-05-19,20.236
1994-05-20,20.232
1994-05-21,20.224
1994-05-22,20.228
1994-05-23,20.228
1994-05-24,20.225
1994-05-25,20.218
1994-05-26,20.216
1994-05-27,20.212
1994-05-28,20.206
1994-05-29,20.201
1994-05-30,20.200
1994-05-31,20.202
1994-06-01,20.197
1994-06-02,20.188
1994-06-03,20.171
1994-06-04,20.170
1994-06-05,20.162
1994-06-06,20.154
1994-06-07,20.151
1994-06-08,20.148
1994-06-09,20.147
1994-06-10,20.138
1994-06-11,20.133
1994-06-12,20.144
1994-06-13,20.137
1994-06-14,20.133
1994-06-15,20.128
1994-06-16,20.127
1994-06-17,20.120
1994-06-18,20.119
1994-06-19,20.112
1994-06-20,20.105
1994-06-21,20.110
1994-06-22,20.105
1994-06-23,20.108
1994-06-24,20.105
1994-06-25,20.109
1994-06-26,20.108
1994-06-27,20.109
1994-06-28,20.106
1994-06-29,20.110
1994-06-30,20.124
1994-07-01,20.127
1994-07-02,20.134
1994-07-03,20.144
1994-07-04,20.148
1994-07-05,20.153
1994-07-06,20.151
1994-07-07,20.152
1994-07-08,20.152
1994-07-09,20.159
1994-07-10,20.156
1994-07-11,20.159
1994-07-12,20.167
1994-07-13,20.166
1994-07-14,20.177
1994-07-15,20.173
1994-07-16,20.182
1994-07-17,20.179
1994-07-18,20.183
1994-07-19,20.190
1994-07-20,20.190
1994-07-21,20.194
1994-07-22,20.198
1994-07-23,20.204
1994-07-24,20.203
1994-07-25,20.209
1994-07-26,20.220
1994-07-27,20.223
1994-07-28,20.220
1994-07-29,20.219
1994-07-30,20.228
1994-07-31,20.222
1994-08-01,20.213
1994-08-02,20.217
1994-08-03,20.208
1994-08-04,20.197
1994-08-05,20.200
1994-08-06,20.205
1994-08-07,20.205
1994-08-08,20.209
1994-08-09,20.212
1994-08-10,20.213
1994-08-11,20.209
1994-08-12,20.211
1994-08-13,20.212
1994-08-14,20.217
1994-08-15,20.231
1994-08-16,20.236
1994-08-17,20.246
1994-08-18,20.242
1994-08-19,20.232
1994-08-20,20.233
1994-08-21,20.221
1994-08-22,20.212
1994-08-23,20.215
1994-08-24,20.223
1994-08-25,20.234
1994-08-26,20.232
1994-08-27,20.247
1994-08-28,20.254
1994-08-29,20.253
1994-08-30,20.246
1994-08-31,20.240
1994-09-01,20.233
1994-09-02,20.235
1994-09-03,20.236
1994-09-04,20.226
1994-09-05,20.226
1994-09-06,20.212
1994-09-07,20.202
1994-09-08,20.188
1994-09-09,20.186
1994-09-10,20.182
1994-09-11,20.181
1994-09-12,20.176
1994-09-13,20.183
1994-09-14,20.183
1994-09-15,20.188
1994-09-16,20.190
1994-09-17,20.203
1994-09-18,20.207
1994-09-19,20.216
1994-09-20,20.223
1994-09-21,20.227
1994-09-22,20.218
1994-09-23,20.208
1994-09-24,20.214
1994-09-25,20.209
1994-09-26,20.197
1994-09-27,20.197
1994-09-28,20.193
1994-09-29,20.195
1994-09-30,20.204
1994-10-01,20.212
1994-10-02,20.211
1994-10-03,20.218
1994-10-04,20.229
1994-10-05,20.231
1994-10-06,20.245
1994-10-07,20.239
1994-10-08,20.233
1994-10-09,20.232
1994-10-10,20.229
1994-10-11,20.214
1994-10-12,20.217
1994-10-13,20.208
1994-10-14,20.204
1994-10-15,20.198
1994-10-16,20.186
1994-10-17,20.176
1994-10-18,20.169
1994-10-19,20.166
1994-10-20,20.164
1994-10-21,20.159
1994-10-22,20.154
1994-10-23,20.150
1994-10-24,20.148
1994-10-25,20.144
1994-10-26,20.154
1994-10-27,20.151
1994-10-28,20.153
1994-10-29,20.143
1994-10-30,20.144
1994-10-31,20.135
1994-11-01,20.123
1994-11-02,20.113
1994-11-03,20.112
1994-11-04,20.094
1994-11-05,20.083
1994-11-06,20.088
1994-11-07,20.077
1994-11-08,20.064
1994-11-09,20.064
1994-11-10,20.052
1994-11-11,20.055
1994-11-12,20.043
1994-11-13,20.038
1994-11-14,20.040
1994-11-15,20.037
1994-11-16,20.051
1994-11-17,20.057
1994-11-18,20.058
1994-11-19,20.058
1994-11-20,20.061
1994-11-21,20.055
1994-11-22,20.051
1994-11-23,20.050
1994-11-24,20.055
1994-11-25,20.055
1994-11-26,20.064
1994-11-27,20.073
1994-11-28,20.063
1994-11-29,20.071
1994-11-30,20.080
1994-12-01,20.084
1994-12-02,20.092
1994-12-03,20.088
1994-12-04,20.076
1994-12-05,20.078
1994-12-06,20.069
1994-12-07,20.062
1994-12-08,20.059
1994-12-09,20.059
1994-12-10,20.061
1994-12-11,20.066
1994-12-12,20.069
1994-12-13,20.080
1994-12-14,20.094
1994-12-15,20.095
1994-12-16,20.106
1994-12-17,20.104
1994-12-18,20.107
1994-12-19,20.116
1994-12-20,20.113
1994-12-21,20.120
1994-12-22,20.131
1994-12-23,20.129
1994-12-24,20.150
1994-12-25,20.164
1994-12-26,20.175
1994-12-27,20.175
1994-12-28,20.189
1994-12-29,20.189
1994-12-30,20.201
1994-12-31,20.205
1995-01-01,20.213
1995-01-02,20.209
1995-01-03,20.199
1995-01-04,20.198
1995-01-05,20.198
1995-01-06,20.209
1995-01-07,20.215
1995-01-08,20.220
1995-01-09,20.218
1995-01-10,20.238
1995-01-11,20.250
1995-01-12,20.279
1995-01-13,20.291
1995-01-14,20.302
1995-01-15,20.307
1995-01-16,20.315
1995-01-17,20.319
1995-01-18,20.320
1995-01-19,20.328
1995-01-20,20.328
1995-01-21,20.323
1995-01-22,20.311
1995-01-23,20.319
1995-01-24,20.311
1995-01-25,20.304
1995-01-26,20.312
1995-01-27,20.316
1995-01-28,20.324
1995-01-29,20.325
1995-01-30,20.324
1995-01-31,20.330
1995-02-01,20.347
1995-02-02,20.365
1995-02-03,20.387
1995-02-04,20.408
1995-02-05,20.416
1995-02-06,20.412
1995-02-07,20.420
1995-02-08,20.442
1995-02-09,20.452
1995-02-10,20.467
1995-02-11,20.483
1995-02-12,20.496
1995-02-13,20.521
1995-02-14,20.540
1995-02-15,20.545
1995-02-16,20.548
1995-02-17,20.538
1995-02-18,20.536
1995-02-19,20.539
1995-02-20,20.546
1995-02-21,20.545
1995-02-22,20.549
1995-02-23,20.546
1995-02-24,20.546
1995-02-25,20.539
1995-02-26,20.529
1995-02-27,20.528
1995-02-28,20.527
1995-03-01,20.516
1995-03-02,20.519
1995-03-03,20.515
1995-03-04,20.511
1995-03-05,20.497
1995-03-06,20.507
1995-03-07,20.505
1995-03-08,20.504
1995-03-09,20.495
1995-03-10,20.488
1995-03-11,20.492
1995-03-12,20.491
1995-03-13,20.501
1995-03-14,20.509
1995-03-15,20.515
1995-03-16,20.514
1995-03-17,20.512
1995-03-18,20.520
1995-03-19,20.520
1995-03-20,20.524
1995-03-21,20.530
1995-03-22,20.530
1995-03-23,20.540
1995-03-24,20.542
1995-03-25,20.543
1995-03-26,20.541
1995-03-27,20.535
1995-03-28,20.524
1995-03-29,20.516
1995-03-30,20.511
1995-03-31,20.506
1995-04-01,20.510
1995-04-02,20.495
1995-04-03,20.480
1995-04-04,20.469
1995-04-05,20.459
1995-04-06,20.460
1995-04-07,20.467
1995-04-08,20.456
1995-04-09,20.459
1995-04-10,20.460
1995-04-11,20.454
1995-04-12,20.455
1995-04-13,20.462
1995-04-14,20.463
1995-04-15,20.454
1995-04-16,20.446
1995-04-17,20.433
1995-04-18,20.431
1995-04-19,20.423
1995-04-20,20.414
1995-04-21,20.412
1995-04-22,20.406
1995-04-23,20.401
1995-04-24,20.394
1995-04-25,20.391
1995-04-26,20.390
1995-04-27,20.390
1995-04-28,20.389
1995-04-29,20.402
1995-04-30,20.409
1995-05-01,20.404
1995-05-02,20.411
1995-05-03,20.408
1995-05-04,20.398
1995-05-05,20.398
1995-05-06,20.381
1995-05-07,20.364
1995-05-08,20.347
1995-05-09,20.345
1995-05-10,20.333
1995-05-11,20.321
1995-05-12,20.314
1995-05-13,20.301
1995-05-14,20.299
1995-05-15,20.296
1995-05-16,20.286
1995-05-17,20.278
1995-05-18,20.268
1995-05-19,20.284
1995-05-20,20.287
1995-05-21,20.298
1995-05-22,20.288
1995-05-23,20.293
1995-05-24,20.287
1995-05-25,20.293
1995-05-26,20.300
1995-05-27,20.311
1995-05-28,20.303
1995-05-29,20.301
1995-05-30,20.300
1995-05-31,20.307
1995-06-01,20.302
1995-06-02,20.288
1995-06-03,20.279
1995-06-04,20.273
1995-06-05,20.277
1995-06-06,20.273
1995-06-07,20.277
1995-06-08,20.271
1995-06-09,20.265
1995-06-10,20.273
1995-06-11,20.276
1995-06-12,20.274
1995-06-13,20.268
1995-06-14,20.265
1995-06-15,20.261
1995-06-16,20.256
1995-06-17,20.251
1995-06-18,20.256
1995-06-19,20.250
1995-06-20,20.245
1995-06-21,20.242
1995-06-22,20.240
1995-06-23,20.244
1995-06-24,20.246
1995-06-25,20.242
1995-06-26,20.248
1995-06-27,20.252
1995-06-28,20.265
1995-06-29,20.268
1995-06-30,20.283
1995-07-01,20.278
1995-07-02,20.282
1995-07-03,20.276
1995-07-04,20.270
1995-07-05,20.276
1995-07-06,20.279
1995-07-07,20.282
1995-07-08,20.282
1995-07-09,20.284
1995-07-10,20.282
1995-07-11,20.282
1995-07-12,20.295
1995-07-13,20.304
1995-07-14,20.308
1995-07-15,20.311
1995-07-16,20.307
1995-07-17,20.303
1995-07-18,20.306
1995-07-19,20.294
1995-07-20,20.301
1995-07-21,20.297
1995-07-22,20.290
1995-07-23,20.301
1995-07-24,20.300
1995-07-25,20.302
1995-07-26,20.308
1995-07-27,20.313
1995-07-28,20.321
1995-07-29,20.316
1995-07-30,20.307
1995-07-31,20.308
1995-08-01,20.317
1995-08-02,20.315
1995-08-03,20.308
1995-08-04,20.311
1995-08-05,20.307
1995-08-06,20.306
1995-08-07,20.306
1995-08-08,20.297
1995-08-09,20.293
1995-08-10,20.288
1995-08-11,20.277
1995-08-12,20.270
1995-08-13,20.273
1995-08-14,20.279
1995-08-15,20.285
1995-08-16,20.283
1995-08-17,20.295
1995-08-18,20.303
1995-08-19,20.303
1995-08-20,20.316
1995-08-21,20.319
1995-08-22,20.324
1995-08-23,20.324
1995-08-24,20.329
1995-08-25,20.322
1995-08-26,20.308
1995-08-27,20.311
1995-08-28,20.312
1995-08-29,20.306
1995-08-30,20.307
1995-08-31,20.311
1995-09-01,20.321
1995-09-02,20.317
1995-09-03,20.311
1995-09-04,20.298
1995-09-05,20.285
1995-09-06,20.268
1995-09-07,20.251
1995-09-08,20.239
1995-09-09,20.234
1995-09-10,20.229
1995-09-11,20.211
1995-09-12,20.201
1995-09-13,20.199
1995-09-14,20.180
1995-09-15,20.171
1995-09-16,20.159
1995-09-17,20.156
1995-09-18,20.151
1995-09-19,20.144
1995-09-20,20.145
1995-09-21,20.146
1995-09-22,20.156
1995-09-23,20.161
1995-09-24,20.160
1995-09-25,20.167
1995-09-26,20.164
1995-09-27,20.159
1995-09-28,20.145
1995-09-29,20.137
1995-09-30,20.144
1995-10-01,20.138
1995-10-02,20.140
1995-10-03,20.139
1995-10-04,20.134
1995-10-05,20.134
1995-10-06,20.134
1995-10-07,20.130
1995-10-08,20.125
1995-10-09,20.120
1995-10-10,20.121
1995-10-11,20.122
1995-10-12,20.117
1995-10-13,20.116
1995-10-14,20.114
1995-10-15,20.115
1995-10-16,20.114
1995-10-17,20.116
1995-10-18,20.120
1995-10-19,20.116
1995-10-20,20.122
1995-10-21,20.127
1995-10-22,20.124
1995-10-23,20.129
1995-10-24,20.134
1995-10-25,20.129
1995-10-26,20.136
1995-10-27,20.138
1995-10-28,20.144
1995-10-29,20.138
1995-10-30,20.137
1995-10-31,20.128
1995-11-01,20.111
1995-11-02,20.104
1995-11-03,20.099
1995-11-04,20.089
1995-11-05,20.086
1995-11-06,20.083
1995-11-07,20.081
1995-11-08,20.071
1995-11-09,20.066
1995-11-10,20.066
1995-11-11,20.064
1995-11-12,20.067
1995-11-13,20.077
1995-11-14,20.075
1995-11-15,20.075
1995-11-16,20.080
1995-11-17,20.078
1995-11-18,20.067
1995-11-19,20.073
1995-11-20,20.069
1995-11-21,20.072
1995-11-22,20.072
1995-11-23,20.080
1995-11-24,20.075
1995-11-25,20.067
1995-11-26,20.068
1995-11-27,20.062
1995-11-28,20.056
1995-11-29,20.055
1995-11-30,20.064
1995-12-01,20.063
1995-12-02,20.081
1995-12-03,20.083
1995-12-04,20.082
1995-12-05,20.080
1995-12-06,20.084
1995-12-07,20.078
1995-12-08,20.069
1995-12-09,20.064
1995-12-10,20.058
1995-12-11,20.054
1995-12-12,20.057
1995-12-13,20.055
1995-12-14,20.060
1995-12-15,20.059
1995-12-16,20.057
1995-12-17,20.073
1995-12-18,20.081
1995-12-19,20.089
1995-12-20,20.097
1995-12-21,20.099
1995-12-22,20.109
1995-12-23,20.132
1995-12-24,20.132
1995-12-25,20.129
1995-12-26,20.127
1995-12-27,20.144
1995-12-28,20.143
1995-12-29,20.147
1995-12-30,20.146
1995-12-31,20.153
1996-01-01,20.161
1996-01-02,20.165
1996-01-03,20.163
1996-01-04,20.157
1996-01-05,20.169
1996-01-06,20.172
1996-01-07,20.171
1996-01-08,20.180
1996-01-09,20.176
1996-01-10,20.183
1996-01-11,20.187
1996-01-12,20.190
1996-01-13,20.193
1996-01-14,20.202
1996-01-15,20.203
1996-01-16,20.217
1996-01-17,20.221
1996-01-18,20.220
1996-01-19,20.224
1996-01-20,20.236
1996-01-21,20.240
1996-01-22,20.253
1996-01-23,20.250
1996-01-24,20.255
1996-01-25,20.262
1996-01-26,20.266
1996-01-27,20.271
1996-01-28,20.281
1996-01-29,20.293
1996-01-30,20.309
1996-01-31,20.330
1996-02-01,20.331
1996-02-02,20.349
1996-02-03,20.355
1996-02-04,20.361
1996-02-05,20.361
1996-02-06,20.364
1996-02-07,20.367
1996-02-08,20.382
1996-02-09,20.385
1996-02-10,20.393
1996-02-11,20.392
1996-02-12,20.393
1996-02-13,20.395
1996-02-14,20.399
1996-02-15,20.399
1996-02-16,20.399
1996-02-17,20.394
1996-02-18,20.402
1996-02-19,20.410
1996-02-20,20.410
1996-02-21,20.406
1996-02-22,20.412
1996-02-23,20.418
1996-02-24,20.411
1996-02-25,20.408
1996-02-26,20.400
1996-02-27,20.398
1996-02-28,20.392
1996-02-29,20.398
1996-03-01,20.402
1996-03-02,20.404
1996-03-03,20.403
1996-03-04,20.402
1996-03-05,20.406
1996-03-06,20.397
1996-03-07,20.380
1996-03-08,20.370
1996-03-09,20.369
1996-03-10,20.375
1996-03-11,20.368
1996-03-12,20.370
1996-03-13,20.375
1996-03-14,20.370
1996-03-15,20.370
1996-03-16,20.377
1996-03-17,20.377
1996-03-18,20.377
1996-03-19,20.391
1996-03-20,20.392
1996-03-21,20.396
1996-03-22,20.386
1996-03-23,20.387
1996-03-24,20.378
1996-03-25,20.367
1996-03-26,20.355
1996-03-27,20.351
1996-03-28,20.338
1996-03-29,20.343
1996-03-30,20.340
1996-03-31,20.341
1996-04-01,20.336
1996-04-02,20.333
1996-04-03,20.325
1996-04-04,20.315
1996-04-05,20.317
1996-04-06,20.320
1996-04-07,20.327
1996-04-08,20.334
1996-04-09,20.333
1996-04-10,20.320
1996-04-11,20.312
1996-04-12,20.313
1996-04-13,20.317
1996-04-14,20.315
1996-04-15,20.312
1996-04-16,20.304
1996-04-17,20.306
1996-04-18,20.299
1996-04-19,20.293
1996-04-20,20.280
1996-04-21,20.274
1996-04-22,20.260
1996-04-23,20.259
1996-04-24,20.255
1996-04-25,20.251
1996-04-26,20.242
1996-04-27,20.246
1996-04-28,20.241
1996-04-29,20.246
1996-04-30,20.246
1996-05-01,20.246
1996-05-02,20.256
1996-05-03,20.261
1996-05-04,20.286
1996-05-05,20.301
1996-05-06,20.318
1996-05-07,20.336
1996-05-08,20.345
1996-05-09,20.359
1996-05-10,20.368
1996-05-11,20.379
1996-05-12,20.385
1996-05-13,20.394
1996-05-14,20.398
1996-05-15,20.388
1996-05-16,20.391
1996-05-17,20.389
1996-05-18,20.402
1996-05-19,20.403
1996-05-20,20.398
1996-05-21,20.362
1996-05-22,20.340
1996-05-23,20.317
1996-05-24,20.309
1996-05-25,20.301
1996-05-26,20.311
1996-05-27,20.309
1996-05-28,20.298
1996-05-29,20.290
1996-05-30,20.297
1996-05-31,20.301
1996-06-01,20.290
1996-06-02,20.290
1996-06-03,20.286
1996-06-04,20.278
1996-06-05,20.272
1996-06-06,20.265
1996-06-07,20.264
1996-06-08,20.261
1996-06-09,20.271
1996-06-10,20.278
1996-06-11,20.284
1996-06-12,20.276
1996-06-13,20.271
1996-06-14,20.260
1996-06-15,20.262
1996-06-16,20.247
1996-06-17,20.239
1996-06-18,20.226
1996-06-19,20.216
1996-06-20,20.209
1996-06-21,20.206
1996-06-22,20.198
1996-06-23,20.195
1996-06-24,20.199
1996-06-25,20.193
1996-06-26,20.200
1996-06-27,20.204
1996-06-28,20.196
1996-06-29,20.198
1996-06-30,20.195
1996-07-01,20.206
1996-07-02,20.205
1996-07-03,20.201
1996-07-04,20.203
1996-07-05,20.207
1996-07-06,20.213
1996-07-07,20.213
1996-07-08,20.207
1996-07-09,20.212
1996-07-10,20.201
1996-07-11,20.204
1996-07-12,20.204
1996-07-13,20.199
1996-07-14,20.205
1996-07-15,20.206
1996-07-16,20.192
1996-07-17,20.194
1996-07-18,20.190
1996-07-19,20.195
1996-07-20,20.196
1996-07-21,20.207
1996-07-22,20.207
1996-07-23,20.218
1996-07-24,20.226
1996-07-25,20.234
1996-07-26,20.231
1996-07-27,20.240
1996-07-28,20.243
1996-07-29,20.239
1996-07-30,20.238
1996-07-31,20.227
1996-08-01,20.212
1996-08-02,20.211
1996-08-03,20.208
1996-08-04,20.215
1996-08-05,20.225
1996-08-06,20.237
1996-08-07,20.255
1996-08-08,20.275
1996-08-09,20.275
1996-08-10,20.274
1996-08-11,20.277
1996-08-12,20.279
1996-08-13,20.269
1996-08-14,20.265
1996-08-15,20.268
1996-08-16,20.274
1996-08-17,20.277
1996-08-18,20.278
1996-08-19,20.283
1996-08-20,20.278
1996-08-21,20.271
1996-08-22,20.269
1996-08-23,20.264
1996-08-24,20.259
1996-08-25,20.251
1996-08-26,20.250
1996-08-27,20.247
1996-08-28,20.246
1996-08-29,20.247
1996-08-30,20.248
1996-08-31,20.252
1996-09-01,20.262
1996-09-02,20.254
1996-09-03,20.253
1996-09-04,20.253
1996-09-05,20.247
1996-09-06,20.240
1996-09-07,20.237
1996-09-08,20.245
1996-09-09,20.240
1996-09-10,20.233
1996-09-11,20.228
1996-09-12,20.209
1996-09-13,20.211
1996-09-14,20.206
1996-09-15,20.204
1996-09-16,20.195
1996-09-17,20.183
1996-09-18,20.181
1996-09-19,20.172
1996-09-20,20.165
1996-09-21,20.162
1996-09-22,20.162
1996-09-23,20.166
1996-09-24,20.158
1996-09-25,20.156
1996-09-26,20.153
1996-09-27,20.151
1996-09-28,20.143
1996-09-29,20.130
1996-09-30,20.128
1996-10-01,20.119
1996-10-02,20.113
1996-10-03,20.105
1996-10-04,20.103
1996-10-05,20.098
1996-10-06,20.092
1996-10-07,20.094
1996-10-08,20.091
1996-10-09,20.092
1996-10-10,20.084
1996-10-11,20.082
1996-10-12,20.081
1996-10-13,20.072
1996-10-14,20.078
1996-10-15,20.078
1996-10-16,20.080
1996-10-17,20.065
1996-10-18,20.063
1996-10-19,20.062
1996-10-20,20.053
1996-10-21,20.038
1996-10-22,20.034
1996-10-23,20.031
1996-10-24,20.024
1996-10-25,20.016
1996-10-26,20.003
1996-10-27,19.999
1996-10-28,19.998
1996-10-29,20.011
1996-10-30,20.020
1996-10-31,20.023
1996-11-01,20.021
1996-11-02,20.018
1996-11-03,20.016
1996-11-04,20.005
1996-11-05,19.995
1996-11-06,19.988
1996-11-07,19.982
1996-11-08,19.976
1996-11-09,19.977
1996-11-10,19.972
1996-11-11,19.969
1996-11-12,19.960
1996-11-13,19.968
1996-11-14,19.977
1996-11-15,19.979
1996-11-16,19.974
1996-11-17,19.981
1996-11-18,19.988
1996-11-19,19.990
1996-11-20,19.986
1996-11-21,19.982
1996-11-22,19.991
1996-11-23,19.983
1996-11-24,19.980
1996-11-25,19.988
1996-11-26,20.006
1996-11-27,20.009
1996-11-28,20.019
1996-11-29,20.017
1996-11-30,20.021
1996-12-01,20.023
1996-12-02,20.027
1996-12-03,20.034
1996-12-04,20.036
1996-12-05,20.044
1996-12-06,20.036
1996-12-07,20.030
1996-12-08,20.020
1996-12-09,20.012
1996-12-10,20.005
1996-12-11,20.013
1996-12-12,20.024
1996-12-13,20.035
1996-12-14,20.042
1996-12-15,20.044
1996-12-16,20.057
1996-12-17,20.059
1996-12-18,20.055
1996-12-19,20.046
1996-12-20,20.034
1996-12-21,20.034
1996-12-22,20.033
1996-12-23,20.038
1996-12-24,20.044
1996-12-25,20.052
1996-12-26,20.054
1996-12-27,20.045
1996-12-28,20.040
1996-12-29,20.053
1996-12-30,20.073
1996-12-31,20.092
1997-01-01,20.104
1997-01-02,20.100
1997-01-03,20.092
1997-01-04,20.088
1997-01-05,20.092
1997-01-06,20.102
1997-01-07,20.120
1997-01-08,20.140
1997-01-09,20.145
1997-01-10,20.155
1997-01-11,20.164
1997-01-12,20.177
1997-01-13,20.195
1997-01-14,20.214
1997-01-15,20.228
1997-01-16,20.233
1997-01-17,20.231
1997-01-18,20.227
1997-01-19,20.219
1997-01-20,20.216
1997-01-21,20.214
1997-01-22,20.211
1997-01-23,20.213
1997-01-24,20.218
1997-01-25,20.224
1997-01-26,20.224
1997-01-27,20.225
1997-01-28,20.223
1997-01-29,20.224
1997-01-30,20.225
1997-01-31,20.232
1997-02-01,20.242
1997-02-02,20.250
1997-02-03,20.265
1997-02-04,20.277
1997-02-05,20.287
1997-02-06,20.302
1997-02-07,20.317
1997-02-08,20.321
1997-02-09,20.323
1997-02-10,20.328
1997-02-11,20.337
1997-02-12,20.344
1997-02-13,20.350
1997-02-14,20.355
1997-02-15,20.367
1997-02-16,20.376
1997-02-17,20.376
1997-02-18,20.371
1997-02-19,20.367
1997-02-20,20.369
1997-02-21,20.369
1997-02-22,20.372
1997-02-23,20.374
1997-02-24,20.391
1997-02-25,20.397
1997-02-26,20.393
1997-02-27,20.382
1997-02-28,20.383
1997-03-01,20.380
1997-03-02,20.382
1997-03-03,20.396
1997-03-04,20.400
1997-03-05,20.414
1997-03-06,20.420
1997-03-07,20.419
1997-03-08,20.422
1997-03-09,20.419
1997-03-10,20.410
1997-03-11,20.386
1997-03-12,20.375
1997-03-13,20.369
1997-03-14,20.367
1997-03-15,20.380
1997-03-16,20.401
1997-03-17,20.420
1997-03-18,20.437
1997-03-19,20.453
1997-03-20,20.467
1997-03-21,20.477
1997-03-22,20.479
1997-03-23,20.474
1997-03-24,20.463
1997-03-25,20.461
1997-03-26,20.459
1997-03-27,20.464
1997-03-28,20.468
1997-03-29,20.468
1997-03-30,20.474
1997-03-31,20.473
1997-04-01,20.463
1997-04-02,20.458
1997-04-03,20.457
1997-04-04,20.456
1997-04-05,20.453
1997-04-06,20.447
1997-04-07,20.440
1997-04-08,20.430
1997-04-09,20.432
1997-04-10,20.430
1997-04-11,20.432
1997-04-12,20.427
1997-04-13,20.422
1997-04-14,20.420
1997-04-15,20.424
1997-04-16,20.437
1997-04-17,20.442
1997-04-18,20.444
1997-04-19,20.433
1997-04-20,20.422
1997-04-21,20.422
1997-04-22,20.420
1997-04-23,20.418
1997-04-24,20.409
1997-04-25,20.404
1997-04-26,20.393
1997-04-27,20.380
1997-04-28,20.365
1997-04-29,20.354
1997-04-30,20.355
1997-05-01,20.363
1997-05-02,20.360
1997-05-03,20.357
1997-05-04,20.350
1997-05-05,20.341
1997-05-06,20.328
1997-05-07,20.326
1997-05-08,20.331
1997-05-09,20.336
1997-05-10,20.345
1997-05-11,20.346
1997-05-12,20.352
1997-05-13,20.363
1997-05-14,20.382
1997-05-15,20.398
1997-05-16,20.411
1997-05-17,20.412
1997-05-18,20.422
1997-05-19,20.435
1997-05-20,20.448
1997-05-21,20.442
1997-05-22,20.431
1997-05-23,20.415
1997-05-24,20.398
1997-05-25,20.391
1997-05-26,20.388
1997-05-27,20.384
1997-05-28,20.378
1997-05-29,20.369
1997-05-30,20.358
1997-05-31,20.345
1997-06-01,20.339
1997-06-02,20.325
1997-06-03,20.319
1997-06-04,20.321
1997-06-05,20.318
1997-06-06,20.313
1997-06-07,20.319
1997-06-08,20.332
1997-06-09,20.342
1997-06-10,20.354
1997-06-11,20.361
1997-06-12,20.368
1997-06-13,20.379
1997-06-14,20.389
1997-06-15,20.384
1997-06-16,20.378
1997-06-17,20.362
1997-06-18,20.356
1997-06-19,20.351
1997-06-20,20.349
1997-06-21,20.346
1997-06-22,20.348
1997-06-23,20.349
1997-06-24,20.345
1997-06-25,20.346
1997-06-26,20.348
1997-06-27,20.359
1997-06-28,20.368
1997-06-29,20.363
1997-06-30,20.360
1997-07-01,20.364
1997-07-02,20.370
1997-07-03,20.372
1997-07-04,20.382
1997-07-05,20.392
1997-07-06,20.398
1997-07-07,20.394
1997-07-08,20.395
1997-07-09,20.403
1997-07-10,20.404
1997-07-11,20.406
1997-07-12,20.411
1997-07-13,20.407
1997-07-14,20.404
1997-07-15,20.398
1997-07-16,20.396
1997-07-17,20.393
1997-07-18,20.397
1997-07-19,20.398
1997-07-20,20.397
1997-07-21,20.400
1997-07-22,20.408
1997-07-23,20.401
1997-07-24,20.392
1997-07-25,20.380
1997-07-26,20.377
1997-07-27,20.383
1997-07-28,20.388
1997-07-29,20.393
1997-07-30,20.404
1997-07-31,20.413
1997-08-01,20.425
1997-08-02,20.437
1997-08-03,20.445
1997-08-04,20.455
1997-08-05,20.462
1997-08-06,20.466
1997-08-07,20.462
1997-08-08,20.463
1997-08-09,20.470
1997-08-10,20.480
1997-08-11,20.485
1997-08-12,20.497
1997-08-13,20.498
1997-08-14,20.488
1997-08-15,20.481
1997-08-16,20.482
1997-08-17,20.483
1997-08-18,20.485
1997-08-19,20.483
1997-08-20,20.473
1997-08-21,20.467
1997-08-22,20.467
1997-08-23,20.467
1997-08-24,20.472
1997-08-25,20.479
1997-08-26,20.484
1997-08-27,20.485
1997-08-28,20.488
1997-08-29,20.500
1997-08-30,20.513
1997-08-31,20.521
1997-09-01,20.529
1997-09-02,20.535
1997-09-03,20.539
1997-09-04,20.531
1997-09-05,20.528
1997-09-06,20.529
1997-09-07,20.525
1997-09-08,20.517
1997-09-09,20.509
1997-09-10,20.503
1997-09-11,20.498
1997-09-12,20.501
1997-09-13,20.492
1997-09-14,20.478
1997-09-15,20.471
1997-09-16,20.453
1997-09-17,20.440
1997-09-18,20.438
1997-09-19,20.432
1997-09-20,20.423
1997-09-21,20.409
1997-09-22,20.399
1997-09-23,20.385
1997-09-24,20.377
1997-09-25,20.374
1997-09-26,20.373
1997-09-27,20.372
1997-09-28,20.373
1997-09-29,20.368
1997-09-30,20.362
1997-10-01,20.359
1997-10-02,20.359
1997-10-03,20.362
1997-10-04,20.358
1997-10-05,20.351
1997-10-06,20.335
1997-10-07,20.330
1997-10-08,20.322
1997-10-09,20.314
1997-10-10,20.311
1997-10-11,20.312
1997-10-12,20.305
1997-10-13,20.306
1997-10-14,20.308
1997-10-15,20.314
1997-10-16,20.317
1997-10-17,20.319
1997-10-18,20.325
1997-10-19,20.331
1997-10-20,20.331
1997-10-21,20.328
1997-10-22,20.325
1997-10-23,20.323
1997-10-24,20.322
1997-10-25,20.317
1997-10-26,20.310
1997-10-27,20.298
1997-10-28,20.283
1997-10-29,20.271
1997-10-30,20.258
1997-10-31,20.249
1997-11-01,20.247
1997-11-02,20.244
1997-11-03,20.244
1997-11-04,20.242
1997-11-05,20.242
1997-11-06,20.256
1997-11-07,20.263
1997-11-08,20.271
1997-11-09,20.274
1997-11-10,20.272
1997-11-11,20.278
1997-11-12,20.282
1997-11-13,20.287
1997-11-14,20.287
1997-11-15,20.288
1997-11-16,20.290
1997-11-17,20.285
1997-11-18,20.286
1997-11-19,20.292
1997-11-20,20.296
1997-11-21,20.300
1997-11-22,20.308
1997-11-23,20.316
1997-11-24,20.319
1997-11-25,20.317
1997-11-26,20.322
1997-11-27,20.323
1997-11-28,20.332
1997-11-29,20.338
1997-11-30,20.349
1997-12-01,20.355
1997-12-02,20.358
1997-12-03,20.357
1997-12-04,20.356
1997-12-05,20.358
1997-12-06,20.365
1997-12-07,20.384
1997-12-08,20.391
1997-12-09,20.398
1997-12-10,20.395
1997-12-11,20.392
1997-12-12,20.384
1997-12-13,20.385
1997-12-14,20.379
1997-12-15,20.379
1997-12-16,20.372
1997-12-17,20.359
1997-12-18,20.355
1997-12-19,20.353
1997-12-20,20.358
1997-12-21,20.370
1997-12-22,20.374
1997-12-23,20.379
1997-12-24,20.389
1997-12-25,20.395
1997-12-26,20.398
1997-12-27,20.401
1997-12-28,20.404
1997-12-29,20.412
1997-12-30,20.422
1997-12-31,20.432
1998-01-01,20.440
1998-01-02,20.440
1998-01-03,20.443
1998-01-04,20.448
1998-01-05,20.456
1998-01-06,20.469
1998-01-07,20.474
1998-01-08,20.471
1998-01-09,20.468
1998-01-10,20.466
1998-01-11,20.471
1998-01-12,20.483
1998-01-13,20.489
1998-01-14,20.491
1998-01-15,20.495
1998-01-16,20.504
1998-01-17,20.514
1998-01-18,20.517
1998-01-19,20.528
1998-01-20,20.533
1998-01-21,20.543
1998-01-22,20.549
1998-01-23,20.557
1998-01-24,20.564
1998-01-25,20.569
1998-01-26,20.581
1998-01-27,20.587
1998-01-28,20.592
1998-01-29,20.592
1998-01-30,20.592
1998-01-31,20.587
1998-02-01,20.587
1998-02-02,20.596
1998-02-03,20.608
1998-02-04,20.624
1998-02-05,20.639
1998-02-06,20.655
1998-02-07,20.662
1998-02-08,20.657
1998-02-09,20.656
1998-02-10,20.663
1998-02-11,20.670
1998-02-12,20.680
1998-02-13,20.680
1998-02-14,20.684
1998-02-15,20.687
1998-02-16,20.684
1998-02-17,20.678
1998-02-18,20.681
1998-02-19,20.690
1998-02-20,20.703
1998-02-21,20.714
1998-02-22,20.721
1998-02-23,20.721
1998-02-24,20.719
1998-02-25,20.721
1998-02-26,20.725
1998-02-27,20.732
1998-02-28,20.737
1998-03-01,20.744
1998-03-02,20.748
1998-03-03,20.754
1998-03-04,20.762
1998-03-05,20.768
1998-03-06,20.762
1998-03-07,20.753
1998-03-08,20.753
1998-03-09,20.745
1998-03-10,20.741
1998-03-11,20.729
1998-03-12,20.715
1998-03-13,20.709
1998-03-14,20.701
1998-03-15,20.699
1998-03-16,20.696
1998-03-17,20.691
1998-03-18,20.690
1998-03-19,20.678
1998-03-20,20.665
1998-03-21,20.661
1998-03-22,20.648
1998-03-23,20.645
1998-03-24,20.640
1998-03-25,20.639
1998-03-26,20.637
1998-03-27,20.637
1998-03-28,20.635
1998-03-29,20.640
1998-03-30,20.639
1998-03-31,20.642
1998-04-01,20.637
1998-04-02,20.633
1998-04-03,20.637
1998-04-04,20.644
1998-04-05,20.652
1998-04-06,20.661
1998-04-07,20.673
1998-04-08,20.678
1998-04-09,20.679
1998-04-10,20.683
1998-04-11,20.685
1998-04-12,20.676
1998-04-13,20.671
1998-04-14,20.664
1998-04-15,20.662
1998-04-16,20.660
1998-04-17,20.652
1998-04-18,20.646
1998-04-19,20.643
1998-04-20,20.636
1998-04-21,20.639
1998-04-22,20.643
1998-04-23,20.638
1998-04-24,20.633
1998-04-25,20.627
1998-04-26,20.625
1998-04-27,20.619
1998-04-28,20.624
1998-04-29,20.627
1998-04-30,20.620
1998-05-01,20.612
1998-05-02,20.606
1998-05-03,20.605
1998-05-04,20.612
1998-05-05,20.616
1998-05-06,20.617
1998-05-07,20.617
1998-05-08,20.621
1998-05-09,20.617
1998-05-10,20.595
1998-05-11,20.570
1998-05-12,20.555
1998-05-13,20.540
1998-05-14,20.529
1998-05-15,20.513
1998-05-16,20.496
1998-05-17,20.487
1998-05-18,20.478
1998-05-19,20.478
1998-05-20,20.487
1998-05-21,20.493
1998-05-22,20.500
1998-05-23,20.508
1998-05-24,20.505
1998-05-25,20.507
1998-05-26,20.506
1998-05-27,20.509
1998-05-28,20.510
1998-05-29,20.513
1998-05-30,20.523
1998-05-31,20.540
1998-06-01,20.541
1998-06-02,20.535
1998-06-03,20.538
1998-06-04,20.549
1998-06-05,20.571
1998-06-06,20.574
1998-06-07,20.565
1998-06-08,20.548
1998-06-09,20.546
1998-06-10,20.545
1998-06-11,20.535
1998-06-12,20.532
1998-06-13,20.535
1998-06-14,20.535
1998-06-15,20.526
1998-06-16,20.514
1998-06-17,20.512
1998-06-18,20.518
1998-06-19,20.515
1998-06-20,20.511
1998-06-21,20.504
1998-06-22,20.494
1998-06-23,20.486
1998-06-24,20.477
1998-06-25,20.467
1998-06-26,20.463
1998-06-27,20.469
1998-06-28,20.474
1998-06-29,20.484
1998-06-30,20.490
1998-07-01,20.496
1998-07-02,20.497
1998-07-03,20.502
1998-07-04,20.504
1998-07-05,20.501
1998-07-06,20.510
1998-07-07,20.518
1998-07-08,20.509
1998-07-09,20.497
1998-07-10,20.490
1998-07-11,20.484
1998-07-12,20.483
1998-07-13,20.487
1998-07-14,20.507
1998-07-15,20.511
1998-07-16,20.508
1998-07-17,20.504
1998-07-18,20.498
1998-07-19,20.494
1998-07-20,20.487
1998-07-21,20.489
1998-07-22,20.481
1998-07-23,20.477
1998-07-24,20.473
1998-07-25,20.470
1998-07-26,20.464
1998-07-27,20.472
1998-07-28,20.476
1998-07-29,20.484
1998-07-30,20.483
1998-07-31,20.482
1998-08-01,20.484
1998-08-02,20.488
1998-08-03,20.488
1998-08-04,20.493
1998-08-05,20.504
1998-08-06,20.505
1998-08-07,20.506
1998-08-08,20.507
1998-08-09,20.516
1998-08-10,20.516
1998-08-11,20.515
1998-08-12,20.503
1998-08-13,20.496
1998-08-14,20.489
1998-08-15,20.492
1998-08-16,20.498
1998-08-17,20.506
1998-08-18,20.503
1998-08-19,20.501
1998-08-20,20.500
1998-08-21,20.490
1998-08-22,20.482
1998-08-23,20.478
1998-08-24,20.480
1998-08-25,20.481
1998-08-26,20.481
1998-08-27,20.478
1998-08-28,20.483
1998-08-29,20.484
1998-08-30,20.487
1998-08-31,20.488
1998-09-01,20.490
1998-09-02,20.491
1998-09-03,20.491
1998-09-04,20.496
1998-09-05,20.483
1998-09-06,20.469
1998-09-07,20.449
1998-09-08,20.428
1998-09-09,20.411
1998-09-10,20.395
1998-09-11,20.375
1998-09-12,20.361
1998-09-13,20.355
1998-09-14,20.351
1998-09-15,20.339
1998-09-16,20.321
1998-09-17,20.303
1998-09-18,20.303
1998-09-19,20.299
1998-09-20,20.290
1998-09-21,20.281
1998-09-22,20.280
1998-09-23,20.275
1998-09-24,20.268
1998-09-25,20.257
1998-09-26,20.253
1998-09-27,20.256
1998-09-28,20.265
1998-09-29,20.272
1998-09-30,20.281
1998-10-01,20.288
1998-10-02,20.290
1998-10-03,20.297
1998-10-04,20.294
1998-10-05,20.288
1998-10-06,20.290
1998-10-07,20.284
1998-10-08,20.268
1998-10-09,20.260
1998-10-10,20.256
1998-10-11,20.252
1998-10-12,20.254
1998-10-13,20.260
1998-10-14,20.265
1998-10-15,20.264
1998-10-16,20.256
1998-10-17,20.242
1998-10-18,20.229
1998-10-19,20.229
1998-10-20,20.228
1998-10-21,20.228
1998-10-22,20.228
1998-10-23,20.222
1998-10-24,20.216
1998-10-25,20.205
1998-10-26,20.201
1998-10-27,20.195
1998-10-28,20.200
1998-10-29,20.204
1998-10-30,20.211
1998-10-31,20.214
1998-11-01,20.215
1998-11-02,20.210
1998-11-03,20.200
1998-11-04,20.199
1998-11-05,20.196
1998-11-06,20.188
1998-11-07,20.180
1998-11-08,20.174
1998-11-09,20.163
1998-11-10,20.156
1998-11-11,20.143
1998-11-12,20.133
1998-11-13,20.124
1998-11-14,20.114
1998-11-15,20.105
1998-11-16,20.100
1998-11-17,20.102
1998-11-18,20.109
1998-11-19,20.122
1998-11-20,20.139
1998-11-21,20.152
1998-11-22,20.164
1998-11-23,20.168
1998-11-24,20.167
1998-11-25,20.168
1998-11-26,20.170
1998-11-27,20.164
1998-11-28,20.165
1998-11-29,20.153
1998-11-30,20.140
1998-12-01,20.124
1998-12-02,20.109
1998-12-03,20.099
1998-12-04,20.094
1998-12-05,20.095
1998-12-06,20.100
1998-12-07,20.088
1998-12-08,20.083
1998-12-09,20.083
1998-12-10,20.083
1998-12-11,20.083
1998-12-12,20.081
1998-12-13,20.086
1998-12-14,20.084
1998-12-15,20.096
1998-12-16,20.114
1998-12-17,20.143
1998-12-18,20.152
1998-12-19,20.165
1998-12-20,20.171
1998-12-21,20.177
1998-12-22,20.181
1998-12-23,20.180
1998-12-24,20.176
1998-12-25,20.173
1998-12-26,20.172
1998-12-27,20.170
1998-12-28,20.173
1998-12-29,20.173
1998-12-30,20.169
1998-12-31,20.171
1999-01-01,20.174
1999-01-02,20.174
1999-01-03,20.184
1999-01-04,20.195
1999-01-05,20.197
1999-01-06,20.194
1999-01-07,20.195
1999-01-08,20.195
1999-01-09,20.186
1999-01-10,20.188
1999-01-11,20.191
1999-01-12,20.191
1999-01-13,20.197
1999-01-14,20.220
1999-01-15,20.243
1999-01-16,20.264
1999-01-17,20.276
1999-01-18,20.288
1999-01-19,20.294
1999-01-20,20.304
1999-01-21,20.310
1999-01-22,20.308
1999-01-23,20.295
1999-01-24,20.286
1999-01-25,20.284
1999-01-26,20.293
1999-01-27,20.305
1999-01-28,20.306
1999-01-29,20.314
1999-01-30,20.305
1999-01-31,20.310
1999-02-01,20.319
1999-02-02,20.326
1999-02-03,20.325
1999-02-04,20.327
1999-02-05,20.328
1999-02-06,20.334
1999-02-07,20.339
1999-02-08,20.339
1999-02-09,20.323
1999-02-10,20.320
1999-02-11,20.328
1999-02-12,20.336
1999-02-13,20.347
1999-02-14,20.358
1999-02-15,20.377
1999-02-16,20.399
1999-02-17,20.418
1999-02-18,20.431
1999-02-19,20.451
1999-02-20,20.466
1999-02-21,20.474
1999-02-22,20.481
1999-02-23,20.486
1999-02-24,20.484
1999-02-25,20.485
1999-02-26,20.476
1999-02-27,20.473
1999-02-28,20.477
1999-03-01,20.488
1999-03-02,20.491
1999-03-03,20.494
1999-03-04,20.496
1999-03-05,20.494
1999-03-06,20.491
1999-03-07,20.492
1999-03-08,20.490
1999-03-09,20.491
1999-03-10,20.491
1999-03-11,20.490
1999-03-12,20.490
1999-03-13,20.497
1999-03-14,20.508
1999-03-15,20.515
1999-03-16,20.515
1999-03-17,20.516
1999-03-18,20.516
1999-03-19,20.509
1999-03-20,20.501
1999-03-21,20.491
1999-03-22,20.484
1999-03-23,20.472
1999-03-24,20.455
1999-03-25,20.436
1999-03-26,20.428
1999-03-27,20.426
1999-03-28,20.420
1999-03-29,20.421
1999-03-30,20.417
1999-03-31,20.405
1999-04-01,20.398
1999-04-02,20.399
1999-04-03,20.405
1999-04-04,20.424
1999-04-05,20.438
1999-04-06,20.440
1999-04-07,20.432
1999-04-08,20.423
1999-04-09,20.414
1999-04-10,20.411
1999-04-11,20.411
1999-04-12,20.406
1999-04-13,20.399
1999-04-14,20.391
1999-04-15,20.385
1999-04-16,20.385
1999-04-17,20.379
1999-04-18,20.377
1999-04-19,20.374
1999-04-20,20.374
1999-04-21,20.373
1999-04-22,20.377
1999-04-23,20.383
1999-04-24,20.387
1999-04-25,20.400
1999-04-26,20.402
1999-04-27,20.403
1999-04-28,20.411
1999-04-29,20.412
1999-04-30,20.412
1999-05-01,20.419
1999-05-02,20.414
1999-05-03,20.418
1999-05-04,20.410
1999-05-05,20.402
1999-05-06,20.391
1999-05-07,20.388
1999-05-08,20.392
1999-05-09,20.397
1999-05-10,20.399
1999-05-11,20.406
1999-05-12,20.410
1999-05-13,20.408
1999-05-14,20.406
1999-05-15,20.392
1999-05-16,20.386
1999-05-17,20.370
1999-05-18,20.365
1999-05-19,20.363
1999-05-20,20.359
1999-05-21,20.350
1999-05-22,20.347
1999-05-23,20.348
1999-05-24,20.340
1999-05-25,20.319
1999-05-26,20.320
1999-05-27,20.322
1999-05-28,20.319
1999-05-29,20.316
1999-05-30,20.304
1999-05-31,20.304
1999-06-01,20.308
1999-06-02,20.308
1999-06-03,20.308
1999-06-04,20.309
1999-06-05,20.308
1999-06-06,20.310
1999-06-07,20.313
1999-06-08,20.316
1999-06-09,20.320
1999-06-10,20.311
1999-06-11,20.295
1999-06-12,20.283
1999-06-13,20.273
1999-06-14,20.273
1999-06-15,20.276
1999-06-16,20.284
1999-06-17,20.284
1999-06-18,20.280
1999-06-19,20.273
1999-06-20,20.272
1999-06-21,20.274
1999-06-22,20.269
1999-06-23,20.263
1999-06-24,20.259
1999-06-25,20.263
1999-06-26,20.265
1999-06-27,20.261
1999-06-28,20.257
1999-06-29,20.254
1999-06-30,20.253
1999-07-01,20.249
1999-07-02,20.246
1999-07-03,20.245
1999-07-04,20.241
1999-07-05,20.244
1999-07-06,20.253
1999-07-07,20.260
1999-07-08,20.260
1999-07-09,20.258
1999-07-10,20.262
1999-07-11,20.265
1999-07-12,20.261
1999-07-13,20.248
1999-07-14,20.246
1999-07-15,20.252
1999-07-16,20.251
1999-07-17,20.249
1999-07-18,20.251
1999-07-19,20.252
1999-07-20,20.255
1999-07-21,20.252
1999-07-22,20.256
1999-07-23,20.259
1999-07-24,20.257
1999-07-25,20.253
1999-07-26,20.250
1999-07-27,20.245
1999-07-28,20.256
1999-07-29,20.260
1999-07-30,20.271
1999-07-31,20.282
1999-08-01,20.295
1999-08-02,20.300
1999-08-03,20.303
1999-08-04,20.298
1999-08-05,20.296
1999-08-06,20.287
1999-08-07,20.282
1999-08-08,20.282
1999-08-09,20.278
1999-08-10,20.281
1999-08-11,20.285
1999-08-12,20.287
1999-08-13,20.289
1999-08-14,20.297
1999-08-15,20.303
1999-08-16,20.306
1999-08-17,20.309
1999-08-18,20.314
1999-08-19,20.317
1999-08-20,20.318
1999-08-21,20.316
1999-08-22,20.317
1999-08-23,20.312
1999-08-24,20.307
1999-08-25,20.305
1999-08-26,20.302
1999-08-27,20.299
1999-08-28,20.287
1999-08-29,20.279
1999-08-30,20.269
1999-08-31,20.264
1999-09-01,20.257
1999-09-02,20.265
1999-09-03,20.267
1999-09-04,20.265
1999-09-05,20.262
1999-09-06,20.257
1999-09-07,20.256
1999-09-08,20.263
1999-09-09,20.262
1999-09-10,20.254
1999-09-11,20.244
1999-09-12,20.238
1999-09-13,20.236
1999-09-14,20.229
1999-09-15,20.221
1999-09-16,20.209
1999-09-17,20.194
1999-09-18,20.197
1999-09-19,20.200
1999-09-20,20.198
1999-09-21,20.200
1999-09-22,20.202
1999-09-23,20.205
1999-09-24,20.201
1999-09-25,20.189
1999-09-26,20.169
1999-09-27,20.157
1999-09-28,20.142
1999-09-29,20.127
1999-09-30,20.115
1999-10-01,20.100
1999-10-02,20.085
1999-10-03,20.079
1999-10-04,20.072
1999-10-05,20.067
1999-10-06,20.067
1999-10-07,20.070
1999-10-08,20.061
1999-10-09,20.058
1999-10-10,20.056
1999-10-11,20.048
1999-10-12,20.034
1999-10-13,20.024
1999-10-14,20.004
1999-10-15,19.999
1999-10-16,20.000
1999-10-17,20.002
1999-10-18,19.994
1999-10-19,19.975
1999-10-20,19.973
1999-10-21,19.979
1999-10-22,19.989
1999-10-23,19.992
1999-10-24,19.990
1999-10-25,19.987
1999-10-26,19.990
1999-10-27,19.991
1999-10-28,19.994
1999-10-29,19.984
1999-10-30,19.980
1999-10-31,19.976
1999-11-01,19.976
1999-11-02,19.974
1999-11-03,19.965
1999-11-04,19.952
1999-11-05,19.949
1999-11-06,19.948
1999-11-07,19.947
1999-11-08,19.952
1999-11-09,19.959
1999-11-10,19.966
1999-11-11,19.966
1999-11-12,19.972
1999-11-13,19.977
1999-11-14,19.986
1999-11-15,19.992
1999-11-16,19.994
1999-11-17,19.995
1999-11-18,19.999
1999-11-19,20.009
1999-11-20,20.014
1999-11-21,20.014
1999-11-22,20.011
1999-11-23,20.019
1999-11-24,20.029
1999-11-25,20.030
1999-11-26,20.021
1999-11-27,20.003
1999-11-28,19.981
1999-11-29,19.956
1999-11-30,19.936
1999-12-01,19.917
1999-12-02,19.916
1999-12-03,19.919
1999-12-04,19.921
1999-12-05,19.926
1999-12-06,19.931
1999-12-07,19.942
1999-12-08,19.949
1999-12-09,19.953
1999-12-10,19.962
1999-12-11,19.981
1999-12-12,19.986
1999-12-13,19.993
1999-12-14,20.002
1999-12-15,20.024
1999-12-16,20.050
1999-12-17,20.074
1999-12-18,20.094
1999-12-19,20.103
1999-12-20,20.092
1999-12-21,20.083
1999-12-22,20.078
1999-12-23,20.078
1999-12-24,20.083
1999-12-25,20.094
1999-12-26,20.100
1999-12-27,20.115
1999-12-28,20.124
1999-12-29,20.136
1999-12-30,20.143
1999-12-31,20.140
2000-01-01,20.136
2000-01-02,20.136
2000-01-03,20.145
2000-01-04,20.166
2000-01-05,20.187
2000-01-06,20.204
2000-01-07,20.229
2000-01-08,20.255
2000-01-09,20.282
2000-01-10,20.295
2000-01-11,20.292
2000-01-12,20.279
2000-01-13,20.282
2000-01-14,20.278
2000-01-15,20.283
2000-01-16,20.297
2000-01-17,20.305
2000-01-18,20.305
2000-01-19,20.308
2000-01-20,20.313
2000-01-21,20.310
2000-01-22,20.304
2000-01-23,20.302
2000-01-24,20.306
2000-01-25,20.309
2000-01-26,20.314
2000-01-27,20.311
2000-01-28,20.308
2000-01-29,20.318
2000-01-30,20.328
2000-01-31,20.344
2000-02-01,20.361
2000-02-02,20.372
2000-02-03,20.384
2000-02-04,20.396
2000-02-05,20.387
2000-02-06,20.375
2000-02-07,20.360
2000-02-08,20.354
2000-02-09,20.352
2000-02-10,20.365
2000-02-11,20.373
2000-02-12,20.378
2000-02-13,20.379
2000-02-14,20.390
2000-02-15,20.410
2000-02-16,20.424
2000-02-17,20.434
2000-02-18,20.448
2000-02-19,20.457
2000-02-20,20.455
2000-02-21,20.451
2000-02-22,20.455
2000-02-23,20.459
2000-02-24,20.458
2000-02-25,20.448
2000-02-26,20.441
2000-02-27,20.436
2000-02-28,20.432
2000-02-29,20.422
2000-03-01,20.407
2000-03-02,20.393
2000-03-03,20.391
2000-03-04,20.394
2000-03-05,20.401
2000-03-06,20.405
2000-03-07,20.410
2000-03-08,20.407
2000-03-09,20.401
2000-03-10,20.391
2000-03-11,20.390
2000-03-12,20.393
2000-03-13,20.391
2000-03-14,20.390
2000-03-15,20.393
2000-03-16,20.399
2000-03-17,20.399
2000-03-18,20.400
2000-03-19,20.402
2000-03-20,20.405
2000-03-21,20.417
2000-03-22,20.426
2000-03-23,20.437
2000-03-24,20.434
2000-03-25,20.435
2000-03-26,20.439
2000-03-27,20.443
2000-03-28,20.446
2000-03-29,20.444
2000-03-30,20.447
2000-03-31,20.452
2000-04-01,20.459
2000-04-02,20.463
2000-04-03,20.464
2000-04-04,20.460
2000-04-05,20.461
2000-04-06,20.453
2000-04-07,20.452
2000-04-08,20.457
2000-04-09,20.452
2000-04-10,20.444
2000-04-11,20.442
2000-04-12,20.448
2000-04-13,20.459
2000-04-14,20.462
2000-04-15,20.472
2000-04-16,20.478
2000-04-17,20.488
2000-04-18,20.487
2000-04-19,20.488
2000-04-20,20.492
2000-04-21,20.499
2000-04-22,20.492
2000-04-23,20.482
2000-04-24,20.472
2000-04-25,20.459
2000-04-26,20.451
2000-04-27,20.443
2000-04-28,20.439
2000-04-29,20.435
2000-04-30,20.432
2000-05-01,20.439
2000-05-02,20.445
2000-05-03,20.450
2000-05-04,20.453
2000-05-05,20.446
2000-05-06,20.446
2000-05-07,20.433
2000-05-08,20.425
2000-05-09,20.415
2000-05-10,20.404
2000-05-11,20.392
2000-05-12,20.371
2000-05-13,20.362
2000-05-14,20.351
2000-05-15,20.343
2000-05-16,20.335
2000-05-17,20.325
2000-05-18,20.316
2000-05-19,20.315
2000-05-20,20.305
2000-05-21,20.306
2000-05-22,20.304
2000-05-23,20.316
2000-05-24,20.321
2000-05-25,20.322
2000-05-26,20.306
2000-05-27,20.295
2000-05-28,20.297
2000-05-29,20.289
2000-05-30,20.282
2000-05-31,20.257
2000-06-01,20.247
2000-06-02,20.239
2000-06-03,20.244
2000-06-04,20.249
2000-06-05,20.254
2000-06-06,20.259
2000-06-07,20.253
2000-06-08,20.244
2000-06-09,20.243
2000-06-10,20.245
2000-06-11,20.239
2000-06-12,20.232
2000-06-13,20.228
2000-06-14,20.220
2000-06-15,20.215
2000-06-16,20.223
2000-06-17,20.230
2000-06-18,20.228
2000-06-19,20.227
2000-06-20,20.228
2000-06-21,20.242
2000-06-22,20.243
2000-06-23,20.250
2000-06-24,20.248
2000-06-25,20.247
2000-06-26,20.243
2000-06-27,20.233
2000-06-28,20.231
2000-06-29,20.240
2000-06-30,20.236
2000-07-01,20.236
2000-07-02,20.232
2000-07-03,20.240
2000-07-04,20.244
2000-07-05,20.239
2000-07-06,20.239
2000-07-07,20.234
2000-07-08,20.237
2000-07-09,20.228
2000-07-10,20.235
2000-07-11,20.254
2000-07-12,20.261
2000-07-13,20.256
2000-07-14,20.286
2000-07-15,20.335
2000-07-16,20.374
2000-07-17,20.393
2000-07-18,20.404
2000-07-19,20.400
2000-07-20,20.402
2000-07-21,20.400
2000-07-22,20.398
2000-07-23,20.399
2000-07-24,20.403
2000-07-25,20.410
2000-07-26,20.418
2000-07-27,20.427
2000-07-28,20.440
2000-07-29,20.442
2000-07-30,20.444
2000-07-31,20.443
2000-08-01,20.437
2000-08-02,20.436
2000-08-03,20.427
2000-08-04,20.423
2000-08-05,20.412
2000-08-06,20.414
2000-08-07,20.426
2000-08-08,20.446
2000-08-09,20.476
2000-08-10,20.467
2000-08-11,20.444
2000-08-12,20.428
2000-08-13,20.428
2000-08-14,20.431
2000-08-15,20.429
2000-08-16,20.425
2000-08-17,20.414
2000-08-18,20.392
2000-08-19,20.372
2000-08-20,20.356
2000-08-21,20.340
2000-08-22,20.330
2000-08-23,20.313
2000-08-24,20.317
2000-08-25,20.322
2000-08-26,20.324
2000-08-27,20.325
2000-08-28,20.329
2000-08-29,20.324
2000-08-30,20.319
2000-08-31,20.320
2000-09-01,20.326
2000-09-02,20.333
2000-09-03,20.328
2000-09-04,20.318
2000-09-05,20.300
2000-09-06,20.286
2000-09-07,20.275
2000-09-08,20.261
2000-09-09,20.248
2000-09-10,20.237
2000-09-11,20.235
2000-09-12,20.241
2000-09-13,20.241
2000-09-14,20.244
2000-09-15,20.240
2000-09-16,20.238
2000-09-17,20.229
2000-09-18,20.223
2000-09-19,20.223
2000-09-20,20.227
2000-09-21,20.245
2000-09-22,20.270
2000-09-23,20.292
2000-09-24,20.307
2000-09-25,20.315
2000-09-26,20.322
2000-09-27,20.323
2000-09-28,20.310
2000-09-29,20.294
2000-09-30,20.281
2000-10-01,20.266
2000-10-02,20.248
2000-10-03,20.232
2000-10-04,20.215
2000-10-05,20.209
2000-10-06,20.210
2000-10-07,20.215
2000-10-08,20.203
2000-10-09,20.188
2000-10-10,20.178
2000-10-11,20.166
2000-10-12,20.159
2000-10-13,20.151
2000-10-14,20.151
2000-10-15,20.153
2000-10-16,20.159
2000-10-17,20.152
2000-10-18,20.143
2000-10-19,20.138
2000-10-20,20.136
2000-10-21,20.127
2000-10-22,20.130
2000-10-23,20.133
2000-10-24,20.139
2000-10-25,20.144
2000-10-26,20.130
2000-10-27,20.107
2000-10-28,20.102
2000-10-29,20.104
2000-10-30,20.097
2000-10-31,20.094
2000-11-01,20.103
2000-11-02,20.108
2000-11-03,20.122
2000-11-04,20.132
2000-11-05,20.136
2000-11-06,20.125
2000-11-07,20.122
2000-11-08,20.118
2000-11-09,20.110
2000-11-10,20.102
2000-11-11,20.097
2000-11-12,20.091
2000-11-13,20.070
2000-11-14,20.048
2000-11-15,20.033
2000-11-16,20.023
2000-11-17,20.021
2000-11-18,20.009
2000-11-19,19.987
2000-11-20,19.967
2000-11-21,19.962
2000-11-22,19.964
2000-11-23,19.973
2000-11-24,19.986
2000-11-25,20.000
2000-11-26,20.017
2000-11-27,20.026
2000-11-28,20.038
2000-11-29,20.047
2000-11-30,20.055
2000-12-01,20.065
2000-12-02,20.073
2000-12-03,20.081
2000-12-04,20.085
2000-12-05,20.089
2000-12-06,20.099
2000-12-07,20.104
2000-12-08,20.109
2000-12-09,20.116
2000-12-10,20.127
2000-12-11,20.133
2000-12-12,20.128
2000-12-13,20.122
2000-12-14,20.123
2000-12-15,20.118
2000-12-16,20.114
2000-12-17,20.106
2000-12-18,20.098
2000-12-19,20.097
2000-12-20,20.092
2000-12-21,20.084
2000-12-22,20.076
2000-12-23,20.071
2000-12-24,20.072
2000-12-25,20.083
2000-12-26,20.074
2000-12-27,20.075
2000-12-28,20.075
2000-12-29,20.086
2000-12-30,20.096
2000-12-31,20.103
2001-01-01,20.110
2001-01-02,20.125
2001-01-03,20.120
2001-01-04,20.130
2001-01-05,20.153
2001-01-06,20.180
2001-01-07,20.202
2001-01-08,20.251
2001-01-09,20.292
2001-01-10,20.292
2001-01-11,20.263
2001-01-12,20.216
2001-01-13,20.202
2001-01-14,20.197
2001-01-15,20.193
2001-01-16,20.195
2001-01-17,20.204
2001-01-18,20.216
2001-01-19,20.224
2001-01-20,20.227
2001-01-21,20.241
2001-01-22,20.275
2001-01-23,20.299
2001-01-24,20.324
2001-01-25,20.351
2001-01-26,20.354
2001-01-27,20.351
2001-01-28,20.351
2001-01-29,20.360
2001-01-30,20.362
2001-01-31,20.360
2001-02-01,20.376
2001-02-02,20.405
2001-02-03,20.422
2001-02-04,20.444
2001-02-05,20.454
2001-02-06,20.463
2001-02-07,20.466
2001-02-08,20.457
2001-02-09,20.444
2001-02-10,20.464
2001-02-11,20.478
2001-02-12,20.487
2001-02-13,20.492
2001-02-14,20.492
2001-02-15,20.489
2001-02-16,20.496
2001-02-17,20.506
2001-02-18,20.507
2001-02-19,20.512
2001-02-20,20.525
2001-02-21,20.537
2001-02-22,20.551
2001-02-23,20.563
2001-02-24,20.576
2001-02-25,20.581
2001-02-26,20.579
2001-02-27,20.582
2001-02-28,20.578
2001-03-01,20.579
2001-03-02,20.579
2001-03-03,20.580
2001-03-04,20.582
2001-03-05,20.591
2001-03-06,20.590
2001-03-07,20.585
2001-03-08,20.595
2001-03-09,20.611
2001-03-10,20.630
2001-03-11,20.638
2001-03-12,20.637
2001-03-13,20.631
2001-03-14,20.633
2001-03-15,20.641
2001-03-16,20.654
2001-03-17,20.659
2001-03-18,20.664
2001-03-19,20.663
2001-03-20,20.660
2001-03-21,20.650
2001-03-22,20.643
2001-03-23,20.633
2001-03-24,20.622
2001-03-25,20.634
2001-03-26,20.649
2001-03-27,20.659
2001-03-28,20.658
2001-03-29,20.659
2001-03-30,20.661
2001-03-31,20.653
2001-04-01,20.650
2001-04-02,20.642
2001-04-03,20.631
2001-04-04,20.615
2001-04-05,20.595
2001-04-06,20.579
2001-04-07,20.559
2001-04-08,20.534
2001-04-09,20.506
2001-04-10,20.479
2001-04-11,20.463
2001-04-12,20.445
2001-04-13,20.437
2001-04-14,20.434
2001-04-15,20.440
2001-04-16,20.446
2001-04-17,20.447
2001-04-18,20.442
2001-04-19,20.422
2001-04-20,20.406
2001-04-21,20.396
2001-04-22,20.391
2001-04-23,20.385
2001-04-24,20.381
2001-04-25,20.378
2001-04-26,20.373
2001-04-27,20.371
2001-04-28,20.368
2001-04-29,20.365
2001-04-30,20.372
2001-05-01,20.372
2001-05-02,20.386
2001-05-03,20.405
2001-05-04,20.424
2001-05-05,20.433
2001-05-06,20.448
2001-05-07,20.447
2001-05-08,20.448
2001-05-09,20.445
2001-05-10,20.463
2001-05-11,20.480
2001-05-12,20.487
2001-05-13,20.500
2001-05-14,20.512
2001-05-15,20.515
2001-05-16,20.509
2001-05-17,20.515
2001-05-18,20.515
2001-05-19,20.522
2001-05-20,20.530
2001-05-21,20.534
2001-05-22,20.538
2001-05-23,20.547
2001-05-24,20.548
2001-05-25,20.549
2001-05-26,20.544
2001-05-27,20.547
2001-05-28,20.533
2001-05-29,20.532
2001-05-30,20.519
2001-05-31,20.515
2001-06-01,20.510
2001-06-02,20.522
2001-06-03,20.521
2001-06-04,20.531
2001-06-05,20.540
2001-06-06,20.544
2001-06-07,20.539
2001-06-08,20.542
2001-06-09,20.545
2001-06-10,20.552
2001-06-11,20.547
2001-06-12,20.549
2001-06-13,20.559
2001-06-14,20.563
2001-06-15,20.555
2001-06-16,20.555
2001-06-17,20.555
2001-06-18,20.548
2001-06-19,20.545
2001-06-20,20.544
2001-06-21,20.546
2001-06-22,20.538
2001-06-23,20.531
2001-06-24,20.526
2001-06-25,20.526
2001-06-26,20.517
2001-06-27,20.506
2001-06-28,20.494
2001-06-29,20.489
2001-06-30,20.484
2001-07-01,20.472
2001-07-02,20.473
2001-07-03,20.466
2001-07-04,20.464
2001-07-05,20.428
2001-07-06,20.403
2001-07-07,20.388
2001-07-08,20.386
2001-07-09,20.392
2001-07-10,20.391
2001-07-11,20.394
2001-07-12,20.396
2001-07-13,20.390
2001-07-14,20.392
2001-07-15,20.396
2001-07-16,20.400
2001-07-17,20.394
2001-07-18,20.392
2001-07-19,20.396
2001-07-20,20.395
2001-07-21,20.398
2001-07-22,20.408
2001-07-23,20.418
2001-07-24,20.416
2001-07-25,20.409
2001-07-26,20.402
2001-07-27,20.395
2001-07-28,20.389
2001-07-29,20.390
2001-07-30,20.388
2001-07-31,20.386
2001-08-01,20.381
2001-08-02,20.377
2001-08-03,20.374
2001-08-04,20.365
2001-08-05,20.362
2001-08-06,20.360
2001-08-07,20.358
2001-08-08,20.353
2001-08-09,20.366
2001-08-10,20.380
2001-08-11,20.397
2001-08-12,20.402
2001-08-13,20.397
2001-08-14,20.390
2001-08-15,20.378
2001-08-16,20.364
2001-08-17,20.359
2001-08-18,20.355
2001-08-19,20.347
2001-08-20,20.348
2001-08-21,20.370
2001-08-22,20.392
2001-08-23,20.412
2001-08-24,20.430
2001-08-25,20.433
2001-08-26,20.441
2001-08-27,20.446
2001-08-28,20.446
2001-08-29,20.436
2001-08-30,20.430
2001-08-31,20.428
2001-09-01,20.430
2001-09-02,20.445
2001-09-03,20.467
2001-09-04,20.479
2001-09-05,20.471
2001-09-06,20.468
2001-09-07,20.444
2001-09-08,20.417
2001-09-09,20.386
2001-09-10,20.361
2001-09-11,20.343
2001-09-12,20.329
2001-09-13,20.326
2001-09-14,20.329
2001-09-15,20.325
2001-09-16,20.330
2001-09-17,20.356
2001-09-18,20.396
2001-09-19,20.426
2001-09-20,20.446
2001-09-21,20.451
2001-09-22,20.457
2001-09-23,20.456
2001-09-24,20.459
2001-09-25,20.464
2001-09-26,20.456
2001-09-27,20.440
2001-09-28,20.420
2001-09-29,20.372
2001-09-30,20.333
2001-10-01,20.306
2001-10-02,20.296
2001-10-03,20.298
2001-10-04,20.300
2001-10-05,20.304
2001-10-06,20.300
2001-10-07,20.303
2001-10-08,20.298
2001-10-09,20.289
2001-10-10,20.279
2001-10-11,20.281
2001-10-12,20.274
2001-10-13,20.271
2001-10-14,20.276
2001-10-15,20.282
2001-10-16,20.284
2001-10-17,20.286
2001-10-18,20.283
2001-10-19,20.278
2001-10-20,20.266
2001-10-21,20.246
2001-10-22,20.238
2001-10-23,20.246
2001-10-24,20.246
2001-10-25,20.253
2001-10-26,20.270
2001-10-27,20.283
2001-10-28,20.291
2001-10-29,20.291
2001-10-30,20.291
2001-10-31,20.304
2001-11-01,20.301
2001-11-02,20.291
2001-11-03,20.267
2001-11-04,20.247
2001-11-05,20.241
2001-11-06,20.249
2001-11-07,20.253
2001-11-08,20.254
2001-11-09,20.252
2001-11-10,20.251
2001-11-11,20.260
2001-11-12,20.270
2001-11-13,20.279
2001-11-14,20.283
2001-11-15,20.288
2001-11-16,20.292
2001-11-17,20.301
2001-11-18,20.301
2001-11-19,20.278
2001-11-20,20.271
2001-11-21,20.269
2001-11-22,20.282
2001-11-23,20.285
2001-11-24,20.274
2001-11-25,20.261
2001-11-26,20.255
2001-11-27,20.262
2001-11-28,20.274
2001-11-29,20.269
2001-11-30,20.259
2001-12-01,20.253
2001-12-02,20.246
2001-12-03,20.247
2001-12-04,20.245
2001-12-05,20.246
2001-12-06,20.257
2001-12-07,20.266
2001-12-08,20.262
2001-12-09,20.256
2001-12-10,20.255
2001-12-11,20.238
2001-12-12,20.231
2001-12-13,20.232
2001-12-14,20.238
2001-12-15,20.239
2001-12-16,20.253
2001-12-17,20.266
2001-12-18,20.268
2001-12-19,20.273
2001-12-20,20.280
2001-12-21,20.297
2001-12-22,20.308
2001-12-23,20.319
2001-12-24,20.329
2001-12-25,20.341
2001-12-26,20.347
2001-12-27,20.349
2001-12-28,20.355
2001-12-29,20.363
2001-12-30,20.375
2001-12-31,20.375
2002-01-01,20.365
2002-01-02,20.359
2002-01-03,20.346
2002-01-04,20.336
2002-01-05,20.333
2002-01-06,20.331
2002-01-07,20.342
2002-01-08,20.364
2002-01-09,20.392
2002-01-10,20.414
2002-01-11,20.435
2002-01-12,20.454
2002-01-13,20.467
2002-01-14,20.468
2002-01-15,20.463
2002-01-16,20.472
2002-01-17,20.486
2002-01-18,20.487
2002-01-19,20.487
2002-01-20,20.486
2002-01-21,20.488
2002-01-22,20.498
2002-01-23,20.502
2002-01-24,20.503
2002-01-25,20.502
2002-01-26,20.501
2002-01-27,20.511
2002-01-28,20.512
2002-01-29,20.526
2002-01-30,20.539
2002-01-31,20.556
2002-02-01,20.570
2002-02-02,20.575
2002-02-03,20.582
2002-02-04,20.592
2002-02-05,20.598
2002-02-06,20.601
2002-02-07,20.599
2002-02-08,20.598
2002-02-09,20.597
2002-02-10,20.596
2002-02-11,20.583
2002-02-12,20.562
2002-02-13,20.547
2002-02-14,20.540
2002-02-15,20.537
2002-02-16,20.531
2002-02-17,20.523
2002-02-18,20.518
2002-02-19,20.517
2002-02-20,20.517
2002-02-21,20.529
2002-02-22,20.543
2002-02-23,20.558
2002-02-24,20.568
2002-02-25,20.577
2002-02-26,20.585
2002-02-27,20.600
2002-02-28,20.620
2002-03-01,20.638
2002-03-02,20.647
2002-03-03,20.649
2002-03-04,20.642
2002-03-05,20.638
2002-03-06,20.629
2002-03-07,20.617
2002-03-08,20.600
2002-03-09,20.583
2002-03-10,20.577
2002-03-11,20.569
2002-03-12,20.566
2002-03-13,20.575
2002-03-14,20.585
2002-03-15,20.598
2002-03-16,20.608
2002-03-17,20.620
2002-03-18,20.644
2002-03-19,20.660
2002-03-20,20.666
2002-03-21,20.664
2002-03-22,20.654
2002-03-23,20.647
2002-03-24,20.643
2002-03-25,20.653
2002-03-26,20.663
2002-03-27,20.657
2002-03-28,20.644
2002-03-29,20.630
2002-03-30,20.625
2002-03-31,20.621
2002-04-01,20.616
2002-04-02,20.620
2002-04-03,20.609
2002-04-04,20.599
2002-04-05,20.588
2002-04-06,20.584
2002-04-07,20.586
2002-04-08,20.590
2002-04-09,20.583
2002-04-10,20.574
2002-04-11,20.563
2002-04-12,20.560
2002-04-13,20.560
2002-04-14,20.553
2002-04-15,20.548
2002-04-16,20.545
2002-04-17,20.536
2002-04-18,20.528
2002-04-19,20.521
2002-04-20,20.522
2002-04-21,20.517
2002-04-22,20.519
2002-04-23,20.526
2002-04-24,20.533
2002-04-25,20.534
2002-04-26,20.520
2002-04-27,20.514
2002-04-28,20.512
2002-04-29,20.514
2002-04-30,20.508
2002-05-01,20.495
2002-05-02,20.477
2002-05-03,20.467
2002-05-04,20.470
2002-05-05,20.471
2002-05-06,20.458
2002-05-07,20.447
2002-05-08,20.447
2002-05-09,20.445
2002-05-10,20.445
2002-05-11,20.447
2002-05-12,20.447
2002-05-13,20.445
2002-05-14,20.448
2002-05-15,20.451
2002-05-16,20.439
2002-05-17,20.427
2002-05-18,20.413
2002-05-19,20.415
2002-05-20,20.415
2002-05-21,20.421
2002-05-22,20.430
2002-05-23,20.445
2002-05-24,20.455
2002-05-25,20.460
2002-05-26,20.467
2002-05-27,20.468
2002-05-28,20.466
2002-05-29,20.470
2002-05-30,20.472
2002-05-31,20.466
2002-06-01,20.469
2002-06-02,20.469
2002-06-03,20.467
2002-06-04,20.453
2002-06-05,20.433
2002-06-06,20.414
2002-06-07,20.395
2002-06-08,20.382
2002-06-09,20.366
2002-06-10,20.352
2002-06-11,20.347
2002-06-12,20.354
2002-06-13,20.356
2002-06-14,20.348
2002-06-15,20.342
2002-06-16,20.346
2002-06-17,20.365
2002-06-18,20.371
2002-06-19,20.363
2002-06-20,20.357
2002-06-21,20.348
2002-06-22,20.340
2002-06-23,20.329
2002-06-24,20.321
2002-06-25,20.318
2002-06-26,20.315
2002-06-27,20.305
2002-06-28,20.294
2002-06-29,20.289
2002-06-30,20.297
2002-07-01,20.299
2002-07-02,20.303
2002-07-03,20.299
2002-07-04,20.303
2002-07-05,20.304
2002-07-06,20.307
2002-07-07,20.307
2002-07-08,20.305
2002-07-09,20.308
2002-07-10,20.310
2002-07-11,20.319
2002-07-12,20.325
2002-07-13,20.327
2002-07-14,20.332
2002-07-15,20.338
2002-07-16,20.339
2002-07-17,20.338
2002-07-18,20.333
2002-07-19,20.328
2002-07-20,20.321
2002-07-21,20.309
2002-07-22,20.299
2002-07-23,20.296
2002-07-24,20.288
2002-07-25,20.290
2002-07-26,20.290
2002-07-27,20.291
2002-07-28,20.304
2002-07-29,20.315
2002-07-30,20.335
2002-07-31,20.362
2002-08-01,20.384
2002-08-02,20.393
2002-08-03,20.396
2002-08-04,20.401
2002-08-05,20.412
2002-08-06,20.418
2002-08-07,20.410
2002-08-08,20.398
2002-08-09,20.393
2002-08-10,20.390
2002-08-11,20.389
2002-08-12,20.389
2002-08-13,20.386
2002-08-14,20.380
2002-08-15,20.369
2002-08-16,20.358
2002-08-17,20.363
2002-08-18,20.371
2002-08-19,20.377
2002-08-20,20.375
2002-08-21,20.379
2002-08-22,20.388
2002-08-23,20.393
2002-08-24,20.389
2002-08-25,20.388
2002-08-26,20.387
2002-08-27,20.391
2002-08-28,20.387
2002-08-29,20.383
2002-08-30,20.374
2002-08-31,20.365
2002-09-01,20.358
2002-09-02,20.351
2002-09-03,20.356
2002-09-04,20.367
2002-09-05,20.377
2002-09-06,20.386
2002-09-07,20.394
2002-09-08,20.408
2002-09-09,20.421
2002-09-10,20.427
2002-09-11,20.428
2002-09-12,20.428
2002-09-13,20.417
2002-09-14,20.404
2002-09-15,20.389
2002-09-16,20.369
2002-09-17,20.356
2002-09-18,20.348
2002-09-19,20.339
2002-09-20,20.336
2002-09-21,20.338
2002-09-22,20.341
2002-09-23,20.338
2002-09-24,20.334
2002-09-25,20.333
2002-09-26,20.335
2002-09-27,20.343
2002-09-28,20.352
2002-09-29,20.351
2002-09-30,20.345
2002-10-01,20.338
2002-10-02,20.331
2002-10-03,20.328
2002-10-04,20.321
2002-10-05,20.311
2002-10-06,20.296
2002-10-07,20.284
2002-10-08,20.278
2002-10-09,20.262
2002-10-10,20.253
2002-10-11,20.256
2002-10-12,20.257
2002-10-13,20.264
2002-10-14,20.271
2002-10-15,20.278
2002-10-16,20.277
2002-10-17,20.276
2002-10-18,20.276
2002-10-19,20.275
2002-10-20,20.278
2002-10-21,20.279
2002-10-22,20.281
2002-10-23,20.285
2002-10-24,20.293
2002-10-25,20.299
2002-10-26,20.302
2002-10-27,20.304
2002-10-28,20.306
2002-10-29,20.306
2002-10-30,20.301
2002-10-31,20.302
2002-11-01,20.301
2002-11-02,20.291
2002-11-03,20.278
2002-11-04,20.267
2002-11-05,20.257
2002-11-06,20.254
2002-11-07,20.250
2002-11-08,20.245
2002-11-09,20.234
2002-11-10,20.216
2002-11-11,20.204
2002-11-12,20.196
2002-11-13,20.198
2002-11-14,20.194
2002-11-15,20.182
2002-11-16,20.180
2002-11-17,20.182
2002-11-18,20.180
2002-11-19,20.180
2002-11-20,20.182
2002-11-21,20.175
2002-11-22,20.175
2002-11-23,20.168
2002-11-24,20.160
2002-11-25,20.158
2002-11-26,20.159
2002-11-27,20.171
2002-11-28,20.177
2002-11-29,20.180
2002-11-30,20.175
2002-12-01,20.169
2002-12-02,20.165
2002-12-03,20.166
2002-12-04,20.176
2002-12-05,20.186
2002-12-06,20.192
2002-12-07,20.195
2002-12-08,20.192
2002-12-09,20.190
2002-12-10,20.196
2002-12-11,20.204
2002-12-12,20.204
2002-12-13,20.218
2002-12-14,20.241
2002-12-15,20.264
2002-12-16,20.283
2002-12-17,20.297
2002-12-18,20.311
2002-12-19,20.317
2002-12-20,20.319
2002-12-21,20.320
2002-12-22,20.325
2002-12-23,20.339
2002-12-24,20.353
2002-12-25,20.357
2002-12-26,20.354
2002-12-27,20.355
2002-12-28,20.349
2002-12-29,20.344
2002-12-30,20.341
2002-12-31,20.338
2003-01-01,20.344
2003-01-02,20.348
2003-01-03,20.352
2003-01-04,20.347
2003-01-05,20.342
2003-01-06,20.345
2003-01-07,20.345
2003-01-08,20.349
2003-01-09,20.354
2003-01-10,20.363
2003-01-11,20.374
2003-01-12,20.384
2003-01-13,20.393
2003-01-14,20.396
2003-01-15,20.402
2003-01-16,20.401
2003-01-17,20.412
2003-01-18,20.419
2003-01-19,20.421
2003-01-20,20.419
2003-01-21,20.415
2003-01-22,20.415
2003-01-23,20.413
2003-01-24,20.406
2003-01-25,20.403
2003-01-26,20.405
2003-01-27,20.412
2003-01-28,20.416
2003-01-29,20.418
2003-01-30,20.419
2003-01-31,20.425
2003-02-01,20.437
2003-02-02,20.450
2003-02-03,20.458
2003-02-04,20.466
2003-02-05,20.482
2003-02-06,20.496
2003-02-07,20.503
2003-02-08,20.511
2003-02-09,20.527
2003-02-10,20.543
2003-02-11,20.559
2003-02-12,20.570
2003-02-13,20.575
2003-02-14,20.581
2003-02-15,20.582
2003-02-16,20.583
2003-02-17,20.580
2003-02-18,20.587
2003-02-19,20.595
2003-02-20,20.596
2003-02-21,20.594
2003-02-22,20.591
2003-02-23,20.595
2003-02-24,20.597
2003-02-25,20.603
2003-02-26,20.603
2003-02-27,20.602
2003-02-28,20.599
2003-03-01,20.602
2003-03-02,20.601
2003-03-03,20.608
2003-03-04,20.607
2003-03-05,20.606
2003-03-06,20.604
2003-03-07,20.610
2003-03-08,20.613
2003-03-09,20.618
2003-03-10,20.622
2003-03-11,20.620
2003-03-12,20.618
2003-03-13,20.616
2003-03-14,20.618
2003-03-15,20.628
2003-03-16,20.640
2003-03-17,20.647
2003-03-18,20.639
2003-03-19,20.626
2003-03-20,20.613
2003-03-21,20.617
2003-03-22,20.617
2003-03-23,20.618
2003-03-24,20.626
2003-03-25,20.635
2003-03-26,20.635
2003-03-27,20.638
2003-03-28,20.643
2003-03-29,20.643
2003-03-30,20.638
2003-03-31,20.631
2003-04-01,20.620
2003-04-02,20.608
2003-04-03,20.603
2003-04-04,20.605
2003-04-05,20.598
2003-04-06,20.594
2003-04-07,20.585
2003-04-08,20.583
2003-04-09,20.588
2003-04-10,20.589
2003-04-11,20.579
2003-04-12,20.566
2003-04-13,20.567
2003-04-14,20.562
2003-04-15,20.562
2003-04-16,20.557
2003-04-17,20.551
2003-04-18,20.542
2003-04-19,20.540
2003-04-20,20.533
2003-04-21,20.523
2003-04-22,20.518
2003-04-23,20.513
2003-04-24,20.510
2003-04-25,20.509
2003-04-26,20.504
2003-04-27,20.503
2003-04-28,20.506
2003-04-29,20.507
2003-04-30,20.505
2003-05-01,20.498
2003-05-02,20.488
2003-05-03,20.474
2003-05-04,20.462
2003-05-05,20.449
2003-05-06,20.446
2003-05-07,20.446
2003-05-08,20.450
2003-05-09,20.454
2003-05-10,20.451
2003-05-11,20.448
2003-05-12,20.443
2003-05-13,20.435
2003-05-14,20.424
2003-05-15,20.413
2003-05-16,20.397
2003-05-17,20.382
2003-05-18,20.367
2003-05-19,20.362
2003-05-20,20.376
2003-05-21,20.390
2003-05-22,20.398
2003-05-23,20.399
2003-05-24,20.394
2003-05-25,20.382
2003-05-26,20.374
2003-05-27,20.366
2003-05-28,20.361
2003-05-29,20.354
2003-05-30,20.356
2003-05-31,20.358
2003-06-01,20.366
2003-06-02,20.363
2003-06-03,20.365
2003-06-04,20.373
2003-06-05,20.374
2003-06-06,20.374
2003-06-07,20.378
2003-06-08,20.387
2003-06-09,20.387
2003-06-10,20.379
2003-06-11,20.376
2003-06-12,20.374
2003-06-13,20.372
2003-06-14,20.375
2003-06-15,20.374
2003-06-16,20.372
2003-06-17,20.375
2003-06-18,20.370
2003-06-19,20.367
2003-06-20,20.369
2003-06-21,20.370
2003-06-22,20.365
2003-06-23,20.361
2003-06-24,20.361
2003-06-25,20.373
2003-06-26,20.390
2003-06-27,20.398
2003-06-28,20.398
2003-06-29,20.409
2003-06-30,20.428
2003-07-01,20.447
2003-07-02,20.465
2003-07-03,20.478
2003-07-04,20.483
2003-07-05,20.483
2003-07-06,20.482
2003-07-07,20.484
2003-07-08,20.482
2003-07-09,20.481
2003-07-10,20.475
2003-07-11,20.468
2003-07-12,20.460
2003-07-13,20.454
2003-07-14,20.443
2003-07-15,20.435
2003-07-16,20.431
2003-07-17,20.429
2003-07-18,20.424
2003-07-19,20.427
2003-07-20,20.430
2003-07-21,20.430
2003-07-22,20.436
2003-07-23,20.437
2003-07-24,20.440
2003-07-25,20.447
2003-07-26,20.450
2003-07-27,20.455
2003-07-28,20.462
2003-07-29,20.470
2003-07-30,20.480
2003-07-31,20.475
2003-08-01,20.469
2003-08-02,20.469
2003-08-03,20.472
2003-08-04,20.481
2003-08-05,20.492
2003-08-06,20.495
2003-08-07,20.493
2003-08-08,20.493
2003-08-09,20.492
2003-08-10,20.499
2003-08-11,20.510
2003-08-12,20.519
2003-08-13,20.524
2003-08-14,20.533
2003-08-15,20.540
2003-08-16,20.550
2003-08-17,20.560
2003-08-18,20.567
2003-08-19,20.564
2003-08-20,20.556
2003-08-21,20.552
2003-08-22,20.550
2003-08-23,20.547
2003-08-24,20.540
2003-08-25,20.529
2003-08-26,20.525
2003-08-27,20.528
2003-08-28,20.533
2003-08-29,20.536
2003-08-30,20.535
2003-08-31,20.529
2003-09-01,20.527
2003-09-02,20.526
2003-09-03,20.518
2003-09-04,20.499
2003-09-05,20.484
2003-09-06,20.474
2003-09-07,20.468
2003-09-08,20.463
2003-09-09,20.462
2003-09-10,20.463
2003-09-11,20.467
2003-09-12,20.459
2003-09-13,20.455
2003-09-14,20.448
2003-09-15,20.447
2003-09-16,20.447
2003-09-17,20.444
2003-09-18,20.448
2003-09-19,20.453
2003-09-20,20.453
2003-09-21,20.448
2003-09-22,20.438
2003-09-23,20.436
2003-09-24,20.434
2003-09-25,20.433
2003-09-26,20.432
2003-09-27,20.431
2003-09-28,20.428
2003-09-29,20.419
2003-09-30,20.414
2003-10-01,20.411
2003-10-02,20.415
2003-10-03,20.418
2003-10-04,20.421
2003-10-05,20.415
2003-10-06,20.403
2003-10-07,20.388
2003-10-08,20.370
2003-10-09,20.359
2003-10-10,20.351
2003-10-11,20.347
2003-10-12,20.346
2003-10-13,20.335
2003-10-14,20.325
2003-10-15,20.320
2003-10-16,20.312
2003-10-17,20.305
2003-10-18,20.300
2003-10-19,20.297
2003-10-20,20.299
2003-10-21,20.310
2003-10-22,20.324
2003-10-23,20.324
2003-10-24,20.324
2003-10-25,20.321
2003-10-26,20.318
2003-10-27,20.312
2003-10-28,20.309
2003-10-29,20.299
2003-10-30,20.289
2003-10-31,20.278
2003-11-01,20.274
2003-11-02,20.274
2003-11-03,20.271
2003-11-04,20.264
2003-11-05,20.255
2003-11-06,20.260
2003-11-07,20.266
2003-11-08,20.268
2003-11-09,20.269
2003-11-10,20.264
2003-11-11,20.257
2003-11-12,20.246
2003-11-13,20.232
2003-11-14,20.215
2003-11-15,20.202
2003-11-16,20.196
2003-11-17,20.202
2003-11-18,20.205
2003-11-19,20.207
2003-11-20,20.212
2003-11-21,20.220
2003-11-22,20.231
2003-11-23,20.236
2003-11-24,20.241
2003-11-25,20.254
2003-11-26,20.277
2003-11-27,20.282
2003-11-28,20.282
2003-11-29,20.276
2003-11-30,20.269
2003-12-01,20.263
2003-12-02,20.263
2003-12-03,20.257
2003-12-04,20.258
2003-12-05,20.264
2003-12-06,20.277
2003-12-07,20.282
2003-12-08,20.281
2003-12-09,20.281
2003-12-10,20.284
2003-12-11,20.290
2003-12-12,20.306
2003-12-13,20.316
2003-12-14,20.314
2003-12-15,20.306
2003-12-16,20.297
2003-12-17,20.295
2003-12-18,20.288
2003-12-19,20.282
2003-12-20,20.273
2003-12-21,20.273
2003-12-22,20.276
2003-12-23,20.287
2003-12-24,20.301
2003-12-25,20.307
2003-12-26,20.302
2003-12-27,20.288
2003-12-28,20.276
2003-12-29,20.267
2003-12-30,20.273
2003-12-31,20.274
2004-01-01,20.278
2004-01-02,20.288
2004-01-03,20.303
2004-01-04,20.314
2004-01-05,20.325
2004-01-06,20.330
2004-01-07,20.335
2004-01-08,20.343
2004-01-09,20.353
2004-01-10,20.364
2004-01-11,20.373
2004-01-12,20.386
2004-01-13,20.400
2004-01-14,20.413
2004-01-15,20.421
2004-01-16,20.433
2004-01-17,20.438
2004-01-18,20.448
2004-01-19,20.462
2004-01-20,20.470
2004-01-21,20.478
2004-01-22,20.484
2004-01-23,20.493
2004-01-24,20.504
2004-01-25,20.523
2004-01-26,20.544
2004-01-27,20.556
2004-01-28,20.562
2004-01-29,20.566
2004-01-30,20.566
2004-01-31,20.560
2004-02-01,20.555
2004-02-02,20.566
2004-02-03,20.572
2004-02-04,20.573
2004-02-05,20.572
2004-02-06,20.577
2004-02-07,20.578
2004-02-08,20.575
2004-02-09,20.567
2004-02-10,20.567
2004-02-11,20.580
2004-02-12,20.590
2004-02-13,20.591
2004-02-14,20.587
2004-02-15,20.582
2004-02-16,20.573
2004-02-17,20.571
2004-02-18,20.577
2004-02-19,20.586
2004-02-20,20.592
2004-02-21,20.609
2004-02-22,20.627
2004-02-23,20.642
2004-02-24,20.650
2004-02-25,20.652
2004-02-26,20.647
2004-02-27,20.640
2004-02-28,20.629
2004-02-29,20.613
2004-03-01,20.600
2004-03-02,20.595
2004-03-03,20.592
2004-03-04,20.579
2004-03-05,20.567
2004-03-06,20.556
2004-03-07,20.549
2004-03-08,20.549
2004-03-09,20.547
2004-03-10,20.546
2004-03-11,20.547
2004-03-12,20.547
2004-03-13,20.556
2004-03-14,20.563
2004-03-15,20.568
2004-03-16,20.574
2004-03-17,20.578
2004-03-18,20.575
2004-03-19,20.575
2004-03-20,20.577
2004-03-21,20.586
2004-03-22,20.585
2004-03-23,20.570
2004-03-24,20.559
2004-03-25,20.549
2004-03-26,20.553
2004-03-27,20.565
2004-03-28,20.581
2004-03-29,20.588
2004-03-30,20.579
2004-03-31,20.571
2004-04-01,20.573
2004-04-02,20.579
2004-04-03,20.583
2004-04-04,20.585
2004-04-05,20.592
2004-04-06,20.595
2004-04-07,20.593
2004-04-08,20.585
2004-04-09,20.578
2004-04-10,20.572
2004-04-11,20.566
2004-04-12,20.556
2004-04-13,20.556
2004-04-14,20.559
2004-04-15,20.562
2004-04-16,20.552
2004-04-17,20.533
2004-04-18,20.515
2004-04-19,20.508
2004-04-20,20.505
2004-04-21,20.508
2004-04-22,20.507
2004-04-23,20.504
2004-04-24,20.498
2004-04-25,20.496
2004-04-26,20.494
2004-04-27,20.487
2004-04-28,20.469
2004-04-29,20.455
2004-04-30,20.447
2004-05-01,20.437
2004-05-02,20.432
2004-05-03,20.415
2004-05-04,20.397
2004-05-05,20.381
2004-05-06,20.378
2004-05-07,20.378
2004-05-08,20.375
2004-05-09,20.373
2004-05-10,20.368
2004-05-11,20.366
2004-05-12,20.357
2004-05-13,20.350
2004-05-14,20.353
2004-05-15,20.363
2004-05-16,20.372
2004-05-17,20.386
2004-05-18,20.397
2004-05-19,20.393
2004-05-20,20.380
2004-05-21,20.368
2004-05-22,20.367
2004-05-23,20.373
2004-05-24,20.384
2004-05-25,20.382
2004-05-26,20.374
2004-05-27,20.367
2004-05-28,20.355
2004-05-29,20.343
2004-05-30,20.329
2004-05-31,20.325
2004-06-01,20.335
2004-06-02,20.336
2004-06-03,20.333
2004-06-04,20.327
2004-06-05,20.321
2004-06-06,20.319
2004-06-07,20.312
2004-06-08,20.291
2004-06-09,20.281
2004-06-10,20.292
2004-06-11,20.303
2004-06-12,20.301
2004-06-13,20.308
2004-06-14,20.314
2004-06-15,20.313
2004-06-16,20.315
2004-06-17,20.305
2004-06-18,20.296
2004-06-19,20.286
2004-06-20,20.281
2004-06-21,20.278
2004-06-22,20.279
2004-06-23,20.285
2004-06-24,20.286
2004-06-25,20.282
2004-06-26,20.282
2004-06-27,20.279
2004-06-28,20.280
2004-06-29,20.274
2004-06-30,20.276
2004-07-01,20.272
2004-07-02,20.278
2004-07-03,20.284
2004-07-04,20.283
2004-07-05,20.292
2004-07-06,20.294
2004-07-07,20.304
2004-07-08,20.319
2004-07-09,20.335
2004-07-10,20.340
2004-07-11,20.339
2004-07-12,20.348
2004-07-13,20.355
2004-07-14,20.361
2004-07-15,20.368
2004-07-16,20.383
2004-07-17,20.392
2004-07-18,20.399
2004-07-19,20.411
2004-07-20,20.416
2004-07-21,20.417
2004-07-22,20.426
2004-07-23,20.435
2004-07-24,20.448
2004-07-25,20.449
2004-07-26,20.446
2004-07-27,20.448
2004-07-28,20.460
2004-07-29,20.475
2004-07-30,20.486
2004-07-31,20.493
2004-08-01,20.490
2004-08-02,20.484
2004-08-03,20.477
2004-08-04,20.464
2004-08-05,20.451
2004-08-06,20.438
2004-08-07,20.440
2004-08-08,20.454
2004-08-09,20.475
2004-08-10,20.492
2004-08-11,20.502
2004-08-12,20.504
2004-08-13,20.506
2004-08-14,20.501
2004-08-15,20.486
2004-08-16,20.474
2004-08-17,20.463
2004-08-18,20.458
2004-08-19,20.450
2004-08-20,20.441
2004-08-21,20.440
2004-08-22,20.439
2004-08-23,20.438
2004-08-24,20.436
2004-08-25,20.438
2004-08-26,20.433
2004-08-27,20.431
2004-08-28,20.427
2004-08-29,20.435
2004-08-30,20.441
2004-08-31,20.447
2004-09-01,20.464
2004-09-02,20.465
2004-09-03,20.465
2004-09-04,20.451
2004-09-05,20.453
2004-09-06,20.448
2004-09-07,20.442
2004-09-08,20.440
2004-09-09,20.440
2004-09-10,20.434
2004-09-11,20.421
2004-09-12,20.406
2004-09-13,20.393
2004-09-14,20.387
2004-09-15,20.390
2004-09-16,20.393
2004-09-17,20.391
2004-09-18,20.397
2004-09-19,20.397
2004-09-20,20.390
2004-09-21,20.375
2004-09-22,20.371
2004-09-23,20.372
2004-09-24,20.382
2004-09-25,20.392
2004-09-26,20.398
2004-09-27,20.403
2004-09-28,20.403
2004-09-29,20.399
2004-09-30,20.395
2004-10-01,20.392
2004-10-02,20.380
2004-10-03,20.371
2004-10-04,20.363
2004-10-05,20.353
2004-10-06,20.336
2004-10-07,20.316
2004-10-08,20.301
2004-10-09,20.297
2004-10-10,20.293
2004-10-11,20.279
2004-10-12,20.279
2004-10-13,20.284
2004-10-14,20.289
2004-10-15,20.286
2004-10-16,20.287
2004-10-17,20.289
2004-10-18,20.283
2004-10-19,20.283
2004-10-20,20.284
2004-10-21,20.280
2004-10-22,20.277
2004-10-23,20.271
2004-10-24,20.274
2004-10-25,20.276
2004-10-26,20.280
2004-10-27,20.284
2004-10-28,20.280
2004-10-29,20.277
2004-10-30,20.272
2004-10-31,20.268
2004-11-01,20.264
2004-11-02,20.257
2004-11-03,20.251
2004-11-04,20.251
2004-11-05,20.250
2004-11-06,20.254
2004-11-07,20.261
2004-11-08,20.262
2004-11-09,20.258
2004-11-10,20.255
2004-11-11,20.255
2004-11-12,20.257
2004-11-13,20.250
2004-11-14,20.248
2004-11-15,20.248
2004-11-16,20.245
2004-11-17,20.246
2004-11-18,20.252
2004-11-19,20.267
2004-11-20,20.280
2004-11-21,20.292
2004-11-22,20.286
2004-11-23,20.279
2004-11-24,20.276
2004-11-25,20.275
2004-11-26,20.271
2004-11-27,20.271
2004-11-28,20.270
2004-11-29,20.270
2004-11-30,20.264
2004-12-01,20.263
2004-12-02,20.255
2004-12-03,20.250
2004-12-04,20.249
2004-12-05,20.252
2004-12-06,20.251
2004-12-07,20.245
2004-12-08,20.244
2004-12-09,20.243
2004-12-10,20.246
2004-12-11,20.255
2004-12-12,20.265
2004-12-13,20.277
2004-12-14,20.295
2004-12-15,20.309
2004-12-16,20.307
2004-12-17,20.311
2004-12-18,20.324
2004-12-19,20.335
2004-12-20,20.344
2004-12-21,20.356
2004-12-22,20.369
2004-12-23,20.383
2004-12-24,20.399
2004-12-25,20.405
2004-12-26,20.411
2004-12-27,20.410
2004-12-28,20.405
2004-12-29,20.398
2004-12-30,20.388
2004-12-31,20.380
2005-01-01,20.367
2005-01-02,20.356
2005-01-03,20.358
2005-01-04,20.368
2005-01-05,20.382
2005-01-06,20.393
2005-01-07,20.405
2005-01-08,20.406
2005-01-09,20.404
2005-01-10,20.403
2005-01-11,20.404
2005-01-12,20.400
2005-01-13,20.398
2005-01-14,20.393
2005-01-15,20.389
2005-01-16,20.394
2005-01-17,20.406
2005-01-18,20.419
2005-01-19,20.436
2005-01-20,20.459
2005-01-21,20.492
2005-01-22,20.517
2005-01-23,20.540
2005-01-24,20.554
2005-01-25,20.557
2005-01-26,20.553
2005-01-27,20.550
2005-01-28,20.553
2005-01-29,20.553
2005-01-30,20.544
2005-01-31,20.532
2005-02-01,20.519
2005-02-02,20.507
2005-02-03,20.500
2005-02-04,20.498
2005-02-05,20.512
2005-02-06,20.523
2005-02-07,20.534
2005-02-08,20.548
2005-02-09,20.560
2005-02-10,20.564
2005-02-11,20.571
2005-02-12,20.574
2005-02-13,20.576
2005-02-14,20.572
2005-02-15,20.579
2005-02-16,20.593
2005-02-17,20.601
2005-02-18,20.597
2005-02-19,20.591
2005-02-20,20.584
2005-02-21,20.589
2005-02-22,20.597
2005-02-23,20.607
2005-02-24,20.618
2005-02-25,20.627
2005-02-26,20.631
2005-02-27,20.637
2005-02-28,20.638
2005-03-01,20.642
2005-03-02,20.639
2005-03-03,20.641
2005-03-04,20.636
2005-03-05,20.635
2005-03-06,20.638
2005-03-07,20.635
2005-03-08,20.635
2005-03-09,20.635
2005-03-10,20.644
2005-03-11,20.662
2005-03-12,20.666
2005-03-13,20.666
2005-03-14,20.666
2005-03-15,20.670
2005-03-16,20.678
2005-03-17,20.678
2005-03-18,20.675
2005-03-19,20.680
2005-03-20,20.689
2005-03-21,20.688
2005-03-22,20.695
2005-03-23,20.696
2005-03-24,20.697
2005-03-25,20.694
2005-03-26,20.690
2005-03-27,20.690
2005-03-28,20.687
2005-03-29,20.679
2005-03-30,20.661
2005-03-31,20.641
2005-04-01,20.623
2005-04-02,20.609
2005-04-03,20.598
2005-04-04,20.587
2005-04-05,20.580
2005-04-06,20.572
2005-04-07,20.558
2005-04-08,20.550
2005-04-09,20.552
2005-04-10,20.549
2005-04-11,20.550
2005-04-12,20.554
2005-04-13,20.558
2005-04-14,20.556
2005-04-15,20.545
2005-04-16,20.543
2005-04-17,20.541
2005-04-18,20.538
2005-04-19,20.538
2005-04-20,20.538
2005-04-21,20.550
2005-04-22,20.563
2005-04-23,20.572
2005-04-24,20.579
2005-04-25,20.586
2005-04-26,20.589
2005-04-27,20.596
2005-04-28,20.595
2005-04-29,20.591
2005-04-30,20.588
2005-05-01,20.589
2005-05-02,20.587
2005-05-03,20.581
2005-05-04,20.576
2005-05-05,20.561
2005-05-06,20.544
2005-05-07,20.530
2005-05-08,20.516
2005-05-09,20.514
2005-05-10,20.510
2005-05-11,20.505
2005-05-12,20.500
2005-05-13,20.493
2005-05-14,20.490
2005-05-15,20.484
2005-05-16,20.474
2005-05-17,20.459
2005-05-18,20.451
2005-05-19,20.451
2005-05-20,20.459
2005-05-21,20.459
2005-05-22,20.466
2005-05-23,20.475
2005-05-24,20.483
2005-05-25,20.487
2005-05-26,20.483
2005-05-27,20.481
2005-05-28,20.480
2005-05-29,20.474
2005-05-30,20.470
2005-05-31,20.465
2005-06-01,20.453
2005-06-02,20.460
2005-06-03,20.463
2005-06-04,20.461
2005-06-05,20.456
2005-06-06,20.447
2005-06-07,20.437
2005-06-08,20.431
2005-06-09,20.421
2005-06-10,20.411
2005-06-11,20.400
2005-06-12,20.383
2005-06-13,20.378
2005-06-14,20.378
2005-06-15,20.381
2005-06-16,20.387
2005-06-17,20.405
2005-06-18,20.415
2005-06-19,20.421
2005-06-20,20.429
2005-06-21,20.440
2005-06-22,20.442
2005-06-23,20.436
2005-06-24,20.430
2005-06-25,20.416
2005-06-26,20.410
2005-06-27,20.407
2005-06-28,20.407
2005-06-29,20.400
2005-06-30,20.399
2005-07-01,20.398
2005-07-02,20.397
2005-07-03,20.397
2005-07-04,20.397
2005-07-05,20.391
2005-07-06,20.390
2005-07-07,20.399
2005-07-08,20.408
2005-07-09,20.421
2005-07-10,20.438
2005-07-11,20.446
2005-07-12,20.456
2005-07-13,20.461
2005-07-14,20.458
2005-07-15,20.462
2005-07-16,20.457
2005-07-17,20.451
2005-07-18,20.445
2005-07-19,20.447
2005-07-20,20.448
2005-07-21,20.444
2005-07-22,20.444
2005-07-23,20.444
2005-07-24,20.447
2005-07-25,20.441
2005-07-26,20.440
2005-07-27,20.445
2005-07-28,20.462
2005-07-29,20.471
2005-07-30,20.470
2005-07-31,20.471
2005-08-01,20.469
2005-08-02,20.465
2005-08-03,20.466
2005-08-04,20.479
2005-08-05,20.497
2005-08-06,20.508
2005-08-07,20.514
2005-08-08,20.522
2005-08-09,20.526
2005-08-10,20.530
2005-08-11,20.541
2005-08-12,20.564
2005-08-13,20.574
2005-08-14,20.575
2005-08-15,20.578
2005-08-16,20.575
2005-08-17,20.577
2005-08-18,20.571
2005-08-19,20.564
2005-08-20,20.569
2005-08-21,20.576
2005-08-22,20.573
2005-08-23,20.556
2005-08-24,20.536
2005-08-25,20.521
2005-08-26,20.511
2005-08-27,20.502
2005-08-28,20.492
2005-08-29,20.478
2005-08-30,20.467
2005-08-31,20.467
2005-09-01,20.464
2005-09-02,20.461
2005-09-03,20.458
2005-09-04,20.458
2005-09-05,20.460
2005-09-06,20.457
2005-09-07,20.450
2005-09-08,20.444
2005-09-09,20.438
2005-09-10,20.428
2005-09-11,20.420
2005-09-12,20.423
2005-09-13,20.422
2005-09-14,20.418
2005-09-15,20.412
2005-09-16,20.406
2005-09-17,20.402
2005-09-18,20.404
2005-09-19,20.410
2005-09-20,20.411
2005-09-21,20.413
2005-09-22,20.410
2005-09-23,20.413
2005-09-24,20.402
2005-09-25,20.391
2005-09-26,20.382
2005-09-27,20.371
2005-09-28,20.364
2005-09-29,20.355
2005-09-30,20.360
2005-10-01,20.366
2005-10-02,20.362
2005-10-03,20.350
2005-10-04,20.334
2005-10-05,20.327
2005-10-06,20.324
2005-10-07,20.326
2005-10-08,20.323
2005-10-09,20.315
2005-10-10,20.311
2005-10-11,20.312
2005-10-12,20.318
2005-10-13,20.313
2005-10-14,20.309
2005-10-15,20.304
2005-10-16,20.294
2005-10-17,20.288
2005-10-18,20.284
2005-10-19,20.276
2005-10-20,20.276
2005-10-21,20.273
2005-10-22,20.262
2005-10-23,20.257
2005-10-24,20.254
2005-10-25,20.248
2005-10-26,20.239
2005-10-27,20.232
2005-10-28,20.223
2005-10-29,20.216
2005-10-30,20.207
2005-10-31,20.194
2005-11-01,20.185
2005-11-02,20.173
2005-11-03,20.163
2005-11-04,20.162
2005-11-05,20.162
2005-11-06,20.160
2005-11-07,20.163
2005-11-08,20.169
2005-11-09,20.177
2005-11-10,20.193
2005-11-11,20.203
2005-11-12,20.204
2005-11-13,20.191
2005-11-14,20.178
2005-11-15,20.177
2005-11-16,20.181
2005-11-17,20.181
2005-11-18,20.187
2005-11-19,20.191
2005-11-20,20.195
2005-11-21,20.190
2005-11-22,20.179
2005-11-23,20.168
2005-11-24,20.169
2005-11-25,20.168
2005-11-26,20.167
2005-11-27,20.169
2005-11-28,20.170
2005-11-29,20.171
2005-11-30,20.170
2005-12-01,20.169
2005-12-02,20.176
2005-12-03,20.181
2005-12-04,20.182
2005-12-05,20.182
2005-12-06,20.180
2005-12-07,20.182
2005-12-08,20.178
2005-12-09,20.175
2005-12-10,20.175
2005-12-11,20.176
2005-12-12,20.177
2005-12-13,20.187
2005-12-14,20.189
2005-12-15,20.198
2005-12-16,20.205
2005-12-17,20.220
2005-12-18,20.230
2005-12-19,20.231
2005-12-20,20.240
2005-12-21,20.246
2005-12-22,20.255
2005-12-23,20.263
2005-12-24,20.277
2005-12-25,20.294
2005-12-26,20.305
2005-12-27,20.311
2005-12-28,20.320
2005-12-29,20.329
2005-12-30,20.338
2005-12-31,20.346
2006-01-01,20.347
2006-01-02,20.343
2006-01-03,20.343
2006-01-04,20.347
2006-01-05,20.356
2006-01-06,20.362
2006-01-07,20.359
2006-01-08,20.355
2006-01-09,20.346
2006-01-10,20.347
2006-01-11,20.349
2006-01-12,20.349
2006-01-13,20.350
2006-01-14,20.358
2006-01-15,20.366
2006-01-16,20.362
2006-01-17,20.354
2006-01-18,20.347
2006-01-19,20.340
2006-01-20,20.332
2006-01-21,20.324
2006-01-22,20.318
2006-01-23,20.317
2006-01-24,20.324
2006-01-25,20.336
2006-01-26,20.348
2006-01-27,20.366
2006-01-28,20.378
2006-01-29,20.392
2006-01-30,20.397
2006-01-31,20.401
2006-02-01,20.407
2006-02-02,20.420
2006-02-03,20.433
2006-02-04,20.436
2006-02-05,20.443
2006-02-06,20.450
2006-02-07,20.457
2006-02-08,20.467
2006-02-09,20.472
2006-02-10,20.478
2006-02-11,20.482
2006-02-12,20.488
2006-02-13,20.505
2006-02-14,20.523
2006-02-15,20.540
2006-02-16,20.558
2006-02-17,20.576
2006-02-18,20.590
2006-02-19,20.595
2006-02-20,20.599
2006-02-21,20.601
2006-02-22,20.606
2006-02-23,20.603
2006-02-24,20.599
2006-02-25,20.606
2006-02-26,20.603
2006-02-27,20.592
2006-02-28,20.585
2006-03-01,20.581
2006-03-02,20.577
2006-03-03,20.576
2006-03-04,20.571
2006-03-05,20.570
2006-03-06,20.570
2006-03-07,20.566
2006-03-08,20.559
2006-03-09,20.560
2006-03-10,20.558
2006-03-11,20.561
2006-03-12,20.556
2006-03-13,20.546
2006-03-14,20.542
2006-03-15,20.537
2006-03-16,20.538
2006-03-17,20.543
2006-03-18,20.545
2006-03-19,20.553
2006-03-20,20.558
2006-03-21,20.558
2006-03-22,20.553
2006-03-23,20.544
2006-03-24,20.539
2006-03-25,20.539
2006-03-26,20.538
2006-03-27,20.537
2006-03-28,20.533
2006-03-29,20.539
2006-03-30,20.547
2006-03-31,20.552
2006-04-01,20.553
2006-04-02,20.554
2006-04-03,20.551
2006-04-04,20.552
2006-04-05,20.562
2006-04-06,20.565
2006-04-07,20.570
2006-04-08,20.571
2006-04-09,20.579
2006-04-10,20.587
2006-04-11,20.584
2006-04-12,20.582
2006-04-13,20.584
2006-04-14,20.585
2006-04-15,20.567
2006-04-16,20.542
2006-04-17,20.521
2006-04-18,20.520
2006-04-19,20.525
2006-04-20,20.526
2006-04-21,20.524
2006-04-22,20.518
2006-04-23,20.515
2006-04-24,20.510
2006-04-25,20.498
2006-04-26,20.492
2006-04-27,20.487
2006-04-28,20.489
2006-04-29,20.494
2006-04-30,20.492
2006-05-01,20.493
2006-05-02,20.495
2006-05-03,20.496
2006-05-04,20.493
2006-05-05,20.492
2006-05-06,20.484
2006-05-07,20.483
2006-05-08,20.487
2006-05-09,20.489
2006-05-10,20.492
2006-05-11,20.495
2006-05-12,20.500
2006-05-13,20.506
2006-05-14,20.509
2006-05-15,20.507
2006-05-16,20.502
2006-05-17,20.491
2006-05-18,20.481
2006-05-19,20.469
2006-05-20,20.452
2006-05-21,20.447
2006-05-22,20.448
2006-05-23,20.447
2006-05-24,20.445
2006-05-25,20.438
2006-05-26,20.434
2006-05-27,20.432
2006-05-28,20.428
2006-05-29,20.421
2006-05-30,20.416
2006-05-31,20.421
2006-06-01,20.429
2006-06-02,20.435
2006-06-03,20.440
2006-06-04,20.440
2006-06-05,20.440
2006-06-06,20.438
2006-06-07,20.430
2006-06-08,20.416
2006-06-09,20.409
2006-06-10,20.402
2006-06-11,20.405
2006-06-12,20.405
2006-06-13,20.397
2006-06-14,20.386
2006-06-15,20.370
2006-06-16,20.362
2006-06-17,20.363
2006-06-18,20.370
2006-06-19,20.373
2006-06-20,20.377
2006-06-21,20.382
2006-06-22,20.387
2006-06-23,20.387
2006-06-24,20.388
2006-06-25,20.386
2006-06-26,20.375
2006-06-27,20.375
2006-06-28,20.379
2006-06-29,20.385
2006-06-30,20.389
2006-07-01,20.402
2006-07-02,20.409
2006-07-03,20.412
2006-07-04,20.407
2006-07-05,20.398
2006-07-06,20.392
2006-07-07,20.386
2006-07-08,20.381
2006-07-09,20.374
2006-07-10,20.363
2006-07-11,20.352
2006-07-12,20.347
2006-07-13,20.344
2006-07-14,20.352
2006-07-15,20.362
2006-07-16,20.380
2006-07-17,20.399
2006-07-18,20.411
2006-07-19,20.418
2006-07-20,20.420
2006-07-21,20.419
2006-07-22,20.421
2006-07-23,20.417
2006-07-24,20.421
2006-07-25,20.434
2006-07-26,20.442
2006-07-27,20.446
2006-07-28,20.438
2006-07-29,20.431
2006-07-30,20.434
2006-07-31,20.447
2006-08-01,20.459
2006-08-02,20.466
2006-08-03,20.465
2006-08-04,20.465
2006-08-05,20.468
2006-08-06,20.474
2006-08-07,20.469
2006-08-08,20.462
2006-08-09,20.458
2006-08-10,20.453
2006-08-11,20.449
2006-08-12,20.451
2006-08-13,20.463
2006-08-14,20.474
2006-08-15,20.481
2006-08-16,20.488
2006-08-17,20.495
2006-08-18,20.507
2006-08-19,20.512
2006-08-20,20.513
2006-08-21,20.511
2006-08-22,20.510
2006-08-23,20.522
2006-08-24,20.538
2006-08-25,20.555
2006-08-26,20.562
2006-08-27,20.560
2006-08-28,20.551
2006-08-29,20.548
2006-08-30,20.543
2006-08-31,20.531
2006-09-01,20.514
2006-09-02,20.498
2006-09-03,20.500
2006-09-04,20.504
2006-09-05,20.512
2006-09-06,20.520
2006-09-07,20.523
2006-09-08,20.525
2006-09-09,20.526
2006-09-10,20.521
2006-09-11,20.507
2006-09-12,20.488
2006-09-13,20.462
2006-09-14,20.441
2006-09-15,20.428
2006-09-16,20.426
2006-09-17,20.429
2006-09-18,20.432
2006-09-19,20.428
2006-09-20,20.422
2006-09-21,20.413
2006-09-22,20.407
2006-09-23,20.395
2006-09-24,20.387
2006-09-25,20.378
2006-09-26,20.375
2006-09-27,20.376
2006-09-28,20.373
2006-09-29,20.369
2006-09-30,20.366
2006-10-01,20.365
2006-10-02,20.365
2006-10-03,20.359
2006-10-04,20.345
2006-10-05,20.336
2006-10-06,20.327
2006-10-07,20.318
2006-10-08,20.301
2006-10-09,20.293
2006-10-10,20.292
2006-10-11,20.289
2006-10-12,20.282
2006-10-13,20.285
2006-10-14,20.282
2006-10-15,20.273
2006-10-16,20.262
2006-10-17,20.255
2006-10-18,20.249
2006-10-19,20.248
2006-10-20,20.248
2006-10-21,20.254
2006-10-22,20.256
2006-10-23,20.248
2006-10-24,20.239
2006-10-25,20.239
2006-10-26,20.238
2006-10-27,20.245
2006-10-28,20.250
2006-10-29,20.262
2006-10-30,20.263
2006-10-31,20.263
2006-11-01,20.263
2006-11-02,20.274
2006-11-03,20.279
2006-11-04,20.276
2006-11-05,20.274
2006-11-06,20.270
2006-11-07,20.267
2006-11-08,20.272
2006-11-09,20.277
2006-11-10,20.275
2006-11-11,20.267
2006-11-12,20.258
2006-11-13,20.253
2006-11-14,20.250
2006-11-15,20.242
2006-11-16,20.232
2006-11-17,20.222
2006-11-18,20.207
2006-11-19,20.205
2006-11-20,20.209
2006-11-21,20.216
2006-11-22,20.222
2006-11-23,20.232
2006-11-24,20.239
2006-11-25,20.246
2006-11-26,20.251
2006-11-27,20.246
2006-11-28,20.238
2006-11-29,20.237
2006-11-30,20.236
2006-12-01,20.237
2006-12-02,20.239
2006-12-03,20.242
2006-12-04,20.253
2006-12-05,20.261
2006-12-06,20.266
2006-12-07,20.264
2006-12-08,20.263
2006-12-09,20.264
2006-12-10,20.267
2006-12-11,20.264
2006-12-12,20.265
2006-12-13,20.276
2006-12-14,20.287
2006-12-15,20.306
2006-12-16,20.324
2006-12-17,20.333
2006-12-18,20.338
2006-12-19,20.344
2006-12-20,20.348
2006-12-21,20.346
2006-12-22,20.346
2006-12-23,20.349
2006-12-24,20.357
2006-12-25,20.369
2006-12-26,20.374
2006-12-27,20.373
2006-12-28,20.372
2006-12-29,20.376
2006-12-30,20.379
2006-12-31,20.373
2007-01-01,20.369
2007-01-02,20.363
2007-01-03,20.360
2007-01-04,20.352
2007-01-05,20.354
2007-01-06,20.356
2007-01-07,20.358
2007-01-08,20.363
2007-01-09,20.370
2007-01-10,20.384
2007-01-11,20.395
2007-01-12,20.403
2007-01-13,20.418
2007-01-14,20.432
2007-01-15,20.429
2007-01-16,20.415
2007-01-17,20.409
2007-01-18,20.410
2007-01-19,20.419
2007-01-20,20.424
2007-01-21,20.437
2007-01-22,20.455
2007-01-23,20.479
2007-01-24,20.504
2007-01-25,20.519
2007-01-26,20.530
2007-01-27,20.531
2007-01-28,20.529
2007-01-29,20.519
2007-01-30,20.521
2007-01-31,20.523
2007-02-01,20.527
2007-02-02,20.530
2007-02-03,20.529
2007-02-04,20.530
2007-02-05,20.535
2007-02-06,20.546
2007-02-07,20.554
2007-02-08,20.562
2007-02-09,20.569
2007-02-10,20.570
2007-02-11,20.570
2007-02-12,20.580
2007-02-13,20.589
2007-02-14,20.598
2007-02-15,20.599
2007-02-16,20.598
2007-02-17,20.601
2007-02-18,20.603
2007-02-19,20.611
2007-02-20,20.616
2007-02-21,20.621
2007-02-22,20.625
2007-02-23,20.622
2007-02-24,20.613
2007-02-25,20.606
2007-02-26,20.597
2007-02-27,20.586
2007-02-28,20.579
2007-03-01,20.574
2007-03-02,20.571
2007-03-03,20.570
2007-03-04,20.563
2007-03-05,20.563
2007-03-06,20.557
2007-03-07,20.554
2007-03-08,20.554
2007-03-09,20.553
2007-03-10,20.553
2007-03-11,20.561
2007-03-12,20.564
2007-03-13,20.567
2007-03-14,20.572
2007-03-15,20.576
2007-03-16,20.587
2007-03-17,20.594
2007-03-18,20.585
2007-03-19,20.571
2007-03-20,20.564
2007-03-21,20.564
2007-03-22,20.562
2007-03-23,20.563
2007-03-24,20.565
2007-03-25,20.557
2007-03-26,20.546
2007-03-27,20.539
2007-03-28,20.531
2007-03-29,20.528
2007-03-30,20.522
2007-03-31,20.525
2007-04-01,20.530
2007-04-02,20.535
2007-04-03,20.533
2007-04-04,20.529
2007-04-05,20.526
2007-04-06,20.530
2007-04-07,20.534
2007-04-08,20.534
2007-04-09,20.539
2007-04-10,20.535
2007-04-11,20.532
2007-04-12,20.525
2007-04-13,20.515
2007-04-14,20.510
2007-04-15,20.503
2007-04-16,20.497
2007-04-17,20.494
2007-04-18,20.501
2007-04-19,20.504
2007-04-20,20.504
2007-04-21,20.500
2007-04-22,20.504
2007-04-23,20.507
2007-04-24,20.502
2007-04-25,20.500
2007-04-26,20.493
2007-04-27,20.484
2007-04-28,20.470
2007-04-29,20.458
2007-04-30,20.455
2007-05-01,20.455
2007-05-02,20.460
2007-05-03,20.461
2007-05-04,20.454
2007-05-05,20.445
2007-05-06,20.433
2007-05-07,20.423
2007-05-08,20.409
2007-05-09,20.394
2007-05-10,20.389
2007-05-11,20.393
2007-05-12,20.394
2007-05-13,20.390
2007-05-14,20.381
2007-05-15,20.368
2007-05-16,20.371
2007-05-17,20.376
2007-05-18,20.379
2007-05-19,20.374
2007-05-20,20.355
2007-05-21,20.346
2007-05-22,20.341
2007-05-23,20.340
2007-05-24,20.337
2007-05-25,20.343
2007-05-26,20.344
2007-05-27,20.336
2007-05-28,20.328
2007-05-29,20.326
2007-05-30,20.333
2007-05-31,20.336
2007-06-01,20.339
2007-06-02,20.338
2007-06-03,20.331
2007-06-04,20.327
2007-06-05,20.320
2007-06-06,20.316
2007-06-07,20.322
2007-06-08,20.334
2007-06-09,20.349
2007-06-10,20.368
2007-06-11,20.379
2007-06-12,20.382
2007-06-13,20.378
2007-06-14,20.371
2007-06-15,20.369
2007-06-16,20.360
2007-06-17,20.345
2007-06-18,20.333
2007-06-19,20.326
2007-06-20,20.322
2007-06-21,20.318
2007-06-22,20.321
2007-06-23,20.327
2007-06-24,20.327
2007-06-25,20.326
2007-06-26,20.325
2007-06-27,20.317
2007-06-28,20.306
2007-06-29,20.298
2007-06-30,20.292
2007-07-01,20.300
2007-07-02,20.314
2007-07-03,20.333
2007-07-04,20.341
2007-07-05,20.350
2007-07-06,20.353
2007-07-07,20.347
2007-07-08,20.332
2007-07-09,20.309
2007-07-10,20.295
2007-07-11,20.292
2007-07-12,20.291
2007-07-13,20.281
2007-07-14,20.281
2007-07-15,20.292
2007-07-16,20.303
2007-07-17,20.316
2007-07-18,20.317
2007-07-19,20.320
2007-07-20,20.320
2007-07-21,20.328
2007-07-22,20.329
2007-07-23,20.332
2007-07-24,20.332
2007-07-25,20.338
2007-07-26,20.350
2007-07-27,20.360
2007-07-28,20.372
2007-07-29,20.385
2007-07-30,20.384
2007-07-31,20.368
2007-08-01,20.361
2007-08-02,20.354
2007-08-03,20.351
2007-08-04,20.348
2007-08-05,20.337
2007-08-06,20.326
2007-08-07,20.320
2007-08-08,20.318
2007-08-09,20.319
2007-08-10,20.324
2007-08-11,20.326
2007-08-12,20.332
2007-08-13,20.338
2007-08-14,20.336
2007-08-15,20.333
2007-08-16,20.328
2007-08-17,20.318
2007-08-18,20.308
2007-08-19,20.305
2007-08-20,20.309
2007-08-21,20.326
2007-08-22,20.339
2007-08-23,20.351
2007-08-24,20.357
2007-08-25,20.361
2007-08-26,20.366
2007-08-27,20.364
2007-08-28,20.364
2007-08-29,20.360
2007-08-30,20.369
2007-08-31,20.374
2007-09-01,20.373
2007-09-02,20.377
2007-09-03,20.377
2007-09-04,20.365
2007-09-05,20.354
2007-09-06,20.345
2007-09-07,20.336
2007-09-08,20.330
2007-09-09,20.324
2007-09-10,20.318
2007-09-11,20.309
2007-09-12,20.300
2007-09-13,20.297
2007-09-14,20.296
2007-09-15,20.290
2007-09-16,20.283
2007-09-17,20.270
2007-09-18,20.255
2007-09-19,20.247
2007-09-20,20.246
2007-09-21,20.245
2007-09-22,20.237
2007-09-23,20.220
2007-09-24,20.206
2007-09-25,20.188
2007-09-26,20.170
2007-09-27,20.160
2007-09-28,20.152
2007-09-29,20.148
2007-09-30,20.148
2007-10-01,20.158
2007-10-02,20.165
2007-10-03,20.171
2007-10-04,20.178
2007-10-05,20.180
2007-10-06,20.173
2007-10-07,20.171
2007-10-08,20.162
2007-10-09,20.158
2007-10-10,20.162
2007-10-11,20.162
2007-10-12,20.159
2007-10-13,20.153
2007-10-14,20.141
2007-10-15,20.134
2007-10-16,20.121
2007-10-17,20.111
2007-10-18,20.105
2007-10-19,20.100
2007-10-20,20.090
2007-10-21,20.086
2007-10-22,20.079
2007-10-23,20.076
2007-10-24,20.068
2007-10-25,20.057
2007-10-26,20.046
2007-10-27,20.038
2007-10-28,20.034
2007-10-29,20.029
2007-10-30,20.022
2007-10-31,20.020
2007-11-01,20.013
2007-11-02,20.006
2007-11-03,20.001
2007-11-04,19.998
2007-11-05,20.007
2007-11-06,20.021
2007-11-07,20.027
2007-11-08,20.033
2007-11-09,20.036
2007-11-10,20.030
2007-11-11,20.018
2007-11-12,20.002
2007-11-13,19.986
2007-11-14,19.980
2007-11-15,19.979
2007-11-16,19.980
2007-11-17,19.968
2007-11-18,19.952
2007-11-19,19.944
2007-11-20,19.940
2007-11-21,19.941
2007-11-22,19.943
2007-11-23,19.944
2007-11-24,19.944
2007-11-25,19.950
2007-11-26,19.955
2007-11-27,19.948
2007-11-28,19.940
2007-11-29,19.943
2007-11-30,19.953
2007-12-01,19.957
2007-12-02,19.961
2007-12-03,19.956
2007-12-04,19.957
2007-12-05,19.956
2007-12-06,19.950
2007-12-07,19.948
2007-12-08,19.943
2007-12-09,19.950
2007-12-10,19.957
2007-12-11,19.962
2007-12-12,19.968
2007-12-13,19.968
2007-12-14,19.977
2007-12-15,19.986
2007-12-16,19.996
2007-12-17,20.005
2007-12-18,20.016
2007-12-19,20.017
2007-12-20,20.023
2007-12-21,20.026
2007-12-22,20.023
2007-12-23,20.024
2007-12-24,20.029
2007-12-25,20.031
2007-12-26,20.034
2007-12-27,20.039
2007-12-28,20.036
2007-12-29,20.041
2007-12-30,20.056
2007-12-31,20.062
2008-01-01,20.069
2008-01-02,20.071
2008-01-03,20.064
2008-01-04,20.059
2008-01-05,20.070
2008-01-06,20.086
2008-01-07,20.103
2008-01-08,20.122
2008-01-09,20.139
2008-01-10,20.148
2008-01-11,20.151
2008-01-12,20.154
2008-01-13,20.158
2008-01-14,20.162
2008-01-15,20.165
2008-01-16,20.174
2008-01-17,20.174
2008-01-18,20.170
2008-01-19,20.176
2008-01-20,20.184
2008-01-21,20.193
2008-01-22,20.200
2008-01-23,20.215
2008-01-24,20.238
2008-01-25,20.256
2008-01-26,20.272
2008-01-27,20.288
2008-01-28,20.311
2008-01-29,20.337
2008-01-30,20.355
2008-01-31,20.368
2008-02-01,20.380
2008-02-02,20.378
2008-02-03,20.369
2008-02-04,20.359
2008-02-05,20.355
2008-02-06,20.347
2008-02-07,20.338
2008-02-08,20.330
2008-02-09,20.328
2008-02-10,20.330
2008-02-11,20.326
2008-02-12,20.327
2008-02-13,20.330
2008-02-14,20.335
2008-02-15,20.346
2008-02-16,20.354
2008-02-17,20.361
2008-02-18,20.368
2008-02-19,20.382
2008-02-20,20.384
2008-02-21,20.382
2008-02-22,20.381
2008-02-23,20.378
2008-02-24,20.379
2008-02-25,20.390
2008-02-26,20.400
2008-02-27,20.407
2008-02-28,20.410
2008-02-29,20.415
2008-03-01,20.420
2008-03-02,20.423
2008-03-03,20.429
2008-03-04,20.441
2008-03-05,20.457
2008-03-06,20.465
2008-03-07,20.470
2008-03-08,20.472
2008-03-09,20.477
2008-03-10,20.484
2008-03-11,20.488
2008-03-12,20.483
2008-03-13,20.477
2008-03-14,20.472
2008-03-15,20.471
2008-03-16,20.472
2008-03-17,20.465
2008-03-18,20.455
2008-03-19,20.451
2008-03-20,20.450
2008-03-21,20.446
2008-03-22,20.453
2008-03-23,20.460
2008-03-24,20.471
2008-03-25,20.471
2008-03-26,20.464
2008-03-27,20.454
2008-03-28,20.456
2008-03-29,20.460
2008-03-30,20.466
2008-03-31,20.473
2008-04-01,20.472
2008-04-02,20.478
2008-04-03,20.481
2008-04-04,20.485
2008-04-05,20.485
2008-04-06,20.481
2008-04-07,20.479
2008-04-08,20.482
2008-04-09,20.478
2008-04-10,20.477
2008-04-11,20.475
2008-04-12,20.473
2008-04-13,20.470
2008-04-14,20.455
2008-04-15,20.435
2008-04-16,20.412
2008-04-17,20.401
2008-04-18,20.394
2008-04-19,20.388
2008-04-20,20.387
2008-04-21,20.387
2008-04-22,20.385
2008-04-23,20.383
2008-04-24,20.384
2008-04-25,20.380
2008-04-26,20.385
2008-04-27,20.387
2008-04-28,20.379
2008-04-29,20.369
2008-04-30,20.361
2008-05-01,20.357
2008-05-02,20.351
2008-05-03,20.348
2008-05-04,20.343
2008-05-05,20.341
2008-05-06,20.342
2008-05-07,20.342
2008-05-08,20.341
2008-05-09,20.338
2008-05-10,20.343
2008-05-11,20.344
2008-05-12,20.336
2008-05-13,20.329
2008-05-14,20.321
2008-05-15,20.321
2008-05-16,20.330
2008-05-17,20.342
2008-05-18,20.346
2008-05-19,20.346
2008-05-20,20.337
2008-05-21,20.330
2008-05-22,20.323
2008-05-23,20.328
2008-05-24,20.332
2008-05-25,20.331
2008-05-26,20.328
2008-05-27,20.320
2008-05-28,20.316
2008-05-29,20.313
2008-05-30,20.313
2008-05-31,20.314
2008-06-01,20.319
2008-06-02,20.320
2008-06-03,20.320
2008-06-04,20.312
2008-06-05,20.301
2008-06-06,20.286
2008-06-07,20.279
2008-06-08,20.266
2008-06-09,20.259
2008-06-10,20.252
2008-06-11,20.255
2008-06-12,20.252
2008-06-13,20.255
2008-06-14,20.253
2008-06-15,20.258
2008-06-16,20.268
2008-06-17,20.285
2008-06-18,20.290
2008-06-19,20.285
2008-06-20,20.293
2008-06-21,20.303
2008-06-22,20.299
2008-06-23,20.291
2008-06-24,20.297
2008-06-25,20.299
2008-06-26,20.308
2008-06-27,20.312
2008-06-28,20.314
2008-06-29,20.318
2008-06-30,20.317
2008-07-01,20.322
2008-07-02,20.326
2008-07-03,20.332
2008-07-04,20.343
2008-07-05,20.349
2008-07-06,20.353
2008-07-07,20.359
2008-07-08,20.361
2008-07-09,20.367
2008-07-10,20.374
2008-07-11,20.375
2008-07-12,20.376
2008-07-13,20.379
2008-07-14,20.378
2008-07-15,20.383
2008-07-16,20.395
2008-07-17,20.397
2008-07-18,20.393
2008-07-19,20.389
2008-07-20,20.385
2008-07-21,20.384
2008-07-22,20.390
2008-07-23,20.394
2008-07-24,20.389
2008-07-25,20.386
2008-07-26,20.389
2008-07-27,20.392
2008-07-28,20.396
2008-07-29,20.392
2008-07-30,20.394
2008-07-31,20.392
2008-08-01,20.397
2008-08-02,20.398
2008-08-03,20.410
2008-08-04,20.427
2008-08-05,20.441
2008-08-06,20.447
2008-08-07,20.451
2008-08-08,20.452
2008-08-09,20.454
2008-08-10,20.455
2008-08-11,20.453
2008-08-12,20.450
2008-08-13,20.454
2008-08-14,20.461
2008-08-15,20.460
2008-08-16,20.455
2008-08-17,20.439
2008-08-18,20.425
2008-08-19,20.422
2008-08-20,20.426
2008-08-21,20.425
2008-08-22,20.419
2008-08-23,20.409
2008-08-24,20.412
2008-08-25,20.423
2008-08-26,20.432
2008-08-27,20.436
2008-08-28,20.439
2008-08-29,20.440
2008-08-30,20.433
2008-08-31,20.429
2008-09-01,20.421
2008-09-02,20.421
2008-09-03,20.424
2008-09-04,20.425
2008-09-05,20.422
2008-09-06,20.419
2008-09-07,20.421
2008-09-08,20.420
2008-09-09,20.417
2008-09-10,20.407
2008-09-11,20.399
2008-09-12,20.398
2008-09-13,20.404
2008-09-14,20.404
2008-09-15,20.404
2008-09-16,20.405
2008-09-17,20.404
2008-09-18,20.394
2008-09-19,20.384
2008-09-20,20.378
2008-09-21,20.374
2008-09-22,20.363
2008-09-23,20.354
2008-09-24,20.343
2008-09-25,20.335
2008-09-26,20.323
2008-09-27,20.313
2008-09-28,20.310
2008-09-29,20.311
2008-09-30,20.316
2008-10-01,20.320
2008-10-02,20.318
2008-10-03,20.318
2008-10-04,20.317
2008-10-05,20.315
2008-10-06,20.312
2008-10-07,20.298
2008-10-08,20.289
2008-10-09,20.283
2008-10-10,20.275
2008-10-11,20.261
2008-10-12,20.253
2008-10-13,20.258
2008-10-14,20.261
2008-10-15,20.259
2008-10-16,20.251
2008-10-17,20.250
2008-10-18,20.251
2008-10-19,20.248
2008-10-20,20.241
2008-10-21,20.225
2008-10-22,20.208
2008-10-23,20.190
2008-10-24,20.176
2008-10-25,20.159
2008-10-26,20.152
2008-10-27,20.154
2008-10-28,20.148
2008-10-29,20.138
2008-10-30,20.135
2008-10-31,20.146
2008-11-01,20.158
2008-11-02,20.169
2008-11-03,20.173
2008-11-04,20.169
2008-11-05,20.169
2008-11-06,20.168
2008-11-07,20.171
2008-11-08,20.168
2008-11-09,20.166
2008-11-10,20.159
2008-11-11,20.152
2008-11-12,20.147
2008-11-13,20.146
2008-11-14,20.146
2008-11-15,20.144
2008-11-16,20.144
2008-11-17,20.140
2008-11-18,20.129
2008-11-19,20.122
2008-11-20,20.119
2008-11-21,20.109
2008-11-22,20.094
2008-11-23,20.083
2008-11-24,20.087
2008-11-25,20.093
2008-11-26,20.095
2008-11-27,20.092
2008-11-28,20.093
2008-11-29,20.093
2008-11-30,20.099
2008-12-01,20.112
2008-12-02,20.118
2008-12-03,20.127
2008-12-04,20.138
2008-12-05,20.149
2008-12-06,20.158
2008-12-07,20.168
2008-12-08,20.176
2008-12-09,20.181
2008-12-10,20.185
2008-12-11,20.195
2008-12-12,20.207
2008-12-13,20.218
2008-12-14,20.222
2008-12-15,20.223
2008-12-16,20.227
2008-12-17,20.234
2008-12-18,20.248
2008-12-19,20.255
2008-12-20,20.250
2008-12-21,20.233
2008-12-22,20.215
2008-12-23,20.208
2008-12-24,20.204
2008-12-25,20.201
2008-12-26,20.201
2008-12-27,20.211
2008-12-28,20.226
2008-12-29,20.239
2008-12-30,20.250
2008-12-31,20.261
2009-01-01,20.269
2009-01-02,20.282
2009-01-03,20.302
2009-01-04,20.316
2009-01-05,20.324
2009-01-06,20.332
2009-01-07,20.342
2009-01-08,20.352
2009-01-09,20.354
2009-01-10,20.342
2009-01-11,20.335
2009-01-12,20.324
2009-01-13,20.314
2009-01-14,20.311
2009-01-15,20.314
2009-01-16,20.313
2009-01-17,20.314
2009-01-18,20.321
2009-01-19,20.332
2009-01-20,20.341
2009-01-21,20.350
2009-01-22,20.363
2009-01-23,20.371
2009-01-24,20.369
2009-01-25,20.366
2009-01-26,20.371
2009-01-27,20.376
2009-01-28,20.380
2009-01-29,20.401
2009-01-30,20.419
2009-01-31,20.428
2009-02-01,20.427
2009-02-02,20.433
2009-02-03,20.441
2009-02-04,20.441
2009-02-05,20.436
2009-02-06,20.419
2009-02-07,20.412
2009-02-08,20.411
2009-02-09,20.422
2009-02-10,20.431
2009-02-11,20.441
2009-02-12,20.443
2009-02-13,20.442
2009-02-14,20.444
2009-02-15,20.459
2009-02-16,20.469
2009-02-17,20.478
2009-02-18,20.487
2009-02-19,20.496
2009-02-20,20.502
2009-02-21,20.508
2009-02-22,20.515
2009-02-23,20.519
2009-02-24,20.523
2009-02-25,20.534
2009-02-26,20.550
2009-02-27,20.562
2009-02-28,20.569
2009-03-01,20.565
2009-03-02,20.549
2009-03-03,20.530
2009-03-04,20.516
2009-03-05,20.509
2009-03-06,20.506
2009-03-07,20.514
2009-03-08,20.528
2009-03-09,20.543
2009-03-10,20.554
2009-03-11,20.558
2009-03-12,20.561
2009-03-13,20.561
2009-03-14,20.562
2009-03-15,20.561
2009-03-16,20.561
2009-03-17,20.563
2009-03-18,20.565
2009-03-19,20.561
2009-03-20,20.552
2009-03-21,20.547
2009-03-22,20.551
2009-03-23,20.556
2009-03-24,20.561
2009-03-25,20.569
2009-03-26,20.574
2009-03-27,20.575
2009-03-28,20.573
2009-03-29,20.576
2009-03-30,20.579
2009-03-31,20.571
2009-04-01,20.562
2009-04-02,20.558
2009-04-03,20.555
2009-04-04,20.554
2009-04-05,20.557
2009-04-06,20.556
2009-04-07,20.550
2009-04-08,20.544
2009-04-09,20.542
2009-04-10,20.537
2009-04-11,20.533
2009-04-12,20.530
2009-04-13,20.525
2009-04-14,20.510
2009-04-15,20.491
2009-04-16,20.483
2009-04-17,20.480
2009-04-18,20.487
2009-04-19,20.495
2009-04-20,20.490
2009-04-21,20.482
2009-04-22,20.474
2009-04-23,20.466
2009-04-24,20.463
2009-04-25,20.467
2009-04-26,20.471
2009-04-27,20.466
2009-04-28,20.463
2009-04-29,20.465
2009-04-30,20.469
2009-05-01,20.478
2009-05-02,20.484
2009-05-03,20.487
2009-05-04,20.488
2009-05-05,20.487
2009-05-06,20.499
2009-05-07,20.511
2009-05-08,20.512
2009-05-09,20.512
2009-05-10,20.506
2009-05-11,20.503
2009-05-12,20.502
2009-05-13,20.495
2009-05-14,20.488
2009-05-15,20.490
2009-05-16,20.485
2009-05-17,20.482
2009-05-18,20.488
2009-05-19,20.493
2009-05-20,20.495
2009-05-21,20.490
2009-05-22,20.482
2009-05-23,20.480
2009-05-24,20.483
2009-05-25,20.488
2009-05-26,20.488
2009-05-27,20.476
2009-05-28,20.462
2009-05-29,20.451
2009-05-30,20.452
2009-05-31,20.459
2009-06-01,20.464
2009-06-02,20.470
2009-06-03,20.484
2009-06-04,20.490
2009-06-05,20.486
2009-06-06,20.473
2009-06-07,20.473
2009-06-08,20.490
2009-06-09,20.510
2009-06-10,20.523
2009-06-11,20.533
2009-06-12,20.539
2009-06-13,20.542
2009-06-14,20.539
2009-06-15,20.541
2009-06-16,20.547
2009-06-17,20.551
2009-06-18,20.553
2009-06-19,20.547
2009-06-20,20.543
2009-06-21,20.538
2009-06-22,20.524
2009-06-23,20.514
2009-06-24,20.518
2009-06-25,20.520
2009-06-26,20.523
2009-06-27,20.530
2009-06-28,20.541
2009-06-29,20.548
2009-06-30,20.552
2009-07-01,20.558
2009-07-02,20.561
2009-07-03,20.564
2009-07-04,20.567
2009-07-05,20.567
2009-07-06,20.559
2009-07-07,20.553
2009-07-08,20.541
2009-07-09,20.527
2009-07-10,20.509
2009-07-11,20.493
2009-07-12,20.487
2009-07-13,20.487
2009-07-14,20.482
2009-07-15,20.488
2009-07-16,20.494
2009-07-17,20.497
2009-07-18,20.495
2009-07-19,20.493
2009-07-20,20.499
2009-07-21,20.500
2009-07-22,20.502
2009-07-23,20.504
2009-07-24,20.502
2009-07-25,20.497
2009-07-26,20.491
2009-07-27,20.492
2009-07-28,20.497
2009-07-29,20.500
2009-07-30,20.493
2009-07-31,20.493
2009-08-01,20.495
2009-08-02,20.498
2009-08-03,20.508
2009-08-04,20.518
2009-08-05,20.521
2009-08-06,20.524
2009-08-07,20.524
2009-08-08,20.526
2009-08-09,20.526
2009-08-10,20.533
2009-08-11,20.538
2009-08-12,20.541
2009-08-13,20.553
2009-08-14,20.568
2009-08-15,20.577
2009-08-16,20.579
2009-08-17,20.578
2009-08-18,20.572
2009-08-19,20.571
2009-08-20,20.568
2009-08-21,20.566
2009-08-22,20.561
2009-08-23,20.555
2009-08-24,20.558
2009-08-25,20.554
2009-08-26,20.553
2009-08-27,20.555
2009-08-28,20.549
2009-08-29,20.540
2009-08-30,20.532
2009-08-31,20.529
2009-09-01,20.524
2009-09-02,20.519
2009-09-03,20.508
2009-09-04,20.492
2009-09-05,20.482
2009-09-06,20.471
2009-09-07,20.457
2009-09-08,20.444
2009-09-09,20.433
2009-09-10,20.427
2009-09-11,20.429
2009-09-12,20.436
2009-09-13,20.445
2009-09-14,20.449
2009-09-15,20.449
2009-09-16,20.452
2009-09-17,20.451
2009-09-18,20.450
2009-09-19,20.443
2009-09-20,20.440
2009-09-21,20.441
2009-09-22,20.442
2009-09-23,20.441
2009-09-24,20.435
2009-09-25,20.428
2009-09-26,20.416
2009-09-27,20.396
2009-09-28,20.374
2009-09-29,20.361
2009-09-30,20.358
2009-10-01,20.365
2009-10-02,20.372
2009-10-03,20.382
2009-10-04,20.389
2009-10-05,20.398
2009-10-06,20.396
2009-10-07,20.389
2009-10-08,20.371
2009-10-09,20.351
2009-10-10,20.345
2009-10-11,20.343
2009-10-12,20.350
2009-10-13,20.363
2009-10-14,20.376
2009-10-15,20.391
2009-10-16,20.404
2009-10-17,20.405
2009-10-18,20.393
2009-10-19,20.375
2009-10-20,20.363
2009-10-21,20.355
2009-10-22,20.355
2009-10-23,20.357
2009-10-24,20.358
2009-10-25,20.353
2009-10-26,20.346
2009-10-27,20.335
2009-10-28,20.324
2009-10-29,20.322
2009-10-30,20.324
2009-10-31,20.323
2009-11-01,20.313
2009-11-02,20.299
2009-11-03,20.287
2009-11-04,20.283
2009-11-05,20.283
2009-11-06,20.281
2009-11-07,20.281
2009-11-08,20.285
2009-11-09,20.287
2009-11-10,20.286
2009-11-11,20.295
2009-11-12,20.309
2009-11-13,20.317
2009-11-14,20.321
2009-11-15,20.328
2009-11-16,20.330
2009-11-17,20.324
2009-11-18,20.306
2009-11-19,20.291
2009-11-20,20.281
2009-11-21,20.270
2009-11-22,20.266
2009-11-23,20.265
2009-11-24,20.265
2009-11-25,20.268
2009-11-26,20.268
2009-11-27,20.275
2009-11-28,20.279
2009-11-29,20.282
2009-11-30,20.288
2009-12-01,20.297
2009-12-02,20.311
2009-12-03,20.322
2009-12-04,20.330
2009-12-05,20.328
2009-12-06,20.332
2009-12-07,20.343
2009-12-08,20.361
2009-12-09,20.374
2009-12-10,20.380
2009-12-11,20.385
2009-12-12,20.389
2009-12-13,20.398
2009-12-14,20.405
2009-12-15,20.411
2009-12-16,20.412
2009-12-17,20.407
2009-12-18,20.399
2009-12-19,20.397
2009-12-20,20.401
2009-12-21,20.410
2009-12-22,20.421
2009-12-23,20.436
2009-12-24,20.448
2009-12-25,20.467
2009-12-26,20.484
2009-12-27,20.499
2009-12-28,20.505
2009-12-29,20.511
2009-12-30,20.507
2009-12-31,20.497
2010-01-01,20.492
2010-01-02,20.496
2010-01-03,20.500
2010-01-04,20.505
2010-01-05,20.509
2010-01-06,20.509
2010-01-07,20.506
2010-01-08,20.508
2010-01-09,20.509
2010-01-10,20.509
2010-01-11,20.503
2010-01-12,20.488
2010-01-13,20.473
2010-01-14,20.470
2010-01-15,20.471
2010-01-16,20.480
2010-01-17,20.484
2010-01-18,20.494
2010-01-19,20.504
2010-01-20,20.515
2010-01-21,20.527
2010-01-22,20.548
2010-01-23,20.567
2010-01-24,20.585
2010-01-25,20.595
2010-01-26,20.600
2010-01-27,20.603
2010-01-28,20.607
2010-01-29,20.608
2010-01-30,20.608
2010-01-31,20.606
2010-02-01,20.593
2010-02-02,20.581
2010-02-03,20.571
2010-02-04,20.575
2010-02-05,20.586
2010-02-06,20.600
2010-02-07,20.615
2010-02-08,20.626
2010-02-09,20.640
2010-02-10,20.653
2010-02-11,20.664
2010-02-12,20.677
2010-02-13,20.686
2010-02-14,20.688
2010-02-15,20.691
2010-02-16,20.692
2010-02-17,20.692
2010-02-18,20.685
2010-02-19,20.682
2010-02-20,20.684
2010-02-21,20.695
2010-02-22,20.712
2010-02-23,20.728
2010-02-24,20.733
2010-02-25,20.731
2010-02-26,20.734
2010-02-27,20.734
2010-02-28,20.742
2010-03-01,20.743
2010-03-02,20.743
2010-03-03,20.733
2010-03-04,20.725
2010-03-05,20.720
2010-03-06,20.717
2010-03-07,20.719
2010-03-08,20.721
2010-03-09,20.719
2010-03-10,20.722
2010-03-11,20.723
2010-03-12,20.722
2010-03-13,20.712
2010-03-14,20.699
2010-03-15,20.695
2010-03-16,20.689
2010-03-17,20.685
2010-03-18,20.688
2010-03-19,20.695
2010-03-20,20.701
2010-03-21,20.701
2010-03-22,20.699
2010-03-23,20.699
2010-03-24,20.706
2010-03-25,20.709
2010-03-26,20.713
2010-03-27,20.711
2010-03-28,20.714
2010-03-29,20.710
2010-03-30,20.704
2010-03-31,20.695
2010-04-01,20.690
2010-04-02,20.688
2010-04-03,20.690
2010-04-04,20.690
2010-04-05,20.695
2010-04-06,20.701
2010-04-07,20.703
2010-04-08,20.704
2010-04-09,20.706
2010-04-10,20.702
2010-04-11,20.698
2010-04-12,20.691
2010-04-13,20.689
2010-04-14,20.692
2010-04-15,20.691
2010-04-16,20.689
2010-04-17,20.687
2010-04-18,20.685
2010-04-19,20.678
2010-04-20,20.671
2010-04-21,20.662
2010-04-22,20.654
2010-04-23,20.650
2010-04-24,20.639
2010-04-25,20.635
2010-04-26,20.627
2010-04-27,20.627
2010-04-28,20.621
2010-04-29,20.615
2010-04-30,20.608
2010-05-01,20.601
2010-05-02,20.593
2010-05-03,20.592
2010-05-04,20.589
2010-05-05,20.595
2010-05-06,20.603
2010-05-07,20.612
2010-05-08,20.614
2010-05-09,20.606
2010-05-10,20.592
2010-05-11,20.574
2010-05-12,20.562
2010-05-13,20.546
2010-05-14,20.533
2010-05-15,20.523
2010-05-16,20.521
2010-05-17,20.518
2010-05-18,20.517
2010-05-19,20.526
2010-05-20,20.524
2010-05-21,20.525
2010-05-22,20.526
2010-05-23,20.525
2010-05-24,20.512
2010-05-25,20.498
2010-05-26,20.493
2010-05-27,20.491
2010-05-28,20.488
2010-05-29,20.485
2010-05-30,20.478
2010-05-31,20.471
2010-06-01,20.469
2010-06-02,20.473
2010-06-03,20.473
2010-06-04,20.474
2010-06-05,20.474
2010-06-06,20.481
2010-06-07,20.490
2010-06-08,20.498
2010-06-09,20.493
2010-06-10,20.485
2010-06-11,20.476
2010-06-12,20.468
2010-06-13,20.460
2010-06-14,20.456
2010-06-15,20.446
2010-06-16,20.441
2010-06-17,20.438
2010-06-18,20.438
2010-06-19,20.436
2010-06-20,20.430
2010-06-21,20.428
2010-06-22,20.418
2010-06-23,20.413
2010-06-24,20.415
2010-06-25,20.417
2010-06-26,20.426
2010-06-27,20.434
2010-06-28,20.435
2010-06-29,20.432
2010-06-30,20.427
2010-07-01,20.435
2010-07-02,20.450
2010-07-03,20.458
2010-07-04,20.465
2010-07-05,20.463
2010-07-06,20.457
2010-07-07,20.454
2010-07-08,20.443
2010-07-09,20.445
2010-07-10,20.447
2010-07-11,20.445
2010-07-12,20.442
2010-07-13,20.440
2010-07-14,20.445
2010-07-15,20.445
2010-07-16,20.451
2010-07-17,20.460
2010-07-18,20.469
2010-07-19,20.472
2010-07-20,20.468
2010-07-21,20.462
2010-07-22,20.455
2010-07-23,20.449
2010-07-24,20.445
2010-07-25,20.442
2010-07-26,20.441
2010-07-27,20.438
2010-07-28,20.434
2010-07-29,20.436
2010-07-30,20.442
2010-07-31,20.451
2010-08-01,20.458
2010-08-02,20.469
2010-08-03,20.478
2010-08-04,20.485
2010-08-05,20.490
2010-08-06,20.495
2010-08-07,20.500
2010-08-08,20.505
2010-08-09,20.509
2010-08-10,20.518
2010-08-11,20.523
2010-08-12,20.522
2010-08-13,20.512
2010-08-14,20.499
2010-08-15,20.494
2010-08-16,20.493
2010-08-17,20.496
2010-08-18,20.494
2010-08-19,20.499
2010-08-20,20.505
2010-08-21,20.509
2010-08-22,20.508
2010-08-23,20.505
2010-08-24,20.503
2010-08-25,20.502
2010-08-26,20.507
2010-08-27,20.510
2010-08-28,20.502
2010-08-29,20.495
2010-08-30,20.487
2010-08-31,20.479
2010-09-01,20.469
2010-09-02,20.455
2010-09-03,20.438
2010-09-04,20.424
2010-09-05,20.416
2010-09-06,20.414
2010-09-07,20.411
2010-09-08,20.418
2010-09-09,20.424
2010-09-10,20.426
2010-09-11,20.422
2010-09-12,20.420
2010-09-13,20.415
2010-09-14,20.409
2010-09-15,20.407
2010-09-16,20.396
2010-09-17,20.390
2010-09-18,20.389
2010-09-19,20.387
2010-09-20,20.385
2010-09-21,20.377
2010-09-22,20.364
2010-09-23,20.353
2010-09-24,20.342
2010-09-25,20.336
2010-09-26,20.321
2010-09-27,20.310
2010-09-28,20.301
2010-09-29,20.286
2010-09-30,20.270
2010-10-01,20.259
2010-10-02,20.255
2010-10-03,20.246
2010-10-04,20.237
2010-10-05,20.228
2010-10-06,20.220
2010-10-07,20.213
2010-10-08,20.200
2010-10-09,20.187
2010-10-10,20.179
2010-10-11,20.173
2010-10-12,20.177
2010-10-13,20.186
2010-10-14,20.192
2010-10-15,20.198
2010-10-16,20.200
2010-10-17,20.200
2010-10-18,20.200
2010-10-19,20.199
2010-10-20,20.194
2010-10-21,20.183
2010-10-22,20.175
2010-10-23,20.167
2010-10-24,20.172
2010-10-25,20.172
2010-10-26,20.166
2010-10-27,20.158
2010-10-28,20.141
2010-10-29,20.126
2010-10-30,20.115
2010-10-31,20.109
2010-11-01,20.110
2010-11-02,20.113
2010-11-03,20.118
2010-11-04,20.123
2010-11-05,20.126
2010-11-06,20.121
2010-11-07,20.108
2010-11-08,20.096
2010-11-09,20.083
2010-11-10,20.075
2010-11-11,20.067
2010-11-12,20.066
2010-11-13,20.067
2010-11-14,20.075
2010-11-15,20.080
2010-11-16,20.088
2010-11-17,20.106
2010-11-18,20.123
2010-11-19,20.138
2010-11-20,20.138
2010-11-21,20.133
2010-11-22,20.132
2010-11-23,20.128
2010-11-24,20.129
2010-11-25,20.132
2010-11-26,20.128
2010-11-27,20.122
2010-11-28,20.124
2010-11-29,20.124
2010-11-30,20.127
2010-12-01,20.129
2010-12-02,20.125
2010-12-03,20.120
2010-12-04,20.121
2010-12-05,20.132
2010-12-06,20.133
2010-12-07,20.134
2010-12-08,20.136
2010-12-09,20.134
2010-12-10,20.131
2010-12-11,20.131
2010-12-12,20.132
2010-12-13,20.138
2010-12-14,20.148
2010-12-15,20.155
2010-12-16,20.158
2010-12-17,20.160
2010-12-18,20.164
2010-12-19,20.175
2010-12-20,20.185
2010-12-21,20.203
2010-12-22,20.209
2010-12-23,20.206
2010-12-24,20.201
2010-12-25,20.201
2010-12-26,20.206
2010-12-27,20.209
2010-12-28,20.207
2010-12-29,20.208
2010-12-30,20.215
2010-12-31,20.224
2011-01-01,20.229
2011-01-02,20.235
2011-01-03,20.241
2011-01-04,20.250
2011-01-05,20.257
2011-01-06,20.255
2011-01-07,20.259
2011-01-08,20.264
2011-01-09,20.267
2011-01-10,20.260
2011-01-11,20.250
2011-01-12,20.241
2011-01-13,20.240
2011-01-14,20.241
2011-01-15,20.248
2011-01-16,20.265
2011-01-17,20.281
2011-01-18,20.307
2011-01-19,20.328
2011-01-20,20.335
2011-01-21,20.336
2011-01-22,20.334
2011-01-23,20.337
2011-01-24,20.337
2011-01-25,20.344
2011-01-26,20.354
2011-01-27,20.361
2011-01-28,20.367
2011-01-29,20.379
2011-01-30,20.391
2011-01-31,20.397
2011-02-01,20.401
2011-02-02,20.401
2011-02-03,20.407
2011-02-04,20.417
2011-02-05,20.427
2011-02-06,20.442
2011-02-07,20.452
2011-02-08,20.465
2011-02-09,20.479
2011-02-10,20.484
2011-02-11,20.492
2011-02-12,20.498
2011-02-13,20.487
2011-02-14,20.481
2011-02-15,20.487
2011-02-16,20.494
2011-02-17,20.499
2011-02-18,20.506
2011-02-19,20.512
2011-02-20,20.510
2011-02-21,20.501
2011-02-22,20.491
2011-02-23,20.487
2011-02-24,20.484
2011-02-25,20.488
2011-02-26,20.495
2011-02-27,20.509
2011-02-28,20.527
2011-03-01,20.543
2011-03-02,20.552
2011-03-03,20.562
2011-03-04,20.572
2011-03-05,20.572
2011-03-06,20.565
2011-03-07,20.560
2011-03-08,20.556
2011-03-09,20.555
2011-03-10,20.563
2011-03-11,20.565
2011-03-12,20.564
2011-03-13,20.555
2011-03-14,20.542
2011-03-15,20.531
2011-03-16,20.529
2011-03-17,20.525
2011-03-18,20.528
2011-03-19,20.538
2011-03-20,20.550
2011-03-21,20.556
2011-03-22,20.560
2011-03-23,20.554
2011-03-24,20.550
2011-03-25,20.550
2011-03-26,20.550
2011-03-27,20.544
2011-03-28,20.535
2011-03-29,20.530
2011-03-30,20.537
2011-03-31,20.543
2011-04-01,20.544
2011-04-02,20.541
2011-04-03,20.534
2011-04-04,20.522
2011-04-05,20.509
2011-04-06,20.506
2011-04-07,20.505
2011-04-08,20.501
2011-04-09,20.504
2011-04-10,20.508
2011-04-11,20.508
2011-04-12,20.506
2011-04-13,20.511
2011-04-14,20.519
2011-04-15,20.528
2011-04-16,20.534
2011-04-17,20.534
2011-04-18,20.529
2011-04-19,20.519
2011-04-20,20.512
2011-04-21,20.513
2011-04-22,20.513
2011-04-23,20.506
2011-04-24,20.499
2011-04-25,20.491
2011-04-26,20.486
2011-04-27,20.475
2011-04-28,20.466
2011-04-29,20.464
2011-04-30,20.456
2011-05-01,20.451
2011-05-02,20.444
2011-05-03,20.441
2011-05-04,20.440
2011-05-05,20.435
2011-05-06,20.424
2011-05-07,20.416
2011-05-08,20.411
2011-05-09,20.413
2011-05-10,20.416
2011-05-11,20.419
2011-05-12,20.424
2011-05-13,20.433
2011-05-14,20.443
2011-05-15,20.456
2011-05-16,20.452
2011-05-17,20.452
2011-05-18,20.447
2011-05-19,20.445
2011-05-20,20.436
2011-05-21,20.432
2011-05-22,20.420
2011-05-23,20.405
2011-05-24,20.391
2011-05-25,20.382
2011-05-26,20.377
2011-05-27,20.380
2011-05-28,20.385
2011-05-29,20.390
2011-05-30,20.389
2011-05-31,20.389
2011-06-01,20.387
2011-06-02,20.382
2011-06-03,20.376
2011-06-04,20.379
2011-06-05,20.387
2011-06-06,20.392
2011-06-07,20.387
2011-06-08,20.383
2011-06-09,20.376
2011-06-10,20.373
2011-06-11,20.373
2011-06-12,20.368
2011-06-13,20.361
2011-06-14,20.352
2011-06-15,20.349
2011-06-16,20.347
2011-06-17,20.343
2011-06-18,20.334
2011-06-19,20.319
2011-06-20,20.311
2011-06-21,20.306
2011-06-22,20.312
2011-06-23,20.318
2011-06-24,20.318
2011-06-25,20.315
2011-06-26,20.313
2011-06-27,20.306
2011-06-28,20.301
2011-06-29,20.307
2011-06-30,20.304
2011-07-01,20.300
2011-07-02,20.303
2011-07-03,20.306
2011-07-04,20.315
2011-07-05,20.325
2011-07-06,20.341
2011-07-07,20.346
2011-07-08,20.358
2011-07-09,20.373
2011-07-10,20.383
2011-07-11,20.384
2011-07-12,20.388
2011-07-13,20.391
2011-07-14,20.386
2011-07-15,20.377
2011-07-16,20.368
2011-07-17,20.361
2011-07-18,20.357
2011-07-19,20.348
2011-07-20,20.343
2011-07-21,20.340
2011-07-22,20.335
2011-07-23,20.331
2011-07-24,20.334
2011-07-25,20.339
2011-07-26,20.350
2011-07-27,20.363
2011-07-28,20.373
2011-07-29,20.376
2011-07-30,20.376
2011-07-31,20.378
2011-08-01,20.384
2011-08-02,20.387
2011-08-03,20.382
2011-08-04,20.371
2011-08-05,20.366
2011-08-06,20.366
2011-08-07,20.369
2011-08-08,20.376
2011-08-09,20.384
2011-08-10,20.394
2011-08-11,20.407
2011-08-12,20.418
2011-08-13,20.426
2011-08-14,20.436
2011-08-15,20.438
2011-08-16,20.436
2011-08-17,20.428
2011-08-18,20.415
2011-08-19,20.403
2011-08-20,20.400
2011-08-21,20.408
2011-08-22,20.408
2011-08-23,20.401
2011-08-24,20.402
2011-08-25,20.401
2011-08-26,20.405
2011-08-27,20.406
2011-08-28,20.404
2011-08-29,20.403
2011-08-30,20.403
2011-08-31,20.398
2011-09-01,20.392
2011-09-02,20.378
2011-09-03,20.363
2011-09-04,20.349
2011-09-05,20.345
2011-09-06,20.342
2011-09-07,20.335
2011-09-08,20.329
2011-09-09,20.321
2011-09-10,20.310
2011-09-11,20.300
2011-09-12,20.295
2011-09-13,20.298
2011-09-14,20.301
2011-09-15,20.310
2011-09-16,20.308
2011-09-17,20.296
2011-09-18,20.277
2011-09-19,20.263
2011-09-20,20.253
2011-09-21,20.247
2011-09-22,20.243
2011-09-23,20.248
2011-09-24,20.255
2011-09-25,20.257
2011-09-26,20.259
2011-09-27,20.258
2011-09-28,20.257
2011-09-29,20.259
2011-09-30,20.253
2011-10-01,20.248
2011-10-02,20.236
2011-10-03,20.223
2011-10-04,20.212
2011-10-05,20.205
2011-10-06,20.195
2011-10-07,20.184
2011-10-08,20.169
2011-10-09,20.156
2011-10-10,20.149
2011-10-11,20.147
2011-10-12,20.141
2011-10-13,20.138
2011-10-14,20.143
2011-10-15,20.153
2011-10-16,20.156
2011-10-17,20.156
2011-10-18,20.152
2011-10-19,20.147
2011-10-20,20.148
2011-10-21,20.155
2011-10-22,20.161
2011-10-23,20.167
2011-10-24,20.168
2011-10-25,20.170
2011-10-26,20.163
2011-10-27,20.161
2011-10-28,20.157
2011-10-29,20.152
2011-10-30,20.144
2011-10-31,20.126
2011-11-01,20.110
2011-11-02,20.102
2011-11-03,20.107
2011-11-04,20.109
2011-11-05,20.113
2011-11-06,20.112
2011-11-07,20.113
2011-11-08,20.115
2011-11-09,20.104
2011-11-10,20.092
2011-11-11,20.084
2011-11-12,20.086
2011-11-13,20.091
2011-11-14,20.101
2011-11-15,20.109
2011-11-16,20.120
2011-11-17,20.127
2011-11-18,20.126
2011-11-19,20.107
2011-11-20,20.090
2011-11-21,20.079
2011-11-22,20.072
2011-11-23,20.064
2011-11-24,20.063
2011-11-25,20.061
2011-11-26,20.056
2011-11-27,20.051
2011-11-28,20.048
2011-11-29,20.042
2011-11-30,20.033
2011-12-01,20.026
2011-12-02,20.023
2011-12-03,20.025
2011-12-04,20.032
2011-12-05,20.035
2011-12-06,20.039
2011-12-07,20.047
2011-12-08,20.052
2011-12-09,20.057
2011-12-10,20.065
2011-12-11,20.073
2011-12-12,20.085
2011-12-13,20.091
2011-12-14,20.093
2011-12-15,20.100
2011-12-16,20.102
2011-12-17,20.099
2011-12-18,20.096
2011-12-19,20.096
2011-12-20,20.100
2011-12-21,20.111
2011-12-22,20.119
2011-12-23,20.117
2011-12-24,20.115
2011-12-25,20.114
2011-12-26,20.114
2011-12-27,20.113
2011-12-28,20.114
2011-12-29,20.119
2011-12-30,20.125
2011-12-31,20.133
2012-01-01,20.142
2012-01-02,20.156
2012-01-03,20.167
2012-01-04,20.175
2012-01-05,20.192
2012-01-06,20.200
2012-01-07,20.197
2012-01-08,20.189
2012-01-09,20.191
2012-01-10,20.198
2012-01-11,20.208
2012-01-12,20.222
2012-01-13,20.235
2012-01-14,20.249
2012-01-15,20.266
2012-01-16,20.288
2012-01-17,20.307
2012-01-18,20.324
2012-01-19,20.333
2012-01-20,20.336
2012-01-21,20.335
2012-01-22,20.333
2012-01-23,20.327
2012-01-24,20.318
2012-01-25,20.314
2012-01-26,20.307
2012-01-27,20.301
2012-01-28,20.292
2012-01-29,20.287
2012-01-30,20.287
2012-01-31,20.284
2012-02-01,20.286
2012-02-02,20.288
2012-02-03,20.296
2012-02-04,20.306
2012-02-05,20.317
2012-02-06,20.329
2012-02-07,20.347
2012-02-08,20.362
2012-02-09,20.373
2012-02-10,20.389
2012-02-11,20.407
2012-02-12,20.422
2012-02-13,20.444
2012-02-14,20.461
2012-02-15,20.482
2012-02-16,20.510
2012-02-17,20.537
2012-02-18,20.556
2012-02-19,20.571
2012-02-20,20.576
2012-02-21,20.575
2012-02-22,20.571
2012-02-23,20.561
2012-02-24,20.554
2012-02-25,20.551
2012-02-26,20.539
2012-02-27,20.522
2012-02-28,20.517
2012-02-29,20.509
2012-03-01,20.499
2012-03-02,20.498
2012-03-03,20.506
2012-03-04,20.508
2012-03-05,20.496
2012-03-06,20.484
2012-03-07,20.476
2012-03-08,20.476
2012-03-09,20.479
2012-03-10,20.479
2012-03-11,20.468
2012-03-12,20.467
2012-03-13,20.470
2012-03-14,20.470
2012-03-15,20.480
2012-03-16,20.480
2012-03-17,20.469
2012-03-18,20.464
2012-03-19,20.460
2012-03-20,20.455
2012-03-21,20.455
2012-03-22,20.456
2012-03-23,20.469
2012-03-24,20.483
2012-03-25,20.496
2012-03-26,20.506
2012-03-27,20.512
2012-03-28,20.512
2012-03-29,20.508
2012-03-30,20.497
2012-03-31,20.490
2012-04-01,20.484
2012-04-02,20.481
2012-04-03,20.486
2012-04-04,20.493
2012-04-05,20.502
2012-04-06,20.511
2012-04-07,20.515
2012-04-08,20.508
2012-04-09,20.498
2012-04-10,20.489
2012-04-11,20.484
2012-04-12,20.480
2012-04-13,20.478
2012-04-14,20.482
2012-04-15,20.488
2012-04-16,20.488
2012-04-17,20.484
2012-04-18,20.481
2012-04-19,20.480
2012-04-20,20.484
2012-04-21,20.487
2012-04-22,20.476
2012-04-23,20.458
2012-04-24,20.445
2012-04-25,20.430
2012-04-26,20.429
2012-04-27,20.431
2012-04-28,20.430
2012-04-29,20.432
2012-04-30,20.438
2012-05-01,20.438
2012-05-02,20.440
2012-05-03,20.444
2012-05-04,20.449
2012-05-05,20.451
2012-05-06,20.456
2012-05-07,20.461
2012-05-08,20.463
2012-05-09,20.465
2012-05-10,20.471
2012-05-11,20.472
2012-05-12,20.466
2012-05-13,20.462
2012-05-14,20.460
2012-05-15,20.463
2012-05-16,20.459
2012-05-17,20.451
2012-05-18,20.443
2012-05-19,20.436
2012-05-20,20.428
2012-05-21,20.423
2012-05-22,20.421
2012-05-23,20.421
2012-05-24,20.416
2012-05-25,20.412
2012-05-26,20.409
2012-05-27,20.399
2012-05-28,20.393
2012-05-29,20.389
2012-05-30,20.382
2012-05-31,20.383
2012-06-01,20.378
2012-06-02,20.378
2012-06-03,20.381
2012-06-04,20.373
2012-06-05,20.356
2012-06-06,20.331
2012-06-07,20.326
2012-06-08,20.334
2012-06-09,20.335
2012-06-10,20.338
2012-06-11,20.340
2012-06-12,20.336
2012-06-13,20.336
2012-06-14,20.336
2012-06-15,20.344
2012-06-16,20.355
2012-06-17,20.358
2012-06-18,20.360
2012-06-19,20.357
2012-06-20,20.351
2012-06-21,20.349
2012-06-22,20.348
2012-06-23,20.350
2012-06-24,20.354
2012-06-25,20.361
2012-06-26,20.364
2012-06-27,20.366
2012-06-28,20.373
2012-06-29,20.384
2012-06-30,20.398
2012-07-01,20.409
2012-07-02,20.408
2012-07-03,20.406
2012-07-04,20.407
2012-07-05,20.406
2012-07-06,20.409
2012-07-07,20.405
2012-07-08,20.400
2012-07-09,20.399
2012-07-10,20.407
2012-07-11,20.408
2012-07-12,20.410
2012-07-13,20.407
2012-07-14,20.406
2012-07-15,20.406
2012-07-16,20.410
2012-07-17,20.412
2012-07-18,20.412
2012-07-19,20.418
2012-07-20,20.419
2012-07-21,20.420
2012-07-22,20.423
2012-07-23,20.421
2012-07-24,20.433
2012-07-25,20.437
2012-07-26,20.445
2012-07-27,20.456
2012-07-28,20.469
2012-07-29,20.481
2012-07-30,20.486
2012-07-31,20.483
2012-08-01,20.478
2012-08-02,20.472
2012-08-03,20.472
2012-08-04,20.474
2012-08-05,20.478
2012-08-06,20.485
2012-08-07,20.499
2012-08-08,20.514
2012-08-09,20.530
2012-08-10,20.535
2012-08-11,20.526
2012-08-12,20.510
2012-08-13,20.507
2012-08-14,20.505
2012-08-15,20.513
2012-08-16,20.521
2012-08-17,20.526
2012-08-18,20.537
2012-08-19,20.545
2012-08-20,20.553
2012-08-21,20.563
2012-08-22,20.561
2012-08-23,20.557
2012-08-24,20.555
2012-08-25,20.555
2012-08-26,20.555
2012-08-27,20.553
2012-08-28,20.549
2012-08-29,20.548
2012-08-30,20.543
2012-08-31,20.537
2012-09-01,20.529
2012-09-02,20.524
2012-09-03,20.510
2012-09-04,20.497
2012-09-05,20.485
2012-09-06,20.477
2012-09-07,20.477
2012-09-08,20.482
2012-09-09,20.487
2012-09-10,20.492
2012-09-11,20.492
2012-09-12,20.490
2012-09-13,20.490
2012-09-14,20.486
2012-09-15,20.483
2012-09-16,20.476
2012-09-17,20.470
2012-09-18,20.467
2012-09-19,20.463
2012-09-20,20.458
2012-09-21,20.450
2012-09-22,20.442
2012-09-23,20.439
2012-09-24,20.438
2012-09-25,20.433
2012-09-26,20.426
2012-09-27,20.414
2012-09-28,20.400
2012-09-29,20.389
2012-09-30,20.381
2012-10-01,20.374
2012-10-02,20.368
2012-10-03,20.352
2012-10-04,20.340
2012-10-05,20.331
2012-10-06,20.341
2012-10-07,20.345
2012-10-08,20.350
2012-10-09,20.347
2012-10-10,20.345
2012-10-11,20.340
2012-10-12,20.337
2012-10-13,20.334
2012-10-14,20.331
2012-10-15,20.329
2012-10-16,20.322
2012-10-17,20.323
2012-10-18,20.323
2012-10-19,20.327
2012-10-20,20.328
2012-10-21,20.327
2012-10-22,20.322
2012-10-23,20.301
2012-10-24,20.281
2012-10-25,20.267
2012-10-26,20.270
2012-10-27,20.277
2012-10-28,20.285
2012-10-29,20.294
2012-10-30,20.304
2012-10-31,20.309
2012-11-01,20.307
2012-11-02,20.308
2012-11-03,20.310
2012-11-04,20.306
2012-11-05,20.304
2012-11-06,20.300
2012-11-07,20.288
2012-11-08,20.275
2012-11-09,20.252
2012-11-10,20.237
2012-11-11,20.225
2012-11-12,20.222
2012-11-13,20.233
2012-11-14,20.245
2012-11-15,20.259
2012-11-16,20.265
2012-11-17,20.271
2012-11-18,20.278
2012-11-19,20.286
2012-11-20,20.289
2012-11-21,20.289
2012-11-22,20.291
2012-11-23,20.284
2012-11-24,20.274
2012-11-25,20.267
2012-11-26,20.259
2012-11-27,20.258
2012-11-28,20.257
2012-11-29,20.249
2012-11-30,20.249
2012-12-01,20.246
2012-12-02,20.250
2012-12-03,20.260
2012-12-04,20.266
2012-12-05,20.270
2012-12-06,20.268
2012-12-07,20.259
2012-12-08,20.256
2012-12-09,20.260
2012-12-10,20.264
2012-12-11,20.271
2012-12-12,20.277
2012-12-13,20.284
2012-12-14,20.290
2012-12-15,20.297
2012-12-16,20.308
2012-12-17,20.320
2012-12-18,20.328
2012-12-19,20.330
2012-12-20,20.334
2012-12-21,20.339
2012-12-22,20.343
2012-12-23,20.349
2012-12-24,20.349
2012-12-25,20.345
2012-12-26,20.342
2012-12-27,20.334
2012-12-28,20.330
2012-12-29,20.332
2012-12-30,20.334
2012-12-31,20.326
2013-01-01,20.313
2013-01-02,20.300
2013-01-03,20.298
2013-01-04,20.291
2013-01-05,20.288
2013-01-06,20.292
2013-01-07,20.301
2013-01-08,20.306
2013-01-09,20.306
2013-01-10,20.306
2013-01-11,20.315
2013-01-12,20.327
2013-01-13,20.339
2013-01-14,20.354
2013-01-15,20.368
2013-01-16,20.381
2013-01-17,20.391
2013-01-18,20.395
2013-01-19,20.402
2013-01-20,20.413
2013-01-21,20.431
2013-01-22,20.447
2013-01-23,20.461
2013-01-24,20.468
2013-01-25,20.466
2013-01-26,20.461
2013-01-27,20.460
2013-01-28,20.461
2013-01-29,20.470
2013-01-30,20.473
2013-01-31,20.476
2013-02-01,20.484
2013-02-02,20.499
2013-02-03,20.505
2013-02-04,20.515
2013-02-05,20.530
2013-02-06,20.546
2013-02-07,20.562
2013-02-08,20.583
2013-02-09,20.603
2013-02-10,20.618
2013-02-11,20.622
2013-02-12,20.615
2013-02-13,20.610
2013-02-14,20.605
2013-02-15,20.611
2013-02-16,20.614
2013-02-17,20.618
2013-02-18,20.614
2013-02-19,20.609
2013-02-20,20.601
2013-02-21,20.589
2013-02-22,20.576
2013-02-23,20.568
2013-02-24,20.560
2013-02-25,20.559
2013-02-26,20.561
2013-02-27,20.566
2013-02-28,20.567
2013-03-01,20.564
2013-03-02,20.563
2013-03-03,20.569
2013-03-04,20.578
2013-03-05,20.585
2013-03-06,20.589
2013-03-07,20.591
2013-03-08,20.596
2013-03-09,20.599
2013-03-10,20.601
2013-03-11,20.604
2013-03-12,20.609
2013-03-13,20.625
2013-03-14,20.635
2013-03-15,20.652
2013-03-16,20.669
2013-03-17,20.684
2013-03-18,20.695
2013-03-19,20.706
2013-03-20,20.711
2013-03-21,20.717
2013-03-22,20.719
2013-03-23,20.718
2013-03-24,20.719
2013-03-25,20.724
2013-03-26,20.719
2013-03-27,20.710
2013-03-28,20.691
2013-03-29,20.676
2013-03-30,20.671
2013-03-31,20.669
2013-04-01,20.673
2013-04-02,20.671
2013-04-03,20.663
2013-04-04,20.653
2013-04-05,20.640
2013-04-06,20.628
2013-04-07,20.620
2013-04-08,20.614
2013-04-09,20.611
2013-04-10,20.604
2013-04-11,20.591
2013-04-12,20.578
2013-04-13,20.578
2013-04-14,20.586
2013-04-15,20.599
2013-04-16,20.606
2013-04-17,20.614
2013-04-18,20.622
2013-04-19,20.615
2013-04-20,20.611
2013-04-21,20.608
2013-04-22,20.593
2013-04-23,20.590
2013-04-24,20.598
2013-04-25,20.604
2013-04-26,20.603
2013-04-27,20.602
2013-04-28,20.596
2013-04-29,20.595
2013-04-30,20.593
2013-05-01,20.589
2013-05-02,20.581
2013-05-03,20.574
2013-05-04,20.570
2013-05-05,20.570
2013-05-06,20.569
2013-05-07,20.568
2013-05-08,20.560
2013-05-09,20.546
2013-05-10,20.527
2013-05-11,20.507
2013-05-12,20.490
2013-05-13,20.485
2013-05-14,20.471
2013-05-15,20.469
2013-05-16,20.467
2013-05-17,20.467
2013-05-18,20.464
2013-05-19,20.462
2013-05-20,20.469
2013-05-21,20.473
2013-05-22,20.480
2013-05-23,20.482
2013-05-24,20.478
2013-05-25,20.470
2013-05-26,20.461
2013-05-27,20.454
2013-05-28,20.447
2013-05-29,20.434
2013-05-30,20.422
2013-05-31,20.418
2013-06-01,20.421
2013-06-02,20.417
2013-06-03,20.409
2013-06-04,20.408
2013-06-05,20.409
2013-06-06,20.409
2013-06-07,20.407
2013-06-08,20.403
2013-06-09,20.402
2013-06-10,20.399
2013-06-11,20.396
2013-06-12,20.396
2013-06-13,20.392
2013-06-14,20.392
2013-06-15,20.397
2013-06-16,20.399
2013-06-17,20.402
2013-06-18,20.403
2013-06-19,20.405
2013-06-20,20.400
2013-06-21,20.388
2013-06-22,20.384
2013-06-23,20.388
2013-06-24,20.394
2013-06-25,20.400
2013-06-26,20.406
2013-06-27,20.410
2013-06-28,20.416
2013-06-29,20.425
2013-06-30,20.432
2013-07-01,20.436
2013-07-02,20.436
2013-07-03,20.434
2013-07-04,20.425
2013-07-05,20.422
2013-07-06,20.431
2013-07-07,20.446
2013-07-08,20.459
2013-07-09,20.476
2013-07-10,20.486
2013-07-11,20.494
2013-07-12,20.499
2013-07-13,20.504
2013-07-14,20.505
2013-07-15,20.501
2013-07-16,20.496
2013-07-17,20.500
2013-07-18,20.509
2013-07-19,20.512
2013-07-20,20.513
2013-07-21,20.515
2013-07-22,20.518
2013-07-23,20.524
2013-07-24,20.529
2013-07-25,20.533
2013-07-26,20.531
2013-07-27,20.530
2013-07-28,20.535
2013-07-29,20.542
2013-07-30,20.546
2013-07-31,20.544
2013-08-01,20.540
2013-08-02,20.534
2013-08-03,20.531
2013-08-04,20.528
2013-08-05,20.533
2013-08-06,20.539
2013-08-07,20.549
2013-08-08,20.558
2013-08-09,20.563
2013-08-10,20.565
2013-08-11,20.571
2013-08-12,20.575
2013-08-13,20.579
2013-08-14,20.584
2013-08-15,20.592
2013-08-16,20.596
2013-08-17,20.597
2013-08-18,20.600
2013-08-19,20.606
2013-08-20,20.609
2013-08-21,20.605
2013-08-22,20.601
2013-08-23,20.596
2013-08-24,20.591
2013-08-25,20.584
2013-08-26,20.575
2013-08-27,20.574
2013-08-28,20.581
2013-08-29,20.587
2013-08-30,20.598
2013-08-31,20.610
2013-09-01,20.615
2013-09-02,20.620
2013-09-03,20.623
2013-09-04,20.623
2013-09-05,20.619
2013-09-06,20.609
2013-09-07,20.596
2013-09-08,20.591
2013-09-09,20.588
2013-09-10,20.581
2013-09-11,20.571
2013-09-12,20.569
2013-09-13,20.567
2013-09-14,20.557
2013-09-15,20.536
2013-09-16,20.514
2013-09-17,20.492
2013-09-18,20.478
2013-09-19,20.467
2013-09-20,20.460
2013-09-21,20.455
2013-09-22,20.441
2013-09-23,20.427
2013-09-24,20.421
2013-09-25,20.421
2013-09-26,20.422
2013-09-27,20.421
2013-09-28,20.421
2013-09-29,20.418
2013-09-30,20.416
2013-10-01,20.420
2013-10-02,20.422
2013-10-03,20.414
2013-10-04,20.404
2013-10-05,20.401
2013-10-06,20.396
2013-10-07,20.392
2013-10-08,20.389
2013-10-09,20.379
2013-10-10,20.370
2013-10-11,20.357
2013-10-12,20.344
2013-10-13,20.341
2013-10-14,20.335
2013-10-15,20.327
2013-10-16,20.315
2013-10-17,20.307
2013-10-18,20.308
2013-10-19,20.306
2013-10-20,20.299
2013-10-21,20.298
2013-10-22,20.296
2013-10-23,20.293
2013-10-24,20.294
2013-10-25,20.292
2013-10-26,20.293
2013-10-27,20.290
2013-10-28,20.292
2013-10-29,20.300
2013-10-30,20.302
2013-10-31,20.306
2013-11-01,20.304
2013-11-02,20.300
2013-11-03,20.299
2013-11-04,20.301
2013-11-05,20.301
2013-11-06,20.288
2013-11-07,20.272
2013-11-08,20.258
2013-11-09,20.248
2013-11-10,20.243
2013-11-11,20.245
2013-11-12,20.242
2013-11-13,20.238
2013-11-14,20.240
2013-11-15,20.247
2013-11-16,20.259
2013-11-17,20.274
2013-11-18,20.281
2013-11-19,20.290
2013-11-20,20.301
2013-11-21,20.314
2013-11-22,20.320
2013-11-23,20.327
2013-11-24,20.334
2013-11-25,20.331
2013-11-26,20.312
2013-11-27,20.294
2013-11-28,20.273
2013-11-29,20.255
2013-11-30,20.253
2013-12-01,20.261
2013-12-02,20.270
2013-12-03,20.276
2013-12-04,20.279
2013-12-05,20.283
2013-12-06,20.280
2013-12-07,20.280
2013-12-08,20.281
2013-12-09,20.282
2013-12-10,20.284
2013-12-11,20.284
2013-12-12,20.288
2013-12-13,20.299
2013-12-14,20.322
2013-12-15,20.345
2013-12-16,20.355
2013-12-17,20.353
2013-12-18,20.345
2013-12-19,20.334
2013-12-20,20.325
2013-12-21,20.321
2013-12-22,20.326
2013-12-23,20.341
2013-12-24,20.358
2013-12-25,20.376
2013-12-26,20.383
2013-12-27,20.387
2013-12-28,20.393
2013-12-29,20.401
2013-12-30,20.410
2013-12-31,20.415
2014-01-01,20.418
2014-01-02,20.423
2014-01-03,20.429
2014-01-04,20.430
2014-01-05,20.434
2014-01-06,20.446
2014-01-07,20.451
2014-01-08,20.450
2014-01-09,20.439
2014-01-10,20.425
2014-01-11,20.424
2014-01-12,20.425
2014-01-13,20.428
2014-01-14,20.435
2014-01-15,20.443
2014-01-16,20.453
2014-01-17,20.459
2014-01-18,20.473
2014-01-19,20.485
2014-01-20,20.498
2014-01-21,20.506
2014-01-22,20.512
2014-01-23,20.514
2014-01-24,20.507
2014-01-25,20.495
2014-01-26,20.488
2014-01-27,20.488
2014-01-28,20.494
2014-01-29,20.500
2014-01-30,20.512
2014-01-31,20.529
2014-02-01,20.542
2014-02-02,20.549
2014-02-03,20.552
2014-02-04,20.559
2014-02-05,20.565
2014-02-06,20.563
2014-02-07,20.558
2014-02-08,20.561
2014-02-09,20.572
2014-02-10,20.581
2014-02-11,20.587
2014-02-12,20.594
2014-02-13,20.595
2014-02-14,20.596
2014-02-15,20.604
2014-02-16,20.612
2014-02-17,20.614
2014-02-18,20.613
2014-02-19,20.607
2014-02-20,20.600
2014-02-21,20.603
2014-02-22,20.611
2014-02-23,20.617
2014-02-24,20.622
2014-02-25,20.622
2014-02-26,20.627
2014-02-27,20.631
2014-02-28,20.632
2014-03-01,20.626
2014-03-02,20.626
2014-03-03,20.631
2014-03-04,20.637
2014-03-05,20.644
2014-03-06,20.658
2014-03-07,20.668
2014-03-08,20.681
2014-03-09,20.684
2014-03-10,20.685
2014-03-11,20.689
2014-03-12,20.679
2014-03-13,20.664
2014-03-14,20.651
2014-03-15,20.639
2014-03-16,20.630
2014-03-17,20.629
2014-03-18,20.632
2014-03-19,20.639
2014-03-20,20.651
2014-03-21,20.659
2014-03-22,20.664
2014-03-23,20.669
2014-03-24,20.668
2014-03-25,20.669
2014-03-26,20.673
2014-03-27,20.681
2014-03-28,20.686
2014-03-29,20.684
2014-03-30,20.680
2014-03-31,20.677
2014-04-01,20.671
2014-04-02,20.665
2014-04-03,20.658
2014-04-04,20.656
2014-04-05,20.655
2014-04-06,20.656
2014-04-07,20.659
2014-04-08,20.667
2014-04-09,20.668
2014-04-10,20.668
2014-04-11,20.666
2014-04-12,20.663
2014-04-13,20.664
2014-04-14,20.667
2014-04-15,20.662
2014-04-16,20.655
2014-04-17,20.652
2014-04-18,20.650
2014-04-19,20.653
2014-04-20,20.659
2014-04-21,20.673
2014-04-22,20.687
2014-04-23,20.696
2014-04-24,20.694
2014-04-25,20.690
2014-04-26,20.682
2014-04-27,20.682
2014-04-28,20.684
2014-04-29,20.683
2014-04-30,20.683
2014-05-01,20.679
2014-05-02,20.673
2014-05-03,20.664
2014-05-04,20.661
2014-05-05,20.655
2014-05-06,20.650
2014-05-07,20.644
2014-05-08,20.640
2014-05-09,20.637
2014-05-10,20.630
2014-05-11,20.623
2014-05-12,20.618
2014-05-13,20.615
2014-05-14,20.615
2014-05-15,20.619
2014-05-16,20.629
2014-05-17,20.628
2014-05-18,20.627
2014-05-19,20.630
2014-05-20,20.638
2014-05-21,20.637
2014-05-22,20.632
2014-05-23,20.621
2014-05-24,20.606
2014-05-25,20.595
2014-05-26,20.591
2014-05-27,20.594
2014-05-28,20.592
2014-05-29,20.585
2014-05-30,20.568
2014-05-31,20.558
2014-06-01,20.556
2014-06-02,20.554
2014-06-03,20.558
2014-06-04,20.563
2014-06-05,20.567
2014-06-06,20.571
2014-06-07,20.573
2014-06-08,20.565
2014-06-09,20.566
2014-06-10,20.564
2014-06-11,20.564
2014-06-12,20.557
2014-06-13,20.550
2014-06-14,20.551
2014-06-15,20.555
2014-06-16,20.565
2014-06-17,20.571
2014-06-18,20.569
2014-06-19,20.564
2014-06-20,20.561
2014-06-21,20.572
2014-06-22,20.588
2014-06-23,20.599
2014-06-24,20.600
2014-06-25,20.599
2014-06-26,20.602
2014-06-27,20.601
2014-06-28,20.593
2014-06-29,20.583
2014-06-30,20.570
2014-07-01,20.562
2014-07-02,20.553
2014-07-03,20.549
2014-07-04,20.543
2014-07-05,20.539
2014-07-06,20.542
2014-07-07,20.537
2014-07-08,20.532
2014-07-09,20.532
2014-07-10,20.537
2014-07-11,20.543
2014-07-12,20.554
2014-07-13,20.565
2014-07-14,20.576
2014-07-15,20.573
2014-07-16,20.572
2014-07-17,20.565
2014-07-18,20.559
2014-07-19,20.562
2014-07-20,20.569
2014-07-21,20.576
2014-07-22,20.576
2014-07-23,20.575
2014-07-24,20.563
2014-07-25,20.561
2014-07-26,20.561
2014-07-27,20.568
2014-07-28,20.573
2014-07-29,20.582
2014-07-30,20.596
2014-07-31,20.615
2014-08-01,20.630
2014-08-02,20.642
2014-08-03,20.651
2014-08-04,20.654
2014-08-05,20.656
2014-08-06,20.656
2014-08-07,20.655
2014-08-08,20.652
2014-08-09,20.652
2014-08-10,20.646
2014-08-11,20.644
2014-08-12,20.637
2014-08-13,20.635
2014-08-14,20.639
2014-08-15,20.643
2014-08-16,20.648
2014-08-17,20.655
2014-08-18,20.663
2014-08-19,20.677
2014-08-20,20.685
2014-08-21,20.686
2014-08-22,20.688
2014-08-23,20.695
2014-08-24,20.695
2014-08-25,20.695
2014-08-26,20.688
2014-08-27,20.678
2014-08-28,20.674
2014-08-29,20.675
2014-08-30,20.677
2014-08-31,20.684
2014-09-01,20.688
2014-09-02,20.690
2014-09-03,20.690
2014-09-04,20.679
2014-09-05,20.669
2014-09-06,20.663
2014-09-07,20.655
2014-09-08,20.649
2014-09-09,20.647
2014-09-10,20.636
2014-09-11,20.628
2014-09-12,20.629
2014-09-13,20.629
2014-09-14,20.629
2014-09-15,20.627
2014-09-16,20.627
2014-09-17,20.627
2014-09-18,20.620
2014-09-19,20.606
2014-09-20,20.587
2014-09-21,20.569
2014-09-22,20.561
2014-09-23,20.551
2014-09-24,20.543
2014-09-25,20.537
2014-09-26,20.533
2014-09-27,20.531
2014-09-28,20.531
2014-09-29,20.525
2014-09-30,20.513
2014-10-01,20.505
2014-10-02,20.506
2014-10-03,20.511
2014-10-04,20.507
2014-10-05,20.495
2014-10-06,20.487
2014-10-07,20.477
2014-10-08,20.466
2014-10-09,20.457
2014-10-10,20.453
2014-10-11,20.451
2014-10-12,20.452
2014-10-13,20.450
2014-10-14,20.445
2014-10-15,20.440
2014-10-16,20.441
2014-10-17,20.434
2014-10-18,20.428
2014-10-19,20.429
2014-10-20,20.428
2014-10-21,20.424
2014-10-22,20.423
2014-10-23,20.422
2014-10-24,20.423
2014-10-25,20.423
2014-10-26,20.415
2014-10-27,20.412
2014-10-28,20.413
2014-10-29,20.406
2014-10-30,20.393
2014-10-31,20.378
2014-11-01,20.365
2014-11-02,20.352
2014-11-03,20.336
2014-11-04,20.319
2014-11-05,20.311
2014-11-06,20.311
2014-11-07,20.309
2014-11-08,20.306
2014-11-09,20.303
2014-11-10,20.303
2014-11-11,20.300
2014-11-12,20.297
2014-11-13,20.290
2014-11-14,20.286
2014-11-15,20.284
2014-11-16,20.285
2014-11-17,20.289
2014-11-18,20.295
2014-11-19,20.304
2014-11-20,20.315
2014-11-21,20.324
2014-11-22,20.334
2014-11-23,20.348
2014-11-24,20.357
2014-11-25,20.356
2014-11-26,20.352
2014-11-27,20.353
2014-11-28,20.357
2014-11-29,20.359
2014-11-30,20.351
2014-12-01,20.339
2014-12-02,20.327
2014-12-03,20.320
2014-12-04,20.316
2014-12-05,20.308
2014-12-06,20.309
2014-12-07,20.316
2014-12-08,20.318
2014-12-09,20.326
2014-12-10,20.332
2014-12-11,20.332
2014-12-12,20.330
2014-12-13,20.333
2014-12-14,20.343
2014-12-15,20.344
2014-12-16,20.347
2014-12-17,20.355
2014-12-18,20.358
2014-12-19,20.356
2014-12-20,20.358
2014-12-21,20.364
2014-12-22,20.363
2014-12-23,20.364
2014-12-24,20.368
2014-12-25,20.374
2014-12-26,20.388
2014-12-27,20.404
2014-12-28,20.423
2014-12-29,20.434
2014-12-30,20.442
2014-12-31,20.446
2015-01-01,20.451
2015-01-02,20.450
2015-01-03,20.445
2015-01-04,20.445
2015-01-05,20.452
2015-01-06,20.458
2015-01-07,20.454
2015-01-08,20.445
2015-01-09,20.434
2015-01-10,20.430
2015-01-11,20.439
2015-01-12,20.444
2015-01-13,20.453
2015-01-14,20.458
2015-01-15,20.472
2015-01-16,20.495
2015-01-17,20.507
2015-01-18,20.514
2015-01-19,20.521
2015-01-20,20.520
2015-01-21,20.505
2015-01-22,20.491
2015-01-23,20.493
2015-01-24,20.501
2015-01-25,20.514
2015-01-26,20.524
2015-01-27,20.530
2015-01-28,20.535
2015-01-29,20.534
2015-01-30,20.537
2015-01-31,20.545
2015-02-01,20.554
2015-02-02,20.560
2015-02-03,20.574
2015-02-04,20.587
2015-02-05,20.594
2015-02-06,20.600
2015-02-07,20.603
2015-02-08,20.613
2015-02-09,20.615
2015-02-10,20.613
2015-02-11,20.616
2015-02-12,20.621
2015-02-13,20.630
2015-02-14,20.636
2015-02-15,20.636
2015-02-16,20.641
2015-02-17,20.646
2015-02-18,20.653
2015-02-19,20.651
2015-02-20,20.649
2015-02-21,20.652
2015-02-22,20.666
2015-02-23,20.680
2015-02-24,20.684
2015-02-25,20.685
2015-02-26,20.687
2015-02-27,20.694
2015-02-28,20.696
2015-03-01,20.696
2015-03-02,20.693
2015-03-03,20.688
2015-03-04,20.685
2015-03-05,20.682
2015-03-06,20.668
2015-03-07,20.660
2015-03-08,20.653
2015-03-09,20.652
2015-03-10,20.663
2015-03-11,20.668
2015-03-12,20.674
2015-03-13,20.683
2015-03-14,20.693
2015-03-15,20.703
2015-03-16,20.710
2015-03-17,20.722
2015-03-18,20.732
2015-03-19,20.750
2015-03-20,20.762
2015-03-21,20.768
2015-03-22,20.766
2015-03-23,20.765
2015-03-24,20.769
2015-03-25,20.771
2015-03-26,20.766
2015-03-27,20.762
2015-03-28,20.758
2015-03-29,20.754
2015-03-30,20.756
2015-03-31,20.756
2015-04-01,20.756
2015-04-02,20.758
2015-04-03,20.748
2015-04-04,20.739
2015-04-05,20.739
2015-04-06,20.737
2015-04-07,20.737
2015-04-08,20.732
2015-04-09,20.735
2015-04-10,20.752
2015-04-11,20.770
2015-04-12,20.781
2015-04-13,20.781
2015-04-14,20.772
2015-04-15,20.762
2015-04-16,20.753
2015-04-17,20.750
2015-04-18,20.743
2015-04-19,20.740
2015-04-20,20.737
2015-04-21,20.734
2015-04-22,20.727
2015-04-23,20.727
2015-04-24,20.732
2015-04-25,20.734
2015-04-26,20.733
2015-04-27,20.733
2015-04-28,20.738
2015-04-29,20.740
2015-04-30,20.739
2015-05-01,20.741
2015-05-02,20.746
2015-05-03,20.747
2015-05-04,20.731
2015-05-05,20.711
2015-05-06,20.697
2015-05-07,20.693
2015-05-08,20.689
2015-05-09,20.685
2015-05-10,20.671
2015-05-11,20.661
2015-05-12,20.657
2015-05-13,20.660
2015-05-14,20.657
2015-05-15,20.650
2015-05-16,20.645
2015-05-17,20.646
2015-05-18,20.651
2015-05-19,20.658
2015-05-20,20.666
2015-05-21,20.662
2015-05-22,20.657
2015-05-23,20.651
2015-05-24,20.649
2015-05-25,20.649
2015-05-26,20.652
2015-05-27,20.655
2015-05-28,20.652
2015-05-29,20.648
2015-05-30,20.654
2015-05-31,20.658
2015-06-01,20.656
2015-06-02,20.650
2015-06-03,20.646
2015-06-04,20.639
2015-06-05,20.635
2015-06-06,20.637
2015-06-07,20.642
2015-06-08,20.634
2015-06-09,20.628
2015-06-10,20.619
2015-06-11,20.612
2015-06-12,20.609
2015-06-13,20.603
2015-06-14,20.594
2015-06-15,20.597
2015-06-16,20.603
2015-06-17,20.599
2015-06-18,20.593
2015-06-19,20.587
2015-06-20,20.586
2015-06-21,20.588
2015-06-22,20.590
2015-06-23,20.596
2015-06-24,20.597
2015-06-25,20.588
2015-06-26,20.580
2015-06-27,20.572
2015-06-28,20.564
2015-06-29,20.563
2015-06-30,20.573
2015-07-01,20.584
2015-07-02,20.587
2015-07-03,20.593
2015-07-04,20.598
2015-07-05,20.611
2015-07-06,20.616
2015-07-07,20.613
2015-07-08,20.619
2015-07-09,20.622
2015-07-10,20.635
2015-07-11,20.638
2015-07-12,20.642
2015-07-13,20.642
2015-07-14,20.639
2015-07-15,20.638
2015-07-16,20.629
2015-07-17,20.624
2015-07-18,20.630
2015-07-19,20.635
2015-07-20,20.635
2015-07-21,20.637
2015-07-22,20.640
2015-07-23,20.641
2015-07-24,20.650
2015-07-25,20.658
2015-07-26,20.665
2015-07-27,20.679
2015-07-28,20.694
2015-07-29,20.711
2015-07-30,20.727
2015-07-31,20.737
2015-08-01,20.736
2015-08-02,20.740
2015-08-03,20.739
2015-08-04,20.734
2015-08-05,20.731
2015-08-06,20.730
2015-08-07,20.730
2015-08-08,20.718
2015-08-09,20.709
2015-08-10,20.706
2015-08-11,20.708
2015-08-12,20.716
2015-08-13,20.727
2015-08-14,20.731
2015-08-15,20.732
2015-08-16,20.736
2015-08-17,20.737
2015-08-18,20.736
2015-08-19,20.744
2015-08-20,20.751
2015-08-21,20.752
2015-08-22,20.744
2015-08-23,20.741
2015-08-24,20.744
2015-08-25,20.749
2015-08-26,20.751
2015-08-27,20.748
2015-08-28,20.747
2015-08-29,20.743
2015-08-30,20.745
2015-08-31,20.749
2015-09-01,20.750
2015-09-02,20.752
2015-09-03,20.758
2015-09-04,20.767
2015-09-05,20.768
2015-09-06,20.764
2015-09-07,20.759
2015-09-08,20.749
2015-09-09,20.741
2015-09-10,20.723
2015-09-11,20.708
2015-09-12,20.698
2015-09-13,20.691
2015-09-14,20.690
2015-09-15,20.695
2015-09-16,20.698
2015-09-17,20.700
2015-09-18,20.696
2015-09-19,20.702
2015-09-20,20.706
2015-09-21,20.711
2015-09-22,20.715
2015-09-23,20.725
2015-09-24,20.735
2015-09-25,20.739
2015-09-26,20.737
2015-09-27,20.732
2015-09-28,20.720
2015-09-29,20.709
2015-09-30,20.698
2015-10-01,20.684
2015-10-02,20.670
2015-10-03,20.651
2015-10-04,20.637
2015-10-05,20.626
2015-10-06,20.616
2015-10-07,20.614
2015-10-08,20.611
2015-10-09,20.604
2015-10-10,20.599
2015-10-11,20.598
2015-10-12,20.598
2015-10-13,20.597
2015-10-14,20.596
2015-10-15,20.592
2015-10-16,20.585
2015-10-17,20.577
2015-10-18,20.578
2015-10-19,20.574
2015-10-20,20.570
2015-10-21,20.567
2015-10-22,20.564
2015-10-23,20.573
2015-10-24,20.574
2015-10-25,20.572
2015-10-26,20.572
2015-10-27,20.571
2015-10-28,20.574
2015-10-29,20.576
2015-10-30,20.572
2015-10-31,20.564
2015-11-01,20.556
2015-11-02,20.548
2015-11-03,20.546
2015-11-04,20.551
2015-11-05,20.553
2015-11-06,20.550
2015-11-07,20.552
2015-11-08,20.558
2015-11-09,20.562
2015-11-10,20.565
2015-11-11,20.571
2015-11-12,20.571
2015-11-13,20.578
2015-11-14,20.584
2015-11-15,20.588
2015-11-16,20.581
2015-11-17,20.561
2015-11-18,20.541
2015-11-19,20.521
2015-11-20,20.513
2015-11-21,20.519
2015-11-22,20.523
2015-11-23,20.540
2015-11-24,20.558
2015-11-25,20.559
2015-11-26,20.553
2015-11-27,20.545
2015-11-28,20.540
2015-11-29,20.539
2015-11-30,20.540
2015-12-01,20.544
2015-12-02,20.547
2015-12-03,20.550
2015-12-04,20.554
2015-12-05,20.562
2015-12-06,20.575
2015-12-07,20.587
2015-12-08,20.591
2015-12-09,20.590
2015-12-10,20.589
2015-12-11,20.598
2015-12-12,20.616
2015-12-13,20.643
2015-12-14,20.677
2015-12-15,20.703
2015-12-16,20.713
2015-12-17,20.713
2015-12-18,20.705
2015-12-19,20.689
2015-12-20,20.678
2015-12-21,20.666
2015-12-22,20.659
2015-12-23,20.653
2015-12-24,20.652
2015-12-25,20.647
2015-12-26,20.645
2015-12-27,20.649
2015-12-28,20.656
2015-12-29,20.663
2015-12-30,20.668
2015-12-31,20.678
2016-01-01,20.684
2016-01-02,20.693
2016-01-03,20.704
2016-01-04,20.720
2016-01-05,20.735
2016-01-06,20.744
2016-01-07,20.744
2016-01-08,20.751
2016-01-09,20.759
2016-01-10,20.772
2016-01-11,20.786
2016-01-12,20.784
2016-01-13,20.783
2016-01-14,20.783
2016-01-15,20.791
2016-01-16,20.802
2016-01-17,20.808
2016-01-18,20.813
2016-01-19,20.822
2016-01-20,20.830
2016-01-21,20.835
2016-01-22,20.839
2016-01-23,20.842
2016-01-24,20.842
2016-01-25,20.840
2016-01-26,20.840
2016-01-27,20.841
2016-01-28,20.843
2016-01-29,20.841
2016-01-30,20.843
2016-01-31,20.846
2016-02-01,20.851
2016-02-02,20.850
2016-02-03,20.849
2016-02-04,20.846
2016-02-05,20.841
2016-02-06,20.838
2016-02-07,20.837
2016-02-08,20.844
2016-02-09,20.852
2016-02-10,20.858
2016-02-11,20.863
2016-02-12,20.863
2016-02-13,20.862
2016-02-14,20.851
2016-02-15,20.839
2016-02-16,20.824
2016-02-17,20.814
2016-02-18,20.798
2016-02-19,20.795
2016-02-20,20.809
2016-02-21,20.825
2016-02-22,20.848
2016-02-23,20.868
2016-02-24,20.879
2016-02-25,20.891
2016-02-26,20.890
2016-02-27,20.889
2016-02-28,20.888
2016-02-29,20.884
2016-03-01,20.885
2016-03-02,20.906
2016-03-03,20.927
2016-03-04,20.945
2016-03-05,20.954
2016-03-06,20.962
2016-03-07,20.966
2016-03-08,20.960
2016-03-09,20.955
2016-03-10,20.954
2016-03-11,20.956
2016-03-12,20.961
2016-03-13,20.967
2016-03-14,20.978
2016-03-15,20.975
2016-03-16,20.970
2016-03-17,20.973
2016-03-18,20.967
2016-03-19,20.958
2016-03-20,20.950
2016-03-21,20.942
2016-03-22,20.934
2016-03-23,20.926
2016-03-24,20.918
2016-03-25,20.914
2016-03-26,20.919
2016-03-27,20.926
2016-03-28,20.937
2016-03-29,20.942
2016-03-30,20.942
2016-03-31,20.945
2016-04-01,20.943
2016-04-02,20.935
2016-04-03,20.926
2016-04-04,20.917
2016-04-05,20.904
2016-04-06,20.893
2016-04-07,20.892
2016-04-08,20.894
2016-04-09,20.896
2016-04-10,20.898
2016-04-11,20.889
2016-04-12,20.881
2016-04-13,20.880
2016-04-14,20.877
2016-04-15,20.877
2016-04-16,20.872
2016-04-17,20.864
2016-04-18,20.862
2016-04-19,20.861
2016-04-20,20.860
2016-04-21,20.858
2016-04-22,20.853
2016-04-23,20.847
2016-04-24,20.837
2016-04-25,20.828
2016-04-26,20.822
2016-04-27,20.819
2016-04-28,20.820
2016-04-29,20.822
2016-04-30,20.816
2016-05-01,20.813
2016-05-02,20.817
2016-05-03,20.817
2016-05-04,20.818
2016-05-05,20.813
2016-05-06,20.804
2016-05-07,20.792
2016-05-08,20.781
2016-05-09,20.770
2016-05-10,20.765
2016-05-11,20.764
2016-05-12,20.755
2016-05-13,20.757
2016-05-14,20.760
2016-05-15,20.758
2016-05-16,20.747
2016-05-17,20.729
2016-05-18,20.712
2016-05-19,20.701
2016-05-20,20.686
2016-05-21,20.671
2016-05-22,20.658
2016-05-23,20.649
2016-05-24,20.643
2016-05-25,20.645
2016-05-26,20.653
2016-05-27,20.669
2016-05-28,20.681
2016-05-29,20.685
2016-05-30,20.681
2016-05-31,20.680
2016-06-01,20.681
2016-06-02,20.684
2016-06-03,20.687
2016-06-04,20.691
2016-06-05,20.698
2016-06-06,20.699
2016-06-07,20.693
2016-06-08,20.689
2016-06-09,20.684
2016-06-10,20.676
2016-06-11,20.676
2016-06-12,20.683
2016-06-13,20.686
2016-06-14,20.685
2016-06-15,20.683
2016-06-16,20.680
2016-06-17,20.680
2016-06-18,20.681
2016-06-19,20.671
2016-06-20,20.663
2016-06-21,20.654
2016-06-22,20.648
2016-06-23,20.647
2016-06-24,20.649
2016-06-25,20.648
2016-06-26,20.654
2016-06-27,20.659
2016-06-28,20.662
2016-06-29,20.667
2016-06-30,20.676
2016-07-01,20.675
2016-07-02,20.669
2016-07-03,20.662
2016-07-04,20.654
2016-07-05,20.648
2016-07-06,20.634
2016-07-07,20.627
2016-07-08,20.625
2016-07-09,20.632
2016-07-10,20.640
2016-07-11,20.647
2016-07-12,20.652
2016-07-13,20.661
2016-07-14,20.663
2016-07-15,20.661
2016-07-16,20.672
2016-07-17,20.677
2016-07-18,20.676
2016-07-19,20.672
2016-07-20,20.674
2016-07-21,20.671
2016-07-22,20.667
2016-07-23,20.663
2016-07-24,20.661
2016-07-25,20.674
2016-07-26,20.675
2016-07-27,20.679
2016-07-28,20.690
2016-07-29,20.704
2016-07-30,20.712
2016-07-31,20.719
2016-08-01,20.722
2016-08-02,20.720
2016-08-03,20.719
2016-08-04,20.718
2016-08-05,20.716
2016-08-06,20.711
2016-08-07,20.703
2016-08-08,20.691
2016-08-09,20.677
2016-08-10,20.677
2016-08-11,20.681
2016-08-12,20.687
2016-08-13,20.688
2016-08-14,20.690
2016-08-15,20.684
2016-08-16,20.682
2016-08-17,20.680
2016-08-18,20.675
2016-08-19,20.672
2016-08-20,20.673
2016-08-21,20.679
2016-08-22,20.689
2016-08-23,20.693
2016-08-24,20.688
2016-08-25,20.688
2016-08-26,20.691
2016-08-27,20.692
2016-08-28,20.684
2016-08-29,20.674
2016-08-30,20.670
2016-08-31,20.664
2016-09-01,20.653
2016-09-02,20.644
2016-09-03,20.639
2016-09-04,20.643
2016-09-05,20.646
2016-09-06,20.648
2016-09-07,20.650
2016-09-08,20.645
2016-09-09,20.646
2016-09-10,20.645
2016-09-11,20.639
2016-09-12,20.631
2016-09-13,20.629
2016-09-14,20.624
2016-09-15,20.619
2016-09-16,20.606
2016-09-17,20.595
2016-09-18,20.595
2016-09-19,20.599
2016-09-20,20.610
2016-09-21,20.618
2016-09-22,20.623
2016-09-23,20.623
2016-09-24,20.617
2016-09-25,20.607
2016-09-26,20.598
2016-09-27,20.593
2016-09-28,20.589
2016-09-29,20.578
2016-09-30,20.578
2016-10-01,20.584
2016-10-02,20.586
2016-10-03,20.582
2016-10-04,20.567
2016-10-05,20.552
2016-10-06,20.532
2016-10-07,20.524
2016-10-08,20.518
2016-10-09,20.507
2016-10-10,20.500
2016-10-11,20.499
2016-10-12,20.493
2016-10-13,20.486
2016-10-14,20.476
2016-10-15,20.466
2016-10-16,20.464
2016-10-17,20.461
2016-10-18,20.455
2016-10-19,20.448
2016-10-20,20.442
2016-10-21,20.443
2016-10-22,20.437
2016-10-23,20.433
2016-10-24,20.425
2016-10-25,20.423
2016-10-26,20.421
2016-10-27,20.423
2016-10-28,20.422
2016-10-29,20.414
2016-10-30,20.403
2016-10-31,20.388
2016-11-01,20.375
2016-11-02,20.361
2016-11-03,20.348
2016-11-04,20.346
2016-11-05,20.339
2016-11-06,20.341
2016-11-07,20.344
2016-11-08,20.345
2016-11-09,20.350
2016-11-10,20.358
2016-11-11,20.368
2016-11-12,20.375
2016-11-13,20.373
2016-11-14,20.366
2016-11-15,20.356
2016-11-16,20.351
2016-11-17,20.342
2016-11-18,20.331
2016-11-19,20.323
2016-11-20,20.327
2016-11-21,20.332
2016-11-22,20.337
2016-11-23,20.342
2016-11-24,20.342
2016-11-25,20.344
2016-11-26,20.346
2016-11-27,20.346
2016-11-28,20.348
2016-11-29,20.362
2016-11-30,20.376
2016-12-01,20.396
2016-12-02,20.404
2016-12-03,20.405
2016-12-04,20.404
2016-12-05,20.404
2016-12-06,20.405
2016-12-07,20.407
2016-12-08,20.410
2016-12-09,20.409
2016-12-10,20.410
2016-12-11,20.408
2016-12-12,20.403
2016-12-13,20.400
2016-12-14,20.397
2016-12-15,20.386
2016-12-16,20.377
2016-12-17,20.368
2016-12-18,20.360
2016-12-19,20.361
2016-12-20,20.369
2016-12-21,20.385
2016-12-22,20.393
2016-12-23,20.396
2016-12-24,20.400
2016-12-25,20.404
2016-12-26,20.407
2016-12-27,20.418
2016-12-28,20.429
2016-12-29,20.431
2016-12-30,20.444
2016-12-31,20.456
2017-01-01,20.463
2017-01-02,20.465
2017-01-03,20.471
2017-01-04,20.484
2017-01-05,20.496
2017-01-06,20.504
2017-01-07,20.514
2017-01-08,20.523
2017-01-09,20.532
2017-01-10,20.548
2017-01-11,20.562
2017-01-12,20.574
2017-01-13,20.579
2017-01-14,20.582
2017-01-15,20.590
2017-01-16,20.596
2017-01-17,20.591
2017-01-18,20.588
2017-01-19,20.595
2017-01-20,20.613
2017-01-21,20.627
2017-01-22,20.643
2017-01-23,20.656
2017-01-24,20.662
2017-01-25,20.665
2017-01-26,20.674
2017-01-27,20.679
2017-01-28,20.688
2017-01-29,20.701
2017-01-30,20.709
2017-01-31,20.706
2017-02-01,20.706
2017-02-02,20.714
2017-02-03,20.729
2017-02-04,20.731
2017-02-05,20.731
2017-02-06,20.727
2017-02-07,20.724
2017-02-08,20.716
2017-02-09,20.714
2017-02-10,20.711
2017-02-11,20.714
2017-02-12,20.718
2017-02-13,20.731
2017-02-14,20.750
2017-02-15,20.771
2017-02-16,20.784
2017-02-17,20.782
2017-02-18,20.771
2017-02-19,20.771
2017-02-20,20.768
2017-02-21,20.772
2017-02-22,20.783
2017-02-23,20.806
2017-02-24,20.826
2017-02-25,20.838
2017-02-26,20.838
2017-02-27,20.840
2017-02-28,20.843
2017-03-01,20.847
2017-03-02,20.846
2017-03-03,20.842
2017-03-04,20.839
2017-03-05,20.840
2017-03-06,20.847
2017-03-07,20.849
2017-03-08,20.853
2017-03-09,20.859
2017-03-10,20.853
2017-03-11,20.847
2017-03-12,20.842
2017-03-13,20.841
2017-03-14,20.841
2017-03-15,20.831
2017-03-16,20.817
2017-03-17,20.812
2017-03-18,20.819
2017-03-19,20.823
2017-03-20,20.826
2017-03-21,20.825
2017-03-22,20.821
2017-03-23,20.818
2017-03-24,20.817
2017-03-25,20.813
2017-03-26,20.807
2017-03-27,20.799
2017-03-28,20.794
2017-03-29,20.799
2017-03-30,20.806
2017-03-31,20.818
2017-04-01,20.825
2017-04-02,20.823
2017-04-03,20.821
2017-04-04,20.814
2017-04-05,20.808
2017-04-06,20.801
2017-04-07,20.797
2017-04-08,20.793
2017-04-09,20.788
2017-04-10,20.786
2017-04-11,20.785
2017-04-12,20.793
2017-04-13,20.792
2017-04-14,20.791
2017-04-15,20.789
2017-04-16,20.789
2017-04-17,20.792
2017-04-18,20.798
2017-04-19,20.805
2017-04-20,20.805
2017-04-21,20.807
2017-04-22,20.810
2017-04-23,20.816
2017-04-24,20.812
2017-04-25,20.799
2017-04-26,20.782
2017-04-27,20.773
2017-04-28,20.770
2017-04-29,20.762
2017-04-30,20.755
2017-05-01,20.756
2017-05-02,20.750
2017-05-03,20.742
2017-05-04,20.725
2017-05-05,20.715
2017-05-06,20.705
2017-05-07,20.693
2017-05-08,20.680
2017-05-09,20.674
2017-05-10,20.680
2017-05-11,20.678
2017-05-12,20.664
2017-05-13,20.655
2017-05-14,20.650
2017-05-15,20.647
2017-05-16,20.644
2017-05-17,20.632
2017-05-18,20.625
2017-05-19,20.611
2017-05-20,20.600
2017-05-21,20.594
2017-05-22,20.596
2017-05-23,20.599
2017-05-24,20.602
2017-05-25,20.606
2017-05-26,20.604
2017-05-27,20.600
2017-05-28,20.603
2017-05-29,20.601
2017-05-30,20.598
2017-05-31,20.597
2017-06-01,20.604
2017-06-02,20.608
2017-06-03,20.606
2017-06-04,20.606
2017-06-05,20.604
2017-06-06,20.596
2017-06-07,20.588
2017-06-08,20.573
2017-06-09,20.566
2017-06-10,20.559
2017-06-11,20.558
2017-06-12,20.565
2017-06-13,20.571
2017-06-14,20.579
2017-06-15,20.590
2017-06-16,20.598
2017-06-17,20.600
2017-06-18,20.596
2017-06-19,20.588
2017-06-20,20.580
2017-06-21,20.576
2017-06-22,20.581
2017-06-23,20.591
2017-06-24,20.592
2017-06-25,20.595
2017-06-26,20.600
2017-06-27,20.605
2017-06-28,20.612
2017-06-29,20.614
2017-06-30,20.614
2017-07-01,20.605
2017-07-02,20.607
2017-07-03,20.609
2017-07-04,20.615
2017-07-05,20.619
2017-07-06,20.626
2017-07-07,20.635
2017-07-08,20.642
2017-07-09,20.651
2017-07-10,20.662
2017-07-11,20.668
2017-07-12,20.673
2017-07-13,20.675
2017-07-14,20.679
2017-07-15,20.675
2017-07-16,20.670
2017-07-17,20.665
2017-07-18,20.670
2017-07-19,20.674
2017-07-20,20.669
2017-07-21,20.672
2017-07-22,20.681
2017-07-23,20.679
2017-07-24,20.671
2017-07-25,20.669
2017-07-26,20.668
2017-07-27,20.665
2017-07-28,20.659
2017-07-29,20.658
2017-07-30,20.661
2017-07-31,20.669
2017-08-01,20.676
2017-08-02,20.682
2017-08-03,20.687
2017-08-04,20.693
2017-08-05,20.706
2017-08-06,20.712
2017-08-07,20.717
2017-08-08,20.712
2017-08-09,20.706
2017-08-10,20.700
2017-08-11,20.700
2017-08-12,20.699
2017-08-13,20.694
2017-08-14,20.691
2017-08-15,20.693
2017-08-16,20.691
2017-08-17,20.695
2017-08-18,20.696
2017-08-19,20.692
2017-08-20,20.687
2017-08-21,20.692
2017-08-22,20.697
2017-08-23,20.703
2017-08-24,20.712
2017-08-25,20.710
2017-08-26,20.706
2017-08-27,20.698
2017-08-28,20.693
2017-08-29,20.688
2017-08-30,20.676
2017-08-31,20.664
2017-09-01,20.644
2017-09-02,20.631
2017-09-03,20.625
2017-09-04,20.629
2017-09-05,20.631
2017-09-06,20.635
2017-09-07,20.640
2017-09-08,20.643
2017-09-09,20.640
2017-09-10,20.628
2017-09-11,20.617
2017-09-12,20.613
2017-09-13,20.609
2017-09-14,20.602
2017-09-15,20.590
2017-09-16,20.578
2017-09-17,20.573
2017-09-18,20.563
2017-09-19,20.552
2017-09-20,20.545
2017-09-21,20.538
2017-09-22,20.531
2017-09-23,20.534
2017-09-24,20.534
2017-09-25,20.537
2017-09-26,20.541
2017-09-27,20.547
2017-09-28,20.546
2017-09-29,20.545
2017-09-30,20.540
2017-10-01,20.531
2017-10-02,20.514
2017-10-03,20.495
2017-10-04,20.475
2017-10-05,20.455
2017-10-06,20.444
2017-10-07,20.440
2017-10-08,20.443
2017-10-09,20.444
2017-10-10,20.442
2017-10-11,20.431
2017-10-12,20.421
2017-10-13,20.413
2017-10-14,20.404
2017-10-15,20.389
2017-10-16,20.386
2017-10-17,20.372
2017-10-18,20.366
2017-10-19,20.357
2017-10-20,20.354
2017-10-21,20.352
2017-10-22,20.348
2017-10-23,20.352
2017-10-24,20.356
2017-10-25,20.365
2017-10-26,20.377
2017-10-27,20.383
2017-10-28,20.380
2017-10-29,20.376
2017-10-30,20.362
2017-10-31,20.357
2017-11-01,20.350
2017-11-02,20.347
2017-11-03,20.347
2017-11-04,20.345
2017-11-05,20.345
2017-11-06,20.348
2017-11-07,20.350
2017-11-08,20.352
2017-11-09,20.353
2017-11-10,20.352
2017-11-11,20.345
2017-11-12,20.348
2017-11-13,20.349
2017-11-14,20.349
2017-11-15,20.339
2017-11-16,20.329
2017-11-17,20.323
2017-11-18,20.312
2017-11-19,20.309
2017-11-20,20.306
2017-11-21,20.299
2017-11-22,20.285
2017-11-23,20.284
2017-11-24,20.287
2017-11-25,20.293
2017-11-26,20.299
2017-11-27,20.293
2017-11-28,20.287
2017-11-29,20.293
2017-11-30,20.294
2017-12-01,20.300
2017-12-02,20.306
2017-12-03,20.307
2017-12-04,20.310
2017-12-05,20.308
2017-12-06,20.304
2017-12-07,20.305
2017-12-08,20.296
2017-12-09,20.290
2017-12-10,20.290
2017-12-11,20.295
2017-12-12,20.298
2017-12-13,20.300
2017-12-14,20.298
2017-12-15,20.291
2017-12-16,20.291
2017-12-17,20.288
2017-12-18,20.287
2017-12-19,20.290
2017-12-20,20.294
2017-12-21,20.302
2017-12-22,20.305
2017-12-23,20.316
2017-12-24,20.326
2017-12-25,20.333
2017-12-26,20.334
2017-12-27,20.340
2017-12-28,20.357
2017-12-29,20.374
2017-12-30,20.394
2017-12-31,20.411
2018-01-01,20.420
2018-01-02,20.428
2018-01-03,20.429
2018-01-04,20.433
2018-01-05,20.436
2018-01-06,20.433
2018-01-07,20.431
2018-01-08,20.432
2018-01-09,20.435
2018-01-10,20.436
2018-01-11,20.438
2018-01-12,20.441
2018-01-13,20.445
2018-01-14,20.436
2018-01-15,20.429
2018-01-16,20.430
2018-01-17,20.436
2018-01-18,20.438
2018-01-19,20.444
2018-01-20,20.461
2018-01-21,20.475
2018-01-22,20.492
2018-01-23,20.507
2018-01-24,20.520
2018-01-25,20.532
2018-01-26,20.540
2018-01-27,20.540
2018-01-28,20.531
2018-01-29,20.526
2018-01-30,20.517
2018-01-31,20.500
2018-02-01,20.486
2018-02-02,20.486
2018-02-03,20.493
2018-02-04,20.503
2018-02-05,20.510
2018-02-06,20.518
2018-02-07,20.529
2018-02-08,20.536
2018-02-09,20.548
2018-02-10,20.554
2018-02-11,20.553
2018-02-12,20.549
2018-02-13,20.554
2018-02-14,20.573
2018-02-15,20.583
2018-02-16,20.598
2018-02-17,20.612
2018-02-18,20.622
2018-02-19,20.636
2018-02-20,20.654
2018-02-21,20.675
2018-02-22,20.697
2018-02-23,20.703
2018-02-24,20.709
2018-02-25,20.719
2018-02-26,20.716
2018-02-27,20.725
2018-02-28,20.730
2018-03-01,20.741
2018-03-02,20.749
2018-03-03,20.756
2018-03-04,20.757
2018-03-05,20.751
2018-03-06,20.734
2018-03-07,20.724
2018-03-08,20.715
2018-03-09,20.699
2018-03-10,20.689
2018-03-11,20.689
2018-03-12,20.693
2018-03-13,20.695
2018-03-14,20.702
2018-03-15,20.714
2018-03-16,20.714
2018-03-17,20.709
2018-03-18,20.711
2018-03-19,20.720
2018-03-20,20.719
2018-03-21,20.707
2018-03-22,20.691
2018-03-23,20.672
2018-03-24,20.658
2018-03-25,20.654
2018-03-26,20.655
2018-03-27,20.657
2018-03-28,20.672
2018-03-29,20.679
2018-03-30,20.686
2018-03-31,20.696
2018-04-01,20.709
2018-04-02,20.728
2018-04-03,20.744
2018-04-04,20.760
2018-04-05,20.763
2018-04-06,20.758
2018-04-07,20.748
2018-04-08,20.740
2018-04-09,20.735
2018-04-10,20.723
2018-04-11,20.709
2018-04-12,20.693
2018-04-13,20.677
2018-04-14,20.661
2018-04-15,20.655
2018-04-16,20.653
2018-04-17,20.646
2018-04-18,20.648
2018-04-19,20.651
2018-04-20,20.657
2018-04-21,20.667
2018-04-22,20.675
2018-04-23,20.677
2018-04-24,20.682
2018-04-25,20.689
2018-04-26,20.690
2018-04-27,20.683
2018-04-28,20.672
2018-04-29,20.660
2018-04-30,20.651
2018-05-01,20.643
2018-05-02,20.631
2018-05-03,20.619
2018-05-04,20.622
2018-05-05,20.628
2018-05-06,20.631
2018-05-07,20.630
2018-05-08,20.624
2018-05-09,20.624
2018-05-10,20.629
2018-05-11,20.629
2018-05-12,20.634
2018-05-13,20.643
2018-05-14,20.651
2018-05-15,20.647
2018-05-16,20.642
2018-05-17,20.641
2018-05-18,20.641
2018-05-19,20.637
2018-05-20,20.632
2018-05-21,20.630
2018-05-22,20.624
2018-05-23,20.618
2018-05-24,20.604
2018-05-25,20.597
2018-05-26,20.594
2018-05-27,20.587
2018-05-28,20.581
2018-05-29,20.571
2018-05-30,20.564
2018-05-31,20.559
2018-06-01,20.561
2018-06-02,20.555
2018-06-03,20.554
2018-06-04,20.551
2018-06-05,20.547
2018-06-06,20.550
2018-06-07,20.552
2018-06-08,20.543
2018-06-09,20.537
2018-06-10,20.526
2018-06-11,20.510
2018-06-12,20.498
2018-06-13,20.475
2018-06-14,20.469
2018-06-15,20.461
2018-06-16,20.457
2018-06-17,20.454
2018-06-18,20.458
2018-06-19,20.462
2018-06-20,20.461
2018-06-21,20.469
2018-06-22,20.475
2018-06-23,20.476
2018-06-24,20.478
2018-06-25,20.486
2018-06-26,20.486
2018-06-27,20.482
2018-06-28,20.475
2018-06-29,20.474
2018-06-30,20.473
2018-07-01,20.474
2018-07-02,20.479
2018-07-03,20.472
2018-07-04,20.467
2018-07-05,20.459
2018-07-06,20.453
2018-07-07,20.454
2018-07-08,20.463
2018-07-09,20.485
2018-07-10,20.494
2018-07-11,20.492
2018-07-12,20.489
2018-07-13,20.480
2018-07-14,20.471
2018-07-15,20.465
2018-07-16,20.462
2018-07-17,20.461
2018-07-18,20.454
2018-07-19,20.453
2018-07-20,20.460
2018-07-21,20.466
2018-07-22,20.472
2018-07-23,20.485
2018-07-24,20.504
2018-07-25,20.510
2018-07-26,20.530
2018-07-27,20.539
2018-07-28,20.544
2018-07-29,20.542
2018-07-30,20.547
2018-07-31,20.555
2018-08-01,20.561
2018-08-02,20.572
2018-08-03,20.583
2018-08-04,20.582
2018-08-05,20.570
2018-08-06,20.555
2018-08-07,20.550
2018-08-08,20.546
2018-08-09,20.539
2018-08-10,20.530
2018-08-11,20.532
2018-08-12,20.529
2018-08-13,20.531
2018-08-14,20.532
2018-08-15,20.537
2018-08-16,20.537
2018-08-17,20.536
2018-08-18,20.533
2018-08-19,20.524
2018-08-20,20.527
2018-08-21,20.529
2018-08-22,20.537
2018-08-23,20.541
2018-08-24,20.540
2018-08-25,20.537
2018-08-26,20.530
2018-08-27,20.523
2018-08-28,20.521
2018-08-29,20.523
2018-08-30,20.528
2018-08-31,20.532
2018-09-01,20.535
2018-09-02,20.540
2018-09-03,20.542
2018-09-04,20.545
2018-09-05,20.555
2018-09-06,20.565
2018-09-07,20.568
2018-09-08,20.568
2018-09-09,20.562
2018-09-10,20.559
2018-09-11,20.551
2018-09-12,20.549
2018-09-13,20.551
2018-09-14,20.551
2018-09-15,20.553
2018-09-16,20.550
2018-09-17,20.544
2018-09-18,20.537
2018-09-19,20.532
2018-09-20,20.531
2018-09-21,20.532
2018-09-22,20.542
2018-09-23,20.546
2018-09-24,20.559
2018-09-25,20.560
2018-09-26,20.552
2018-09-27,20.537
2018-09-28,20.530
2018-09-29,20.523
2018-09-30,20.513
2018-10-01,20.497
2018-10-02,20.489
2018-10-03,20.494
2018-10-04,20.501
2018-10-05,20.507
2018-10-06,20.515
2018-10-07,20.519
2018-10-08,20.520
2018-10-09,20.518
2018-10-10,20.509
2018-10-11,20.502
2018-10-12,20.495
2018-10-13,20.490
2018-10-14,20.482
2018-10-15,20.477
2018-10-16,20.475
2018-10-17,20.468
2018-10-18,20.462
2018-10-19,20.453
2018-10-20,20.446
2018-10-21,20.446
2018-10-22,20.443
2018-10-23,20.444
2018-10-24,20.444
2018-10-25,20.447
2018-10-26,20.450
2018-10-27,20.449
2018-10-28,20.448
2018-10-29,20.440
2018-10-30,20.436
2018-10-31,20.426
2018-11-01,20.414
2018-11-02,20.406
2018-11-03,20.397
2018-11-04,20.393
2018-11-05,20.391
2018-11-06,20.393
2018-11-07,20.396
2018-11-08,20.393
2018-11-09,20.392
2018-11-10,20.393
2018-11-11,20.398
2018-11-12,20.409
2018-11-13,20.420
2018-11-14,20.420
2018-11-15,20.415
2018-11-16,20.411
2018-11-17,20.407
2018-11-18,20.403
2018-11-19,20.395
2018-11-20,20.393
2018-11-21,20.402
2018-11-22,20.414
2018-11-23,20.422
2018-11-24,20.427
2018-11-25,20.434
2018-11-26,20.437
2018-11-27,20.442
2018-11-28,20.446
2018-11-29,20.448
2018-11-30,20.446
2018-12-01,20.456
2018-12-02,20.467
2018-12-03,20.473
2018-12-04,20.478
2018-12-05,20.476
2018-12-06,20.469
2018-12-07,20.461
2018-12-08,20.455
2018-12-09,20.445
2018-12-10,20.433
2018-12-11,20.428
2018-12-12,20.420
2018-12-13,20.414
2018-12-14,20.397
2018-12-15,20.387
2018-12-16,20.390
2018-12-17,20.404
2018-12-18,20.414
2018-12-19,20.431
2018-12-20,20.446
2018-12-21,20.465
2018-12-22,20.479
2018-12-23,20.492
2018-12-24,20.504
2018-12-25,20.513
2018-12-26,20.519
2018-12-27,20.517
2018-12-28,20.501
2018-12-29,20.489
2018-12-30,20.493
2018-12-31,20.502
2019-01-01,20.506
2019-01-02,20.495
2019-01-03,20.477
2019-01-04,20.468
2019-01-05,20.475
2019-01-06,20.497
2019-01-07,20.525
2019-01-08,20.553
2019-01-09,20.563
2019-01-10,20.570
2019-01-11,20.584
2019-01-12,20.594
2019-01-13,20.612
2019-01-14,20.637
2019-01-15,20.650
2019-01-16,20.652
2019-01-17,20.642
2019-01-18,20.630
2019-01-19,20.627
2019-01-20,20.622
2019-01-21,20.616
2019-01-22,20.615
2019-01-23,20.615
2019-01-24,20.617
2019-01-25,20.622
2019-01-26,20.619
2019-01-27,20.628
2019-01-28,20.647
2019-01-29,20.670
2019-01-30,20.684
2019-01-31,20.687
2019-02-01,20.696
2019-02-02,20.701
2019-02-03,20.709
2019-02-04,20.722
2019-02-05,20.733
2019-02-06,20.737
2019-02-07,20.735
2019-02-08,20.730
2019-02-09,20.726
2019-02-10,20.725
2019-02-11,20.733
2019-02-12,20.745
2019-02-13,20.761
2019-02-14,20.772
2019-02-15,20.791
2019-02-16,20.804
2019-02-17,20.819
2019-02-18,20.823
2019-02-19,20.826
2019-02-20,20.830
2019-02-21,20.840
2019-02-22,20.851
2019-02-23,20.860
2019-02-24,20.866
2019-02-25,20.870
2019-02-26,20.866
2019-02-27,20.859
2019-02-28,20.858
2019-03-01,20.861
2019-03-02,20.864
2019-03-03,20.863
2019-03-04,20.864
2019-03-05,20.865
2019-03-06,20.863
2019-03-07,20.852
2019-03-08,20.839
2019-03-09,20.832
2019-03-10,20.829
2019-03-11,20.835
2019-03-12,20.840
2019-03-13,20.844
2019-03-14,20.843
2019-03-15,20.846
2019-03-16,20.855
2019-03-17,20.866
2019-03-18,20.873
2019-03-19,20.878
2019-03-20,20.877
2019-03-21,20.877
2019-03-22,20.874
2019-03-23,20.872
2019-03-24,20.864
2019-03-25,20.857
2019-03-26,20.857
2019-03-27,20.859
2019-03-28,20.856
2019-03-29,20.852
2019-03-30,20.851
2019-03-31,20.855
2019-04-01,20.857
2019-04-02,20.855
2019-04-03,20.846
2019-04-04,20.840
2019-04-05,20.834
2019-04-06,20.837
2019-04-07,20.849
2019-04-08,20.858
2019-04-09,20.861
2019-04-10,20.853
2019-04-11,20.851
2019-04-12,20.848
2019-04-13,20.842
2019-04-14,20.837
2019-04-15,20.835
2019-04-16,20.840
2019-04-17,20.837
2019-04-18,20.824
2019-04-19,20.805
2019-04-20,20.792
2019-04-21,20.793
2019-04-22,20.789
2019-04-23,20.785
2019-04-24,20.779
2019-04-25,20.785
2019-04-26,20.791
2019-04-27,20.791
2019-04-28,20.788
2019-04-29,20.775
2019-04-30,20.769
2019-05-01,20.759
2019-05-02,20.748
2019-05-03,20.737
2019-05-04,20.730
2019-05-05,20.732
2019-05-06,20.729
2019-05-07,20.728
2019-05-08,20.728
2019-05-09,20.741
2019-05-10,20.747
2019-05-11,20.746
2019-05-12,20.748
2019-05-13,20.756
2019-05-14,20.768
2019-05-15,20.772
2019-05-16,20.770
2019-05-17,20.766
2019-05-18,20.757
2019-05-19,20.752
2019-05-20,20.749
2019-05-21,20.750
2019-05-22,20.743
2019-05-23,20.737
2019-05-24,20.736
2019-05-25,20.735
2019-05-26,20.736
2019-05-27,20.735
2019-05-28,20.730
2019-05-29,20.730
2019-05-30,20.731
2019-05-31,20.736
2019-06-01,20.744
2019-06-02,20.749
2019-06-03,20.741
2019-06-04,20.732
2019-06-05,20.716
2019-06-06,20.706
2019-06-07,20.697
2019-06-08,20.688
2019-06-09,20.680
2019-06-10,20.675
2019-06-11,20.671
2019-06-12,20.663
2019-06-13,20.662
2019-06-14,20.657
2019-06-15,20.650
2019-06-16,20.648
2019-06-17,20.650
2019-06-18,20.662
2019-06-19,20.668
2019-06-20,20.674
2019-06-21,20.667
2019-06-22,20.653
2019-06-23,20.657
2019-06-24,20.657
2019-06-25,20.661
2019-06-26,20.669
2019-06-27,20.676
2019-06-28,20.680
2019-06-29,20.680
2019-06-30,20.685
2019-07-01,20.670
2019-07-02,20.650
2019-07-03,20.631
2019-07-04,20.626
2019-07-05,20.628
2019-07-06,20.633
2019-07-07,20.644
2019-07-08,20.650
2019-07-09,20.658
2019-07-10,20.670
2019-07-11,20.686
2019-07-12,20.691
2019-07-13,20.694
2019-07-14,20.703
2019-07-15,20.708
2019-07-16,20.702
2019-07-17,20.692
2019-07-18,20.676
2019-07-19,20.665
2019-07-20,20.663
2019-07-21,20.663
2019-07-22,20.668
2019-07-23,20.681
2019-07-24,20.698
2019-07-25,20.715
2019-07-26,20.730
2019-07-27,20.743
2019-07-28,20.747
2019-07-29,20.746
2019-07-30,20.746
2019-07-31,20.747
2019-08-01,20.751
2019-08-02,20.749
2019-08-03,20.747
2019-08-04,20.747
2019-08-05,20.742
2019-08-06,20.735
2019-08-07,20.729
2019-08-08,20.718
2019-08-09,20.711
2019-08-10,20.711
2019-08-11,20.712
2019-08-12,20.706
2019-08-13,20.703
2019-08-14,20.706
2019-08-15,20.714
2019-08-16,20.719
2019-08-17,20.716
2019-08-18,20.706
2019-08-19,20.702
2019-08-20,20.703
2019-08-21,20.705
2019-08-22,20.706
2019-08-23,20.708
2019-08-24,20.712
2019-08-25,20.717
2019-08-26,20.723
2019-08-27,20.727
2019-08-28,20.731
2019-08-29,20.730
2019-08-30,20.723
2019-08-31,20.717
2019-09-01,20.709
2019-09-02,20.709
2019-09-03,20.713
2019-09-04,20.704
2019-09-05,20.695
2019-09-06,20.681
2019-09-07,20.669
2019-09-08,20.662
2019-09-09,20.648
2019-09-10,20.636
2019-09-11,20.627
2019-09-12,20.623
2019-09-13,20.615
2019-09-14,20.614
2019-09-15,20.614
2019-09-16,20.614
2019-09-17,20.608
2019-09-18,20.591
2019-09-19,20.581
2019-09-20,20.569
2019-09-21,20.562
2019-09-22,20.556
2019-09-23,20.550
2019-09-24,20.549
2019-09-25,20.553
2019-09-26,20.569
2019-09-27,20.581
2019-09-28,20.597
2019-09-29,20.604
2019-09-30,20.610
2019-10-01,20.598
2019-10-02,20.588
2019-10-03,20.575
2019-10-04,20.566
2019-10-05,20.554
2019-10-06,20.544
2019-10-07,20.536
2019-10-08,20.537
2019-10-09,20.545
2019-10-10,20.559
2019-10-11,20.570
2019-10-12,20.573
2019-10-13,20.570
2019-10-14,20.562
2019-10-15,20.559
2019-10-16,20.557
2019-10-17,20.548
2019-10-18,20.544
2019-10-19,20.547
2019-10-20,20.550
2019-10-21,20.548
2019-10-22,20.547
2019-10-23,20.541
2019-10-24,20.536
2019-10-25,20.541
2019-10-26,20.543
2019-10-27,20.545
2019-10-28,20.540
2019-10-29,20.534
2019-10-30,20.528
2019-10-31,20.515
2019-11-01,20.503
2019-11-02,20.485
2019-11-03,20.470
2019-11-04,20.461
2019-11-05,20.455
2019-11-06,20.458
2019-11-07,20.463
2019-11-08,20.474
2019-11-09,20.474
2019-11-10,20.467
2019-11-11,20.465
2019-11-12,20.466
2019-11-13,20.468
2019-11-14,20.476
2019-11-15,20.481
2019-11-16,20.486
2019-11-17,20.492
2019-11-18,20.497
2019-11-19,20.506
2019-11-20,20.507
2019-11-21,20.503
2019-11-22,20.493
2019-11-23,20.484
2019-11-24,20.473
2019-11-25,20.460
2019-11-26,20.450
2019-11-27,20.446
2019-11-28,20.448
2019-11-29,20.451
2019-11-30,20.451
2019-12-01,20.449
2019-12-02,20.448
2019-12-03,20.449
2019-12-04,20.460
2019-12-05,20.469
2019-12-06,20.472
2019-12-07,20.486
2019-12-08,20.499
2019-12-09,20.512
2019-12-10,20.525
2019-12-11,20.540
2019-12-12,20.549
2019-12-13,20.552
2019-12-14,20.562
2019-12-15,20.564
2019-12-16,20.553
2019-12-17,20.543
2019-12-18,20.536
2019-12-19,20.535
2019-12-20,20.532
2019-12-21,20.530
2019-12-22,20.529
2019-12-23,20.534
2019-12-24,20.539
2019-12-25,20.544
2019-12-26,20.552
2019-12-27,20.557
2019-12-28,20.568
2019-12-29,20.580
2019-12-30,20.597
2019-12-31,20.616
2020-01-01,20.624
2020-01-02,20.629
2020-01-03,20.637
2020-01-04,20.635
2020-01-05,20.634
2020-01-06,20.634
2020-01-07,20.635
2020-01-08,20.636
2020-01-09,20.631
2020-01-10,20.628
2020-01-11,20.629
2020-01-12,20.630
2020-01-13,20.629
2020-01-14,20.636
2020-01-15,20.647
2020-01-16,20.646
2020-01-17,20.641
2020-01-18,20.633
2020-01-19,20.639
2020-01-20,20.649
2020-01-21,20.664
2020-01-22,20.680
2020-01-23,20.702
2020-01-24,20.726
2020-01-25,20.748
2020-01-26,20.767
2020-01-27,20.771
2020-01-28,20.777
2020-01-29,20.793
2020-01-30,20.799
2020-01-31,20.792
2020-02-01,20.784
2020-02-02,20.774
2020-02-03,20.770
2020-02-04,20.757
2020-02-05,20.744
2020-02-06,20.738
2020-02-07,20.745
2020-02-08,20.746
2020-02-09,20.748
2020-02-10,20.752
2020-02-11,20.766
2020-02-12,20.785
2020-02-13,20.797
2020-02-14,20.801
2020-02-15,20.807
2020-02-16,20.810
2020-02-17,20.810
2020-02-18,20.805
2020-02-19,20.811
2020-02-20,20.817
2020-02-21,20.820
2020-02-22,20.820
2020-02-23,20.815
2020-02-24,20.813
2020-02-25,20.830
2020-02-26,20.847
2020-02-27,20.862
2020-02-28,20.869
2020-02-29,20.877
2020-03-01,20.876
2020-03-02,20.881
2020-03-03,20.897
2020-03-04,20.903
2020-03-05,20.906
2020-03-06,20.909
2020-03-07,20.916
2020-03-08,20.915
2020-03-09,20.919
2020-03-10,20.932
2020-03-11,20.944
2020-03-12,20.958
2020-03-13,20.954
2020-03-14,20.944
2020-03-15,20.931
2020-03-16,20.920
2020-03-17,20.919
2020-03-18,20.928
2020-03-19,20.944
2020-03-20,20.956
2020-03-21,20.958
2020-03-22,20.954
2020-03-23,20.959
2020-03-24,20.961
2020-03-25,20.957
2020-03-26,20.949
2020-03-27,20.937
2020-03-28,20.930
2020-03-29,20.923
2020-03-30,20.921
2020-03-31,20.918
2020-04-01,20.921
2020-04-02,20.915
2020-04-03,20.909
2020-04-04,20.908
2020-04-05,20.911
2020-04-06,20.914
2020-04-07,20.915
2020-04-08,20.921
2020-04-09,20.927
2020-04-10,20.931
2020-04-11,20.932
2020-04-12,20.927
2020-04-13,20.921
2020-04-14,20.913
2020-04-15,20.914
2020-04-16,20.916
2020-04-17,20.922
2020-04-18,20.915
2020-04-19,20.912
2020-04-20,20.907
2020-04-21,20.907
2020-04-22,20.908
2020-04-23,20.905
2020-04-24,20.905
2020-04-25,20.897
2020-04-26,20.893
2020-04-27,20.882
2020-04-28,20.867
2020-04-29,20.849
2020-04-30,20.840
2020-05-01,20.836
2020-05-02,20.832
2020-05-03,20.828
2020-05-04,20.827
2020-05-05,20.825
2020-05-06,20.818
2020-05-07,20.818
2020-05-08,20.820
2020-05-09,20.815
2020-05-10,20.813
2020-05-11,20.808
2020-05-12,20.798
2020-05-13,20.787
2020-05-14,20.774
2020-05-15,20.764
2020-05-16,20.757
2020-05-17,20.753
2020-05-18,20.749
2020-05-19,20.742
2020-05-20,20.730
2020-05-21,20.709
2020-05-22,20.687
2020-05-23,20.675
2020-05-24,20.670
2020-05-25,20.662
2020-05-26,20.667
2020-05-27,20.675
2020-05-28,20.689
2020-05-29,20.697
2020-05-30,20.700
2020-05-31,20.706
2020-06-01,20.707
2020-06-02,20.709
2020-06-03,20.708
2020-06-04,20.701
2020-06-05,20.694
2020-06-06,20.687
2020-06-07,20.689
2020-06-08,20.694
2020-06-09,20.691
2020-06-10,20.688
2020-06-11,20.682
2020-06-12,20.672
2020-06-13,20.665
2020-06-14,20.655
2020-06-15,20.653
2020-06-16,20.651
2020-06-17,20.642
2020-06-18,20.640
2020-06-19,20.636
2020-06-20,20.629
2020-06-21,20.632
2020-06-22,20.642
2020-06-23,20.653
2020-06-24,20.663
2020-06-25,20.664
2020-06-26,20.662
2020-06-27,20.658
2020-06-28,20.656
2020-06-29,20.659
2020-06-30,20.656
2020-07-01,20.653
2020-07-02,20.657
2020-07-03,20.653
2020-07-04,20.657
2020-07-05,20.660
2020-07-06,20.663
2020-07-07,20.660
2020-07-08,20.649
2020-07-09,20.643
2020-07-10,20.634
2020-07-11,20.625
2020-07-12,20.620
2020-07-13,20.613
2020-07-14,20.610
2020-07-15,20.610
2020-07-16,20.614
2020-07-17,20.622
2020-07-18,20.640
2020-07-19,20.659
2020-07-20,20.676
2020-07-21,20.678
2020-07-22,20.680
2020-07-23,20.686
2020-07-24,20.690
2020-07-25,20.696
2020-07-26,20.689
2020-07-27,20.680
2020-07-28,20.672
2020-07-29,20.668
2020-07-30,20.679
2020-07-31,20.690
2020-08-01,20.703
2020-08-02,20.699
2020-08-03,20.696
2020-08-04,20.687
2020-08-05,20.683
2020-08-06,20.682
2020-08-07,20.677
2020-08-08,20.669
2020-08-09,20.669
2020-08-10,20.671
2020-08-11,20.677
2020-08-12,20.690
2020-08-13,20.705
2020-08-14,20.706
2020-08-15,20.703
2020-08-16,20.710
2020-08-17,20.714
2020-08-18,20.712
2020-08-19,20.712
2020-08-20,20.712
2020-08-21,20.727
2020-08-22,20.736
2020-08-23,20.743
2020-08-24,20.747
2020-08-25,20.749
2020-08-26,20.750
2020-08-27,20.748
2020-08-28,20.733
2020-08-29,20.708
2020-08-30,20.688
2020-08-31,20.671
2020-09-01,20.661
2020-09-02,20.659
2020-09-03,20.666
2020-09-04,20.663
2020-09-05,20.650
2020-09-06,20.644
2020-09-07,20.642
2020-09-08,20.643
2020-09-09,20.647
2020-09-10,20.652
2020-09-11,20.649
2020-09-12,20.648
2020-09-13,20.645
2020-09-14,20.640
2020-09-15,20.627
2020-09-16,20.613
2020-09-17,20.600
2020-09-18,20.593
2020-09-19,20.591
2020-09-20,20.587
2020-09-21,20.587
2020-09-22,20.586
2020-09-23,20.591
2020-09-24,20.594
2020-09-25,20.600
2020-09-26,20.598
2020-09-27,20.591
2020-09-28,20.577
2020-09-29,20.565
2020-09-30,20.547
2020-10-01,20.535
2020-10-02,20.525
2020-10-03,20.515
2020-10-04,20.509
2020-10-05,20.500
2020-10-06,20.490
2020-10-07,20.484
2020-10-08,20.475
2020-10-09,20.470
2020-10-10,20.469
2020-10-11,20.469
2020-10-12,20.467
2020-10-13,20.462
2020-10-14,20.458
2020-10-15,20.452
2020-10-16,20.450
2020-10-17,20.454
2020-10-18,20.459
2020-10-19,20.467
2020-10-20,20.474
2020-10-21,20.480
2020-10-22,20.480
2020-10-23,20.469
2020-10-24,20.461
2020-10-25,20.448
2020-10-26,20.438
2020-10-27,20.424
2020-10-28,20.415
2020-10-29,20.403
2020-10-30,20.388
2020-10-31,20.375
2020-11-01,20.368
2020-11-02,20.369
2020-11-03,20.365
2020-11-04,20.360
2020-11-05,20.355
2020-11-06,20.348
2020-11-07,20.349
2020-11-08,20.350
2020-11-09,20.343
2020-11-10,20.337
2020-11-11,20.342
2020-11-12,20.351
2020-11-13,20.349
2020-11-14,20.343
2020-11-15,20.340
2020-11-16,20.341
2020-11-17,20.345
2020-11-18,20.343
2020-11-19,20.339
2020-11-20,20.340
2020-11-21,20.340
2020-11-22,20.346
2020-11-23,20.351
2020-11-24,20.351
2020-11-25,20.342
2020-11-26,20.327
2020-11-27,20.312
2020-11-28,20.303
2020-11-29,20.307
2020-11-30,20.310
2020-12-01,20.309
2020-12-02,20.309
2020-12-03,20.309
2020-12-04,20.310
2020-12-05,20.303
2020-12-06,20.305
2020-12-07,20.310
2020-12-08,20.316
2020-12-09,20.320
2020-12-10,20.311
2020-12-11,20.297
2020-12-12,20.289
2020-12-13,20.289
2020-12-14,20.291
2020-12-15,20.285
2020-12-16,20.277
2020-12-17,20.284
2020-12-18,20.287
2020-12-19,20.302
2020-12-20,20.314
2020-12-21,20.325
2020-12-22,20.334
2020-12-23,20.351
2020-12-24,20.357
2020-12-25,20.362
2020-12-26,20.376
2020-12-27,20.389
2020-12-28,20.398
2020-12-29,20.404
2020-12-30,20.403
2020-12-31,20.404
2021-01-01,20.405
2021-01-02,20.402
2021-01-03,20.396
2021-01-04,20.398
2021-01-05,20.407
2021-01-06,20.425
2021-01-07,20.437
2021-01-08,20.450
2021-01-09,20.454
2021-01-10,20.453
2021-01-11,20.458
2021-01-12,20.468
2021-01-13,20.480
2021-01-14,20.488
2021-01-15,20.484
2021-01-16,20.477
2021-01-17,20.479
2021-01-18,20.486
2021-01-19,20.493
2021-01-20,20.501
2021-01-21,20.513
2021-01-22,20.524
2021-01-23,20.531
2021-01-24,20.534
2021-01-25,20.540
2021-01-26,20.542
2021-01-27,20.535
2021-01-28,20.530
2021-01-29,20.530
2021-01-30,20.531
2021-01-31,20.533
2021-02-01,20.532
2021-02-02,20.529
2021-02-03,20.532
2021-02-04,20.533
2021-02-05,20.529
2021-02-06,20.531
2021-02-07,20.539
2021-02-08,20.547
2021-02-09,20.558
2021-02-10,20.575
2021-02-11,20.597
2021-02-12,20.618
2021-02-13,20.637
2021-02-14,20.651
2021-02-15,20.656
2021-02-16,20.659
2021-02-17,20.669
2021-02-18,20.675
2021-02-19,20.671
2021-02-20,20.658
2021-02-21,20.648
2021-02-22,20.639
2021-02-23,20.626
2021-02-24,20.620
2021-02-25,20.621
2021-02-26,20.635
2021-02-27,20.649
2021-02-28,20.660
2021-03-01,20.668
2021-03-02,20.679
2021-03-03,20.687
2021-03-04,20.700
2021-03-05,20.704
2021-03-06,20.709
2021-03-07,20.707
2021-03-08,20.706
2021-03-09,20.717
2021-03-10,20.728
2021-03-11,20.734
2021-03-12,20.743
2021-03-13,20.753
2021-03-14,20.757
2021-03-15,20.761
2021-03-16,20.760
2021-03-17,20.757
2021-03-18,20.754
2021-03-19,20.745
2021-03-20,20.737
2021-03-21,20.727
2021-03-22,20.727
2021-03-23,20.726
2021-03-24,20.721
2021-03-25,20.723
2021-03-26,20.721
2021-03-27,20.719
2021-03-28,20.720
2021-03-29,20.718
2021-03-30,20.722
2021-03-31,20.719
2021-04-01,20.714
2021-04-02,20.706
2021-04-03,20.694
2021-04-04,20.691
2021-04-05,20.686
2021-04-06,20.690
2021-04-07,20.702
2021-04-08,20.702
2021-04-09,20.701
2021-04-10,20.703
2021-04-11,20.699
2021-04-12,20.698
2021-04-13,20.699
2021-04-14,20.708
2021-04-15,20.716
2021-04-16,20.718
2021-04-17,20.719
2021-04-18,20.720
2021-04-19,20.716
2021-04-20,20.705
2021-04-21,20.707
2021-04-22,20.702
2021-04-23,20.698
2021-04-24,20.696
2021-04-25,20.693
2021-04-26,20.698
2021-04-27,20.705
2021-04-28,20.706
2021-04-29,20.706
2021-04-30,20.707
2021-05-01,20.710
2021-05-02,20.711
2021-05-03,20.698
2021-05-04,20.683
2021-05-05,20.674
2021-05-06,20.672
2021-05-07,20.664
2021-05-08,20.659
2021-05-09,20.651
2021-05-10,20.645
2021-05-11,20.640
2021-05-12,20.643
2021-05-13,20.637
2021-05-14,20.634
2021-05-15,20.639
2021-05-16,20.643
2021-05-17,20.640
2021-05-18,20.637
2021-05-19,20.630
2021-05-20,20.614
2021-05-21,20.595
2021-05-22,20.579
2021-05-23,20.568
2021-05-24,20.561
2021-05-25,20.555
2021-05-26,20.549
2021-05-27,20.547
2021-05-28,20.539
2021-05-29,20.533
2021-05-30,20.515
2021-05-31,20.506
2021-06-01,20.508
2021-06-02,20.509
2021-06-03,20.514
2021-06-04,20.522
2021-06-05,20.541
2021-06-06,20.552
2021-06-07,20.562
2021-06-08,20.576
2021-06-09,20.588
2021-06-10,20.588
2021-06-11,20.585
2021-06-12,20.582
2021-06-13,20.576
2021-06-14,20.570
2021-06-15,20.568
2021-06-16,20.569
2021-06-17,20.576
2021-06-18,20.583
2021-06-19,20.576
2021-06-20,20.570
2021-06-21,20.564
2021-06-22,20.564
2021-06-23,20.567
2021-06-24,20.571
2021-06-25,20.579
2021-06-26,20.590
2021-06-27,20.591
2021-06-28,20.585
2021-06-29,20.585
2021-06-30,20.579
2021-07-01,20.572
2021-07-02,20.568
2021-07-03,20.568
2021-07-04,20.564
2021-07-05,20.556
2021-07-06,20.546
2021-07-07,20.541
2021-07-08,20.546
2021-07-09,20.558
2021-07-10,20.562
2021-07-11,20.568
2021-07-12,20.574
2021-07-13,20.576
2021-07-14,20.582
2021-07-15,20.587
2021-07-16,20.593
2021-07-17,20.608
2021-07-18,20.619
2021-07-19,20.633
2021-07-20,20.646
2021-07-21,20.647
2021-07-22,20.648
2021-07-23,20.644
2021-07-24,20.642
2021-07-25,20.643
2021-07-26,20.645
2021-07-27,20.651
2021-07-28,20.658
2021-07-29,20.656
2021-07-30,20.662
2021-07-31,20.655
2021-08-01,20.645
2021-08-02,20.644
2021-08-03,20.650
2021-08-04,20.657
2021-08-05,20.661
2021-08-06,20.657
2021-08-07,20.649
2021-08-08,20.643
2021-08-09,20.638
2021-08-10,20.629
2021-08-11,20.621
2021-08-12,20.620
2021-08-13,20.626
2021-08-14,20.635
2021-08-15,20.640
2021-08-16,20.646
2021-08-17,20.648
2021-08-18,20.652
2021-08-19,20.658
2021-08-20,20.664
2021-08-21,20.669
2021-08-22,20.668
2021-08-23,20.658
2021-08-24,20.639
2021-08-25,20.622
2021-08-26,20.616
2021-08-27,20.612
2021-08-28,20.616
2021-08-29,20.625
2021-08-30,20.635
2021-08-31,20.650
2021-09-01,20.658
2021-09-02,20.660
2021-09-03,20.663
2021-09-04,20.661
2021-09-05,20.655
2021-09-06,20.646
2021-09-07,20.646
2021-09-08,20.640
2021-09-09,20.627
2021-09-10,20.608
2021-09-11,20.593
2021-09-12,20.580
2021-09-13,20.577
2021-09-14,20.578
2021-09-15,20.588
2021-09-16,20.587
2021-09-17,20.578
2021-09-18,20.576
2021-09-19,20.577
2021-09-20,20.573
2021-09-21,20.570
2021-09-22,20.560
2021-09-23,20.551
2021-09-24,20.548
2021-09-25,20.548
2021-09-26,20.535
2021-09-27,20.521
2021-09-28,20.515
2021-09-29,20.513
2021-09-30,20.505
2021-10-01,20.505
2021-10-02,20.502
2021-10-03,20.509
2021-10-04,20.509
2021-10-05,20.509
2021-10-06,20.507
2021-10-07,20.504
2021-10-08,20.498
2021-10-09,20.484
2021-10-10,20.474
2021-10-11,20.460
2021-10-12,20.443
2021-10-13,20.440
2021-10-14,20.440
2021-10-15,20.441
2021-10-16,20.437
2021-10-17,20.433
2021-10-18,20.428
2021-10-19,20.426
2021-10-20,20.421
2021-10-21,20.416
2021-10-22,20.405
2021-10-23,20.395
2021-10-24,20.379
2021-10-25,20.367
2021-10-26,20.362
2021-10-27,20.358
2021-10-28,20.361
2021-10-29,20.366
2021-10-30,20.365
2021-10-31,20.370
2021-11-01,20.377
2021-11-02,20.385
2021-11-03,20.386
2021-11-04,20.385
2021-11-05,20.388
2021-11-06,20.390
2021-11-07,20.390
2021-11-08,20.387
2021-11-09,20.385
2021-11-10,20.386
2021-11-11,20.386
2021-11-12,20.388
2021-11-13,20.393
2021-11-14,20.395
2021-11-15,20.397
2021-11-16,20.396
2021-11-17,20.387
2021-11-18,20.387
2021-11-19,20.392
2021-11-20,20.388
2021-11-21,20.397
2021-11-22,20.404
2021-11-23,20.406
2021-11-24,20.410
2021-11-25,20.417
2021-11-26,20.415
2021-11-27,20.409
2021-11-28,20.405
2021-11-29,20.407
2021-11-30,20.408
2021-12-01,20.398
2021-12-02,20.383
2021-12-03,20.371
2021-12-04,20.361
2021-12-05,20.347
2021-12-06,20.338
2021-12-07,20.334
2021-12-08,20.330
2021-12-09,20.336
2021-12-10,20.344
2021-12-11,20.349
2021-12-12,20.351
2021-12-13,20.349
2021-12-14,20.353
2021-12-15,20.360
2021-12-16,20.361
2021-12-17,20.366
2021-12-18,20.368
2021-12-19,20.376
2021-12-20,20.394
2021-12-21,20.415
2021-12-22,20.437
2021-12-23,20.448
2021-12-24,20.455
2021-12-25,20.464
2021-12-26,20.480
2021-12-27,20.486
2021-12-28,20.493
2021-12-29,20.497
2021-12-30,20.492
2021-12-31,20.490
2022-01-01,20.484
2022-01-02,20.494
2022-01-03,20.523
2022-01-04,20.538
2022-01-05,20.541
2022-01-06,20.544
2022-01-07,20.560
2022-01-08,20.579
2022-01-09,20.599
2022-01-10,20.598
2022-01-11,20.594
2022-01-12,20.595
2022-01-13,20.603
2022-01-14,20.615
2022-01-15,20.627
2022-01-16,20.627
2022-01-17,20.612
2022-01-18,20.596
2022-01-19,20.587
2022-01-20,20.590
2022-01-21,20.589
2022-01-22,20.592
2022-01-23,20.594
2022-01-24,20.601
2022-01-25,20.615
2022-01-26,20.627
2022-01-27,20.635
2022-01-28,20.641
2022-01-29,20.646
2022-01-30,20.653
2022-01-31,20.651
2022-02-01,20.652
2022-02-02,20.654
2022-02-03,20.649
2022-02-04,20.642
2022-02-05,20.635
2022-02-06,20.626
2022-02-07,20.634
2022-02-08,20.647
2022-02-09,20.660
2022-02-10,20.672
2022-02-11,20.673
2022-02-12,20.677
2022-02-13,20.683
2022-02-14,20.694
2022-02-15,20.695
2022-02-16,20.695
2022-02-17,20.700
2022-02-18,20.708
2022-02-19,20.714
2022-02-20,20.713
2022-02-21,20.723
2022-02-22,20.732
2022-02-23,20.734
2022-02-24,20.735
2022-02-25,20.737
2022-02-26,20.736
2022-02-27,20.731
2022-02-28,20.730
2022-03-01,20.727
2022-03-02,20.731
2022-03-03,20.736
2022-03-04,20.739
2022-03-05,20.742
2022-03-06,20.744
2022-03-07,20.750
2022-03-08,20.760
2022-03-09,20.771
2022-03-10,20.786
2022-03-11,20.794
2022-03-12,20.798
2022-03-13,20.798
2022-03-14,20.794
2022-03-15,20.793
2022-03-16,20.797
2022-03-17,20.795
2022-03-18,20.793
2022-03-19,20.785
2022-03-20,20.781
2022-03-21,20.771
2022-03-22,20.763
2022-03-23,20.761
2022-03-24,20.763
2022-03-25,20.761
2022-03-26,20.758
2022-03-27,20.759
2022-03-28,20.753
2022-03-29,20.746
2022-03-30,20.740
2022-03-31,20.732
2022-04-01,20.732
2022-04-02,20.727
2022-04-03,20.725
2022-04-04,20.728
2022-04-05,20.732
2022-04-06,20.738
2022-04-07,20.732
2022-04-08,20.725
2022-04-09,20.720
2022-04-10,20.713
2022-04-11,20.704
2022-04-12,20.698
2022-04-13,20.698
2022-04-14,20.697
2022-04-15,20.694
2022-04-16,20.691
2022-04-17,20.684
2022-04-18,20.684
2022-04-19,20.685
2022-04-20,20.691
2022-04-21,20.689
2022-04-22,20.678
2022-04-23,20.677
2022-04-24,20.685
2022-04-25,20.688
2022-04-26,20.685
2022-04-27,20.680
2022-04-28,20.671
2022-04-29,20.673
2022-04-30,20.663
2022-05-01,20.651
2022-05-02,20.642
2022-05-03,20.636
2022-05-04,20.632
2022-05-05,20.627
2022-05-06,20.624
2022-05-07,20.617
2022-05-08,20.606
2022-05-09,20.592
2022-05-10,20.585
2022-05-11,20.586
2022-05-12,20.582
2022-05-13,20.583
2022-05-14,20.592
2022-05-15,20.597
2022-05-16,20.591
2022-05-17,20.586
2022-05-18,20.584
2022-05-19,20.589
2022-05-20,20.595
2022-05-21,20.594
2022-05-22,20.594
2022-05-23,20.592
2022-05-24,20.593
2022-05-25,20.587
2022-05-26,20.582
2022-05-27,20.584
2022-05-28,20.589
2022-05-29,20.572
2022-05-30,20.564
2022-05-31,20.558
2022-06-01,20.567
2022-06-02,20.568
2022-06-03,20.577
2022-06-04,20.580
2022-06-05,20.583
2022-06-06,20.578
2022-06-07,20.576
2022-06-08,20.570
2022-06-09,20.565
2022-06-10,20.566
2022-06-11,20.558
2022-06-12,20.550
2022-06-13,20.549
2022-06-14,20.547
2022-06-15,20.550
2022-06-16,20.551
2022-06-17,20.546
2022-06-18,20.537
2022-06-19,20.532
2022-06-20,20.524
2022-06-21,20.513
2022-06-22,20.511
2022-06-23,20.509
2022-06-24,20.514
2022-06-25,20.530
2022-06-26,20.540
2022-06-27,20.534
2022-06-28,20.529
2022-06-29,20.526
2022-06-30,20.527
2022-07-01,20.531
2022-07-02,20.536
2022-07-03,20.534
2022-07-04,20.533
2022-07-05,20.529
2022-07-06,20.529
2022-07-07,20.530
2022-07-08,20.531
2022-07-09,20.534
2022-07-10,20.534
2022-07-11,20.533
2022-07-12,20.532
2022-07-13,20.526
2022-07-14,20.523
2022-07-15,20.522
2022-07-16,20.522
2022-07-17,20.516
2022-07-18,20.514
2022-07-19,20.508
2022-07-20,20.514
2022-07-21,20.532
2022-07-22,20.548
2022-07-23,20.566
2022-07-24,20.582
2022-07-25,20.598
2022-07-26,20.613
2022-07-27,20.622
2022-07-28,20.627
2022-07-29,20.624
2022-07-30,20.621
2022-07-31,20.615
2022-08-01,20.616
2022-08-02,20.618
2022-08-03,20.631
2022-08-04,20.642
2022-08-05,20.650
2022-08-06,20.654
2022-08-07,20.656
2022-08-08,20.656
2022-08-09,20.656
2022-08-10,20.663
2022-08-11,20.666
2022-08-12,20.676
2022-08-13,20.682
2022-08-14,20.678
2022-08-15,20.671
2022-08-16,20.663
2022-08-17,20.650
2022-08-18,20.641
2022-08-19,20.634
2022-08-20,20.641
2022-08-21,20.647
2022-08-22,20.660
2022-08-23,20.665
2022-08-24,20.668
2022-08-25,20.667
2022-08-26,20.667
2022-08-27,20.674
2022-08-28,20.681
2022-08-29,20.688
2022-08-30,20.694
2022-08-31,20.694
2022-09-01,20.689
2022-09-02,20.685
2022-09-03,20.675
2022-09-04,20.666
2022-09-05,20.650
2022-09-06,20.638
2022-09-07,20.632
2022-09-08,20.624
2022-09-09,20.628
2022-09-10,20.626
2022-09-11,20.626
2022-09-12,20.624
2022-09-13,20.610
2022-09-14,20.602
2022-09-15,20.588
2022-09-16,20.579
2022-09-17,20.575
2022-09-18,20.571
2022-09-19,20.563
2022-09-20,20.562
2022-09-21,20.560
2022-09-22,20.557
2022-09-23,20.553
2022-09-24,20.547
2022-09-25,20.539
2022-09-26,20.534
2022-09-27,20.530
2022-09-28,20.523
2022-09-29,20.513
2022-09-30,20.503
2022-10-01,20.501
2022-10-02,20.499
2022-10-03,20.493
2022-10-04,20.484
2022-10-05,20.473
2022-10-06,20.467
2022-10-07,20.462
2022-10-08,20.461
2022-10-09,20.458
2022-10-10,20.458
2022-10-11,20.449
2022-10-12,20.435
2022-10-13,20.427
2022-10-14,20.429
2022-10-15,20.436
2022-10-16,20.439
2022-10-17,20.437
2022-10-18,20.426
2022-10-19,20.416
2022-10-20,20.413
2022-10-21,20.410
2022-10-22,20.408
2022-10-23,20.406
2022-10-24,20.403
2022-10-25,20.400
2022-10-26,20.399
2022-10-27,20.396
2022-10-28,20.396
2022-10-29,20.389
2022-10-30,20.383
2022-10-31,20.373
2022-11-01,20.372
2022-11-02,20.379
2022-11-03,20.383
2022-11-04,20.386
2022-11-05,20.394
2022-11-06,20.403
2022-11-07,20.411
2022-11-08,20.414
2022-11-09,20.411
2022-11-10,20.408
2022-11-11,20.409
2022-11-12,20.402
2022-11-13,20.387
2022-11-14,20.373
2022-11-15,20.364
2022-11-16,20.364
2022-11-17,20.369
2022-11-18,20.370
2022-11-19,20.364
2022-11-20,20.365
2022-11-21,20.367
2022-11-22,20.363
2022-11-23,20.369
2022-11-24,20.373
2022-11-25,20.382
2022-11-26,20.393
2022-11-27,20.406
2022-11-28,20.421
2022-11-29,20.425
2022-11-30,20.429
2022-12-01,20.421
2022-12-02,20.411
2022-12-03,20.412
2022-12-04,20.419
2022-12-05,20.420
2022-12-06,20.429
2022-12-07,20.435
2022-12-08,20.440
2022-12-09,20.444
2022-12-10,20.452
2022-12-11,20.450
2022-12-12,20.444
2022-12-13,20.447
2022-12-14,20.448
2022-12-15,20.450
2022-12-16,20.459
2022-12-17,20.465
2022-12-18,20.476
2022-12-19,20.475
2022-12-20,20.479
2022-12-21,20.485
2022-12-22,20.489
2022-12-23,20.491
2022-12-24,20.491
2022-12-25,20.491
2022-12-26,20.485
2022-12-27,20.474
2022-12-28,20.464
2022-12-29,20.460
2022-12-30,20.463
2022-12-31,20.475
2023-01-01,20.488
2023-01-02,20.489
2023-01-03,20.481
2023-01-04,20.470
2023-01-05,20.465
2023-01-06,20.461
2023-01-07,20.467
2023-01-08,20.489
2023-01-09,20.519
2023-01-10,20.548
2023-01-11,20.567
2023-01-12,20.577
2023-01-13,20.586
2023-01-14,20.589
2023-01-15,20.593
2023-01-16,20.607
2023-01-17,20.620
2023-01-18,20.625
2023-01-19,20.635
2023-01-20,20.645
2023-01-21,20.649
2023-01-22,20.652
2023-01-23,20.651
2023-01-24,20.649
2023-01-25,20.641
2023-01-26,20.639
2023-01-27,20.651
2023-01-28,20.661
2023-01-29,20.670
2023-01-30,20.674
2023-01-31,20.680
2023-02-01,20.684
2023-02-02,20.688
2023-02-03,20.690
2023-02-04,20.699
2023-02-05,20.705
2023-02-06,20.711
2023-02-07,20.715
2023-02-08,20.722
2023-02-09,20.724
2023-02-10,20.722
2023-02-11,20.722
2023-02-12,20.727
2023-02-13,20.729
2023-02-14,20.729
2023-02-15,20.732
2023-02-16,20.741
2023-02-17,20.750
2023-02-18,20.753
2023-02-19,20.762
2023-02-20,20.768
2023-02-21,20.775
2023-02-22,20.776
2023-02-23,20.775
2023-02-24,20.774
2023-02-25,20.778
2023-02-26,20.780
2023-02-27,20.789
2023-02-28,20.797
2023-03-01,20.803
2023-03-02,20.808
2023-03-03,20.817
2023-03-04,20.823
2023-03-05,20.825
2023-03-06,20.829
2023-03-07,20.834
2023-03-08,20.847
2023-03-09,20.858
2023-03-10,20.878
2023-03-11,20.895
2023-03-12,20.909
2023-03-13,20.919
2023-03-14,20.937
2023-03-15,20.952
2023-03-16,20.959
2023-03-17,20.968
2023-03-18,20.972
2023-03-19,20.971
2023-03-20,20.967
2023-03-21,20.958
2023-03-22,20.950
2023-03-23,20.951
2023-03-24,20.953
2023-03-25,20.949
2023-03-26,20.944
2023-03-27,20.946
2023-03-28,20.952
2023-03-29,20.958
2023-03-30,20.968
2023-03-31,20.978
2023-04-01,20.987
2023-04-02,20.986
2023-04-03,20.983
2023-04-04,20.979
2023-04-05,20.972
2023-04-06,20.970
2023-04-07,20.969
2023-04-08,20.967
2023-04-09,20.962
2023-04-10,20.954
2023-04-11,20.949
2023-04-12,20.946
2023-04-13,20.946
2023-04-14,20.941
2023-04-15,20.937
2023-04-16,20.940
2023-04-17,20.948
2023-04-18,20.945
2023-04-19,20.930
2023-04-20,20.920
2023-04-21,20.921
2023-04-22,20.926
2023-04-23,20.935
2023-04-24,20.936
2023-04-25,20.933
2023-04-26,20.933
2023-04-27,20.935
2023-04-28,20.937
2023-04-29,20.932
2023-04-30,20.914
2023-05-01,20.893
2023-05-02,20.883
2023-05-03,20.877
2023-05-04,20.871
2023-05-05,20.867
2023-05-06,20.867
2023-05-07,20.865
2023-05-08,20.867
2023-05-09,20.860
2023-05-10,20.855
2023-05-11,20.850
2023-05-12,20.852
2023-05-13,20.853
2023-05-14,20.849
2023-05-15,20.845
2023-05-16,20.842
2023-05-17,20.838
2023-05-18,20.833
2023-05-19,20.832
2023-05-20,20.832
2023-05-21,20.835
2023-05-22,20.833
2023-05-23,20.834
2023-05-24,20.832
2023-05-25,20.825
2023-05-26,20.818
2023-05-27,20.813
2023-05-28,20.815
2023-05-29,20.824
2023-05-30,20.831
2023-05-31,20.829
2023-06-01,20.823
2023-06-02,20.829
2023-06-03,20.840
2023-06-04,20.841
2023-06-05,20.843
2023-06-06,20.845
2023-06-07,20.855
2023-06-08,20.870
2023-06-09,20.881
2023-06-10,20.884
2023-06-11,20.881
2023-06-12,20.872
2023-06-13,20.867
2023-06-14,20.864
2023-06-15,20.859
2023-06-16,20.861
2023-06-17,20.867
2023-06-18,20.877
2023-06-19,20.879
2023-06-20,20.880
2023-06-21,20.881
2023-06-22,20.879
2023-06-23,20.884
2023-06-24,20.883
2023-06-25,20.877
2023-06-26,20.872
2023-06-27,20.869
2023-06-28,20.870
2023-06-29,20.870
2023-06-30,20.875
2023-07-01,20.884
2023-07-02,20.891
2023-07-03,20.894
2023-07-04,20.895
2023-07-05,20.889
2023-07-06,20.880
2023-07-07,20.878
2023-07-08,20.876
2023-07-09,20.882
2023-07-10,20.883
2023-07-11,20.890
2023-07-12,20.902
2023-07-13,20.918
2023-07-14,20.926
2023-07-15,20.939
2023-07-16,20.949
2023-07-17,20.957
2023-07-18,20.969
2023-07-19,20.975
2023-07-20,20.969
2023-07-21,20.972
2023-07-22,20.972
2023-07-23,20.973
2023-07-24,20.976
2023-07-25,20.980
2023-07-26,20.976
2023-07-27,20.976
2023-07-28,20.981
2023-07-29,20.991
2023-07-30,20.999
2023-07-31,20.997
2023-08-01,21.003
2023-08-02,21.010
2023-08-03,21.015
2023-08-04,21.022
2023-08-05,21.016
2023-08-06,21.012
2023-08-07,21.003
2023-08-08,21.000
2023-08-09,21.007
2023-08-10,21.005
2023-08-11,21.003
2023-08-12,21.001
2023-08-13,21.001
2023-08-14,21.008
2023-08-15,21.013
2023-08-16,21.015
2023-08-17,21.017
2023-08-18,21.019
2023-08-19,21.025
2023-08-20,21.029
2023-08-21,21.033
2023-08-22,21.044
2023-08-23,21.050
2023-08-24,21.057
2023-08-25,21.062
2023-08-26,21.060
2023-08-27,21.055
2023-08-28,21.044
2023-08-29,21.031
2023-08-30,21.020
2023-08-31,21.009
2023-09-01,20.996
2023-09-02,20.991
2023-09-03,20.988
2023-09-04,20.990
2023-09-05,20.993
2023-09-06,20.998
2023-09-07,20.993
2023-09-08,20.992
2023-09-09,20.991
2023-09-10,20.988
2023-09-11,20.984
2023-09-12,20.983
2023-09-13,20.983
2023-09-14,20.971
2023-09-15,20.959
2023-09-16,20.950
2023-09-17,20.947
2023-09-18,20.950
2023-09-19,20.953
2023-09-20,20.955
2023-09-21,20.955
2023-09-22,20.949
2023-09-23,20.936
2023-09-24,20.922
2023-09-25,20.905
2023-09-26,20.895
2023-09-27,20.886
2023-09-28,20.888
2023-09-29,20.889
2023-09-30,20.884
2023-10-01,20.872
2023-10-02,20.853
2023-10-03,20.835
2023-10-04,20.823
2023-10-05,20.817
2023-10-06,20.812
2023-10-07,20.809
2023-10-08,20.810
2023-10-09,20.814
2023-10-10,20.819
2023-10-11,20.819
2023-10-12,20.830
2023-10-13,20.841
2023-10-14,20.850
2023-10-15,20.857
2023-10-16,20.858
2023-10-17,20.855
2023-10-18,20.855
2023-10-19,20.851
2023-10-20,20.849
2023-10-21,20.846
2023-10-22,20.839
2023-10-23,20.832
2023-10-24,20.830
2023-10-25,20.820
2023-10-26,20.809
2023-10-27,20.791
2023-10-28,20.778
2023-10-29,20.773
2023-10-30,20.775
2023-10-31,20.781
2023-11-01,20.784
2023-11-02,20.793
2023-11-03,20.790
2023-11-04,20.788
2023-11-05,20.790
2023-11-06,20.785
2023-11-07,20.774
2023-11-08,20.757
2023-11-09,20.744
2023-11-10,20.737
2023-11-11,20.729
2023-11-12,20.719
2023-11-13,20.721
2023-11-14,20.729
2023-11-15,20.748
2023-11-16,20.753
2023-11-17,20.751
2023-11-18,20.748
2023-11-19,20.750
2023-11-20,20.751
2023-11-21,20.755
2023-11-22,20.764
2023-11-23,20.768
2023-11-24,20.768
2023-11-25,20.772
2023-11-26,20.780
2023-11-27,20.792
2023-11-28,20.798
2023-11-29,20.803
2023-11-30,20.805
2023-12-01,20.802
2023-12-02,20.795
2023-12-03,20.798
2023-12-04,20.801
2023-12-05,20.809
2023-12-06,20.810
2023-12-07,20.810
2023-12-08,20.801
2023-12-09,20.789
2023-12-10,20.782
2023-12-11,20.779
2023-12-12,20.774
2023-12-13,20.773
2023-12-14,20.769
2023-12-15,20.779
2023-12-16,20.799
2023-12-17,20.811
2023-12-18,20.822
2023-12-19,20.835
2023-12-20,20.850
2023-12-21,20.866
2023-12-22,20.873
2023-12-23,20.878
2023-12-24,20.879
2023-12-25,20.887
2023-12-26,20.893
2023-12-27,20.901
2023-12-28,20.916
2023-12-29,20.929
2023-12-30,20.942
2023-12-31,20.957
