country,code,yr,ann_em
Afghanistan,AFG,1949,6267968
Afghanistan,AFG,1950,7370429
Afghanistan,AFG,1951,8231908.5
Afghanistan,AFG,1952,9182680
Afghanistan,AFG,1953,10255829
Afghanistan,AFG,1954,11096534
Afghanistan,AFG,1955,12208961
Afghanistan,AFG,1956,13128808
Afghanistan,AFG,1957,14211557
Afghanistan,AFG,1958,15265762
Afghanistan,AFG,1959,15956277
Afghanistan,AFG,1960,17811288
Afghanistan,AFG,1961,15767625
Afghanistan,AFG,1962,14305337
Afghanistan,AFG,1963,14079347
Afghanistan,AFG,1964,11096981
Afghanistan,AFG,1965,11191262
Afghanistan,AFG,1966,12279183
Afghanistan,AFG,1967,9786339
Afghanistan,AFG,1968,8841360
Afghanistan,AFG,1969,7726886.5
Afghanistan,AFG,1970,8534242
Afghanistan,AFG,1971,7833118
Afghanistan,AFG,1972,6959662
Afghanistan,AFG,1973,6195448.5
Afghanistan,AFG,1974,6027018
Afghanistan,AFG,1975,5875810.5
Afghanistan,AFG,1976,5485658
Afghanistan,AFG,1977,5548002
Afghanistan,AFG,1978,4916652
Afghanistan,AFG,1979,5102435
Afghanistan,AFG,1980,4436848
Afghanistan,AFG,1981,4761307.5
Afghanistan,AFG,1982,4340906
Afghanistan,AFG,1983,4707325
Afghanistan,AFG,1984,4731437
Afghanistan,AFG,1985,5123694.5
Afghanistan,AFG,1986,4449461
Afghanistan,AFG,1987,4175140.2
Afghanistan,AFG,1988,3895456.8
Afghanistan,AFG,1989,3707895.5
Afghanistan,AFG,1990,2213168.8
Afghanistan,AFG,1991,1937604
Afghanistan,AFG,1992,-157732.5
Afghanistan,AFG,1993,-2556793.8
Afghanistan,AFG,1994,-2161769.5
Afghanistan,AFG,1995,-1039604.75
Afghanistan,AFG,1996,1337347.9
Afghanistan,AFG,1997,5116178
Afghanistan,AFG,1998,877039.5
Afghanistan,AFG,1999,393977.75
Afghanistan,AFG,2000,204591.12
Afghanistan,AFG,2001,1372477.2
Afghanistan,AFG,2002,8913347
Afghanistan,AFG,2003,5332166
Afghanistan,AFG,2004,3404722.8
Afghanistan,AFG,2005,3055172
Afghanistan,AFG,2006,3144970.8
Afghanistan,AFG,2007,3520251.5
Afghanistan,AFG,2008,4871238
Afghanistan,AFG,2009,6896970.5
Afghanistan,AFG,2010,8538404
Afghanistan,AFG,2011,11971356
Afghanistan,AFG,2012,10152306
Afghanistan,AFG,2013,9230578
Afghanistan,AFG,2014,9085194
Afghanistan,AFG,2015,9858511
Afghanistan,AFG,2016,9202323
Afghanistan,AFG,2017,9696750
Afghanistan,AFG,2018,10812552
Afghanistan,AFG,2019,11271856
Afghanistan,AFG,2020,11984979
Afghanistan,AFG,2021,12266184
Afghanistan,AFG,2022,12193308
Africa,,1850,185147170
Africa,,1851,248746200
Africa,,1852,287035300
Africa,,1853,318339840
Africa,,1854,332370080
Africa,,1855,345954620
Africa,,1856,353950850
Africa,,1857,363055260
Africa,,1858,370143260
Africa,,1859,378476060
Africa,,1860,210556080
Africa,,1861,145970130
Africa,,1862,109721920
Africa,,1863,87488776
Africa,,1864,71837920
Africa,,1865,61181510
Africa,,1866,53786824
Africa,,1867,46601428
Africa,,1868,41674228
Africa,,1869,37858464
Africa,,1870,35437876
Africa,,1871,33016964
Africa,,1872,30698640
Africa,,1873,28682524
Africa,,1874,27442738
Africa,,1875,25639718
Africa,,1876,24658976
Africa,,1877,23948710
Africa,,1878,22597352
Africa,,1879,21967658
Africa,,1880,23501482
Africa,,1881,23842600
Africa,,1882,24444816
Africa,,1883,23689006
Africa,,1884,40189904
Africa,,1885,40492510
Africa,,1886,38875148
Africa,,1887,38410550
Africa,,1888,38624310
Africa,,1889,37876090
Africa,,1890,45586940
Africa,,1891,48922496
Africa,,1892,51356456
Africa,,1893,54164400
Africa,,1894,55222416
Africa,,1895,57141510
Africa,,1896,58584136
Africa,,1897,60173030
Africa,,1898,61536220
Africa,,1899,62115210
Africa,,1900,63707250
Africa,,1901,68623310
Africa,,1902,72396800
Africa,,1903,76700750
Africa,,1904,80358664
Africa,,1905,81788504
Africa,,1906,83330760
Africa,,1907,85081740
Africa,,1908,86001480
Africa,,1909,88282360
Africa,,1910,95198300
Africa,,1911,96620780
Africa,,1912,101575384
Africa,,1913,102793670
Africa,,1914,102790264
Africa,,1915,131219784
Africa,,1916,140561090
Africa,,1917,145406980
Africa,,1918,143675220
Africa,,1919,144021730
Africa,,1920,200846050
Africa,,1921,215799710
Africa,,1922,219838670
Africa,,1923,230238370
Africa,,1924,239564590
Africa,,1925,247118290
Africa,,1926,249741800
Africa,,1927,300608830
Africa,,1928,307909060
Africa,,1929,319198200
Africa,,1930,367385300
Africa,,1931,397285760
Africa,,1932,417490900
Africa,,1933,511631580
Africa,,1934,524099700
Africa,,1935,537009700
Africa,,1936,470068580
Africa,,1937,473322400
Africa,,1938,478525950
Africa,,1939,488117730
Africa,,1940,646284800
Africa,,1941,788394900
Africa,,1942,848124900
Africa,,1943,887575300
Africa,,1944,859211260
Africa,,1945,1077308300
Africa,,1946,888370500
Africa,,1947,1091692200
Africa,,1948,1158043400
Africa,,1949,1194454300
Africa,,1950,2692508700
Africa,,1951,2486157800
Africa,,1952,2423262500
Africa,,1953,2417117200
Africa,,1954,2460252200
Africa,,1955,2526271700
Africa,,1956,2598659600
Africa,,1957,2694367500
Africa,,1958,2787959800
Africa,,1959,2869799400
Africa,,1960,2743565800
Africa,,1961,2099867000
Africa,,1962,2072573000
Africa,,1963,1896854300
Africa,,1964,1861226200
Africa,,1965,1511579600
Africa,,1966,1486644900
Africa,,1967,1409747000
Africa,,1968,1774216000
Africa,,1969,1556116900
Africa,,1970,1512185700
Africa,,1971,1281957600
Africa,,1972,1487833500
Africa,,1973,1274080100
Africa,,1974,1276491600
Africa,,1975,1266420600
Africa,,1976,1102847600
Africa,,1977,1195526900
Africa,,1978,1073530400
Africa,,1979,1146009100
Africa,,1980,1131692400
Africa,,1981,1204929800
Africa,,1982,1168764800
Africa,,1983,1487806100
Africa,,1984,1765211900
Africa,,1985,1924589800
Africa,,1986,1641442700
Africa,,1987,1608009500
Africa,,1988,1606868400
Africa,,1989,1561152100
Africa,,1990,1625729900
Africa,,1991,1648199400
Africa,,1992,1856519000
Africa,,1993,1967385300
Africa,,1994,2181448700
Africa,,1995,2246456600
Africa,,1996,2173015000
Africa,,1997,2224494800
Africa,,1998,2344059600
Africa,,1999,2174586000
Africa,,2000,2129488800
Africa,,2001,2190372600
Africa,,2002,2493822700
Africa,,2003,2627681500
Africa,,2004,2558634800
Africa,,2005,2456617200
Africa,,2006,2458969900
Africa,,2007,2622713900
Africa,,2008,2890543900
Africa,,2009,3187862000
Africa,,2010,3493079000
Africa,,2011,3737006000
Africa,,2012,3461939500
Africa,,2013,3204809200
Africa,,2014,2953229600
Africa,,2015,2783963000
Africa,,2016,2817145600
Africa,,2017,2850031600
Africa,,2018,2584030200
Africa,,2019,2522879200
Africa,,2020,2511179500
Africa,,2021,2623851300
Africa,,2022,2532478200
Albania,ALB,1933,2069207.5
Albania,ALB,1934,2099398.8
Albania,ALB,1935,2130213
Albania,ALB,1936,2240066.2
Albania,ALB,1937,2400777
Albania,ALB,1938,2483202.8
Albania,ALB,1939,2573630.2
Albania,ALB,1940,3372162.5
Albania,ALB,1941,3565635.8
Albania,ALB,1942,3840714.8
Albania,ALB,1943,3750140.5
Albania,ALB,1944,3479261.2
Albania,ALB,1945,3592478.8
Albania,ALB,1946,4071436.8
Albania,ALB,1947,4554645
Albania,ALB,1948,4415816
Albania,ALB,1949,4793941
Albania,ALB,1950,4483395
Albania,ALB,1951,4961803
Albania,ALB,1952,5493632.5
Albania,ALB,1953,5765978
Albania,ALB,1954,6238560.5
Albania,ALB,1955,6714615
Albania,ALB,1956,7198650
Albania,ALB,1957,8243263
Albania,ALB,1958,8200914.5
Albania,ALB,1959,8727204
Albania,ALB,1960,8447129
Albania,ALB,1961,7764384
Albania,ALB,1962,7553081
Albania,ALB,1963,6639622
Albania,ALB,1964,7434520.5
Albania,ALB,1965,7717659.5
Albania,ALB,1966,8050232.5
Albania,ALB,1967,7676141.5
Albania,ALB,1968,8000188.5
Albania,ALB,1969,8144284.5
Albania,ALB,1970,8143723.5
Albania,ALB,1971,8559462
Albania,ALB,1972,9482209
Albania,ALB,1973,9024565
Albania,ALB,1974,7501345.5
Albania,ALB,1975,8398837
Albania,ALB,1976,9641148
Albania,ALB,1977,9555493
Albania,ALB,1978,9663829
Albania,ALB,1979,10645170
Albania,ALB,1980,7976362
Albania,ALB,1981,9935310
Albania,ALB,1982,9648134
Albania,ALB,1983,10049782
Albania,ALB,1984,9943695
Albania,ALB,1985,9901540
Albania,ALB,1986,9932506
Albania,ALB,1987,9515189
Albania,ALB,1988,8955049
Albania,ALB,1989,10843780
Albania,ALB,1990,7287456
Albania,ALB,1991,5604576
Albania,ALB,1992,3777239
Albania,ALB,1993,3184053.2
Albania,ALB,1994,2615349.5
Albania,ALB,1995,2581103.8
Albania,ALB,1996,2317516.2
Albania,ALB,1997,1787617.6
Albania,ALB,1998,2001992.4
Albania,ALB,1999,2955675
Albania,ALB,2000,2859643
Albania,ALB,2001,2995979.5
Albania,ALB,2002,3396601.2
Albania,ALB,2003,4449729
Albania,ALB,2004,3219684
Albania,ALB,2005,6593769
Albania,ALB,2006,4275796
Albania,ALB,2007,6358490
Albania,ALB,2008,6251430
Albania,ALB,2009,5364321.5
Albania,ALB,2010,5388974.5
Albania,ALB,2011,6024502.5
Albania,ALB,2012,5470118.5
Albania,ALB,2013,5772908.5
Albania,ALB,2014,6525141
Albania,ALB,2015,5790129.5
Albania,ALB,2016,5077008.5
Albania,ALB,2017,6032626.5
Albania,ALB,2018,5305724
Albania,ALB,2019,5097567
Albania,ALB,2020,5188564
Albania,ALB,2021,5022805.5
Albania,ALB,2022,5058494.5
Algeria,DZA,1916,4353894.5
Algeria,DZA,1917,4350487
Algeria,DZA,1918,4354370.5
Algeria,DZA,1919,4347226
Algeria,DZA,1920,4400647
Algeria,DZA,1921,4467075.5
Algeria,DZA,1922,4536252
Algeria,DZA,1923,4598027
Algeria,DZA,1924,4686805.5
Algeria,DZA,1925,4764335.5
Algeria,DZA,1926,4843991.5
Algeria,DZA,1927,4932183.5
Algeria,DZA,1928,5013536
Algeria,DZA,1929,5084452
Algeria,DZA,1930,5190558.5
Algeria,DZA,1931,5282519.5
Algeria,DZA,1932,5362493
Algeria,DZA,1933,5427699
Algeria,DZA,1934,5498289
Algeria,DZA,1935,5539048.5
Algeria,DZA,1936,5502694.5
Algeria,DZA,1937,5562014.5
Algeria,DZA,1938,5563710.5
Algeria,DZA,1939,5727308.5
Algeria,DZA,1940,5939307.5
Algeria,DZA,1941,6086453.5
Algeria,DZA,1942,6327655
Algeria,DZA,1943,6343119.5
Algeria,DZA,1944,6412130
Algeria,DZA,1945,6565435.5
Algeria,DZA,1946,6745354
Algeria,DZA,1947,6758329
Algeria,DZA,1948,6846494.5
Algeria,DZA,1949,6980878.5
Algeria,DZA,1950,15901845
Algeria,DZA,1951,20044114
Algeria,DZA,1952,22775884
Algeria,DZA,1953,25486828
Algeria,DZA,1954,28303558
Algeria,DZA,1955,31518840
Algeria,DZA,1956,34632600
Algeria,DZA,1957,38060068
Algeria,DZA,1958,40612868
Algeria,DZA,1959,43941380
Algeria,DZA,1960,47500320
Algeria,DZA,1961,27857856
Algeria,DZA,1962,18344642
Algeria,DZA,1963,13097946
Algeria,DZA,1964,13148931
Algeria,DZA,1965,11982124
Algeria,DZA,1966,17480872
Algeria,DZA,1967,12842567
Algeria,DZA,1968,12361063
Algeria,DZA,1969,14762711
Algeria,DZA,1970,28485872
Algeria,DZA,1971,34369480
Algeria,DZA,1972,38959376
Algeria,DZA,1973,47001456
Algeria,DZA,1974,57952504
Algeria,DZA,1975,61611824
Algeria,DZA,1976,52299080
Algeria,DZA,1977,49810336
Algeria,DZA,1978,66621744
Algeria,DZA,1979,49079372
Algeria,DZA,1980,68907840
Algeria,DZA,1981,48683316
Algeria,DZA,1982,35612136
Algeria,DZA,1983,66074304
Algeria,DZA,1984,77443360
Algeria,DZA,1985,77528940
Algeria,DZA,1986,84310870
Algeria,DZA,1987,89670744
Algeria,DZA,1988,89335500
Algeria,DZA,1989,82714990
Algeria,DZA,1990,88881040
Algeria,DZA,1991,106268440
Algeria,DZA,1992,93291650
Algeria,DZA,1993,91914370
Algeria,DZA,1994,95925440
Algeria,DZA,1995,108142024
Algeria,DZA,1996,108206230
Algeria,DZA,1997,94903210
Algeria,DZA,1998,111606000
Algeria,DZA,1999,94670344
Algeria,DZA,2000,90487416
Algeria,DZA,2001,92432970
Algeria,DZA,2002,97340310
Algeria,DZA,2003,102615656
Algeria,DZA,2004,97821090
Algeria,DZA,2005,116092580
Algeria,DZA,2006,110134510
Algeria,DZA,2007,113696740
Algeria,DZA,2008,115071864
Algeria,DZA,2009,122460310
Algeria,DZA,2010,121575090
Algeria,DZA,2011,127818750
Algeria,DZA,2012,138187940
Algeria,DZA,2013,143940940
Algeria,DZA,2014,153735980
Algeria,DZA,2015,162137200
Algeria,DZA,2016,160861980
Algeria,DZA,2017,167512780
Algeria,DZA,2018,173575500
Algeria,DZA,2019,180632640
Algeria,DZA,2020,171885220
Algeria,DZA,2021,182173860
Algeria,DZA,2022,178270300
Andorra,AND,1850,20518.398
Andorra,AND,1851,17330.72
Andorra,AND,1852,15205.6
Andorra,AND,1853,13520.16
Andorra,AND,1854,11321.76
Andorra,AND,1855,9746.24
Andorra,AND,1856,8500.4795
Andorra,AND,1857,7364.6396
Andorra,AND,1858,6375.36
Andorra,AND,1859,5715.84
Andorra,AND,1860,5276.16
Andorra,AND,1861,4836.48
Andorra,AND,1862,4506.72
Andorra,AND,1863,3920.48
Andorra,AND,1864,3151.0398
Andorra,AND,1865,3151.0398
Andorra,AND,1866,2491.52
Andorra,AND,1867,2967.84
Andorra,AND,1868,2674.7202
Andorra,AND,1869,2491.52
Andorra,AND,1870,1978.5599
Andorra,AND,1871,2308.32
Andorra,AND,1872,2491.52
Andorra,AND,1873,2748
Andorra,AND,1874,2271.68
Andorra,AND,1875,2088.48
Andorra,AND,1876,2088.48
Andorra,AND,1877,1905.28
Andorra,AND,1878,1941.92
Andorra,AND,1879,1978.5599
Andorra,AND,1880,1905.28
Andorra,AND,1881,1868.6399
Andorra,AND,1882,1722.08
Andorra,AND,1883,1392.3201
Andorra,AND,1884,879.36
Andorra,AND,1885,989.27997
Andorra,AND,1886,366.4
Andorra,AND,1887,916.00006
Andorra,AND,1888,769.44
Andorra,AND,1889,586.24
Andorra,AND,1890,0
Andorra,AND,1891,-73.28
Andorra,AND,1892,-73.28
Andorra,AND,1893,-403.04
Andorra,AND,1894,-916.00006
Andorra,AND,1895,-1209.12
Andorra,AND,1896,-1502.24
Andorra,AND,1897,-1868.6399
Andorra,AND,1898,-2161.76
Andorra,AND,1899,-2381.6
Andorra,AND,1900,-1978.5599
Andorra,AND,1901,-2015.2
Andorra,AND,1902,-1685.4401
Andorra,AND,1903,-1172.48
Andorra,AND,1904,-1648.7999
Andorra,AND,1905,-1502.24
Andorra,AND,1906,-2198.4001
Andorra,AND,1907,-2711.3599
Andorra,AND,1908,-3370.8801
Andorra,AND,1909,-3590.72
Andorra,AND,1910,-5386.08
Andorra,AND,1911,-7034.88
Andorra,AND,1912,-8866.88
Andorra,AND,1913,-10772.16
Andorra,AND,1914,-12970.56
Andorra,AND,1915,-15645.279
Andorra,AND,1916,-18026.88
Andorra,AND,1917,-21580.96
Andorra,AND,1918,-23266.4
Andorra,AND,1919,-24841.92
Andorra,AND,1920,-28725.76
Andorra,AND,1921,-31950.08
Andorra,AND,1922,-34331.68
Andorra,AND,1923,-36053.76
Andorra,AND,1924,-38325.438
Andorra,AND,1925,-40010.883
Andorra,AND,1926,-41293.277
Andorra,AND,1927,-42795.523
Andorra,AND,1928,-43564.96
Andorra,AND,1929,-44334.4
Andorra,AND,1930,-45506.88
Andorra,AND,1931,-46239.68
Andorra,AND,1932,-47448.8
Andorra,AND,1933,-48401.438
Andorra,AND,1934,-49244.16
Andorra,AND,1935,-50086.883
Andorra,AND,1936,-50966.242
Andorra,AND,1937,-51918.883
Andorra,AND,1938,-52505.117
Andorra,AND,1939,-53018.08
Andorra,AND,1940,-33598.883
Andorra,AND,1941,-23632.8
Andorra,AND,1942,-14692.64
Andorra,AND,1943,-7657.7603
Andorra,AND,1944,-1209.12
Andorra,AND,1945,6045.6
Andorra,AND,1946,11101.92
Andorra,AND,1947,16341.439
Andorra,AND,1948,21617.602
Andorra,AND,1949,27956.32
Andorra,AND,1950,65402.402
Andorra,AND,1951,41623.04
Andorra,AND,1952,58807.2
Andorra,AND,1953,45067.2
Andorra,AND,1954,42612.32
Andorra,AND,1955,62874.242
Andorra,AND,1956,53421.12
Andorra,AND,1957,181331.36
Andorra,AND,1958,103471.36
Andorra,AND,1959,72803.68
Andorra,AND,1960,55729.44
Andorra,AND,1961,67820.64
Andorra,AND,1962,52505.117
Andorra,AND,1963,44371.04
Andorra,AND,1964,39388
Andorra,AND,1965,34478.242
Andorra,AND,1966,31583.682
Andorra,AND,1967,27186.88
Andorra,AND,1968,28469.28
Andorra,AND,1969,23816
Andorra,AND,1970,19712.32
Andorra,AND,1971,17660.48
Andorra,AND,1972,13996.4795
Andorra,AND,1973,14802.561
Andorra,AND,1974,14252.96
Andorra,AND,1975,8353.92
Andorra,AND,1976,10698.881
Andorra,AND,1977,10479.04
Andorra,AND,1978,8134.0796
Andorra,AND,1979,7694.4
Andorra,AND,1980,8903.5205
Andorra,AND,1981,10479.04
Andorra,AND,1982,10039.359
Andorra,AND,1983,11504.96
Andorra,AND,1984,12347.681
Andorra,AND,1985,12787.36
Andorra,AND,1986,15022.4
Andorra,AND,1987,11101.92
Andorra,AND,1988,10259.199
Andorra,AND,1989,13043.841
Andorra,AND,1990,420517.28
Andorra,AND,1991,418648.62
Andorra,AND,1992,451514.72
Andorra,AND,1993,467563.03
Andorra,AND,1994,461187.7
Andorra,AND,1995,473205.6
Andorra,AND,1996,490572.97
Andorra,AND,1997,500978.72
Andorra,AND,1998,521716.97
Andorra,AND,1999,540989.6
Andorra,AND,2000,549709.94
Andorra,AND,2001,546302.4
Andorra,AND,2002,551285.44
Andorra,AND,2003,553007.5
Andorra,AND,2004,573379.4
Andorra,AND,2005,587595.7
Andorra,AND,2006,552934.25
Andorra,AND,2007,543994.06
Andorra,AND,2008,542418.56
Andorra,AND,2009,517246.84
Andorra,AND,2010,517649.88
Andorra,AND,2011,489144
Andorra,AND,2012,484160.97
Andorra,AND,2013,473572
Andorra,AND,2014,457963.38
Andorra,AND,2015,461041.12
Andorra,AND,2016,464961.6
Andorra,AND,2017,460198.4
Andorra,AND,2018,488740.97
Andorra,AND,2019,477712.3
Andorra,AND,2020,367169.44
Andorra,AND,2021,357916.4
Andorra,AND,2022,365310.75
Angola,AGO,1950,244545940
Angola,AGO,1951,234496510
Angola,AGO,1952,227470290
Angola,AGO,1953,225823200
Angola,AGO,1954,222257090
Angola,AGO,1955,221312620
Angola,AGO,1956,217258000
Angola,AGO,1957,211907500
Angola,AGO,1958,211458240
Angola,AGO,1959,210042640
Angola,AGO,1960,214567500
Angola,AGO,1961,142756290
Angola,AGO,1962,110391940
Angola,AGO,1963,96279910
Angola,AGO,1964,80895096
Angola,AGO,1965,68746460
Angola,AGO,1966,62066216
Angola,AGO,1967,55671190
Angola,AGO,1968,56694500
Angola,AGO,1969,49830464
Angola,AGO,1970,45955560
Angola,AGO,1971,41734050
Angola,AGO,1972,39215320
Angola,AGO,1973,38806150
Angola,AGO,1974,37776410
Angola,AGO,1975,35110270
Angola,AGO,1976,31655744
Angola,AGO,1977,34907544
Angola,AGO,1978,35493120
Angola,AGO,1979,32854836
Angola,AGO,1980,36889490
Angola,AGO,1981,33804310
Angola,AGO,1982,30409660
Angola,AGO,1983,29899292
Angola,AGO,1984,27751452
Angola,AGO,1985,28678024
Angola,AGO,1986,24854832
Angola,AGO,1987,25118320
Angola,AGO,1988,26305782
Angola,AGO,1989,26209600
Angola,AGO,1990,30223622
Angola,AGO,1991,31521506
Angola,AGO,1992,29907332
Angola,AGO,1993,26724020
Angola,AGO,1994,34830840
Angola,AGO,1995,36605150
Angola,AGO,1996,39687212
Angola,AGO,1997,43746916
Angola,AGO,1998,39770644
Angola,AGO,1999,39406348
Angola,AGO,2000,44564230
Angola,AGO,2001,62340424
Angola,AGO,2002,72381280
Angola,AGO,2003,68196130
Angola,AGO,2004,63657164
Angola,AGO,2005,62899044
Angola,AGO,2006,66711390
Angola,AGO,2007,108547220
Angola,AGO,2008,154979950
Angola,AGO,2009,163080580
Angola,AGO,2010,179488420
Angola,AGO,2011,145933760
Angola,AGO,2012,133713460
Angola,AGO,2013,118532750
Angola,AGO,2014,104350140
Angola,AGO,2015,111998690
Angola,AGO,2016,101280536
Angola,AGO,2017,99461010
Angola,AGO,2018,80356420
Angola,AGO,2019,68065970
Angola,AGO,2020,60412296
Angola,AGO,2021,59276010
Angola,AGO,2022,53262836
Antigua and Barbuda,ATG,1957,-9782.881
Antigua and Barbuda,ATG,1958,-6558.5586
Antigua and Barbuda,ATG,1959,-10002.723
Antigua and Barbuda,ATG,1960,-1172.4805
Antigua and Barbuda,ATG,1961,-18539.844
Antigua and Barbuda,ATG,1962,260070.72
Antigua and Barbuda,ATG,1963,77750.08
Antigua and Barbuda,ATG,1964,402050.72
Antigua and Barbuda,ATG,1965,234935.69
Antigua and Barbuda,ATG,1966,343170.25
Antigua and Barbuda,ATG,1967,537985.1
Antigua and Barbuda,ATG,1968,1166068
Antigua and Barbuda,ATG,1969,1295407.2
Antigua and Barbuda,ATG,1970,463239.53
Antigua and Barbuda,ATG,1971,292350.56
Antigua and Barbuda,ATG,1972,243106.4
Antigua and Barbuda,ATG,1973,202985.6
Antigua and Barbuda,ATG,1974,306823.38
Antigua and Barbuda,ATG,1975,589720.8
Antigua and Barbuda,ATG,1976,290298.72
Antigua and Barbuda,ATG,1977,357423.2
Antigua and Barbuda,ATG,1978,388493.94
Antigua and Barbuda,ATG,1979,308032.47
Antigua and Barbuda,ATG,1980,48474.727
Antigua and Barbuda,ATG,1981,15901.758
Antigua and Barbuda,ATG,1982,206906.08
Antigua and Barbuda,ATG,1983,132123.84
Antigua and Barbuda,ATG,1984,336391.84
Antigua and Barbuda,ATG,1985,284179.84
Antigua and Barbuda,ATG,1986,243106.4
Antigua and Barbuda,ATG,1987,252303.03
Antigua and Barbuda,ATG,1988,255234.23
Antigua and Barbuda,ATG,1989,250837.44
Antigua and Barbuda,ATG,1990,204634.4
Antigua and Barbuda,ATG,1991,210789.92
Antigua and Barbuda,ATG,1992,210606.72
Antigua and Barbuda,ATG,1993,218594.25
Antigua and Barbuda,ATG,1994,229659.52
Antigua and Barbuda,ATG,1995,234129.6
Antigua and Barbuda,ATG,1996,253109.12
Antigua and Barbuda,ATG,1997,276522.06
Antigua and Barbuda,ATG,1998,287953.75
Antigua and Barbuda,ATG,1999,311073.6
Antigua and Barbuda,ATG,2000,325289.9
Antigua and Barbuda,ATG,2001,339909.28
Antigua and Barbuda,ATG,2002,380909.44
Antigua and Barbuda,ATG,2003,403149.9
Antigua and Barbuda,ATG,2004,423228.62
Antigua and Barbuda,ATG,2005,453163.53
Antigua and Barbuda,ATG,2006,491965.25
Antigua and Barbuda,ATG,2007,522449.75
Antigua and Barbuda,ATG,2008,532818.9
Antigua and Barbuda,ATG,2009,539524
Antigua and Barbuda,ATG,2010,530180.8
Antigua and Barbuda,ATG,2011,525747.4
Antigua and Barbuda,ATG,2012,540220.2
Antigua and Barbuda,ATG,2013,560628.6
Antigua and Barbuda,ATG,2014,555645.6
Antigua and Barbuda,ATG,2015,566674.25
Antigua and Barbuda,ATG,2016,582502.75
Antigua and Barbuda,ATG,2017,610275.8
Antigua and Barbuda,ATG,2018,604999.7
Antigua and Barbuda,ATG,2019,626873.75
Antigua and Barbuda,ATG,2020,603863.8
Antigua and Barbuda,ATG,2021,581047.75
Antigua and Barbuda,ATG,2022,586620
Argentina,ARG,1887,22199224
Argentina,ARG,1888,22004776
Argentina,ARG,1889,23099724
Argentina,ARG,1890,24515750
Argentina,ARG,1891,25551674
Argentina,ARG,1892,26968248
Argentina,ARG,1893,28047884
Argentina,ARG,1894,29486444
Argentina,ARG,1895,30133030
Argentina,ARG,1896,30760050
Argentina,ARG,1897,30788996
Argentina,ARG,1898,31766402
Argentina,ARG,1899,32548630
Argentina,ARG,1900,63657784
Argentina,ARG,1901,83883140
Argentina,ARG,1902,96251816
Argentina,ARG,1903,105026440
Argentina,ARG,1904,112494950
Argentina,ARG,1905,117574650
Argentina,ARG,1906,122367704
Argentina,ARG,1907,126956860
Argentina,ARG,1908,131655760
Argentina,ARG,1909,130984080
Argentina,ARG,1910,146913710
Argentina,ARG,1911,155007940
Argentina,ARG,1912,159732080
Argentina,ARG,1913,165758080
Argentina,ARG,1914,165511710
Argentina,ARG,1915,168724220
Argentina,ARG,1916,166502020
Argentina,ARG,1917,167723550
Argentina,ARG,1918,168677620
Argentina,ARG,1919,172381200
Argentina,ARG,1920,193543540
Argentina,ARG,1921,207997980
Argentina,ARG,1922,216667120
Argentina,ARG,1923,222858480
Argentina,ARG,1924,229861380
Argentina,ARG,1925,234257010
Argentina,ARG,1926,235430350
Argentina,ARG,1927,240378450
Argentina,ARG,1928,241696940
Argentina,ARG,1929,242878320
Argentina,ARG,1930,194677730
Argentina,ARG,1931,163215020
Argentina,ARG,1932,145940480
Argentina,ARG,1933,134143860
Argentina,ARG,1934,126605910
Argentina,ARG,1935,119506840
Argentina,ARG,1936,115143040
Argentina,ARG,1937,112259816
Argentina,ARG,1938,108843700
Argentina,ARG,1939,106510900
Argentina,ARG,1940,78522920
Argentina,ARG,1941,60431856
Argentina,ARG,1942,48191956
Argentina,ARG,1943,39505270
Argentina,ARG,1944,31721036
Argentina,ARG,1945,24943192
Argentina,ARG,1946,19336332
Argentina,ARG,1947,15218421
Argentina,ARG,1948,13716884
Argentina,ARG,1949,7510073
Argentina,ARG,1950,42129788
Argentina,ARG,1951,57511868
Argentina,ARG,1952,66189570
Argentina,ARG,1953,70501210
Argentina,ARG,1954,75928080
Argentina,ARG,1955,81920550
Argentina,ARG,1956,89442420
Argentina,ARG,1957,94596590
Argentina,ARG,1958,93047224
Argentina,ARG,1959,100198160
Argentina,ARG,1960,82467950
Argentina,ARG,1961,116776210
Argentina,ARG,1962,122813150
Argentina,ARG,1963,120928060
Argentina,ARG,1964,133434520
Argentina,ARG,1965,190766990
Argentina,ARG,1966,193372720
Argentina,ARG,1967,254536430
Argentina,ARG,1968,334710270
Argentina,ARG,1969,250585600
Argentina,ARG,1970,200059330
Argentina,ARG,1971,177463140
Argentina,ARG,1972,161935710
Argentina,ARG,1973,154262050
Argentina,ARG,1974,148535500
Argentina,ARG,1975,141739040
Argentina,ARG,1976,141129660
Argentina,ARG,1977,138750720
Argentina,ARG,1978,136697070
Argentina,ARG,1979,142084340
Argentina,ARG,1980,138504540
Argentina,ARG,1981,200451260
Argentina,ARG,1982,164846800
Argentina,ARG,1983,152521780
Argentina,ARG,1984,145394780
Argentina,ARG,1985,134611650
Argentina,ARG,1986,129190136
Argentina,ARG,1987,128504190
Argentina,ARG,1988,141811900
Argentina,ARG,1989,141469090
Argentina,ARG,1990,139200600
Argentina,ARG,1991,189517520
Argentina,ARG,1992,166665060
Argentina,ARG,1993,153576450
Argentina,ARG,1994,154442140
Argentina,ARG,1995,164033660
Argentina,ARG,1996,170990800
Argentina,ARG,1997,180669180
Argentina,ARG,1998,190348060
Argentina,ARG,1999,195429180
Argentina,ARG,2000,189894340
Argentina,ARG,2001,179750160
Argentina,ARG,2002,226897820
Argentina,ARG,2003,359488400
Argentina,ARG,2004,450881200
Argentina,ARG,2005,487442270
Argentina,ARG,2006,505851330
Argentina,ARG,2007,353365000
Argentina,ARG,2008,293438400
Argentina,ARG,2009,545054300
Argentina,ARG,2010,468132580
Argentina,ARG,2011,453068100
Argentina,ARG,2012,369777660
Argentina,ARG,2013,310405470
Argentina,ARG,2014,286602200
Argentina,ARG,2015,285343400
Argentina,ARG,2016,268806430
Argentina,ARG,2017,253212800
Argentina,ARG,2018,234329860
Argentina,ARG,2019,224380350
Argentina,ARG,2020,205745250
Argentina,ARG,2021,220729500
Argentina,ARG,2022,218890020
Armenia,ARM,1850,644968.44
Armenia,ARM,1855,651926.06
Armenia,ARM,1858,658939.25
Armenia,ARM,1859,661384.8
Armenia,ARM,1860,662884.6
Armenia,ARM,1861,664572.06
Armenia,ARM,1862,665668.44
Armenia,ARM,1863,666994.2
Armenia,ARM,1864,668495.56
Armenia,ARM,1865,669615.7
Armenia,ARM,1866,674981.8
Armenia,ARM,1867,677087.94
Armenia,ARM,1868,677051.8
Armenia,ARM,1869,680221
Armenia,ARM,1870,673307.5
Armenia,ARM,1871,674468.56
Armenia,ARM,1872,674006.06
Armenia,ARM,1873,672948.3
Armenia,ARM,1874,675216.44
Armenia,ARM,1875,677217.75
Armenia,ARM,1876,681153.94
Armenia,ARM,1877,681953
Armenia,ARM,1878,688433.7
Armenia,ARM,1879,689617.6
Armenia,ARM,1880,711958
Armenia,ARM,1881,719800.2
Armenia,ARM,1882,725532.94
Armenia,ARM,1883,733614.2
Armenia,ARM,1884,737033.5
Armenia,ARM,1885,743141.25
Armenia,ARM,1886,746667.5
Armenia,ARM,1887,751372.6
Armenia,ARM,1888,755335.56
Armenia,ARM,1889,761045.94
Armenia,ARM,1890,746542.25
Armenia,ARM,1891,744457.2
Armenia,ARM,1892,743478.7
Armenia,ARM,1893,751641.5
Armenia,ARM,1894,749965.8
Armenia,ARM,1895,759924.94
Armenia,ARM,1896,759412.9
Armenia,ARM,1897,772947.44
Armenia,ARM,1898,785101.56
Armenia,ARM,1899,804118.44
Armenia,ARM,1900,806987.56
Armenia,ARM,1901,805329.3
Armenia,ARM,1902,795549.1
Armenia,ARM,1903,788514
Armenia,ARM,1904,803678.2
Armenia,ARM,1905,781800.06
Armenia,ARM,1906,802092.7
Armenia,ARM,1907,822169.7
Armenia,ARM,1908,822031.4
Armenia,ARM,1909,832293.9
Armenia,ARM,1910,827262.1
Armenia,ARM,1911,833332.44
Armenia,ARM,1912,860838.06
Armenia,ARM,1913,880619.7
Armenia,ARM,1914,852537.56
Armenia,ARM,1915,830429
Armenia,ARM,1916,842965.3
Armenia,ARM,1917,821224.25
Armenia,ARM,1918,686734.2
Armenia,ARM,1919,671371.06
Armenia,ARM,1920,654890.94
Armenia,ARM,1921,653244
Armenia,ARM,1922,663701.56
Armenia,ARM,1923,667802.5
Armenia,ARM,1924,682316.25
Armenia,ARM,1925,671897.4
Armenia,ARM,1926,718417.6
Armenia,ARM,1927,754866.3
Armenia,ARM,1928,771152.56
Armenia,ARM,1929,781969.8
Armenia,ARM,1930,1788490.4
Armenia,ARM,1931,2250678.5
Armenia,ARM,1932,2579624.5
Armenia,ARM,1933,2866690.8
Armenia,ARM,1934,3170954.2
Armenia,ARM,1935,3428085
Armenia,ARM,1936,3686911.2
Armenia,ARM,1937,3845788.8
Armenia,ARM,1938,4017125.8
Armenia,ARM,1939,4140363
Armenia,ARM,1940,3384802
Armenia,ARM,1941,2886522.8
Armenia,ARM,1942,2216006.2
Armenia,ARM,1943,2034336.1
Armenia,ARM,1944,2099109
Armenia,ARM,1945,1987070.4
Armenia,ARM,1946,1949952.2
Armenia,ARM,1947,2015472.8
Armenia,ARM,1948,1976907
Armenia,ARM,1949,2041030
Armenia,ARM,1950,2869540.5
Armenia,ARM,1951,3575572
Armenia,ARM,1952,4266352.5
Armenia,ARM,1953,4831028
Armenia,ARM,1954,5380825
Armenia,ARM,1955,6060808.5
Armenia,ARM,1956,6654672.5
Armenia,ARM,1957,7235730.5
Armenia,ARM,1958,7712890.5
Armenia,ARM,1959,8137910
Armenia,ARM,1960,6830137.5
Armenia,ARM,1961,7612137.5
Armenia,ARM,1962,6832136
Armenia,ARM,1963,6685961.5
Armenia,ARM,1964,6346784
Armenia,ARM,1965,6273929
Armenia,ARM,1966,6252300
Armenia,ARM,1967,6246092
Armenia,ARM,1968,6350724
Armenia,ARM,1969,6323933
Armenia,ARM,1970,7080734.5
Armenia,ARM,1971,6933042
Armenia,ARM,1972,7046905.5
Armenia,ARM,1973,7304984.5
Armenia,ARM,1974,7491534
Armenia,ARM,1975,7676716
Armenia,ARM,1976,7882345
Armenia,ARM,1977,7966312
Armenia,ARM,1978,8172543.5
Armenia,ARM,1979,8197998.5
Armenia,ARM,1980,8966940
Armenia,ARM,1981,8513442
Armenia,ARM,1982,8547518
Armenia,ARM,1983,8596253
Armenia,ARM,1984,8650092
Armenia,ARM,1985,9234990
Armenia,ARM,1986,8751240
Armenia,ARM,1987,8752890
Armenia,ARM,1988,9727461
Armenia,ARM,1989,9813702
Armenia,ARM,1990,9334867
Armenia,ARM,1991,7844869
Armenia,ARM,1992,6798569
Armenia,ARM,1993,4164946
Armenia,ARM,1994,5308566
Armenia,ARM,1995,7128370
Armenia,ARM,1996,5094570.5
Armenia,ARM,1997,5532648.5
Armenia,ARM,1998,5032829.5
Armenia,ARM,1999,4561167
Armenia,ARM,2000,4989360
Armenia,ARM,2001,6293268.5
Armenia,ARM,2002,6321448
Armenia,ARM,2003,6613049
Armenia,ARM,2004,8422594
Armenia,ARM,2005,12242447
Armenia,ARM,2006,8472184
Armenia,ARM,2007,8177091
Armenia,ARM,2008,8156371
Armenia,ARM,2009,6627318
Armenia,ARM,2010,6134947
Armenia,ARM,2011,6585435
Armenia,ARM,2012,7243347
Armenia,ARM,2013,6757900.5
Armenia,ARM,2014,6629556.5
Armenia,ARM,2015,6483628
Armenia,ARM,2016,6173826.5
Armenia,ARM,2017,6249979.5
Armenia,ARM,2018,6433057.5
Armenia,ARM,2019,6793149.5
Armenia,ARM,2020,7244601
Armenia,ARM,2021,7454982
Armenia,ARM,2022,6778593.5
Asia,,1850,37270170
Asia,,1851,1534813
Asia,,1852,1862521.1
Asia,,1853,1259536.6
Asia,,1854,1213919.8
Asia,,1855,38356560
Asia,,1856,786660.8
Asia,,1857,211266.22
Asia,,1858,164844210
Asia,,1859,162186560
Asia,,1860,163371360
Asia,,1861,160334940
Asia,,1862,158549070
Asia,,1863,156773250
Asia,,1864,157195120
Asia,,1865,170567980
Asia,,1866,173533520
Asia,,1867,58187556
Asia,,1868,73894200
Asia,,1869,73948100
Asia,,1870,74013550
Asia,,1871,73860880
Asia,,1872,74072270
Asia,,1873,74000610
Asia,,1874,74149740
Asia,,1875,76259370
Asia,,1876,77449840
Asia,,1877,77788056
Asia,,1878,190041400
Asia,,1879,190094220
Asia,,1880,194754980
Asia,,1881,197929310
Asia,,1882,201199840
Asia,,1883,202668750
Asia,,1884,204982140
Asia,,1885,206482350
Asia,,1886,208117090
Asia,,1887,210010600
Asia,,1888,211854740
Asia,,1889,457037440
Asia,,1890,592744770
Asia,,1891,729539100
Asia,,1892,831194000
Asia,,1893,861269760
Asia,,1894,874181800
Asia,,1895,895095550
Asia,,1896,899865800
Asia,,1897,890281000
Asia,,1898,889692300
Asia,,1899,915443300
Asia,,1900,938898200
Asia,,1901,927355900
Asia,,1902,926076100
Asia,,1903,922332200
Asia,,1904,931020500
Asia,,1905,923634940
Asia,,1906,937298050
Asia,,1907,1200709900
Asia,,1908,1212225700
Asia,,1909,1189112300
Asia,,1910,1337370100
Asia,,1911,1303919500
Asia,,1912,1405798000
Asia,,1913,1456399900
Asia,,1914,1482236300
Asia,,1915,1493651000
Asia,,1916,1502093400
Asia,,1917,1496791000
Asia,,1918,1554287200
Asia,,1919,1547741200
Asia,,1920,1622824600
Asia,,1921,1626226700
Asia,,1922,1655127300
Asia,,1923,1661921800
Asia,,1924,1695639200
Asia,,1925,1724205000
Asia,,1926,1724937600
Asia,,1927,1749916900
Asia,,1928,1810937600
Asia,,1929,1829508600
Asia,,1930,1831853400
Asia,,1931,1983276700
Asia,,1932,2004339100
Asia,,1933,2005147400
Asia,,1934,2054684200
Asia,,1935,2067950600
Asia,,1936,2095534700
Asia,,1937,2128100200
Asia,,1938,2130219500
Asia,,1939,2137179000
Asia,,1940,2223508000
Asia,,1941,2264099000
Asia,,1942,2004190200
Asia,,1943,2229608200
Asia,,1944,2253577700
Asia,,1945,1944875100
Asia,,1946,2015675500
Asia,,1947,2310824000
Asia,,1948,2326204400
Asia,,1949,2335720700
Asia,,1950,2915930000
Asia,,1951,3104779800
Asia,,1952,3318804700
Asia,,1953,3493030700
Asia,,1954,3664739800
Asia,,1955,4004984300
Asia,,1956,4205897500
Asia,,1957,4404613600
Asia,,1958,4838584300
Asia,,1959,5356891600
Asia,,1960,4309713400
Asia,,1961,4236674000
Asia,,1962,4008514300
Asia,,1963,3938192600
Asia,,1964,3925439000
Asia,,1965,3819769300
Asia,,1966,3987699700
Asia,,1967,3961302800
Asia,,1968,3944649500
Asia,,1969,4276836900
Asia,,1970,4424961500
Asia,,1971,5060552700
Asia,,1972,5498266000
Asia,,1973,5801779700
Asia,,1974,5520139300
Asia,,1975,5696050000
Asia,,1976,5912157000
Asia,,1977,6176035300
Asia,,1978,6351794700
Asia,,1979,6206449000
Asia,,1980,6283419000
Asia,,1981,6931897000
Asia,,1982,7187280000
Asia,,1983,7885241300
Asia,,1984,9353429000
Asia,,1985,9020106000
Asia,,1986,9597155000
Asia,,1987,9287173000
Asia,,1988,9447555000
Asia,,1989,9508128000
Asia,,1990,9215716000
Asia,,1991,9424927000
Asia,,1992,9543942000
Asia,,1993,9604689000
Asia,,1994,10413579000
Asia,,1995,10420144000
Asia,,1996,10938970000
Asia,,1997,12662246000
Asia,,1998,11035435000
Asia,,1999,11343358000
Asia,,2000,11373249000
Asia,,2001,11252308000
Asia,,2002,11867018000
Asia,,2003,12685345000
Asia,,2004,13509260000
Asia,,2005,13994723000
Asia,,2006,15333205000
Asia,,2007,15411954000
Asia,,2008,16370873000
Asia,,2009,17165559000
Asia,,2010,17537495000
Asia,,2011,19172516000
Asia,,2012,19819784000
Asia,,2013,19982815000
Asia,,2014,21170782000
Asia,,2015,21441026000
Asia,,2016,20514648000
Asia,,2017,21418768000
Asia,,2018,22107716000
Asia,,2019,23142418000
Asia,,2020,22634300000
Asia,,2021,23639423000
Asia,,2022,24071938000
Asia (excl. China and India),,1850,37270170
Asia (excl. China and India),,1851,1534813
Asia (excl. China and India),,1852,1862521.1
Asia (excl. China and India),,1853,1259536.6
Asia (excl. China and India),,1854,1213919.8
Asia (excl. China and India),,1855,38356560
Asia (excl. China and India),,1856,786660.8
Asia (excl. China and India),,1857,211266.22
Asia (excl. China and India),,1858,37590680
Asia (excl. China and India),,1859,38237296
Asia (excl. China and India),,1860,41109660
Asia (excl. China and India),,1861,41312892
Asia (excl. China and India),,1862,41559060
Asia (excl. China and India),,1863,41584210
Asia (excl. China and India),,1864,42392710
Asia (excl. China and India),,1865,57542868
Asia (excl. China and India),,1866,58214244
Asia (excl. China and India),,1867,58187556
Asia (excl. China and India),,1868,73894200
Asia (excl. China and India),,1869,73948100
Asia (excl. China and India),,1870,74013550
Asia (excl. China and India),,1871,73860880
Asia (excl. China and India),,1872,74072270
Asia (excl. China and India),,1873,74000610
Asia (excl. China and India),,1874,74149740
Asia (excl. China and India),,1875,76259370
Asia (excl. China and India),,1876,77449840
Asia (excl. China and India),,1877,77788056
Asia (excl. China and India),,1878,78200070
Asia (excl. China and India),,1879,79050030
Asia (excl. China and India),,1880,79976696
Asia (excl. China and India),,1881,80665110
Asia (excl. China and India),,1882,80946340
Asia (excl. China and India),,1883,82490376
Asia (excl. China and India),,1884,82545410
Asia (excl. China and India),,1885,84232090
Asia (excl. China and India),,1886,85056640
Asia (excl. China and India),,1887,86573950
Asia (excl. China and India),,1888,87690790
Asia (excl. China and India),,1889,332055170
Asia (excl. China and India),,1890,469039300
Asia (excl. China and India),,1891,605058700
Asia (excl. China and India),,1892,708124500
Asia (excl. China and India),,1893,739460540
Asia (excl. China and India),,1894,753167300
Asia (excl. China and India),,1895,771883000
Asia (excl. China and India),,1896,777151100
Asia (excl. China and India),,1897,766493950
Asia (excl. China and India),,1898,764315260
Asia (excl. China and India),,1899,791013600
Asia (excl. China and India),,1900,817377340
Asia (excl. China and India),,1901,807553000
Asia (excl. China and India),,1902,805351200
Asia (excl. China and India),,1903,803182340
Asia (excl. China and India),,1904,810886400
Asia (excl. China and India),,1905,805057400
Asia (excl. China and India),,1906,817977100
Asia (excl. China and India),,1907,915892400
Asia (excl. China and India),,1908,919643500
Asia (excl. China and India),,1909,896244700
Asia (excl. China and India),,1910,971622900
Asia (excl. China and India),,1911,915177100
Asia (excl. China and India),,1912,1003392700
Asia (excl. China and India),,1913,1028032830
Asia (excl. China and India),,1914,1030492400
Asia (excl. China and India),,1915,1036754300
Asia (excl. China and India),,1916,1031554600
Asia (excl. China and India),,1917,1008496640
Asia (excl. China and India),,1918,1048773250
Asia (excl. China and India),,1919,1032354400
Asia (excl. China and India),,1920,977700740
Asia (excl. China and India),,1921,927765500
Asia (excl. China and India),,1922,919827000
Asia (excl. China and India),,1923,900061950
Asia (excl. China and India),,1924,908784640
Asia (excl. China and India),,1925,922046000
Asia (excl. China and India),,1926,918618500
Asia (excl. China and India),,1927,928749250
Asia (excl. China and India),,1928,978313660
Asia (excl. China and India),,1929,982987140
Asia (excl. China and India),,1930,1019528770
Asia (excl. China and India),,1931,1188059000
Asia (excl. China and India),,1932,1217880000
Asia (excl. China and India),,1933,1222805800
Asia (excl. China and India),,1934,1266748200
Asia (excl. China and India),,1935,1273121400
Asia (excl. China and India),,1936,1303469200
Asia (excl. China and India),,1937,1335400600
Asia (excl. China and India),,1938,1348327200
Asia (excl. China and India),,1939,1347731500
Asia (excl. China and India),,1940,1397216000
Asia (excl. China and India),,1941,1411018400
Asia (excl. China and India),,1942,1131641000
Asia (excl. China and India),,1943,1378250100
Asia (excl. China and India),,1944,1400458400
Asia (excl. China and India),,1945,1135523100
Asia (excl. China and India),,1946,1225093500
Asia (excl. China and India),,1947,1511604700
Asia (excl. China and India),,1948,1533267500
Asia (excl. China and India),,1949,1514296200
Asia (excl. China and India),,1950,1719794700
Asia (excl. China and India),,1951,1807724900
Asia (excl. China and India),,1952,1947717800
Asia (excl. China and India),,1953,2077829600
Asia (excl. China and India),,1954,2180223000
Asia (excl. China and India),,1955,2448215800
Asia (excl. China and India),,1956,2575087900
Asia (excl. China and India),,1957,2689468400
Asia (excl. China and India),,1958,2779974000
Asia (excl. China and India),,1959,2901838800
Asia (excl. China and India),,1960,2389389800
Asia (excl. China and India),,1961,2358326000
Asia (excl. China and India),,1962,2540210200
Asia (excl. China and India),,1963,2517026800
Asia (excl. China and India),,1964,2500625700
Asia (excl. China and India),,1965,2393041400
Asia (excl. China and India),,1966,2437961200
Asia (excl. China and India),,1967,2499490600
Asia (excl. China and India),,1968,2566195500
Asia (excl. China and India),,1969,2733412900
Asia (excl. China and India),,1970,2782945500
Asia (excl. China and India),,1971,3278600000
Asia (excl. China and India),,1972,3466905900
Asia (excl. China and India),,1973,3628670200
Asia (excl. China and India),,1974,3521726200
Asia (excl. China and India),,1975,3504371500
Asia (excl. China and India),,1976,3699201000
Asia (excl. China and India),,1977,3619063000
Asia (excl. China and India),,1978,3767256600
Asia (excl. China and India),,1979,3689931500
Asia (excl. China and India),,1980,3650731500
Asia (excl. China and India),,1981,3621395500
Asia (excl. China and India),,1982,3465744100
Asia (excl. China and India),,1983,3510592000
Asia (excl. China and India),,1984,4725294600
Asia (excl. China and India),,1985,4826425000
Asia (excl. China and India),,1986,5433057000
Asia (excl. China and India),,1987,5057106000
Asia (excl. China and India),,1988,4861068300
Asia (excl. China and India),,1989,4884840000
Asia (excl. China and India),,1990,4610893000
Asia (excl. China and India),,1991,5054780000
Asia (excl. China and India),,1992,4935961000
Asia (excl. China and India),,1993,4788579300
Asia (excl. China and India),,1994,5278074400
Asia (excl. China and India),,1995,5121550300
Asia (excl. China and India),,1996,5300022300
Asia (excl. China and India),,1997,7042758700
Asia (excl. China and India),,1998,5634028500
Asia (excl. China and India),,1999,5845979000
Asia (excl. China and India),,2000,5883640300
Asia (excl. China and India),,2001,5811053000
Asia (excl. China and India),,2002,6162553300
Asia (excl. China and India),,2003,6151015400
Asia (excl. China and India),,2004,6486565400
Asia (excl. China and India),,2005,6497389600
Asia (excl. China and India),,2006,7102832000
Asia (excl. China and India),,2007,6582118000
Asia (excl. China and India),,2008,6878961000
Asia (excl. China and India),,2009,7221526000
Asia (excl. China and India),,2010,7109823500
Asia (excl. China and India),,2011,7716882400
Asia (excl. China and India),,2012,7895968000
Asia (excl. China and India),,2013,7767613000
Asia (excl. China and India),,2014,8481117000
Asia (excl. China and India),,2015,8811204000
Asia (excl. China and India),,2016,8017115000
Asia (excl. China and India),,2017,8398336000
Asia (excl. China and India),,2018,8339187700
Asia (excl. China and India),,2019,8962472000
Asia (excl. China and India),,2020,8396475000
Asia (excl. China and India),,2021,8673190000
Asia (excl. China and India),,2022,8829605000
Australia,AUS,1850,8958853
Australia,AUS,1851,10045052
Australia,AUS,1852,10959263
Australia,AUS,1853,11491155
Australia,AUS,1854,12093944
Australia,AUS,1855,12572958
Australia,AUS,1856,12318052
Australia,AUS,1857,13040124
Australia,AUS,1858,13302616
Australia,AUS,1859,13844918
Australia,AUS,1860,15449741
Australia,AUS,1861,16374582
Australia,AUS,1862,17217560
Australia,AUS,1863,17474970
Australia,AUS,1864,18387146
Australia,AUS,1865,18546236
Australia,AUS,1866,19176244
Australia,AUS,1867,19409298
Australia,AUS,1868,19889412
Australia,AUS,1869,19899000
Australia,AUS,1870,25695260
Australia,AUS,1871,28978728
Australia,AUS,1872,30829530
Australia,AUS,1873,32262128
Australia,AUS,1874,33496576
Australia,AUS,1875,34505492
Australia,AUS,1876,35366640
Australia,AUS,1877,36082068
Australia,AUS,1878,36885668
Australia,AUS,1879,37393170
Australia,AUS,1880,33446436
Australia,AUS,1881,32470480
Australia,AUS,1882,32415004
Australia,AUS,1883,32824584
Australia,AUS,1884,32905724
Australia,AUS,1885,33065178
Australia,AUS,1886,33107468
Australia,AUS,1887,33164060
Australia,AUS,1888,33873890
Australia,AUS,1889,34540410
Australia,AUS,1890,43209836
Australia,AUS,1891,48948896
Australia,AUS,1892,51358200
Australia,AUS,1893,52756390
Australia,AUS,1894,55120944
Australia,AUS,1895,56660016
Australia,AUS,1896,58255532
Australia,AUS,1897,59882716
Australia,AUS,1898,61097996
Australia,AUS,1899,62092404
Australia,AUS,1900,57678360
Australia,AUS,1901,56670500
Australia,AUS,1902,55550490
Australia,AUS,1903,54522410
Australia,AUS,1904,54331776
Australia,AUS,1905,54496760
Australia,AUS,1906,56527070
Australia,AUS,1907,57459092
Australia,AUS,1908,58646936
Australia,AUS,1909,56294256
Australia,AUS,1910,52493370
Australia,AUS,1911,50783024
Australia,AUS,1912,50052010
Australia,AUS,1913,49478776
Australia,AUS,1914,50066070
Australia,AUS,1915,46457830
Australia,AUS,1916,42536170
Australia,AUS,1917,43189210
Australia,AUS,1918,44433910
Australia,AUS,1919,42572600
Australia,AUS,1920,69290770
Australia,AUS,1921,76627670
Australia,AUS,1922,85008670
Australia,AUS,1923,90568690
Australia,AUS,1924,96939784
Australia,AUS,1925,101424720
Australia,AUS,1926,103647500
Australia,AUS,1927,107628340
Australia,AUS,1928,107782960
Australia,AUS,1929,108035050
Australia,AUS,1930,81718110
Australia,AUS,1931,65870404
Australia,AUS,1932,58464160
Australia,AUS,1933,53995150
Australia,AUS,1934,49891172
Australia,AUS,1935,48300624
Australia,AUS,1936,47265920
Australia,AUS,1937,46366944
Australia,AUS,1938,43924976
Australia,AUS,1939,45424810
Australia,AUS,1940,43779370
Australia,AUS,1941,48457310
Australia,AUS,1942,51347304
Australia,AUS,1943,50324504
Australia,AUS,1944,49840536
Australia,AUS,1945,47692656
Australia,AUS,1946,50476660
Australia,AUS,1947,52114404
Australia,AUS,1948,53982576
Australia,AUS,1949,54707156
Australia,AUS,1950,180243120
Australia,AUS,1951,242346240
Australia,AUS,1952,282891620
Australia,AUS,1953,318058900
Australia,AUS,1954,348276260
Australia,AUS,1955,373360200
Australia,AUS,1956,396330600
Australia,AUS,1957,421198400
Australia,AUS,1958,430222050
Australia,AUS,1959,448333250
Australia,AUS,1960,428113920
Australia,AUS,1961,418613250
Australia,AUS,1962,319414560
Australia,AUS,1963,353779070
Australia,AUS,1964,383394370
Australia,AUS,1965,429377900
Australia,AUS,1966,373011460
Australia,AUS,1967,571598400
Australia,AUS,1968,367973700
Australia,AUS,1969,280736500
Australia,AUS,1970,233126600
Australia,AUS,1971,233864750
Australia,AUS,1972,170567410
Australia,AUS,1973,184389840
Australia,AUS,1974,150397230
Australia,AUS,1975,230561900
Australia,AUS,1976,214041900
Australia,AUS,1977,350695040
Australia,AUS,1978,319597570
Australia,AUS,1979,309980160
Australia,AUS,1980,309883650
Australia,AUS,1981,369351420
Australia,AUS,1982,302383300
Australia,AUS,1983,463769150
Australia,AUS,1984,339906980
Australia,AUS,1985,294407840
Australia,AUS,1986,250385840
Australia,AUS,1987,223771250
Australia,AUS,1988,215168880
Australia,AUS,1989,220957000
Australia,AUS,1990,263537150
Australia,AUS,1991,231041890
Australia,AUS,1992,311409400
Australia,AUS,1993,331134530
Australia,AUS,1994,319367840
Australia,AUS,1995,497652540
Australia,AUS,1996,515150530
Australia,AUS,1997,457836580
Australia,AUS,1998,536628670
Australia,AUS,1999,494545500
Australia,AUS,2000,556107500
Australia,AUS,2001,467789900
Australia,AUS,2002,428655260
Australia,AUS,2003,592410500
Australia,AUS,2004,568784400
Australia,AUS,2005,459381760
Australia,AUS,2006,418866660
Australia,AUS,2007,478729950
Australia,AUS,2008,669524740
Australia,AUS,2009,513325440
Australia,AUS,2010,930031200
Australia,AUS,2011,672946700
Australia,AUS,2012,565164540
Australia,AUS,2013,556809860
Australia,AUS,2014,475239400
Australia,AUS,2015,437515230
Australia,AUS,2016,500961470
Australia,AUS,2017,458144160
Australia,AUS,2018,438925920
Australia,AUS,2019,425544260
Australia,AUS,2020,400012200
Australia,AUS,2021,380450460
Australia,AUS,2022,376877630
Austria,AUT,1850,6300211
Austria,AUT,1851,6224440
Austria,AUT,1852,6672803.5
Austria,AUT,1853,7041695
Austria,AUT,1854,6963139
Austria,AUT,1855,7481485
Austria,AUT,1856,8053435
Austria,AUT,1857,8761650
Austria,AUT,1858,11149845
Austria,AUT,1859,9698828
Austria,AUT,1860,10455554
Austria,AUT,1861,10732442
Austria,AUT,1862,10856542
Austria,AUT,1863,10419500
Austria,AUT,1864,9706962
Austria,AUT,1865,10048410
Austria,AUT,1866,8395104
Austria,AUT,1867,9825602
Austria,AUT,1868,10996580
Austria,AUT,1869,11476527
Austria,AUT,1870,12409088
Austria,AUT,1871,15297090
Austria,AUT,1872,15254624
Austria,AUT,1873,16037951
Austria,AUT,1874,14492439
Austria,AUT,1875,13266904
Austria,AUT,1876,13565446
Austria,AUT,1877,12847523
Austria,AUT,1878,12824073
Austria,AUT,1879,14469210
Austria,AUT,1880,29272612
Austria,AUT,1881,15768024
Austria,AUT,1882,16075507
Austria,AUT,1883,17202150
Austria,AUT,1884,16869092
Austria,AUT,1885,17486000
Austria,AUT,1886,16872170
Austria,AUT,1887,17818984
Austria,AUT,1888,17463686
Austria,AUT,1889,18435160
Austria,AUT,1890,18985272
Austria,AUT,1891,21056496
Austria,AUT,1892,20697936
Austria,AUT,1893,24113992
Austria,AUT,1894,24596982
Austria,AUT,1895,26981184
Austria,AUT,1896,27927704
Austria,AUT,1897,29777218
Austria,AUT,1898,31278322
Austria,AUT,1899,31572980
Austria,AUT,1900,34723730
Austria,AUT,1901,35440956
Austria,AUT,1902,32887880
Austria,AUT,1903,33013520
Austria,AUT,1904,34608310
Austria,AUT,1905,36080104
Austria,AUT,1906,41674410
Austria,AUT,1907,50268100
Austria,AUT,1908,67715780
Austria,AUT,1909,51383276
Austria,AUT,1910,64629624
Austria,AUT,1911,54256220
Austria,AUT,1912,56017320
Austria,AUT,1913,64732476
Austria,AUT,1914,52791240
Austria,AUT,1915,37943796
Austria,AUT,1916,11145228
Austria,AUT,1917,5041810.5
Austria,AUT,1918,4559445
Austria,AUT,1919,3710862.5
Austria,AUT,1920,15225715
Austria,AUT,1921,20047430
Austria,AUT,1922,19243292
Austria,AUT,1923,18373860
Austria,AUT,1924,20717978
Austria,AUT,1925,19576422
Austria,AUT,1926,19206248
Austria,AUT,1927,20752346
Austria,AUT,1928,21887176
Austria,AUT,1929,24875408
Austria,AUT,1930,19246972
Austria,AUT,1931,18230662
Austria,AUT,1932,15217181
Austria,AUT,1933,14127255
Austria,AUT,1934,13541592
Austria,AUT,1935,13537544
Austria,AUT,1936,13084856
Austria,AUT,1937,14610711
Austria,AUT,1938,5119875
Austria,AUT,1939,5543160
Austria,AUT,1940,6712008
Austria,AUT,1941,7464878.5
Austria,AUT,1942,8101381
Austria,AUT,1943,9330517
Austria,AUT,1944,9044108
Austria,AUT,1945,4302085.5
Austria,AUT,1946,12575361
Austria,AUT,1947,17479010
Austria,AUT,1948,24411088
Austria,AUT,1949,26485368
Austria,AUT,1950,20332784
Austria,AUT,1951,22484098
Austria,AUT,1952,21067514
Austria,AUT,1953,20583470
Austria,AUT,1954,23177686
Austria,AUT,1955,27677960
Austria,AUT,1956,26809512
Austria,AUT,1957,27754866
Austria,AUT,1958,26693976
Austria,AUT,1959,26584780
Austria,AUT,1960,29675460
Austria,AUT,1961,30424362
Austria,AUT,1962,31884996
Austria,AUT,1963,34864280
Austria,AUT,1964,37221070
Austria,AUT,1965,35390536
Austria,AUT,1966,36253508
Austria,AUT,1967,37124080
Austria,AUT,1968,39717576
Austria,AUT,1969,42042940
Austria,AUT,1970,47961012
Austria,AUT,1971,49552116
Austria,AUT,1972,52207116
Austria,AUT,1973,56122196
Austria,AUT,1974,53302420
Austria,AUT,1975,50434636
Austria,AUT,1976,54898716
Austria,AUT,1977,53591244
Austria,AUT,1978,53873704
Austria,AUT,1979,58738940
Austria,AUT,1980,47077730
Austria,AUT,1981,51299350
Austria,AUT,1982,49157644
Austria,AUT,1983,47532500
Austria,AUT,1984,50405324
Austria,AUT,1985,50854156
Austria,AUT,1986,50370844
Austria,AUT,1987,54126876
Austria,AUT,1988,50064828
Austria,AUT,1989,51294024
Austria,AUT,1990,59835976
Austria,AUT,1991,63437696
Austria,AUT,1992,57515810
Austria,AUT,1993,58201816
Austria,AUT,1994,58655624
Austria,AUT,1995,61456544
Austria,AUT,1996,65024108
Austria,AUT,1997,65683484
Austria,AUT,1998,67630184
Austria,AUT,1999,65159780
Austria,AUT,2000,64419012
Austria,AUT,2001,68150770
Austria,AUT,2002,69882280
Austria,AUT,2003,76513520
Austria,AUT,2004,76275190
Austria,AUT,2005,77370010
Austria,AUT,2006,75666776
Austria,AUT,2007,73536580
Austria,AUT,2008,73124600
Austria,AUT,2009,66338284
Austria,AUT,2010,70789670
Austria,AUT,2011,68800856
Austria,AUT,2012,65853372
Austria,AUT,2013,66602132
Austria,AUT,2014,62968176
Austria,AUT,2015,64573284
Austria,AUT,2016,65110730
Austria,AUT,2017,67720936
Austria,AUT,2018,64747220
Austria,AUT,2019,66160908
Austria,AUT,2020,59957256
Austria,AUT,2021,63929456
Austria,AUT,2022,59629710
Azerbaijan,AZE,1860,3125127.8
Azerbaijan,AZE,1861,3116743
Azerbaijan,AZE,1862,3111927.2
Azerbaijan,AZE,1863,3114243.2
Azerbaijan,AZE,1864,3122477.2
Azerbaijan,AZE,1865,3131800.2
Azerbaijan,AZE,1866,3167051
Azerbaijan,AZE,1867,3186098.5
Azerbaijan,AZE,1868,3194568.5
Azerbaijan,AZE,1869,3223577.2
Azerbaijan,AZE,1870,3325978.8
Azerbaijan,AZE,1871,3376709.5
Azerbaijan,AZE,1872,3407533.5
Azerbaijan,AZE,1873,3435670.2
Azerbaijan,AZE,1874,3480591
Azerbaijan,AZE,1875,3520653.2
Azerbaijan,AZE,1876,3573412
Azerbaijan,AZE,1877,3605832.8
Azerbaijan,AZE,1878,3670333
Azerbaijan,AZE,1879,3703375.8
Azerbaijan,AZE,1880,3875970
Azerbaijan,AZE,1881,3937339.2
Azerbaijan,AZE,1882,3990484.5
Azerbaijan,AZE,1883,4058073.2
Azerbaijan,AZE,1884,4098924.2
Azerbaijan,AZE,1885,4154562
Azerbaijan,AZE,1886,4182235.2
Azerbaijan,AZE,1887,4221333
Azerbaijan,AZE,1888,4257599
Azerbaijan,AZE,1889,4304292
Azerbaijan,AZE,1890,4397607
Azerbaijan,AZE,1891,4430572.5
Azerbaijan,AZE,1892,4463076.5
Azerbaijan,AZE,1893,4548514
Azerbaijan,AZE,1894,4554979
Azerbaijan,AZE,1895,4637198
Azerbaijan,AZE,1896,4647634
Azerbaijan,AZE,1897,4740741
Azerbaijan,AZE,1898,4830070.5
Azerbaijan,AZE,1899,4961612
Azerbaijan,AZE,1900,5239884
Azerbaijan,AZE,1901,5323157
Azerbaijan,AZE,1902,5333502.5
Azerbaijan,AZE,1903,5353784
Azerbaijan,AZE,1904,5501715.5
Azerbaijan,AZE,1905,5423684
Azerbaijan,AZE,1906,5595363.5
Azerbaijan,AZE,1907,5758240.5
Azerbaijan,AZE,1908,5794187.5
Azerbaijan,AZE,1909,5889447
Azerbaijan,AZE,1910,5893573.5
Azerbaijan,AZE,1911,5968421.5
Azerbaijan,AZE,1912,6165897.5
Azerbaijan,AZE,1913,6316124.5
Azerbaijan,AZE,1914,6174454.5
Azerbaijan,AZE,1915,6055438
Azerbaijan,AZE,1916,6147317.5
Azerbaijan,AZE,1917,6036914.5
Azerbaijan,AZE,1918,5250322.5
Azerbaijan,AZE,1919,5182510.5
Azerbaijan,AZE,1920,5291271.5
Azerbaijan,AZE,1921,5389956
Azerbaijan,AZE,1922,5535894
Azerbaijan,AZE,1923,5633430.5
Azerbaijan,AZE,1924,5784600
Azerbaijan,AZE,1925,5807572
Azerbaijan,AZE,1926,6152057.5
Azerbaijan,AZE,1927,6428478
Azerbaijan,AZE,1928,6576099.5
Azerbaijan,AZE,1929,6706550.5
Azerbaijan,AZE,1930,7660931.5
Azerbaijan,AZE,1931,8240736
Azerbaijan,AZE,1932,8661038
Azerbaijan,AZE,1933,9087132
Azerbaijan,AZE,1934,9814902
Azerbaijan,AZE,1935,10378636
Azerbaijan,AZE,1936,11057935
Azerbaijan,AZE,1937,11229760
Azerbaijan,AZE,1938,11560175
Azerbaijan,AZE,1939,11666231
Azerbaijan,AZE,1940,12494594
Azerbaijan,AZE,1941,11638197
Azerbaijan,AZE,1942,9046998
Azerbaijan,AZE,1943,9139626
Azerbaijan,AZE,1944,10541942
Azerbaijan,AZE,1945,10766808
Azerbaijan,AZE,1946,11330574
Azerbaijan,AZE,1947,12418606
Azerbaijan,AZE,1948,12805856
Azerbaijan,AZE,1949,13741493
Azerbaijan,AZE,1950,17795408
Azerbaijan,AZE,1951,20544956
Azerbaijan,AZE,1952,23392668
Azerbaijan,AZE,1953,26112688
Azerbaijan,AZE,1954,28224784
Azerbaijan,AZE,1955,31256156
Azerbaijan,AZE,1956,33942616
Azerbaijan,AZE,1957,37004216
Azerbaijan,AZE,1958,39458740
Azerbaijan,AZE,1959,41834564
Azerbaijan,AZE,1960,34707116
Azerbaijan,AZE,1961,36537076
Azerbaijan,AZE,1962,32671406
Azerbaijan,AZE,1963,32107740
Azerbaijan,AZE,1964,32118044
Azerbaijan,AZE,1965,32043728
Azerbaijan,AZE,1966,32793964
Azerbaijan,AZE,1967,33293452
Azerbaijan,AZE,1968,33935380
Azerbaijan,AZE,1969,34220252
Azerbaijan,AZE,1970,37608356
Azerbaijan,AZE,1971,37919280
Azerbaijan,AZE,1972,38997736
Azerbaijan,AZE,1973,40358892
Azerbaijan,AZE,1974,40988412
Azerbaijan,AZE,1975,42731100
Azerbaijan,AZE,1976,43935820
Azerbaijan,AZE,1977,44740956
Azerbaijan,AZE,1978,46166668
Azerbaijan,AZE,1979,46249012
Azerbaijan,AZE,1980,49774464
Azerbaijan,AZE,1981,47831170
Azerbaijan,AZE,1982,48422388
Azerbaijan,AZE,1983,48762116
Azerbaijan,AZE,1984,49305750
Azerbaijan,AZE,1985,52849640
Azerbaijan,AZE,1986,55012210
Azerbaijan,AZE,1987,51128980
Azerbaijan,AZE,1988,51969684
Azerbaijan,AZE,1989,51284750
Azerbaijan,AZE,1990,52388976
Azerbaijan,AZE,1991,51795944
Azerbaijan,AZE,1992,58476710
Azerbaijan,AZE,1993,51139916
Azerbaijan,AZE,1994,45334056
Azerbaijan,AZE,1995,37254708
Azerbaijan,AZE,1996,36529900
Azerbaijan,AZE,1997,35409390
Azerbaijan,AZE,1998,35310924
Azerbaijan,AZE,1999,32825028
Azerbaijan,AZE,2000,32931006
Azerbaijan,AZE,2001,31173610
Azerbaijan,AZE,2002,31326102
Azerbaijan,AZE,2003,32663268
Azerbaijan,AZE,2004,34697950
Azerbaijan,AZE,2005,36662030
Azerbaijan,AZE,2006,37136496
Azerbaijan,AZE,2007,32623130
Azerbaijan,AZE,2008,35774508
Azerbaijan,AZE,2009,31872376
Azerbaijan,AZE,2010,30075380
Azerbaijan,AZE,2011,33056956
Azerbaijan,AZE,2012,36876144
Azerbaijan,AZE,2013,36694724
Azerbaijan,AZE,2014,37602210
Azerbaijan,AZE,2015,40577304
Azerbaijan,AZE,2016,44236216
Azerbaijan,AZE,2017,40491830
Azerbaijan,AZE,2018,41630348
Azerbaijan,AZE,2019,45221396
Azerbaijan,AZE,2020,43746424
Azerbaijan,AZE,2021,46237640
Azerbaijan,AZE,2022,46217292
Bahamas,BHS,1950,255124.33
Bahamas,BHS,1951,270696.3
Bahamas,BHS,1952,291617.75
Bahamas,BHS,1953,306420.3
Bahamas,BHS,1954,320893.12
Bahamas,BHS,1955,380726.25
Bahamas,BHS,1956,408316.16
Bahamas,BHS,1957,465840.97
Bahamas,BHS,1958,487605.12
Bahamas,BHS,1959,590783.4
Bahamas,BHS,1960,683702.4
Bahamas,BHS,1961,771968.1
Bahamas,BHS,1962,980449.75
Bahamas,BHS,1963,901637.1
Bahamas,BHS,1964,1343442.2
Bahamas,BHS,1965,1540125.8
Bahamas,BHS,1966,1302478.8
Bahamas,BHS,1967,1875768.8
Bahamas,BHS,1968,1790104.5
Bahamas,BHS,1969,1909200.1
Bahamas,BHS,1970,2702396
Bahamas,BHS,1971,6827547
Bahamas,BHS,1972,6564910.5
Bahamas,BHS,1973,7884655.5
Bahamas,BHS,1974,7328272
Bahamas,BHS,1975,8144516
Bahamas,BHS,1976,6314573.5
Bahamas,BHS,1977,9546704
Bahamas,BHS,1978,6427474
Bahamas,BHS,1979,6753081.5
Bahamas,BHS,1980,7818640
Bahamas,BHS,1981,2654261.5
Bahamas,BHS,1982,2124126
Bahamas,BHS,1983,1886720.2
Bahamas,BHS,1984,1887179.9
Bahamas,BHS,1985,1446473.9
Bahamas,BHS,1986,1325561.9
Bahamas,BHS,1987,1331570.9
Bahamas,BHS,1988,1449331.9
Bahamas,BHS,1989,1858417.5
Bahamas,BHS,1990,1940784
Bahamas,BHS,1991,1920155.9
Bahamas,BHS,1992,1798437.8
Bahamas,BHS,1993,1683205
Bahamas,BHS,1994,1752381.2
Bahamas,BHS,1995,1843724.8
Bahamas,BHS,1996,1828372.6
Bahamas,BHS,1997,1629783.9
Bahamas,BHS,1998,1947452.6
Bahamas,BHS,1999,2133657
Bahamas,BHS,2000,2003255.4
Bahamas,BHS,2001,1884541.8
Bahamas,BHS,2002,1967787.9
Bahamas,BHS,2003,1992593
Bahamas,BHS,2004,1973100.6
Bahamas,BHS,2005,1830754.2
Bahamas,BHS,2006,1782719.2
Bahamas,BHS,2007,1827896.4
Bahamas,BHS,2008,2185686
Bahamas,BHS,2009,2267356.5
Bahamas,BHS,2010,2222289.2
Bahamas,BHS,2011,2081994.8
Bahamas,BHS,2012,2015200.1
Bahamas,BHS,2013,2000250.9
Bahamas,BHS,2014,2093536.4
Bahamas,BHS,2015,2202687
Bahamas,BHS,2016,2167219.2
Bahamas,BHS,2017,2474958.8
Bahamas,BHS,2018,2382332.8
Bahamas,BHS,2019,2415455.2
Bahamas,BHS,2020,2145345.2
Bahamas,BHS,2021,2063737.9
Bahamas,BHS,2022,2084972.1
Bahrain,BHR,1933,11028.64
Bahrain,BHR,1934,120948.64
Bahrain,BHR,1935,531316.6
Bahrain,BHR,1936,1949284.6
Bahrain,BHR,1937,3253668.8
Bahrain,BHR,1938,3477172.8
Bahrain,BHR,1939,3184052.8
Bahrain,BHR,1940,2967876.8
Bahrain,BHR,1941,2850628.8
Bahrain,BHR,1942,2616132.8
Bahrain,BHR,1943,2759028.8
Bahrain,BHR,1944,2817652.8
Bahrain,BHR,1945,3063140.8
Bahrain,BHR,1946,3359924.8
Bahrain,BHR,1947,3949828.8
Bahrain,BHR,1948,4576372.5
Bahrain,BHR,1949,4609348.5
Bahrain,BHR,1950,1381364.6
Bahrain,BHR,1951,1176180.6
Bahrain,BHR,1952,1286100.6
Bahrain,BHR,1953,996644.6
Bahrain,BHR,1954,1044313.25
Bahrain,BHR,1955,1403385.2
Bahrain,BHR,1956,1055305.2
Bahrain,BHR,1957,754857.25
Bahrain,BHR,1958,1289801.2
Bahrain,BHR,1959,1311748.6
Bahrain,BHR,1960,575248
Bahrain,BHR,1961,1769675.4
Bahrain,BHR,1962,1590139.4
Bahrain,BHR,1963,1194427.4
Bahrain,BHR,1964,1597467.4
Bahrain,BHR,1965,1227403.4
Bahrain,BHR,1966,648491.4
Bahrain,BHR,1967,1003899.44
Bahrain,BHR,1968,1102827.4
Bahrain,BHR,1969,1271408
Bahrain,BHR,1970,2590448
Bahrain,BHR,1971,3037456
Bahrain,BHR,1972,3678656
Bahrain,BHR,1973,5517984
Bahrain,BHR,1974,5401066
Bahrain,BHR,1975,5749695.5
Bahrain,BHR,1976,6569955
Bahrain,BHR,1977,7463788
Bahrain,BHR,1978,7760462
Bahrain,BHR,1979,8126862
Bahrain,BHR,1980,7881154
Bahrain,BHR,1981,8518544
Bahrain,BHR,1982,9830329
Bahrain,BHR,1983,8221906.5
Bahrain,BHR,1984,9200231
Bahrain,BHR,1985,10185883
Bahrain,BHR,1986,11003175
Bahrain,BHR,1987,11420798
Bahrain,BHR,1988,12142632
Bahrain,BHR,1989,11716966
Bahrain,BHR,1990,11555876
Bahrain,BHR,1991,11391773
Bahrain,BHR,1992,10492883
Bahrain,BHR,1993,16840256
Bahrain,BHR,1994,14443198
Bahrain,BHR,1995,14823264
Bahrain,BHR,1996,16018754
Bahrain,BHR,1997,17288932
Bahrain,BHR,1998,18366868
Bahrain,BHR,1999,18315050
Bahrain,BHR,2000,19233948
Bahrain,BHR,2001,15375076
Bahrain,BHR,2002,15868123
Bahrain,BHR,2003,16769564
Bahrain,BHR,2004,17883614
Bahrain,BHR,2005,19804126
Bahrain,BHR,2006,19421186
Bahrain,BHR,2007,26771160
Bahrain,BHR,2008,29681392
Bahrain,BHR,2009,28098254
Bahrain,BHR,2010,29075546
Bahrain,BHR,2011,28467756
Bahrain,BHR,2012,27119100
Bahrain,BHR,2013,31157732
Bahrain,BHR,2014,30899802
Bahrain,BHR,2015,32459726
Bahrain,BHR,2016,31559578
Bahrain,BHR,2017,32835256
Bahrain,BHR,2018,32636984
Bahrain,BHR,2019,37583170
Bahrain,BHR,2020,37395988
Bahrain,BHR,2021,38122500
Bahrain,BHR,2022,37795708
Bangladesh,BGD,1946,20034172
Bangladesh,BGD,1947,21179776
Bangladesh,BGD,1948,20934640
Bangladesh,BGD,1949,20353920
Bangladesh,BGD,1950,29105400
Bangladesh,BGD,1951,33444248
Bangladesh,BGD,1952,37205224
Bangladesh,BGD,1953,40360132
Bangladesh,BGD,1954,43772780
Bangladesh,BGD,1955,47462520
Bangladesh,BGD,1956,51554424
Bangladesh,BGD,1957,54548410
Bangladesh,BGD,1958,57418364
Bangladesh,BGD,1959,57712748
Bangladesh,BGD,1960,62099836
Bangladesh,BGD,1961,52293530
Bangladesh,BGD,1962,46008764
Bangladesh,BGD,1963,43633770
Bangladesh,BGD,1964,45482252
Bangladesh,BGD,1965,41719270
Bangladesh,BGD,1966,40881910
Bangladesh,BGD,1967,37796550
Bangladesh,BGD,1968,36944296
Bangladesh,BGD,1969,36970744
Bangladesh,BGD,1970,36035732
Bangladesh,BGD,1971,47171524
Bangladesh,BGD,1972,37528176
Bangladesh,BGD,1973,31174186
Bangladesh,BGD,1974,27394432
Bangladesh,BGD,1975,24331688
Bangladesh,BGD,1976,22643228
Bangladesh,BGD,1977,21447952
Bangladesh,BGD,1978,20366868
Bangladesh,BGD,1979,20226168
Bangladesh,BGD,1980,20439612
Bangladesh,BGD,1981,20123346
Bangladesh,BGD,1982,19383364
Bangladesh,BGD,1983,21588300
Bangladesh,BGD,1984,23281644
Bangladesh,BGD,1985,26158558
Bangladesh,BGD,1986,27621900
Bangladesh,BGD,1987,35233720
Bangladesh,BGD,1988,33375904
Bangladesh,BGD,1989,28702132
Bangladesh,BGD,1990,26187928
Bangladesh,BGD,1991,3884122
Bangladesh,BGD,1992,8497263
Bangladesh,BGD,1993,9811050
Bangladesh,BGD,1994,14767336
Bangladesh,BGD,1995,18784580
Bangladesh,BGD,1996,30611230
Bangladesh,BGD,1997,31256688
Bangladesh,BGD,1998,31419192
Bangladesh,BGD,1999,30238516
Bangladesh,BGD,2000,32244664
Bangladesh,BGD,2001,36242440
Bangladesh,BGD,2002,36635624
Bangladesh,BGD,2003,38716036
Bangladesh,BGD,2004,40852864
Bangladesh,BGD,2005,41467284
Bangladesh,BGD,2006,46142064
Bangladesh,BGD,2007,48168724
Bangladesh,BGD,2008,51789704
Bangladesh,BGD,2009,54793452
Bangladesh,BGD,2010,57330890
Bangladesh,BGD,2011,61517180
Bangladesh,BGD,2012,67137130
Bangladesh,BGD,2013,66958150
Bangladesh,BGD,2014,72236040
Bangladesh,BGD,2015,80893500
Bangladesh,BGD,2016,82985930
Bangladesh,BGD,2017,88471464
Bangladesh,BGD,2018,90503720
Bangladesh,BGD,2019,109036460
Bangladesh,BGD,2020,102089570
Bangladesh,BGD,2021,107402750
Bangladesh,BGD,2022,110902584
Barbados,BRB,1928,27626.56
Barbados,BRB,1929,27699.84
Barbados,BRB,1930,34258.4
Barbados,BRB,1931,31473.76
Barbados,BRB,1932,32023.36
Barbados,BRB,1933,32279.84
Barbados,BRB,1934,32646.24
Barbados,BRB,1939,33379.04
Barbados,BRB,1947,47925.12
Barbados,BRB,1948,48254.88
Barbados,BRB,1949,48621.28
Barbados,BRB,1950,215626.39
Barbados,BRB,1951,264943.84
Barbados,BRB,1952,234715.83
Barbados,BRB,1953,238269.92
Barbados,BRB,1954,220792.64
Barbados,BRB,1955,213428
Barbados,BRB,1956,194301.94
Barbados,BRB,1957,186644.16
Barbados,BRB,1958,191700.47
Barbados,BRB,1959,192836.31
Barbados,BRB,1960,205293.92
Barbados,BRB,1961,224603.2
Barbados,BRB,1962,287807.2
Barbados,BRB,1963,217531.69
Barbados,BRB,1964,204194.72
Barbados,BRB,1965,229000
Barbados,BRB,1966,290115.53
Barbados,BRB,1967,356653.75
Barbados,BRB,1968,458842.72
Barbados,BRB,1969,500465.75
Barbados,BRB,1970,452174.25
Barbados,BRB,1971,509039.53
Barbados,BRB,1972,528971.7
Barbados,BRB,1973,506804.47
Barbados,BRB,1974,517943.03
Barbados,BRB,1975,594300.8
Barbados,BRB,1976,555865.44
Barbados,BRB,1977,613390.25
Barbados,BRB,1978,656515.5
Barbados,BRB,1979,622623.5
Barbados,BRB,1980,686487.06
Barbados,BRB,1981,693338.75
Barbados,BRB,1982,651349.25
Barbados,BRB,1983,690004.5
Barbados,BRB,1984,750402.5
Barbados,BRB,1985,846187.3
Barbados,BRB,1986,915260.44
Barbados,BRB,1987,940023.06
Barbados,BRB,1988,943174.8
Barbados,BRB,1989,986011.25
Barbados,BRB,1990,1282703.9
Barbados,BRB,1991,1427628.1
Barbados,BRB,1992,1369924.5
Barbados,BRB,1993,1104792.2
Barbados,BRB,1994,1169718.1
Barbados,BRB,1995,1286216
Barbados,BRB,1996,1340287.4
Barbados,BRB,1997,1545887.4
Barbados,BRB,1998,1540677.9
Barbados,BRB,1999,1626936.2
Barbados,BRB,2000,1748274.4
Barbados,BRB,2001,1611071
Barbados,BRB,2002,1640273.9
Barbados,BRB,2003,1643106
Barbados,BRB,2004,1686336.6
Barbados,BRB,2005,1740512
Barbados,BRB,2006,1768996.5
Barbados,BRB,2007,1797054.8
Barbados,BRB,2008,2087474
Barbados,BRB,2009,1960094.6
Barbados,BRB,2010,1771564.1
Barbados,BRB,2011,1841332.2
Barbados,BRB,2012,1695646.4
Barbados,BRB,2013,1707365.1
Barbados,BRB,2014,1552912.5
Barbados,BRB,2015,1529279.8
Barbados,BRB,2016,1557016.1
Barbados,BRB,2017,1482501.6
Barbados,BRB,2018,1483052.2
Barbados,BRB,2019,1531807.5
Barbados,BRB,2020,1065078.2
Barbados,BRB,2021,1044255.56
Barbados,BRB,2022,1041283.06
Belarus,BLR,1850,39620460
Belarus,BLR,1855,39222428
Belarus,BLR,1858,39711496
Belarus,BLR,1859,39930028
Belarus,BLR,1860,39890476
Belarus,BLR,1861,39846160
Belarus,BLR,1862,40191960
Belarus,BLR,1863,40107864
Belarus,BLR,1864,40120850
Belarus,BLR,1865,39890980
Belarus,BLR,1866,40107828
Belarus,BLR,1867,40236196
Belarus,BLR,1868,40443012
Belarus,BLR,1869,40660324
Belarus,BLR,1870,40777220
Belarus,BLR,1871,40967960
Belarus,BLR,1872,41195012
Belarus,BLR,1873,41046916
Belarus,BLR,1874,41468124
Belarus,BLR,1875,41123364
Belarus,BLR,1876,41551828
Belarus,BLR,1877,41065640
Belarus,BLR,1878,41728892
Belarus,BLR,1879,41952044
Belarus,BLR,1880,42029264
Belarus,BLR,1881,41966384
Belarus,BLR,1882,41696476
Belarus,BLR,1883,41899856
Belarus,BLR,1884,42435440
Belarus,BLR,1885,42447504
Belarus,BLR,1886,42746160
Belarus,BLR,1887,42797880
Belarus,BLR,1888,42704156
Belarus,BLR,1889,43476070
Belarus,BLR,1890,43142052
Belarus,BLR,1891,43028680
Belarus,BLR,1892,42761540
Belarus,BLR,1893,42923412
Belarus,BLR,1894,43182764
Belarus,BLR,1895,43086630
Belarus,BLR,1896,43019064
Belarus,BLR,1897,43218196
Belarus,BLR,1898,43884268
Belarus,BLR,1899,44232304
Belarus,BLR,1900,44767244
Belarus,BLR,1901,45391012
Belarus,BLR,1902,44766270
Belarus,BLR,1903,44769348
Belarus,BLR,1904,44890396
Belarus,BLR,1905,45342290
Belarus,BLR,1906,45514264
Belarus,BLR,1907,45689250
Belarus,BLR,1908,45694824
Belarus,BLR,1909,45898724
Belarus,BLR,1910,44389324
Belarus,BLR,1911,44036932
Belarus,BLR,1912,44037610
Belarus,BLR,1913,44491412
Belarus,BLR,1914,44118212
Belarus,BLR,1915,43666100
Belarus,BLR,1916,43485704
Belarus,BLR,1917,43328290
Belarus,BLR,1918,41333910
Belarus,BLR,1919,41119776
Belarus,BLR,1920,41646124
Belarus,BLR,1921,41787276
Belarus,BLR,1922,42160750
Belarus,BLR,1923,41987000
Belarus,BLR,1924,41935250
Belarus,BLR,1925,42481504
Belarus,BLR,1926,42636350
Belarus,BLR,1927,43443350
Belarus,BLR,1928,43700260
Belarus,BLR,1929,43911670
Belarus,BLR,1930,46195416
Belarus,BLR,1931,46809908
Belarus,BLR,1932,47640600
Belarus,BLR,1933,47969764
Belarus,BLR,1934,50234976
Belarus,BLR,1935,50783160
Belarus,BLR,1936,52423624
Belarus,BLR,1937,52405680
Belarus,BLR,1938,53709670
Belarus,BLR,1939,53756704
Belarus,BLR,1940,53677852
Belarus,BLR,1941,50961300
Belarus,BLR,1942,45452920
Belarus,BLR,1943,46040024
Belarus,BLR,1944,48384584
Belarus,BLR,1945,47907692
Belarus,BLR,1946,48885276
Belarus,BLR,1947,50910824
Belarus,BLR,1948,51327310
Belarus,BLR,1949,53141630
Belarus,BLR,1950,48187450
Belarus,BLR,1951,47384464
Belarus,BLR,1952,47725530
Belarus,BLR,1953,47760616
Belarus,BLR,1954,51667204
Belarus,BLR,1955,56717144
Belarus,BLR,1956,61538830
Belarus,BLR,1957,66334944
Belarus,BLR,1958,69585570
Belarus,BLR,1959,72118490
Belarus,BLR,1960,68081600
Belarus,BLR,1961,86072380
Belarus,BLR,1962,72299490
Belarus,BLR,1963,72131160
Belarus,BLR,1964,73844950
Belarus,BLR,1965,74340480
Belarus,BLR,1966,76604504
Belarus,BLR,1967,78548390
Belarus,BLR,1968,81127090
Belarus,BLR,1969,81787300
Belarus,BLR,1970,92906630
Belarus,BLR,1971,91044800
Belarus,BLR,1972,93141440
Belarus,BLR,1973,98493304
Belarus,BLR,1974,99124740
Belarus,BLR,1975,103572020
Belarus,BLR,1976,106666904
Belarus,BLR,1977,108084984
Belarus,BLR,1978,110485460
Belarus,BLR,1979,111890940
Belarus,BLR,1980,122562180
Belarus,BLR,1981,115988904
Belarus,BLR,1982,116976584
Belarus,BLR,1983,116991980
Belarus,BLR,1984,118183910
Belarus,BLR,1985,125589250
Belarus,BLR,1986,140559980
Belarus,BLR,1987,129967470
Belarus,BLR,1988,130374490
Belarus,BLR,1989,124581656
Belarus,BLR,1990,124029470
Belarus,BLR,1991,111018456
Belarus,BLR,1992,101952490
Belarus,BLR,1993,91822100
Belarus,BLR,1994,87564380
Belarus,BLR,1995,74128940
Belarus,BLR,1996,72866270
Belarus,BLR,1997,72704620
Belarus,BLR,1998,74968600
Belarus,BLR,1999,73266220
Belarus,BLR,2000,58219084
Belarus,BLR,2001,54847060
Belarus,BLR,2002,54541660
Belarus,BLR,2003,56161024
Belarus,BLR,2004,60832510
Belarus,BLR,2005,63158844
Belarus,BLR,2006,63528028
Belarus,BLR,2007,64390740
Belarus,BLR,2008,68231360
Belarus,BLR,2009,64916250
Belarus,BLR,2010,66616436
Belarus,BLR,2011,64040610
Belarus,BLR,2012,65176896
Belarus,BLR,2013,67814800
Belarus,BLR,2014,66431424
Belarus,BLR,2015,62222110
Belarus,BLR,2016,62151330
Belarus,BLR,2017,63057870
Belarus,BLR,2018,65389936
Belarus,BLR,2019,65185720
Belarus,BLR,2020,62399276
Belarus,BLR,2021,64023984
Belarus,BLR,2022,61927804
Belgium,BEL,1850,13898322
Belgium,BEL,1851,14718508
Belgium,BEL,1852,15710976
Belgium,BEL,1853,16463891
Belgium,BEL,1854,17982692
Belgium,BEL,1855,17849836
Belgium,BEL,1856,18078908
Belgium,BEL,1857,18818012
Belgium,BEL,1858,19218560
Belgium,BEL,1859,19065880
Belgium,BEL,1860,20308124
Belgium,BEL,1861,21376436
Belgium,BEL,1862,20822878
Belgium,BEL,1863,21719568
Belgium,BEL,1864,22606514
Belgium,BEL,1865,23179784
Belgium,BEL,1866,24498200
Belgium,BEL,1867,27019508
Belgium,BEL,1868,24636260
Belgium,BEL,1869,26279966
Belgium,BEL,1870,30306630
Belgium,BEL,1871,29557122
Belgium,BEL,1872,31325698
Belgium,BEL,1873,34477910
Belgium,BEL,1874,32689952
Belgium,BEL,1875,33302060
Belgium,BEL,1876,33263552
Belgium,BEL,1877,32294348
Belgium,BEL,1878,34101030
Belgium,BEL,1879,34130050
Belgium,BEL,1880,37905840
Belgium,BEL,1881,37869492
Belgium,BEL,1882,39210004
Belgium,BEL,1883,41277816
Belgium,BEL,1884,40904676
Belgium,BEL,1885,39559770
Belgium,BEL,1886,38497356
Belgium,BEL,1887,41596476
Belgium,BEL,1888,43437636
Belgium,BEL,1889,44383610
Belgium,BEL,1890,48260264
Belgium,BEL,1891,45725696
Belgium,BEL,1892,44969260
Belgium,BEL,1893,43975804
Belgium,BEL,1894,47734224
Belgium,BEL,1895,47209284
Belgium,BEL,1896,49730336
Belgium,BEL,1897,51154092
Belgium,BEL,1898,51799800
Belgium,BEL,1899,53188492
Belgium,BEL,1900,57198890
Belgium,BEL,1901,54021830
Belgium,BEL,1902,55586656
Belgium,BEL,1903,58632830
Belgium,BEL,1904,56907196
Belgium,BEL,1905,56663284
Belgium,BEL,1906,63166188
Belgium,BEL,1907,64251650
Belgium,BEL,1908,63616456
Belgium,BEL,1909,62885600
Belgium,BEL,1910,65633524
Belgium,BEL,1911,66997156
Belgium,BEL,1912,69467976
Belgium,BEL,1913,71962210
Belgium,BEL,1914,44350412
Belgium,BEL,1915,37966990
Belgium,BEL,1916,48796970
Belgium,BEL,1917,38901824
Belgium,BEL,1918,36950524
Belgium,BEL,1919,47633464
Belgium,BEL,1920,57881090
Belgium,BEL,1921,53995268
Belgium,BEL,1922,59655090
Belgium,BEL,1923,74367910
Belgium,BEL,1924,78217384
Belgium,BEL,1925,79940380
Belgium,BEL,1926,79768904
Belgium,BEL,1927,92460856
Belgium,BEL,1928,90357100
Belgium,BEL,1929,99257410
Belgium,BEL,1930,95290696
Belgium,BEL,1931,85182070
Belgium,BEL,1932,68782540
Belgium,BEL,1933,73596570
Belgium,BEL,1934,75736550
Belgium,BEL,1935,71785620
Belgium,BEL,1936,75012060
Belgium,BEL,1937,89880380
Belgium,BEL,1938,78971304
Belgium,BEL,1939,72991180
Belgium,BEL,1940,61230370
Belgium,BEL,1941,64216340
Belgium,BEL,1942,59808170
Belgium,BEL,1943,56691748
Belgium,BEL,1944,31790932
Belgium,BEL,1945,37125980
Belgium,BEL,1946,54616376
Belgium,BEL,1947,80113430
Belgium,BEL,1948,83012960
Belgium,BEL,1949,78802610
Belgium,BEL,1950,73802840
Belgium,BEL,1951,86722376
Belgium,BEL,1952,80832776
Belgium,BEL,1953,79737290
Belgium,BEL,1954,82896440
Belgium,BEL,1955,89182440
Belgium,BEL,1956,93718220
Belgium,BEL,1957,93461260
Belgium,BEL,1958,84354310
Belgium,BEL,1959,85019570
Belgium,BEL,1960,87898430
Belgium,BEL,1961,89546820
Belgium,BEL,1962,94935740
Belgium,BEL,1963,102594970
Belgium,BEL,1964,100680860
Belgium,BEL,1965,102336610
Belgium,BEL,1966,102171930
Belgium,BEL,1967,104718090
Belgium,BEL,1968,115760370
Belgium,BEL,1969,120856904
Belgium,BEL,1970,122937896
Belgium,BEL,1971,119035880
Belgium,BEL,1972,128349950
Belgium,BEL,1973,136374560
Belgium,BEL,1974,132740220
Belgium,BEL,1975,119724260
Belgium,BEL,1976,127768730
Belgium,BEL,1977,124169220
Belgium,BEL,1978,133175510
Belgium,BEL,1979,133846330
Belgium,BEL,1980,129223896
Belgium,BEL,1981,118170800
Belgium,BEL,1982,112132780
Belgium,BEL,1983,96833030
Belgium,BEL,1984,100920490
Belgium,BEL,1985,100121720
Belgium,BEL,1986,96884024
Belgium,BEL,1987,103552600
Belgium,BEL,1988,98221060
Belgium,BEL,1989,105075640
Belgium,BEL,1990,118611900
Belgium,BEL,1991,126791390
Belgium,BEL,1992,124143520
Belgium,BEL,1993,129382040
Belgium,BEL,1994,127566070
Belgium,BEL,1995,127845940
Belgium,BEL,1996,131979350
Belgium,BEL,1997,126478550
Belgium,BEL,1998,132630856
Belgium,BEL,1999,129887610
Belgium,BEL,2000,129409490
Belgium,BEL,2001,127949656
Belgium,BEL,2002,128967290
Belgium,BEL,2003,131509660
Belgium,BEL,2004,132801740
Belgium,BEL,2005,128000290
Belgium,BEL,2006,125881770
Belgium,BEL,2007,122506580
Belgium,BEL,2008,121679096
Belgium,BEL,2009,109363010
Belgium,BEL,2010,115769880
Belgium,BEL,2011,105849576
Belgium,BEL,2012,104472190
Belgium,BEL,2013,104450200
Belgium,BEL,2014,99580850
Belgium,BEL,2015,104728440
Belgium,BEL,2016,101860450
Belgium,BEL,2017,102366530
Belgium,BEL,2018,103057790
Belgium,BEL,2019,102636440
Belgium,BEL,2020,94161336
Belgium,BEL,2021,98884560
Belgium,BEL,2022,92951730
Belize,BLZ,1950,1599885.6
Belize,BLZ,1951,2541313.8
Belize,BLZ,1952,4200336
Belize,BLZ,1953,2848027.2
Belize,BLZ,1954,2305242.2
Belize,BLZ,1955,3578958.5
Belize,BLZ,1956,3786560.8
Belize,BLZ,1957,2507531.8
Belize,BLZ,1958,3404369
Belize,BLZ,1959,7116221
Belize,BLZ,1960,3549206.8
Belize,BLZ,1961,2145125.5
Belize,BLZ,1962,1807231.4
Belize,BLZ,1963,2126182.5
Belize,BLZ,1964,1330215.2
Belize,BLZ,1965,1275035.4
Belize,BLZ,1966,1885714.2
Belize,BLZ,1967,1168522.9
Belize,BLZ,1968,1098833.5
Belize,BLZ,1969,2588323
Belize,BLZ,1970,1584680
Belize,BLZ,1971,1129318
Belize,BLZ,1972,1285038.1
Belize,BLZ,1973,1482820.8
Belize,BLZ,1974,1229162.1
Belize,BLZ,1975,2580372
Belize,BLZ,1976,1713359.8
Belize,BLZ,1977,4531342
Belize,BLZ,1978,2404683.2
Belize,BLZ,1979,3110479.5
Belize,BLZ,1980,3406201
Belize,BLZ,1981,2362327.2
Belize,BLZ,1982,1799060.6
Belize,BLZ,1983,3888200
Belize,BLZ,1984,2784273.5
Belize,BLZ,1985,2151391
Belize,BLZ,1986,5976753.5
Belize,BLZ,1987,11673650
Belize,BLZ,1988,11751107
Belize,BLZ,1989,14270034
Belize,BLZ,1990,10324089
Belize,BLZ,1991,11840876
Belize,BLZ,1992,13817604
Belize,BLZ,1993,10668029
Belize,BLZ,1994,7016230
Belize,BLZ,1995,6037942
Belize,BLZ,1996,4917198
Belize,BLZ,1997,5252784
Belize,BLZ,1998,5815684
Belize,BLZ,1999,5290889.5
Belize,BLZ,2000,4762430.5
Belize,BLZ,2001,5460532.5
Belize,BLZ,2002,7919223
Belize,BLZ,2003,5363106.5
Belize,BLZ,2004,4189124.2
Belize,BLZ,2005,3739551.5
Belize,BLZ,2006,4300620
Belize,BLZ,2007,3791470.5
Belize,BLZ,2008,3794438.2
Belize,BLZ,2009,5922892.5
Belize,BLZ,2010,5398610.5
Belize,BLZ,2011,5042836.5
Belize,BLZ,2012,3809094.2
Belize,BLZ,2013,3667554
Belize,BLZ,2014,5523993
Belize,BLZ,2015,9069572
Belize,BLZ,2016,5932932
Belize,BLZ,2017,6765282.5
Belize,BLZ,2018,9653394
Belize,BLZ,2019,7026452.5
Belize,BLZ,2020,7207066.5
Belize,BLZ,2021,9645223
Belize,BLZ,2022,6878882.5
Benin,BEN,1950,2982175.2
Benin,BEN,1951,3122607.5
Benin,BEN,1952,3136415.8
Benin,BEN,1953,3565836.2
Benin,BEN,1954,3983042.5
Benin,BEN,1955,4469929
Benin,BEN,1956,5200306
Benin,BEN,1957,5980028.5
Benin,BEN,1958,7021799.5
Benin,BEN,1959,7367241.5
Benin,BEN,1960,5085925
Benin,BEN,1961,7503762
Benin,BEN,1962,8886629
Benin,BEN,1963,9224523
Benin,BEN,1964,10012613
Benin,BEN,1965,11411785
Benin,BEN,1966,14435024
Benin,BEN,1967,14651164
Benin,BEN,1968,24674694
Benin,BEN,1969,16338289
Benin,BEN,1970,16600742
Benin,BEN,1971,14378891
Benin,BEN,1972,13597690
Benin,BEN,1973,13425629
Benin,BEN,1974,14033633
Benin,BEN,1975,13645066
Benin,BEN,1976,13675843
Benin,BEN,1977,12583678
Benin,BEN,1978,12171259
Benin,BEN,1979,13031529
Benin,BEN,1980,14606561
Benin,BEN,1981,13674567
Benin,BEN,1982,11110757
Benin,BEN,1983,10600443
Benin,BEN,1984,11491995
Benin,BEN,1985,13638869
Benin,BEN,1986,11243667
Benin,BEN,1987,10039447
Benin,BEN,1988,8949209
Benin,BEN,1989,10117888
Benin,BEN,1990,10274730
Benin,BEN,1991,9599088
Benin,BEN,1992,11720617
Benin,BEN,1993,19770270
Benin,BEN,1994,29014188
Benin,BEN,1995,46430280
Benin,BEN,1996,51725720
Benin,BEN,1997,53487200
Benin,BEN,1998,41439764
Benin,BEN,1999,39952880
Benin,BEN,2000,35556444
Benin,BEN,2001,37816108
Benin,BEN,2002,38813700
Benin,BEN,2003,28907874
Benin,BEN,2004,28955788
Benin,BEN,2005,17036066
Benin,BEN,2006,17038016
Benin,BEN,2007,38666960
Benin,BEN,2008,34270400
Benin,BEN,2009,25146764
Benin,BEN,2010,21948776
Benin,BEN,2011,28679596
Benin,BEN,2012,42412510
Benin,BEN,2013,27129876
Benin,BEN,2014,21857452
Benin,BEN,2015,19293332
Benin,BEN,2016,18047632
Benin,BEN,2017,17133884
Benin,BEN,2018,15106730
Benin,BEN,2019,13040134
Benin,BEN,2020,12552306
Benin,BEN,2021,12306475
Benin,BEN,2022,11834770
Bhutan,BTN,1850,511640.97
Bhutan,BTN,1851,1190103.9
Bhutan,BTN,1852,621890.7
Bhutan,BTN,1853,652704.94
Bhutan,BTN,1854,721404.94
Bhutan,BTN,1855,561141.6
Bhutan,BTN,1856,137949.6
Bhutan,BTN,1857,-284876
Bhutan,BTN,1858,493357.62
Bhutan,BTN,1859,558869.94
Bhutan,BTN,1860,753977.94
Bhutan,BTN,1861,887017.75
Bhutan,BTN,1862,984626.75
Bhutan,BTN,1863,880898.9
Bhutan,BTN,1864,1579074.1
Bhutan,BTN,1865,1576179.6
Bhutan,BTN,1866,1703540.2
Bhutan,BTN,1867,1744686.9
Bhutan,BTN,1868,1188711.5
Bhutan,BTN,1869,817218.56
Bhutan,BTN,1870,962019.9
Bhutan,BTN,1871,965500.6
Bhutan,BTN,1872,1321788
Bhutan,BTN,1873,1333659.4
Bhutan,BTN,1874,276302.25
Bhutan,BTN,1875,1079304.5
Bhutan,BTN,1876,1504768.2
Bhutan,BTN,1877,1503742.2
Bhutan,BTN,1878,1421778.6
Bhutan,BTN,1879,1243451.8
Bhutan,BTN,1880,1419287.1
Bhutan,BTN,1881,1168413
Bhutan,BTN,1882,869577.1
Bhutan,BTN,1883,1757327.8
Bhutan,BTN,1884,1567312.6
Bhutan,BTN,1885,1529573.4
Bhutan,BTN,1886,1178598.9
Bhutan,BTN,1887,1129904.4
Bhutan,BTN,1888,1316475.1
Bhutan,BTN,1889,1502569.8
Bhutan,BTN,1890,1773339.4
Bhutan,BTN,1891,1656787.5
Bhutan,BTN,1892,2195212.2
Bhutan,BTN,1893,1433906.4
Bhutan,BTN,1894,1834711.4
Bhutan,BTN,1895,1947379.5
Bhutan,BTN,1896,1558885.5
Bhutan,BTN,1897,2186345.5
Bhutan,BTN,1898,1854570.4
Bhutan,BTN,1899,1485165.8
Bhutan,BTN,1900,1743111.2
Bhutan,BTN,1901,1873220.1
Bhutan,BTN,1902,1709915.5
Bhutan,BTN,1903,1832915.9
Bhutan,BTN,1904,1851272.6
Bhutan,BTN,1905,2036268
Bhutan,BTN,1906,1971305.4
Bhutan,BTN,1907,1817453.9
Bhutan,BTN,1908,1470729.6
Bhutan,BTN,1909,1988306.2
Bhutan,BTN,1910,2355585.5
Bhutan,BTN,1911,2526731
Bhutan,BTN,1912,2512368
Bhutan,BTN,1913,2722242
Bhutan,BTN,1914,2704032
Bhutan,BTN,1915,2784969.8
Bhutan,BTN,1916,2719091
Bhutan,BTN,1917,2842677.8
Bhutan,BTN,1918,2740965.2
Bhutan,BTN,1919,2597666
Bhutan,BTN,1920,2872429.5
Bhutan,BTN,1921,2073384.4
Bhutan,BTN,1922,3385755.8
Bhutan,BTN,1923,2372769.8
Bhutan,BTN,1924,3138179.5
Bhutan,BTN,1925,3247952.8
Bhutan,BTN,1926,2677248.2
Bhutan,BTN,1927,2860741.2
Bhutan,BTN,1928,3247952.8
Bhutan,BTN,1929,3199075
Bhutan,BTN,1930,4523794.5
Bhutan,BTN,1931,4232653
Bhutan,BTN,1932,4392476.5
Bhutan,BTN,1933,4894005
Bhutan,BTN,1934,4270465
Bhutan,BTN,1935,4557393
Bhutan,BTN,1936,5489807.5
Bhutan,BTN,1937,6004673
Bhutan,BTN,1938,5529892
Bhutan,BTN,1939,5718405
Bhutan,BTN,1940,5921977
Bhutan,BTN,1941,5713092
Bhutan,BTN,1942,6116351.5
Bhutan,BTN,1943,6295778
Bhutan,BTN,1944,6944709
Bhutan,BTN,1945,7172720
Bhutan,BTN,1946,6962516
Bhutan,BTN,1947,7627019
Bhutan,BTN,1948,7392926
Bhutan,BTN,1949,7376914.5
Bhutan,BTN,1950,9918558
Bhutan,BTN,1951,8836066
Bhutan,BTN,1952,9918558
Bhutan,BTN,1953,9645590
Bhutan,BTN,1954,10099743
Bhutan,BTN,1955,10359557
Bhutan,BTN,1956,11147244
Bhutan,BTN,1957,11381556
Bhutan,BTN,1958,12052068
Bhutan,BTN,1959,20360812
Bhutan,BTN,1960,12197309
Bhutan,BTN,1961,13063076
Bhutan,BTN,1962,11401562
Bhutan,BTN,1963,11991943
Bhutan,BTN,1964,12261136
Bhutan,BTN,1965,12207642
Bhutan,BTN,1966,12431256
Bhutan,BTN,1967,12600240
Bhutan,BTN,1968,11566258
Bhutan,BTN,1969,15147159
Bhutan,BTN,1970,12838217
Bhutan,BTN,1971,13530199
Bhutan,BTN,1972,13570247
Bhutan,BTN,1973,14696231
Bhutan,BTN,1974,14399666
Bhutan,BTN,1975,14111383
Bhutan,BTN,1976,12808245
Bhutan,BTN,1977,13073299
Bhutan,BTN,1978,13665181
Bhutan,BTN,1979,14611666
Bhutan,BTN,1980,14008131
Bhutan,BTN,1981,14054430
Bhutan,BTN,1982,16152038
Bhutan,BTN,1983,17137172
Bhutan,BTN,1984,13589878
Bhutan,BTN,1985,12658571
Bhutan,BTN,1986,15752019
Bhutan,BTN,1987,12418851
Bhutan,BTN,1988,12148162
Bhutan,BTN,1989,12653361
Bhutan,BTN,1990,19920950
Bhutan,BTN,1991,13861764
Bhutan,BTN,1992,12270020
Bhutan,BTN,1993,11644830
Bhutan,BTN,1994,18945050
Bhutan,BTN,1995,12536336
Bhutan,BTN,1996,11198489
Bhutan,BTN,1997,10583206
Bhutan,BTN,1998,11268782
Bhutan,BTN,1999,8920314
Bhutan,BTN,2000,10490495
Bhutan,BTN,2001,9273239
Bhutan,BTN,2002,12107859
Bhutan,BTN,2003,18497884
Bhutan,BTN,2004,12259514
Bhutan,BTN,2005,8864353
Bhutan,BTN,2006,8412870
Bhutan,BTN,2007,10355316
Bhutan,BTN,2008,12600629
Bhutan,BTN,2009,10930769
Bhutan,BTN,2010,12847942
Bhutan,BTN,2011,11132763
Bhutan,BTN,2012,10943144
Bhutan,BTN,2013,10302474
Bhutan,BTN,2014,8722733
Bhutan,BTN,2015,8612187
Bhutan,BTN,2016,8509731
Bhutan,BTN,2017,8645585
Bhutan,BTN,2018,7978186
Bhutan,BTN,2019,8007988.5
Bhutan,BTN,2020,7254854.5
Bhutan,BTN,2021,7499388.5
Bhutan,BTN,2022,6955081
Bolivia,BOL,1928,52882770
Bolivia,BOL,1929,53386164
Bolivia,BOL,1930,52476760
Bolivia,BOL,1931,52500504
Bolivia,BOL,1932,54493096
Bolivia,BOL,1933,53333036
Bolivia,BOL,1934,52355296
Bolivia,BOL,1935,54920950
Bolivia,BOL,1936,53541744
Bolivia,BOL,1937,54381388
Bolivia,BOL,1938,53240396
Bolivia,BOL,1939,54237020
Bolivia,BOL,1940,49371320
Bolivia,BOL,1941,44308884
Bolivia,BOL,1942,39822420
Bolivia,BOL,1943,35834892
Bolivia,BOL,1944,32251728
Bolivia,BOL,1945,29061664
Bolivia,BOL,1946,26127386
Bolivia,BOL,1947,23428788
Bolivia,BOL,1948,20960016
Bolivia,BOL,1949,18528048
Bolivia,BOL,1950,24264656
Bolivia,BOL,1951,28794716
Bolivia,BOL,1952,32833064
Bolivia,BOL,1953,36798136
Bolivia,BOL,1954,40838570
Bolivia,BOL,1955,44633052
Bolivia,BOL,1956,47984980
Bolivia,BOL,1957,51210172
Bolivia,BOL,1958,54143944
Bolivia,BOL,1959,57243320
Bolivia,BOL,1960,47346976
Bolivia,BOL,1961,26167928
Bolivia,BOL,1962,17540752
Bolivia,BOL,1963,21032220
Bolivia,BOL,1964,20802496
Bolivia,BOL,1965,20189574
Bolivia,BOL,1966,20283672
Bolivia,BOL,1967,20735108
Bolivia,BOL,1968,28780898
Bolivia,BOL,1969,24916120
Bolivia,BOL,1970,39735164
Bolivia,BOL,1971,50508284
Bolivia,BOL,1972,37748824
Bolivia,BOL,1973,51571840
Bolivia,BOL,1974,58154212
Bolivia,BOL,1975,43112524
Bolivia,BOL,1976,57071150
Bolivia,BOL,1977,43757150
Bolivia,BOL,1978,57570110
Bolivia,BOL,1979,44179996
Bolivia,BOL,1980,58705572
Bolivia,BOL,1981,45192136
Bolivia,BOL,1982,39545350
Bolivia,BOL,1983,57420424
Bolivia,BOL,1984,35232700
Bolivia,BOL,1985,49346200
Bolivia,BOL,1986,38348176
Bolivia,BOL,1987,34217930
Bolivia,BOL,1988,38433904
Bolivia,BOL,1989,27118682
Bolivia,BOL,1990,49066864
Bolivia,BOL,1991,43961200
Bolivia,BOL,1992,82822340
Bolivia,BOL,1993,66888470
Bolivia,BOL,1994,209203870
Bolivia,BOL,1995,143671120
Bolivia,BOL,1996,152031170
Bolivia,BOL,1997,159291180
Bolivia,BOL,1998,215204290
Bolivia,BOL,1999,163279540
Bolivia,BOL,2000,113848584
Bolivia,BOL,2001,110977570
Bolivia,BOL,2002,122631090
Bolivia,BOL,2003,263398400
Bolivia,BOL,2004,173734350
Bolivia,BOL,2005,129337180
Bolivia,BOL,2006,135053730
Bolivia,BOL,2007,112551550
Bolivia,BOL,2008,133641110
Bolivia,BOL,2009,93706940
Bolivia,BOL,2010,82660910
Bolivia,BOL,2011,78856810
Bolivia,BOL,2012,74716500
Bolivia,BOL,2013,64138136
Bolivia,BOL,2014,54494150
Bolivia,BOL,2015,59801520
Bolivia,BOL,2016,47376724
Bolivia,BOL,2017,60612544
Bolivia,BOL,2018,44550276
Bolivia,BOL,2019,39835510
Bolivia,BOL,2020,29809942
Bolivia,BOL,2021,30625668
Bolivia,BOL,2022,28073076
Bosnia and Herzegovina,BIH,1885,8105693.5
Bosnia and Herzegovina,BIH,1890,8776773
Bosnia and Herzegovina,BIH,1891,8705641
Bosnia and Herzegovina,BIH,1892,8933440
Bosnia and Herzegovina,BIH,1893,9134621
Bosnia and Herzegovina,BIH,1894,9116568
Bosnia and Herzegovina,BIH,1895,9149435
Bosnia and Herzegovina,BIH,1896,9304930
Bosnia and Herzegovina,BIH,1897,9393174
Bosnia and Herzegovina,BIH,1898,9393215
Bosnia and Herzegovina,BIH,1899,9322366
Bosnia and Herzegovina,BIH,1900,9727829
Bosnia and Herzegovina,BIH,1901,9837166
Bosnia and Herzegovina,BIH,1902,9787187
Bosnia and Herzegovina,BIH,1903,10040541
Bosnia and Herzegovina,BIH,1904,10233250
Bosnia and Herzegovina,BIH,1905,10166672
Bosnia and Herzegovina,BIH,1906,10207794
Bosnia and Herzegovina,BIH,1907,10364886
Bosnia and Herzegovina,BIH,1908,10466986
Bosnia and Herzegovina,BIH,1909,10414079
Bosnia and Herzegovina,BIH,1910,11102888
Bosnia and Herzegovina,BIH,1911,11664234
Bosnia and Herzegovina,BIH,1912,11804422
Bosnia and Herzegovina,BIH,1913,12378077
Bosnia and Herzegovina,BIH,1919,12983747
Bosnia and Herzegovina,BIH,1920,13779325
Bosnia and Herzegovina,BIH,1921,14121118
Bosnia and Herzegovina,BIH,1922,14313073
Bosnia and Herzegovina,BIH,1923,14446944
Bosnia and Herzegovina,BIH,1924,14361928
Bosnia and Herzegovina,BIH,1925,14590462
Bosnia and Herzegovina,BIH,1926,14333143
Bosnia and Herzegovina,BIH,1927,14938053
Bosnia and Herzegovina,BIH,1928,15105178
Bosnia and Herzegovina,BIH,1929,14942422
Bosnia and Herzegovina,BIH,1930,15210188
Bosnia and Herzegovina,BIH,1931,15329206
Bosnia and Herzegovina,BIH,1932,15143928
Bosnia and Herzegovina,BIH,1933,15037797
Bosnia and Herzegovina,BIH,1934,15036417
Bosnia and Herzegovina,BIH,1935,15321911
Bosnia and Herzegovina,BIH,1936,15077700
Bosnia and Herzegovina,BIH,1937,14901865
Bosnia and Herzegovina,BIH,1938,15117240
Bosnia and Herzegovina,BIH,1939,15143224
Bosnia and Herzegovina,BIH,1940,15194229
Bosnia and Herzegovina,BIH,1943,14543742
Bosnia and Herzegovina,BIH,1944,14079842
Bosnia and Herzegovina,BIH,1945,15067734
Bosnia and Herzegovina,BIH,1946,16259262
Bosnia and Herzegovina,BIH,1947,16569642
Bosnia and Herzegovina,BIH,1948,16763953
Bosnia and Herzegovina,BIH,1949,17307676
Bosnia and Herzegovina,BIH,1950,18586274
Bosnia and Herzegovina,BIH,1951,18729632
Bosnia and Herzegovina,BIH,1952,19904506
Bosnia and Herzegovina,BIH,1953,19978840
Bosnia and Herzegovina,BIH,1954,20933512
Bosnia and Herzegovina,BIH,1955,21299016
Bosnia and Herzegovina,BIH,1956,22094336
Bosnia and Herzegovina,BIH,1957,22998292
Bosnia and Herzegovina,BIH,1958,23178868
Bosnia and Herzegovina,BIH,1959,23979704
Bosnia and Herzegovina,BIH,1960,19026436
Bosnia and Herzegovina,BIH,1961,17148822
Bosnia and Herzegovina,BIH,1962,15714235
Bosnia and Herzegovina,BIH,1963,15640684
Bosnia and Herzegovina,BIH,1964,15301540
Bosnia and Herzegovina,BIH,1965,14533416
Bosnia and Herzegovina,BIH,1966,13797968
Bosnia and Herzegovina,BIH,1967,12900487
Bosnia and Herzegovina,BIH,1968,12657746
Bosnia and Herzegovina,BIH,1969,12186066
Bosnia and Herzegovina,BIH,1970,13900861
Bosnia and Herzegovina,BIH,1971,14424941
Bosnia and Herzegovina,BIH,1972,12897224
Bosnia and Herzegovina,BIH,1973,14794745
Bosnia and Herzegovina,BIH,1974,14332826
Bosnia and Herzegovina,BIH,1975,14598474
Bosnia and Herzegovina,BIH,1976,14444898
Bosnia and Herzegovina,BIH,1977,14466536
Bosnia and Herzegovina,BIH,1978,15382733
Bosnia and Herzegovina,BIH,1979,17908290
Bosnia and Herzegovina,BIH,1980,16756446
Bosnia and Herzegovina,BIH,1981,17801298
Bosnia and Herzegovina,BIH,1982,16523717
Bosnia and Herzegovina,BIH,1983,18037354
Bosnia and Herzegovina,BIH,1984,18838570
Bosnia and Herzegovina,BIH,1985,19720744
Bosnia and Herzegovina,BIH,1986,20285516
Bosnia and Herzegovina,BIH,1987,19840058
Bosnia and Herzegovina,BIH,1988,20607748
Bosnia and Herzegovina,BIH,1989,20447694
Bosnia and Herzegovina,BIH,1990,19963656
Bosnia and Herzegovina,BIH,1991,5953628.5
Bosnia and Herzegovina,BIH,1992,6581032
Bosnia and Herzegovina,BIH,1993,4372153.5
Bosnia and Herzegovina,BIH,1994,-3531165.5
Bosnia and Herzegovina,BIH,1995,-2572930
Bosnia and Herzegovina,BIH,1996,-2300737
Bosnia and Herzegovina,BIH,1997,5995046.5
Bosnia and Herzegovina,BIH,1998,6097701
Bosnia and Herzegovina,BIH,1999,6971567.5
Bosnia and Herzegovina,BIH,2000,9095747
Bosnia and Herzegovina,BIH,2001,7914250.5
Bosnia and Herzegovina,BIH,2002,12223609
Bosnia and Herzegovina,BIH,2003,11243866
Bosnia and Herzegovina,BIH,2004,11325505
Bosnia and Herzegovina,BIH,2005,11948020
Bosnia and Herzegovina,BIH,2006,12848296
Bosnia and Herzegovina,BIH,2007,13832572
Bosnia and Herzegovina,BIH,2008,16104010
Bosnia and Herzegovina,BIH,2009,17860578
Bosnia and Herzegovina,BIH,2010,17949450
Bosnia and Herzegovina,BIH,2011,20626922
Bosnia and Herzegovina,BIH,2012,20446572
Bosnia and Herzegovina,BIH,2013,19377788
Bosnia and Herzegovina,BIH,2014,18210754
Bosnia and Herzegovina,BIH,2015,18507134
Bosnia and Herzegovina,BIH,2016,22175364
Bosnia and Herzegovina,BIH,2017,22590614
Bosnia and Herzegovina,BIH,2018,22665086
Bosnia and Herzegovina,BIH,2019,21658228
Bosnia and Herzegovina,BIH,2020,21933100
Bosnia and Herzegovina,BIH,2021,21306248
Bosnia and Herzegovina,BIH,2022,21366704
Botswana,BWA,1972,2766173.5
Botswana,BWA,1973,2654494.8
Botswana,BWA,1974,2567071.8
Botswana,BWA,1975,2586564.2
Botswana,BWA,1976,2887415.2
Botswana,BWA,1977,2966264.5
Botswana,BWA,1978,3038555.2
Botswana,BWA,1979,3066804.8
Botswana,BWA,1980,3088972
Botswana,BWA,1981,3205450.5
Botswana,BWA,1982,3227434.5
Botswana,BWA,1983,3130778
Botswana,BWA,1984,3161958.8
Botswana,BWA,1985,3256673.2
Botswana,BWA,1986,3239965.2
Botswana,BWA,1987,3396234.8
Botswana,BWA,1988,3810560
Botswana,BWA,1989,4217704
Botswana,BWA,1990,2942082
Botswana,BWA,1991,2174474
Botswana,BWA,1992,8692510
Botswana,BWA,1993,9308319
Botswana,BWA,1994,5948724
Botswana,BWA,1995,5848367
Botswana,BWA,1996,4166297.8
Botswana,BWA,1997,2587370.2
Botswana,BWA,1998,5306424.5
Botswana,BWA,1999,11517052
Botswana,BWA,2000,5313020
Botswana,BWA,2001,6660456
Botswana,BWA,2002,4043260.8
Botswana,BWA,2003,5148250
Botswana,BWA,2004,5317490
Botswana,BWA,2005,4047657.5
Botswana,BWA,2006,4256652
Botswana,BWA,2007,9541129
Botswana,BWA,2008,9721984
Botswana,BWA,2009,6442741
Botswana,BWA,2010,9274424
Botswana,BWA,2011,5372647
Botswana,BWA,2012,7376677
Botswana,BWA,2013,13467082
Botswana,BWA,2014,7888725
Botswana,BWA,2015,5098007.5
Botswana,BWA,2016,5962968
Botswana,BWA,2017,5756496.5
Botswana,BWA,2018,5809146
Botswana,BWA,2019,4894847.5
Botswana,BWA,2020,3521324
Botswana,BWA,2021,3993696
Botswana,BWA,2022,5237126
Brazil,BRA,1901,185292770
Brazil,BRA,1902,195653120
Brazil,BRA,1903,199266940
Brazil,BRA,1904,203924910
Brazil,BRA,1905,206529090
Brazil,BRA,1906,211237520
Brazil,BRA,1907,208869680
Brazil,BRA,1908,220548060
Brazil,BRA,1909,222191490
Brazil,BRA,1910,279252500
Brazil,BRA,1911,305552770
Brazil,BRA,1912,326141630
Brazil,BRA,1913,337995200
Brazil,BRA,1914,338061000
Brazil,BRA,1915,349687940
Brazil,BRA,1916,355894700
Brazil,BRA,1917,361847650
Brazil,BRA,1918,363728220
Brazil,BRA,1919,370276320
Brazil,BRA,1920,411200260
Brazil,BRA,1921,429324930
Brazil,BRA,1922,439832960
Brazil,BRA,1923,449580640
Brazil,BRA,1924,456068400
Brazil,BRA,1925,460494080
Brazil,BRA,1926,467531140
Brazil,BRA,1927,470014530
Brazil,BRA,1928,470632480
Brazil,BRA,1929,475838100
Brazil,BRA,1930,342469440
Brazil,BRA,1931,286385800
Brazil,BRA,1932,260209220
Brazil,BRA,1933,236965890
Brazil,BRA,1934,221618480
Brazil,BRA,1935,211320900
Brazil,BRA,1936,196672100
Brazil,BRA,1937,190523630
Brazil,BRA,1938,190144480
Brazil,BRA,1939,181065300
Brazil,BRA,1940,325523620
Brazil,BRA,1941,386294720
Brazil,BRA,1942,418133120
Brazil,BRA,1943,443593600
Brazil,BRA,1944,458657020
Brazil,BRA,1945,472569920
Brazil,BRA,1946,482480740
Brazil,BRA,1947,493126600
Brazil,BRA,1948,498150800
Brazil,BRA,1949,509190340
Brazil,BRA,1950,691919740
Brazil,BRA,1951,773455400
Brazil,BRA,1952,828078200
Brazil,BRA,1953,865166340
Brazil,BRA,1954,903744200
Brazil,BRA,1955,932573760
Brazil,BRA,1956,958155500
Brazil,BRA,1957,986857800
Brazil,BRA,1958,1017771200
Brazil,BRA,1959,1051017400
Brazil,BRA,1960,1114192400
Brazil,BRA,1961,1163763800
Brazil,BRA,1962,1203148800
Brazil,BRA,1963,1230870700
Brazil,BRA,1964,1241736700
Brazil,BRA,1965,1250739200
Brazil,BRA,1966,1262071000
Brazil,BRA,1967,1268242200
Brazil,BRA,1968,1288350100
Brazil,BRA,1969,1303682700
Brazil,BRA,1970,1327650200
Brazil,BRA,1971,1335740900
Brazil,BRA,1972,1352237300
Brazil,BRA,1973,1380177900
Brazil,BRA,1974,1410984000
Brazil,BRA,1975,1443636000
Brazil,BRA,1976,1474222200
Brazil,BRA,1977,1507863000
Brazil,BRA,1978,1560967200
Brazil,BRA,1979,1603908100
Brazil,BRA,1980,1651851300
Brazil,BRA,1981,1673585000
Brazil,BRA,1982,1709509000
Brazil,BRA,1983,1718640600
Brazil,BRA,1984,1722106200
Brazil,BRA,1985,1277794400
Brazil,BRA,1986,1574728800
Brazil,BRA,1987,1680938000
Brazil,BRA,1988,1644794600
Brazil,BRA,1989,1606477700
Brazil,BRA,1990,1742683900
Brazil,BRA,1991,1831239300
Brazil,BRA,1992,1925131500
Brazil,BRA,1993,1801391100
Brazil,BRA,1994,2193873400
Brazil,BRA,1995,2172452900
Brazil,BRA,1996,2042495100
Brazil,BRA,1997,2206547500
Brazil,BRA,1998,2463362800
Brazil,BRA,1999,2490505000
Brazil,BRA,2000,2299381200
Brazil,BRA,2001,2227688700
Brazil,BRA,2002,2328348200
Brazil,BRA,2003,3318011000
Brazil,BRA,2004,2613293600
Brazil,BRA,2005,2323059000
Brazil,BRA,2006,2037964800
Brazil,BRA,2007,1900440600
Brazil,BRA,2008,1728721900
Brazil,BRA,2009,1546419800
Brazil,BRA,2010,1445519200
Brazil,BRA,2011,1429526000
Brazil,BRA,2012,1586254000
Brazil,BRA,2013,1744126800
Brazil,BRA,2014,1811108600
Brazil,BRA,2015,1855354100
Brazil,BRA,2016,1745648100
Brazil,BRA,2017,1586351400
Brazil,BRA,2018,1378641500
Brazil,BRA,2019,1712449300
Brazil,BRA,2020,1472333800
Brazil,BRA,2021,1655765200
Brazil,BRA,2022,1596468700
Brunei,BRN,1850,51589.12
Brunei,BRN,1851,-45323.68
Brunei,BRN,1852,-13923.2
Brunei,BRN,1853,5019.6797
Brunei,BRN,1854,70715.2
Brunei,BRN,1855,53347.84
Brunei,BRN,1856,28762.398
Brunei,BRN,1857,72986.88
Brunei,BRN,1858,146266.88
Brunei,BRN,1859,130145.27
Brunei,BRN,1860,88998.555
Brunei,BRN,1861,114866.41
Brunei,BRN,1862,152532.31
Brunei,BRN,1863,119959.36
Brunei,BRN,1864,151872.81
Brunei,BRN,1865,163084.64
Brunei,BRN,1866,73170.08
Brunei,BRN,1867,64706.24
Brunei,BRN,1868,63020.8
Brunei,BRN,1869,63753.6
Brunei,BRN,1870,77273.766
Brunei,BRN,1871,79069.12
Brunei,BRN,1872,33855.36
Brunei,BRN,1873,82549.92
Brunei,BRN,1874,88961.92
Brunei,BRN,1875,91453.44
Brunei,BRN,1876,92772.48
Brunei,BRN,1877,93688.48
Brunei,BRN,1878,37995.68
Brunei,BRN,1879,26270.88
Brunei,BRN,1880,141100.64
Brunei,BRN,1881,146963.03
Brunei,BRN,1882,156819.2
Brunei,BRN,1883,162498.39
Brunei,BRN,1884,167005.12
Brunei,BRN,1885,167444.8
Brunei,BRN,1886,140624.33
Brunei,BRN,1887,151286.56
Brunei,BRN,1888,235631.84
Brunei,BRN,1889,70238.875
Brunei,BRN,1890,140917.44
Brunei,BRN,1891,210716.64
Brunei,BRN,1892,165905.9
Brunei,BRN,1893,161435.84
Brunei,BRN,1894,164037.28
Brunei,BRN,1895,167005.12
Brunei,BRN,1896,29165.44
Brunei,BRN,1897,153081.92
Brunei,BRN,1898,184262.56
Brunei,BRN,1899,174736.16
Brunei,BRN,1900,286158.4
Brunei,BRN,1901,279599.84
Brunei,BRN,1902,247906.23
Brunei,BRN,1903,331701.94
Brunei,BRN,1904,311330.06
Brunei,BRN,1905,317998.56
Brunei,BRN,1906,321589.28
Brunei,BRN,1907,327415.03
Brunei,BRN,1908,336355.2
Brunei,BRN,1909,316129.94
Brunei,BRN,1910,399119.53
Brunei,BRN,1911,394759.38
Brunei,BRN,1912,411796.94
Brunei,BRN,1913,453346.72
Brunei,BRN,1914,484967.03
Brunei,BRN,1915,586166.7
Brunei,BRN,1916,518529.25
Brunei,BRN,1917,516917.16
Brunei,BRN,1918,515927.84
Brunei,BRN,1919,525417.6
Brunei,BRN,1920,483648
Brunei,BRN,1921,517466.72
Brunei,BRN,1922,441805.12
Brunei,BRN,1923,436932
Brunei,BRN,1924,439130.4
Brunei,BRN,1925,434513.75
Brunei,BRN,1926,442098.25
Brunei,BRN,1927,525380.94
Brunei,BRN,1928,557074.56
Brunei,BRN,1929,445432.47
Brunei,BRN,1930,604486.7
Brunei,BRN,1931,601812
Brunei,BRN,1932,613353.6
Brunei,BRN,1933,529960.94
Brunei,BRN,1934,663587.06
Brunei,BRN,1935,661352
Brunei,BRN,1936,719353.1
Brunei,BRN,1937,852832.6
Brunei,BRN,1938,843672.6
Brunei,BRN,1939,3167564.8
Brunei,BRN,1940,3529274.8
Brunei,BRN,1941,2647350
Brunei,BRN,1942,2038686.2
Brunei,BRN,1943,2598325.5
Brunei,BRN,1944,3189292
Brunei,BRN,1945,1527411.8
Brunei,BRN,1946,1508468.8
Brunei,BRN,1947,5908713
Brunei,BRN,1948,632369.75
Brunei,BRN,1949,12128463
Brunei,BRN,1950,1189481
Brunei,BRN,1951,1145109.9
Brunei,BRN,1952,1209669.5
Brunei,BRN,1953,1258730.5
Brunei,BRN,1954,1232496.2
Brunei,BRN,1955,1188125.2
Brunei,BRN,1956,1276977.2
Brunei,BRN,1957,1235830.5
Brunei,BRN,1958,1261441.9
Brunei,BRN,1959,469175.2
Brunei,BRN,1960,457743.53
Brunei,BRN,1961,611045.25
Brunei,BRN,1962,823996.94
Brunei,BRN,1963,1726037.1
Brunei,BRN,1964,1362202
Brunei,BRN,1965,755846.56
Brunei,BRN,1966,1064575.2
Brunei,BRN,1967,1587647.9
Brunei,BRN,1968,1238871.8
Brunei,BRN,1969,1390817.8
Brunei,BRN,1970,8656420
Brunei,BRN,1971,8177938
Brunei,BRN,1972,9998250
Brunei,BRN,1973,10498459
Brunei,BRN,1974,8897474
Brunei,BRN,1975,7645266
Brunei,BRN,1976,6667784
Brunei,BRN,1977,6894988.5
Brunei,BRN,1978,10653153
Brunei,BRN,1979,7948498.5
Brunei,BRN,1980,7750386
Brunei,BRN,1981,2675013.2
Brunei,BRN,1982,3632210.2
Brunei,BRN,1983,3452953.5
Brunei,BRN,1984,3160529.8
Brunei,BRN,1985,4296003.5
Brunei,BRN,1986,4264273
Brunei,BRN,1987,5340829.5
Brunei,BRN,1988,7912005
Brunei,BRN,1989,7571656
Brunei,BRN,1990,6611175
Brunei,BRN,1991,8307753.5
Brunei,BRN,1992,8193217
Brunei,BRN,1993,7700775.5
Brunei,BRN,1994,6806642
Brunei,BRN,1995,6852904
Brunei,BRN,1996,7127009
Brunei,BRN,1997,7499388
Brunei,BRN,1998,7573656
Brunei,BRN,1999,6972790.5
Brunei,BRN,2000,6354879
Brunei,BRN,2001,6183622.5
Brunei,BRN,2002,5642153
Brunei,BRN,2003,6660678.5
Brunei,BRN,2004,6430938.5
Brunei,BRN,2005,6133472.5
Brunei,BRN,2006,8146561.5
Brunei,BRN,2007,9249434
Brunei,BRN,2008,10776439
Brunei,BRN,2009,9626352
Brunei,BRN,2010,9508666
Brunei,BRN,2011,11305219
Brunei,BRN,2012,11420973
Brunei,BRN,2013,8736320
Brunei,BRN,2014,11162322
Brunei,BRN,2015,8461471
Brunei,BRN,2016,8930404
Brunei,BRN,2017,11252770
Brunei,BRN,2018,10729563
Brunei,BRN,2019,12159811
Brunei,BRN,2020,12500589
Brunei,BRN,2021,12580426
Brunei,BRN,2022,12024693
Bulgaria,BGR,1881,11359939
Bulgaria,BGR,1882,11580768
Bulgaria,BGR,1883,11790203
Bulgaria,BGR,1884,11986299
Bulgaria,BGR,1885,12173786
Bulgaria,BGR,1886,12324011
Bulgaria,BGR,1887,12479840
Bulgaria,BGR,1888,12612624
Bulgaria,BGR,1889,12718953
Bulgaria,BGR,1890,9039418
Bulgaria,BGR,1891,7450268
Bulgaria,BGR,1892,6304828
Bulgaria,BGR,1893,5350576
Bulgaria,BGR,1894,4477078.5
Bulgaria,BGR,1895,3670741.8
Bulgaria,BGR,1896,2968682.5
Bulgaria,BGR,1897,2334151.2
Bulgaria,BGR,1898,1759965.8
Bulgaria,BGR,1899,1189774
Bulgaria,BGR,1900,5043239.5
Bulgaria,BGR,1901,6526719.5
Bulgaria,BGR,1902,7451660
Bulgaria,BGR,1903,8247370.5
Bulgaria,BGR,1904,9032493
Bulgaria,BGR,1905,9702455
Bulgaria,BGR,1906,10203397
Bulgaria,BGR,1907,10848591
Bulgaria,BGR,1908,11474329
Bulgaria,BGR,1909,11895066
Bulgaria,BGR,1910,11326633
Bulgaria,BGR,1911,11562888
Bulgaria,BGR,1912,11627997
Bulgaria,BGR,1913,11579742
Bulgaria,BGR,1914,12046829
Bulgaria,BGR,1915,11706993
Bulgaria,BGR,1916,11969629
Bulgaria,BGR,1917,12251646
Bulgaria,BGR,1918,12621234
Bulgaria,BGR,1919,12102558
Bulgaria,BGR,1920,15172221
Bulgaria,BGR,1921,16648264
Bulgaria,BGR,1922,17665244
Bulgaria,BGR,1923,18492246
Bulgaria,BGR,1924,19400258
Bulgaria,BGR,1925,19964624
Bulgaria,BGR,1926,20481798
Bulgaria,BGR,1927,21041802
Bulgaria,BGR,1928,21807572
Bulgaria,BGR,1929,22566978
Bulgaria,BGR,1930,21278004
Bulgaria,BGR,1931,20891674
Bulgaria,BGR,1932,21161272
Bulgaria,BGR,1933,20829182
Bulgaria,BGR,1934,20956652
Bulgaria,BGR,1935,20964882
Bulgaria,BGR,1936,21033184
Bulgaria,BGR,1937,21328344
Bulgaria,BGR,1938,21722006
Bulgaria,BGR,1939,22059314
Bulgaria,BGR,1940,21475876
Bulgaria,BGR,1941,21345438
Bulgaria,BGR,1942,21964836
Bulgaria,BGR,1943,22196806
Bulgaria,BGR,1944,20525040
Bulgaria,BGR,1945,21147332
Bulgaria,BGR,1946,20759674
Bulgaria,BGR,1947,21514496
Bulgaria,BGR,1948,21606364
Bulgaria,BGR,1949,22746148
Bulgaria,BGR,1950,22481552
Bulgaria,BGR,1951,23011580
Bulgaria,BGR,1952,24214914
Bulgaria,BGR,1953,24946416
Bulgaria,BGR,1954,25505436
Bulgaria,BGR,1955,25940268
Bulgaria,BGR,1956,26576864
Bulgaria,BGR,1957,27828728
Bulgaria,BGR,1958,28875728
Bulgaria,BGR,1959,33379804
Bulgaria,BGR,1960,35327876
Bulgaria,BGR,1961,35492436
Bulgaria,BGR,1962,40134856
Bulgaria,BGR,1963,50035828
Bulgaria,BGR,1964,54448850
Bulgaria,BGR,1965,56286076
Bulgaria,BGR,1966,61813964
Bulgaria,BGR,1967,65958936
Bulgaria,BGR,1968,79427910
Bulgaria,BGR,1969,77104900
Bulgaria,BGR,1970,69697020
Bulgaria,BGR,1971,72710170
Bulgaria,BGR,1972,72644000
Bulgaria,BGR,1973,78620440
Bulgaria,BGR,1974,74552696
Bulgaria,BGR,1975,93588400
Bulgaria,BGR,1976,81939640
Bulgaria,BGR,1977,81957760
Bulgaria,BGR,1978,85569816
Bulgaria,BGR,1979,81203470
Bulgaria,BGR,1980,79408230
Bulgaria,BGR,1981,82251970
Bulgaria,BGR,1982,91588210
Bulgaria,BGR,1983,91708970
Bulgaria,BGR,1984,88571280
Bulgaria,BGR,1985,90683570
Bulgaria,BGR,1986,92594456
Bulgaria,BGR,1987,92484660
Bulgaria,BGR,1988,88142050
Bulgaria,BGR,1989,87553800
Bulgaria,BGR,1990,77826440
Bulgaria,BGR,1991,67297860
Bulgaria,BGR,1992,59959604
Bulgaria,BGR,1993,60821944
Bulgaria,BGR,1994,60284956
Bulgaria,BGR,1995,65427844
Bulgaria,BGR,1996,73437840
Bulgaria,BGR,1997,48141864
Bulgaria,BGR,1998,48228030
Bulgaria,BGR,1999,38358252
Bulgaria,BGR,2000,35898670
Bulgaria,BGR,2001,36572748
Bulgaria,BGR,2002,35290260
Bulgaria,BGR,2003,40407200
Bulgaria,BGR,2004,35216350
Bulgaria,BGR,2005,36303924
Bulgaria,BGR,2006,37159890
Bulgaria,BGR,2007,41788148
Bulgaria,BGR,2008,41209500
Bulgaria,BGR,2009,35626456
Bulgaria,BGR,2010,39942130
Bulgaria,BGR,2011,50316556
Bulgaria,BGR,2012,44188536
Bulgaria,BGR,2013,35810492
Bulgaria,BGR,2014,40309410
Bulgaria,BGR,2015,42191376
Bulgaria,BGR,2016,39397710
Bulgaria,BGR,2017,42161064
Bulgaria,BGR,2018,38024344
Bulgaria,BGR,2019,36843480
Bulgaria,BGR,2020,31149400
Bulgaria,BGR,2021,37070284
Bulgaria,BGR,2022,41167570
Burkina Faso,BFA,1950,9843615
Burkina Faso,BFA,1951,9021409
Burkina Faso,BFA,1952,8714071
Burkina Faso,BFA,1953,8629597
Burkina Faso,BFA,1954,8661522
Burkina Faso,BFA,1955,8849840
Burkina Faso,BFA,1956,8942317
Burkina Faso,BFA,1957,9006870
Burkina Faso,BFA,1958,9422269
Burkina Faso,BFA,1959,9339462
Burkina Faso,BFA,1960,7780320.5
Burkina Faso,BFA,1961,7684031
Burkina Faso,BFA,1962,6914811
Burkina Faso,BFA,1963,6658440.5
Burkina Faso,BFA,1964,6220189.5
Burkina Faso,BFA,1965,5875554
Burkina Faso,BFA,1966,5538759
Burkina Faso,BFA,1967,5662639
Burkina Faso,BFA,1968,5620246.5
Burkina Faso,BFA,1969,5304482.5
Burkina Faso,BFA,1970,3982438.2
Burkina Faso,BFA,1971,8316694
Burkina Faso,BFA,1972,10370842
Burkina Faso,BFA,1973,11800608
Burkina Faso,BFA,1974,13097700
Burkina Faso,BFA,1975,11928006
Burkina Faso,BFA,1976,11389104
Burkina Faso,BFA,1977,11121010
Burkina Faso,BFA,1978,11251265
Burkina Faso,BFA,1979,11016695
Burkina Faso,BFA,1980,11154132
Burkina Faso,BFA,1981,11337661
Burkina Faso,BFA,1982,11208249
Burkina Faso,BFA,1983,11381520
Burkina Faso,BFA,1984,11323739
Burkina Faso,BFA,1985,11270794
Burkina Faso,BFA,1986,11422849
Burkina Faso,BFA,1987,33898704
Burkina Faso,BFA,1988,22777622
Burkina Faso,BFA,1989,15640882
Burkina Faso,BFA,1990,11178424
Burkina Faso,BFA,1991,8442698
Burkina Faso,BFA,1992,6655839
Burkina Faso,BFA,1993,4647308
Burkina Faso,BFA,1994,5588186
Burkina Faso,BFA,1995,11785093
Burkina Faso,BFA,1996,25689296
Burkina Faso,BFA,1997,22702524
Burkina Faso,BFA,1998,14582344
Burkina Faso,BFA,1999,2053388
Burkina Faso,BFA,2000,47013864
Burkina Faso,BFA,2001,37673816
Burkina Faso,BFA,2002,44444004
Burkina Faso,BFA,2003,13046555
Burkina Faso,BFA,2004,23072604
Burkina Faso,BFA,2005,10572049
Burkina Faso,BFA,2006,26978672
Burkina Faso,BFA,2007,73143520
Burkina Faso,BFA,2008,37481216
Burkina Faso,BFA,2009,39187524
Burkina Faso,BFA,2010,20133234
Burkina Faso,BFA,2011,29716052
Burkina Faso,BFA,2012,28980330
Burkina Faso,BFA,2013,14567242
Burkina Faso,BFA,2014,11715348
Burkina Faso,BFA,2015,9284632
Burkina Faso,BFA,2016,8020602
Burkina Faso,BFA,2017,5579877
Burkina Faso,BFA,2018,5226319.5
Burkina Faso,BFA,2019,5003421
Burkina Faso,BFA,2020,4153098.5
Burkina Faso,BFA,2021,4495419.5
Burkina Faso,BFA,2022,4144787.5
Burundi,BDI,1950,8936350
Burundi,BDI,1951,7990231.5
Burundi,BDI,1952,7945520
Burundi,BDI,1953,7711490
Burundi,BDI,1954,7522097.5
Burundi,BDI,1955,7773825
Burundi,BDI,1956,8015000.5
Burundi,BDI,1957,7530593.5
Burundi,BDI,1958,7563276
Burundi,BDI,1959,7723706.5
Burundi,BDI,1960,6150621
Burundi,BDI,1961,6191642.5
Burundi,BDI,1962,6612347.5
Burundi,BDI,1963,7169862
Burundi,BDI,1964,8155331.5
Burundi,BDI,1965,6941485
Burundi,BDI,1966,7641858
Burundi,BDI,1967,6830099
Burundi,BDI,1968,11804089
Burundi,BDI,1969,7243471.5
Burundi,BDI,1970,4861102
Burundi,BDI,1971,3136787
Burundi,BDI,1972,4179085
Burundi,BDI,1973,3371722.8
Burundi,BDI,1974,2446599.5
Burundi,BDI,1975,2007175.8
Burundi,BDI,1976,2169784
Burundi,BDI,1977,2415052.5
Burundi,BDI,1978,2499983.8
Burundi,BDI,1979,2640351.8
Burundi,BDI,1980,2780060
Burundi,BDI,1981,2585208.5
Burundi,BDI,1982,2409153.2
Burundi,BDI,1983,2236835.2
Burundi,BDI,1984,2301065.2
Burundi,BDI,1985,2564397
Burundi,BDI,1986,2593599
Burundi,BDI,1987,2412964
Burundi,BDI,1988,2202870
Burundi,BDI,1989,1900626.8
Burundi,BDI,1990,1844604.2
Burundi,BDI,1991,2046124.1
Burundi,BDI,1992,1690606.2
Burundi,BDI,1993,1938439.1
Burundi,BDI,1994,3708407.8
Burundi,BDI,1995,4106391.2
Burundi,BDI,1996,4349424.5
Burundi,BDI,1997,3970200.8
Burundi,BDI,1998,4361112.5
Burundi,BDI,1999,3702911.8
Burundi,BDI,2000,4814386
Burundi,BDI,2001,4912508
Burundi,BDI,2002,3719436.2
Burundi,BDI,2003,3699064.5
Burundi,BDI,2004,2063345
Burundi,BDI,2005,829053.25
Burundi,BDI,2006,92003.04
Burundi,BDI,2007,2822599
Burundi,BDI,2008,3951367.5
Burundi,BDI,2009,3127883.5
Burundi,BDI,2010,5282059
Burundi,BDI,2011,6724136
Burundi,BDI,2012,8656406
Burundi,BDI,2013,6567683
Burundi,BDI,2014,5121759
Burundi,BDI,2015,4369246.5
Burundi,BDI,2016,3848152.8
Burundi,BDI,2017,3548620.5
Burundi,BDI,2018,3361567.5
Burundi,BDI,2019,3114473.5
Burundi,BDI,2020,2989162.8
Burundi,BDI,2021,2867851.5
Burundi,BDI,2022,2721135
Cambodia,KHM,1955,91348320
Cambodia,KHM,1956,94227970
Cambodia,KHM,1957,97125310
Cambodia,KHM,1958,99069220
Cambodia,KHM,1959,113034370
Cambodia,KHM,1960,75792330
Cambodia,KHM,1961,59135200
Cambodia,KHM,1962,50196948
Cambodia,KHM,1963,56765620
Cambodia,KHM,1964,52591564
Cambodia,KHM,1965,44077640
Cambodia,KHM,1966,38335976
Cambodia,KHM,1967,32448036
Cambodia,KHM,1968,26661482
Cambodia,KHM,1969,24066378
Cambodia,KHM,1970,-5457787
Cambodia,KHM,1971,-5174949
Cambodia,KHM,1972,-3492388
Cambodia,KHM,1973,8330393.5
Cambodia,KHM,1974,3571379
Cambodia,KHM,1975,12412582
Cambodia,KHM,1976,6477642
Cambodia,KHM,1977,14553252
Cambodia,KHM,1978,7673038.5
Cambodia,KHM,1979,15332191
Cambodia,KHM,1980,7179901
Cambodia,KHM,1981,10420270
Cambodia,KHM,1982,7974952
Cambodia,KHM,1983,5973126
Cambodia,KHM,1984,65342344
Cambodia,KHM,1985,91339416
Cambodia,KHM,1986,129890160
Cambodia,KHM,1987,157936380
Cambodia,KHM,1988,139883420
Cambodia,KHM,1989,87228220
Cambodia,KHM,1990,69693016
Cambodia,KHM,1991,52186644
Cambodia,KHM,1992,44928224
Cambodia,KHM,1993,41517520
Cambodia,KHM,1994,41571380
Cambodia,KHM,1995,36757216
Cambodia,KHM,1996,32579512
Cambodia,KHM,1997,36505836
Cambodia,KHM,1998,35702880
Cambodia,KHM,1999,48577276
Cambodia,KHM,2000,55877500
Cambodia,KHM,2001,54270252
Cambodia,KHM,2002,51953176
Cambodia,KHM,2003,55935760
Cambodia,KHM,2004,57823670
Cambodia,KHM,2005,39321756
Cambodia,KHM,2006,31002276
Cambodia,KHM,2007,29768476
Cambodia,KHM,2008,30952762
Cambodia,KHM,2009,46923990
Cambodia,KHM,2010,34095224
Cambodia,KHM,2011,29641948
Cambodia,KHM,2012,27264038
Cambodia,KHM,2013,23858534
Cambodia,KHM,2014,50530496
Cambodia,KHM,2015,35421464
Cambodia,KHM,2016,31856122
Cambodia,KHM,2017,46449016
Cambodia,KHM,2018,44366184
Cambodia,KHM,2019,48414970
Cambodia,KHM,2020,48514064
Cambodia,KHM,2021,49613976
Cambodia,KHM,2022,48548200
Cameroon,CMR,1950,54896500
Cameroon,CMR,1951,52642080
Cameroon,CMR,1952,51331576
Cameroon,CMR,1953,50572690
Cameroon,CMR,1954,49817690
Cameroon,CMR,1955,48158304
Cameroon,CMR,1956,46498444
Cameroon,CMR,1957,49848324
Cameroon,CMR,1958,48418996
Cameroon,CMR,1959,42238744
Cameroon,CMR,1960,28161358
Cameroon,CMR,1961,30366242
Cameroon,CMR,1962,30943798
Cameroon,CMR,1963,33337014
Cameroon,CMR,1964,32695740
Cameroon,CMR,1965,33005970
Cameroon,CMR,1966,33724300
Cameroon,CMR,1967,34216590
Cameroon,CMR,1968,32417608
Cameroon,CMR,1969,24874748
Cameroon,CMR,1970,26852092
Cameroon,CMR,1971,27769404
Cameroon,CMR,1972,30037852
Cameroon,CMR,1973,36703060
Cameroon,CMR,1974,40803640
Cameroon,CMR,1975,46128480
Cameroon,CMR,1976,48089550
Cameroon,CMR,1977,36819004
Cameroon,CMR,1978,59353564
Cameroon,CMR,1979,44333570
Cameroon,CMR,1980,35200210
Cameroon,CMR,1981,35527630
Cameroon,CMR,1982,32964490
Cameroon,CMR,1983,33780200
Cameroon,CMR,1984,33351890
Cameroon,CMR,1985,35948670
Cameroon,CMR,1986,22788432
Cameroon,CMR,1987,18702594
Cameroon,CMR,1988,16370501
Cameroon,CMR,1989,20353400
Cameroon,CMR,1990,16996764
Cameroon,CMR,1991,21001374
Cameroon,CMR,1992,18255792
Cameroon,CMR,1993,18853556
Cameroon,CMR,1994,25700994
Cameroon,CMR,1995,30551848
Cameroon,CMR,1996,33584476
Cameroon,CMR,1997,34858700
Cameroon,CMR,1998,44429730
Cameroon,CMR,1999,38521730
Cameroon,CMR,2000,35213400
Cameroon,CMR,2001,29958728
Cameroon,CMR,2002,30934926
Cameroon,CMR,2003,36668720
Cameroon,CMR,2004,30939676
Cameroon,CMR,2005,29310574
Cameroon,CMR,2006,31600784
Cameroon,CMR,2007,36435910
Cameroon,CMR,2008,57318868
Cameroon,CMR,2009,83359990
Cameroon,CMR,2010,60478256
Cameroon,CMR,2011,49999450
Cameroon,CMR,2012,42581130
Cameroon,CMR,2013,40002436
Cameroon,CMR,2014,35268680
Cameroon,CMR,2015,39047100
Cameroon,CMR,2016,38903790
Cameroon,CMR,2017,42217744
Cameroon,CMR,2018,35695904
Cameroon,CMR,2019,33806948
Cameroon,CMR,2020,34350440
Cameroon,CMR,2021,33641196
Cameroon,CMR,2022,31517372
Canada,CAN,1850,72374150
Canada,CAN,1851,72640744
Canada,CAN,1852,83655160
Canada,CAN,1853,88746330
Canada,CAN,1854,87389144
Canada,CAN,1855,90991480
Canada,CAN,1856,92752440
Canada,CAN,1857,102483910
Canada,CAN,1858,102957416
Canada,CAN,1859,108595496
Canada,CAN,1860,117350890
Canada,CAN,1861,121407920
Canada,CAN,1862,121225350
Canada,CAN,1863,115197704
Canada,CAN,1864,123437560
Canada,CAN,1865,120964940
Canada,CAN,1866,136074560
Canada,CAN,1867,140370480
Canada,CAN,1868,140616110
Canada,CAN,1869,141880930
Canada,CAN,1870,134947680
Canada,CAN,1871,132729680
Canada,CAN,1872,129957100
Canada,CAN,1873,133624536
Canada,CAN,1874,132966264
Canada,CAN,1875,127543730
Canada,CAN,1876,130737896
Canada,CAN,1877,132810430
Canada,CAN,1878,134171790
Canada,CAN,1879,133587240
Canada,CAN,1880,138594400
Canada,CAN,1881,135502740
Canada,CAN,1882,141904670
Canada,CAN,1883,140723140
Canada,CAN,1884,148215650
Canada,CAN,1885,148391570
Canada,CAN,1886,156273860
Canada,CAN,1887,159125580
Canada,CAN,1888,164500260
Canada,CAN,1889,163848110
Canada,CAN,1890,153178880
Canada,CAN,1891,145645950
Canada,CAN,1892,143886200
Canada,CAN,1893,144379440
Canada,CAN,1894,151069390
Canada,CAN,1895,149686050
Canada,CAN,1896,153525980
Canada,CAN,1897,145418140
Canada,CAN,1898,146664350
Canada,CAN,1899,145541490
Canada,CAN,1900,208771820
Canada,CAN,1901,234197020
Canada,CAN,1902,253994960
Canada,CAN,1903,270508380
Canada,CAN,1904,290610370
Canada,CAN,1905,305725220
Canada,CAN,1906,319843040
Canada,CAN,1907,338250050
Canada,CAN,1908,347334080
Canada,CAN,1909,361070400
Canada,CAN,1910,378691650
Canada,CAN,1911,395494340
Canada,CAN,1912,407660160
Canada,CAN,1913,427410430
Canada,CAN,1914,423960770
Canada,CAN,1915,426331460
Canada,CAN,1916,447270980
Canada,CAN,1917,459287500
Canada,CAN,1918,475296930
Canada,CAN,1919,462812860
Canada,CAN,1920,447644350
Canada,CAN,1921,430762370
Canada,CAN,1922,415252670
Canada,CAN,1923,439812100
Canada,CAN,1924,416818370
Canada,CAN,1925,413042370
Canada,CAN,1926,420881920
Canada,CAN,1927,427898880
Canada,CAN,1928,425091680
Canada,CAN,1929,427721200
Canada,CAN,1930,435268300
Canada,CAN,1931,423954270
Canada,CAN,1932,417212700
Canada,CAN,1933,419223840
Canada,CAN,1934,432806530
Canada,CAN,1935,436313800
Canada,CAN,1936,443013470
Canada,CAN,1937,439533700
Canada,CAN,1938,434623170
Canada,CAN,1939,449191000
Canada,CAN,1940,440572740
Canada,CAN,1941,445055780
Canada,CAN,1942,455933570
Canada,CAN,1943,457898600
Canada,CAN,1944,460692350
Canada,CAN,1945,448875200
Canada,CAN,1946,460507800
Canada,CAN,1947,459892160
Canada,CAN,1948,464339100
Canada,CAN,1949,450011460
Canada,CAN,1950,513584540
Canada,CAN,1951,529079360
Canada,CAN,1952,535601400
Canada,CAN,1953,542844200
Canada,CAN,1954,552437000
Canada,CAN,1955,569666050
Canada,CAN,1956,594026100
Canada,CAN,1957,596087940
Canada,CAN,1958,605298600
Canada,CAN,1959,611465600
Canada,CAN,1960,561375170
Canada,CAN,1961,550243900
Canada,CAN,1962,550536640
Canada,CAN,1963,556566140
Canada,CAN,1964,577480450
Canada,CAN,1965,572190900
Canada,CAN,1966,551746560
Canada,CAN,1967,564149100
Canada,CAN,1968,573022900
Canada,CAN,1969,566020350
Canada,CAN,1970,595037950
Canada,CAN,1971,608969000
Canada,CAN,1972,629766900
Canada,CAN,1973,626219140
Canada,CAN,1974,629997700
Canada,CAN,1975,632055940
Canada,CAN,1976,645954600
Canada,CAN,1977,664681600
Canada,CAN,1978,676743740
Canada,CAN,1979,698962370
Canada,CAN,1980,704125600
Canada,CAN,1981,687256700
Canada,CAN,1982,660570800
Canada,CAN,1983,648189800
Canada,CAN,1984,681259300
Canada,CAN,1985,678194400
Canada,CAN,1986,657191940
Canada,CAN,1987,680906400
Canada,CAN,1988,706695000
Canada,CAN,1989,708800500
Canada,CAN,1990,698519360
Canada,CAN,1991,676601900
Canada,CAN,1992,692569200
Canada,CAN,1993,691926700
Canada,CAN,1994,708337200
Canada,CAN,1995,722819460
Canada,CAN,1996,738650200
Canada,CAN,1997,759618370
Canada,CAN,1998,762534400
Canada,CAN,1999,773598200
Canada,CAN,2000,796565250
Canada,CAN,2001,827888400
Canada,CAN,2002,793920060
Canada,CAN,2003,795193150
Canada,CAN,2004,798176960
Canada,CAN,2005,807101200
Canada,CAN,2006,753974400
Canada,CAN,2007,760951200
Canada,CAN,2008,715279900
Canada,CAN,2009,655273000
Canada,CAN,2010,651908900
Canada,CAN,2011,681809400
Canada,CAN,2012,681564160
Canada,CAN,2013,691786100
Canada,CAN,2014,698927400
Canada,CAN,2015,718217860
Canada,CAN,2016,674550300
Canada,CAN,2017,721879600
Canada,CAN,2018,713817340
Canada,CAN,2019,708518140
Canada,CAN,2020,645677440
Canada,CAN,2021,655622300
Canada,CAN,2022,665826500
Cape Verde,CPV,1950,254171.69
Cape Verde,CPV,1951,247026.88
Cape Verde,CPV,1952,176641.44
Cape Verde,CPV,1953,123586.72
Cape Verde,CPV,1954,95557.12
Cape Verde,CPV,1955,72473.92
Cape Verde,CPV,1956,66574.875
Cape Verde,CPV,1957,52944.8
Cape Verde,CPV,1958,57598.08
Cape Verde,CPV,1959,80101.68
Cape Verde,CPV,1960,60132.88
Cape Verde,CPV,1961,48884.4
Cape Verde,CPV,1962,38771.758
Cape Verde,CPV,1963,31040.72
Cape Verde,CPV,1964,42919.72
Cape Verde,CPV,1965,37240.52
Cape Verde,CPV,1966,32133.28
Cape Verde,CPV,1967,27260.16
Cape Verde,CPV,1968,37196.24
Cape Verde,CPV,1969,43505.96
Cape Verde,CPV,1970,42589.96
Cape Verde,CPV,1971,41922.8
Cape Verde,CPV,1972,56835.28
Cape Verde,CPV,1973,71755.4
Cape Verde,CPV,1974,74562.4
Cape Verde,CPV,1975,81084.32
Cape Verde,CPV,1976,75551.68
Cape Verde,CPV,1977,81927.04
Cape Verde,CPV,1978,209348.08
Cape Verde,CPV,1979,249664.95
Cape Verde,CPV,1980,120948.64
Cape Verde,CPV,1981,33122.56
Cape Verde,CPV,1982,37116.32
Cape Verde,CPV,1983,37446.08
Cape Verde,CPV,1984,85407.84
Cape Verde,CPV,1985,85297.92
Cape Verde,CPV,1986,60199.52
Cape Verde,CPV,1987,236291.36
Cape Verde,CPV,1988,150810.23
Cape Verde,CPV,1989,201703.2
Cape Verde,CPV,1990,246733.77
Cape Verde,CPV,1991,282457.75
Cape Verde,CPV,1992,244462.08
Cape Verde,CPV,1993,223650.56
Cape Verde,CPV,1994,286231.7
Cape Verde,CPV,1995,281871.53
Cape Verde,CPV,1996,419747.84
Cape Verde,CPV,1997,345844.94
Cape Verde,CPV,1998,286121.75
Cape Verde,CPV,1999,337820.8
Cape Verde,CPV,2000,475990.25
Cape Verde,CPV,2001,510908.2
Cape Verde,CPV,2002,473572
Cape Verde,CPV,2003,540586.56
Cape Verde,CPV,2004,499769.6
Cape Verde,CPV,2005,565245.25
Cape Verde,CPV,2006,578325.75
Cape Verde,CPV,2007,704220.75
Cape Verde,CPV,2008,574954.9
Cape Verde,CPV,2009,583748.5
Cape Verde,CPV,2010,663220.6
Cape Verde,CPV,2011,1125947.2
Cape Verde,CPV,2012,812785.1
Cape Verde,CPV,2013,551285.44
Cape Verde,CPV,2014,495812.47
Cape Verde,CPV,2015,468588.97
Cape Verde,CPV,2016,490829.44
Cape Verde,CPV,2017,436638.88
Cape Verde,CPV,2018,441731.84
Cape Verde,CPV,2019,448583.5
Cape Verde,CPV,2020,396078.38
Cape Verde,CPV,2021,430581.38
Cape Verde,CPV,2022,434199.28
Central African Republic,CAF,1950,18245260
Central African Republic,CAF,1951,14040994
Central African Republic,CAF,1952,12188326
Central African Republic,CAF,1953,11415752
Central African Republic,CAF,1954,10822401
Central African Republic,CAF,1955,10616751
Central African Republic,CAF,1956,10810910
Central African Republic,CAF,1957,11335673
Central African Republic,CAF,1958,11598382
Central African Republic,CAF,1959,11950136
Central African Republic,CAF,1960,8718231
Central African Republic,CAF,1961,7915009.5
Central African Republic,CAF,1962,7147071.5
Central African Republic,CAF,1963,7206941.5
Central African Republic,CAF,1964,6689181.5
Central African Republic,CAF,1965,6594467
Central African Republic,CAF,1966,6358579
Central African Republic,CAF,1967,6347513.5
Central African Republic,CAF,1968,6337071.5
Central African Republic,CAF,1969,6379463.5
Central African Republic,CAF,1970,6432445
Central African Republic,CAF,1971,6491545.5
Central African Republic,CAF,1972,6497554.5
Central African Republic,CAF,1973,6610296
Central African Republic,CAF,1974,7450561
Central African Republic,CAF,1975,7047154.5
Central African Republic,CAF,1976,6798552
Central African Republic,CAF,1977,6739452
Central African Republic,CAF,1978,6672767
Central African Republic,CAF,1979,7019674.5
Central African Republic,CAF,1980,5889990
Central African Republic,CAF,1981,6656828.5
Central African Republic,CAF,1982,6480627
Central African Republic,CAF,1983,6830429
Central African Republic,CAF,1984,6100340
Central African Republic,CAF,1985,7679744
Central African Republic,CAF,1986,6486819
Central African Republic,CAF,1987,5992692
Central African Republic,CAF,1988,5513587
Central African Republic,CAF,1989,5433089
Central African Republic,CAF,1990,5333098.5
Central African Republic,CAF,1991,6036440
Central African Republic,CAF,1992,5756986.5
Central African Republic,CAF,1993,5681178.5
Central African Republic,CAF,1994,5797730.5
Central African Republic,CAF,1995,5633583.5
Central African Republic,CAF,1996,5691584.5
Central African Republic,CAF,1997,6538627.5
Central African Republic,CAF,1998,8893260
Central African Republic,CAF,1999,8301378.5
Central African Republic,CAF,2000,9452717
Central African Republic,CAF,2001,8204832.5
Central African Republic,CAF,2002,6145334
Central African Republic,CAF,2003,8094105.5
Central African Republic,CAF,2004,6686580
Central African Republic,CAF,2005,5892042
Central African Republic,CAF,2006,5167705.5
Central African Republic,CAF,2007,5181079.5
Central African Republic,CAF,2008,15019469
Central African Republic,CAF,2009,4434685.5
Central African Republic,CAF,2010,3947520.5
Central African Republic,CAF,2011,3666455
Central African Republic,CAF,2012,2906358
Central African Republic,CAF,2013,2839783
Central African Republic,CAF,2014,1792685.2
Central African Republic,CAF,2015,2040774.6
Central African Republic,CAF,2016,2881846
Central African Republic,CAF,2017,4955120.5
Central African Republic,CAF,2018,2955272.5
Central African Republic,CAF,2019,2385740.2
Central African Republic,CAF,2020,2581068.2
Central African Republic,CAF,2021,2593865.2
Central African Republic,CAF,2022,2572028.8
Chad,TCD,1950,10819496
Chad,TCD,1951,10778471
Chad,TCD,1952,11117126
Chad,TCD,1953,11024471
Chad,TCD,1954,11715844
Chad,TCD,1955,11774950
Chad,TCD,1956,12227648
Chad,TCD,1957,12166710
Chad,TCD,1958,12622308
Chad,TCD,1959,12839059
Chad,TCD,1960,12874710
Chad,TCD,1961,10349078
Chad,TCD,1962,8259865
Chad,TCD,1963,6357846
Chad,TCD,1964,5368016.5
Chad,TCD,1965,5026935
Chad,TCD,1966,4035346.2
Chad,TCD,1967,3802279.5
Chad,TCD,1968,3445112.8
Chad,TCD,1969,3261216.5
Chad,TCD,1970,3093588.5
Chad,TCD,1971,2264058.8
Chad,TCD,1972,2980590.8
Chad,TCD,1973,3608527
Chad,TCD,1974,8266570
Chad,TCD,1975,11790605
Chad,TCD,1976,7981877
Chad,TCD,1977,8579036
Chad,TCD,1978,6527452.5
Chad,TCD,1979,5096697.5
Chad,TCD,1980,4361223
Chad,TCD,1981,3693458.8
Chad,TCD,1982,3536712.5
Chad,TCD,1983,2986416.5
Chad,TCD,1984,2942155.2
Chad,TCD,1985,5704994.5
Chad,TCD,1986,4312198.5
Chad,TCD,1987,5092703.5
Chad,TCD,1988,4655918
Chad,TCD,1989,6906127
Chad,TCD,1990,8323472
Chad,TCD,1991,6523056
Chad,TCD,1992,7245083.5
Chad,TCD,1993,6690317.5
Chad,TCD,1994,6711400
Chad,TCD,1995,5340542
Chad,TCD,1996,16742228
Chad,TCD,1997,11214082
Chad,TCD,1998,7021116.5
Chad,TCD,1999,7364722.5
Chad,TCD,2000,22271276
Chad,TCD,2001,9557799
Chad,TCD,2002,12850094
Chad,TCD,2003,17954162
Chad,TCD,2004,15319088
Chad,TCD,2005,10007548
Chad,TCD,2006,7184255
Chad,TCD,2007,5357295
Chad,TCD,2008,11366489
Chad,TCD,2009,20744066
Chad,TCD,2010,18654332
Chad,TCD,2011,32787748
Chad,TCD,2012,41289304
Chad,TCD,2013,37955580
Chad,TCD,2014,25175772
Chad,TCD,2015,18988092
Chad,TCD,2016,14335942
Chad,TCD,2017,17056188
Chad,TCD,2018,14888998
Chad,TCD,2019,14212452
Chad,TCD,2020,14190846
Chad,TCD,2021,14375399
Chad,TCD,2022,13372380
Chile,CHL,1895,23509688
Chile,CHL,1896,23783646
Chile,CHL,1897,24415942
Chile,CHL,1898,24792712
Chile,CHL,1899,25084550
Chile,CHL,1900,26907976
Chile,CHL,1901,28392774
Chile,CHL,1902,29493442
Chile,CHL,1903,30314396
Chile,CHL,1904,30790534
Chile,CHL,1905,31500470
Chile,CHL,1906,32456628
Chile,CHL,1907,32785104
Chile,CHL,1908,33701216
Chile,CHL,1909,34101470
Chile,CHL,1910,34758464
Chile,CHL,1911,35364708
Chile,CHL,1912,36128760
Chile,CHL,1913,36302730
Chile,CHL,1914,36230730
Chile,CHL,1915,36866216
Chile,CHL,1916,37928004
Chile,CHL,1917,38629184
Chile,CHL,1918,38997016
Chile,CHL,1919,39280684
Chile,CHL,1920,40627570
Chile,CHL,1921,41905500
Chile,CHL,1922,41641212
Chile,CHL,1923,42088076
Chile,CHL,1924,43106740
Chile,CHL,1925,42814316
Chile,CHL,1926,42785332
Chile,CHL,1927,42527828
Chile,CHL,1928,42057840
Chile,CHL,1929,42149664
Chile,CHL,1930,43849440
Chile,CHL,1931,43639988
Chile,CHL,1932,44002256
Chile,CHL,1933,45444176
Chile,CHL,1934,46404972
Chile,CHL,1935,46795560
Chile,CHL,1936,46745840
Chile,CHL,1937,46910344
Chile,CHL,1938,46989280
Chile,CHL,1939,46301076
Chile,CHL,1940,46160164
Chile,CHL,1941,46268050
Chile,CHL,1942,46243870
Chile,CHL,1943,46228016
Chile,CHL,1944,45933230
Chile,CHL,1945,45065244
Chile,CHL,1946,44467144
Chile,CHL,1947,44330060
Chile,CHL,1948,44413824
Chile,CHL,1949,44134736
Chile,CHL,1950,45282870
Chile,CHL,1951,46730616
Chile,CHL,1952,47015160
Chile,CHL,1953,47868830
Chile,CHL,1954,49717176
Chile,CHL,1955,51428108
Chile,CHL,1956,52661200
Chile,CHL,1957,53702250
Chile,CHL,1958,55519080
Chile,CHL,1959,57052380
Chile,CHL,1960,58021510
Chile,CHL,1961,51093184
Chile,CHL,1962,50746740
Chile,CHL,1963,49708096
Chile,CHL,1964,48706560
Chile,CHL,1965,48079170
Chile,CHL,1966,49679856
Chile,CHL,1967,49926610
Chile,CHL,1968,50735616
Chile,CHL,1969,62105120
Chile,CHL,1970,63157784
Chile,CHL,1971,66413730
Chile,CHL,1972,73154750
Chile,CHL,1973,74669240
Chile,CHL,1974,66696190
Chile,CHL,1975,76136700
Chile,CHL,1976,58213970
Chile,CHL,1977,49727360
Chile,CHL,1978,44862870
Chile,CHL,1979,44553144
Chile,CHL,1980,41816684
Chile,CHL,1981,37443504
Chile,CHL,1982,31683356
Chile,CHL,1983,30887250
Chile,CHL,1984,32350412
Chile,CHL,1985,30550612
Chile,CHL,1986,26257376
Chile,CHL,1987,27488026
Chile,CHL,1988,34433428
Chile,CHL,1989,33910800
Chile,CHL,1990,34423108
Chile,CHL,1991,29993618
Chile,CHL,1992,31065444
Chile,CHL,1993,40439536
Chile,CHL,1994,40598476
Chile,CHL,1995,45698710
Chile,CHL,1996,54605350
Chile,CHL,1997,70408660
Chile,CHL,1998,66875964
Chile,CHL,1999,73395900
Chile,CHL,2000,79491160
Chile,CHL,2001,76942536
Chile,CHL,2002,72880850
Chile,CHL,2003,84332580
Chile,CHL,2004,83146910
Chile,CHL,2005,87926140
Chile,CHL,2006,89555900
Chile,CHL,2007,103834770
Chile,CHL,2008,104827650
Chile,CHL,2009,99467544
Chile,CHL,2010,108998640
Chile,CHL,2011,112930136
Chile,CHL,2012,117083650
Chile,CHL,2013,117391020
Chile,CHL,2014,114640664
Chile,CHL,2015,119114430
Chile,CHL,2016,121584780
Chile,CHL,2017,121540220
Chile,CHL,2018,119450770
Chile,CHL,2019,125062720
Chile,CHL,2020,110557550
Chile,CHL,2021,116752150
Chile,CHL,2022,109530900
China,CHN,1907,164254140
China,CHN,1908,169670460
China,CHN,1909,171380220
China,CHN,1910,242044600
China,CHN,1911,262706670
China,CHN,1912,272523460
China,CHN,1913,294952670
China,CHN,1914,317969150
China,CHN,1915,321001440
China,CHN,1916,334631700
China,CHN,1917,351663940
China,CHN,1918,364888640
China,CHN,1919,371256770
China,CHN,1920,345548320
China,CHN,1921,330029340
China,CHN,1922,326744480
China,CHN,1923,330116130
China,CHN,1924,334396800
China,CHN,1925,335042850
China,CHN,1926,330834000
China,CHN,1927,333124830
China,CHN,1928,339297860
China,CHN,1929,343599400
China,CHN,1930,296689500
China,CHN,1931,278291800
China,CHN,1932,268931100
China,CHN,1933,261083250
China,CHN,1934,260214030
China,CHN,1935,262963870
China,CHN,1936,255588580
China,CHN,1937,247904510
China,CHN,1938,230824690
China,CHN,1939,237243710
China,CHN,1940,265450420
China,CHN,1941,287989340
China,CHN,1942,304892320
China,CHN,1943,287767780
China,CHN,1944,283034700
China,CHN,1945,235285540
China,CHN,1946,215736290
China,CHN,1947,220248200
China,CHN,1948,214140510
China,CHN,1949,240747700
China,CHN,1950,479623170
China,CHN,1951,535754560
China,CHN,1952,578667400
China,CHN,1953,606178700
China,CHN,1954,655811100
China,CHN,1955,715229250
China,CHN,1956,775531400
China,CHN,1957,844814660
China,CHN,1958,1173678000
China,CHN,1959,1559526700
China,CHN,1960,1328417800
China,CHN,1961,1081465000
China,CHN,1962,936605700
China,CHN,1963,921426500
China,CHN,1964,934636600
China,CHN,1965,949448300
China,CHN,1966,984952700
China,CHN,1967,887523700
China,CHN,1968,942250800
China,CHN,1969,1057780000
China,CHN,1970,1265898200
China,CHN,1971,1355041500
China,CHN,1972,1443854600
China,CHN,1973,1624450600
China,CHN,1974,1479169000
China,CHN,1975,1718869900
China,CHN,1976,1781839400
China,CHN,1977,1900500500
China,CHN,1978,2061147400
China,CHN,1979,2061974500
China,CHN,1980,2148362500
China,CHN,1981,2770510800
China,CHN,1982,3246749200
China,CHN,1983,3699152000
China,CHN,1984,4069680000
China,CHN,1985,3635893800
China,CHN,1986,3537107000
China,CHN,1987,3644379400
China,CHN,1988,3870589400
China,CHN,1989,3911879400
China,CHN,1990,3852928500
China,CHN,1991,3619209200
China,CHN,1992,3785728300
China,CHN,1993,4008885500
China,CHN,1994,4303095300
China,CHN,1995,4453870000
China,CHN,1996,4652544000
China,CHN,1997,4659895300
China,CHN,1998,4430843000
China,CHN,1999,4461805600
China,CHN,2000,4320913000
China,CHN,2001,4308903000
China,CHN,2002,4596372500
China,CHN,2003,5362099700
China,CHN,2004,5825695000
China,CHN,2005,6268588500
China,CHN,2006,6898948600
China,CHN,2007,7342994000
China,CHN,2008,7854141000
China,CHN,2009,8248936400
China,CHN,2010,8631894000
China,CHN,2011,9593181000
China,CHN,2012,9837238000
China,CHN,2013,10002810000
China,CHN,2014,10441911000
China,CHN,2015,10242954000
China,CHN,2016,9978355000
China,CHN,2017,10472554000
China,CHN,2018,11050448000
China,CHN,2019,11471032000
China,CHN,2020,11743429000
China,CHN,2021,12240529000
China,CHN,2022,12378281000
Colombia,COL,1921,210396000
Colombia,COL,1922,222462350
Colombia,COL,1923,215138860
Colombia,COL,1924,220341380
Colombia,COL,1925,222489730
Colombia,COL,1926,224261600
Colombia,COL,1927,225394000
Colombia,COL,1928,229292750
Colombia,COL,1929,224601550
Colombia,COL,1930,199477470
Colombia,COL,1931,183167400
Colombia,COL,1932,180669060
Colombia,COL,1933,171430270
Colombia,COL,1934,174130830
Colombia,COL,1935,165475760
Colombia,COL,1936,164102750
Colombia,COL,1937,163999760
Colombia,COL,1938,162292770
Colombia,COL,1939,164928740
Colombia,COL,1940,248027250
Colombia,COL,1941,281026100
Colombia,COL,1942,295612160
Colombia,COL,1943,305991400
Colombia,COL,1944,307879870
Colombia,COL,1945,314012350
Colombia,COL,1946,317840700
Colombia,COL,1947,312369380
Colombia,COL,1948,314124540
Colombia,COL,1949,312452600
Colombia,COL,1950,344096420
Colombia,COL,1951,354221980
Colombia,COL,1952,355281060
Colombia,COL,1953,364412350
Colombia,COL,1954,363354080
Colombia,COL,1955,374529180
Colombia,COL,1956,382490240
Colombia,COL,1957,408745570
Colombia,COL,1958,432047300
Colombia,COL,1959,484731870
Colombia,COL,1960,279195230
Colombia,COL,1961,417342720
Colombia,COL,1962,332819940
Colombia,COL,1963,298140200
Colombia,COL,1964,410486620
Colombia,COL,1965,208595200
Colombia,COL,1966,154551340
Colombia,COL,1967,125835030
Colombia,COL,1968,112335080
Colombia,COL,1969,97893050
Colombia,COL,1970,531509000
Colombia,COL,1971,208050750
Colombia,COL,1972,154252770
Colombia,COL,1973,128811810
Colombia,COL,1974,113711650
Colombia,COL,1975,105110220
Colombia,COL,1976,137853180
Colombia,COL,1977,97592890
Colombia,COL,1978,93396510
Colombia,COL,1979,92483780
Colombia,COL,1980,88875580
Colombia,COL,1981,90995600
Colombia,COL,1982,87563300
Colombia,COL,1983,94764160
Colombia,COL,1984,96919600
Colombia,COL,1985,93922360
Colombia,COL,1986,95664370
Colombia,COL,1987,78660100
Colombia,COL,1988,79228990
Colombia,COL,1989,75384110
Colombia,COL,1990,72855560
Colombia,COL,1991,95953336
Colombia,COL,1992,96866790
Colombia,COL,1993,103151304
Colombia,COL,1994,91842030
Colombia,COL,1995,164946430
Colombia,COL,1996,149335410
Colombia,COL,1997,209504590
Colombia,COL,1998,225671150
Colombia,COL,1999,162879300
Colombia,COL,2000,70691090
Colombia,COL,2001,41840536
Colombia,COL,2002,104210800
Colombia,COL,2003,210853920
Colombia,COL,2004,95998380
Colombia,COL,2005,61066760
Colombia,COL,2006,105096770
Colombia,COL,2007,95381200
Colombia,COL,2008,82913530
Colombia,COL,2009,84338980
Colombia,COL,2010,77323090
Colombia,COL,2011,202160800
Colombia,COL,2012,445793340
Colombia,COL,2013,219303800
Colombia,COL,2014,188385310
Colombia,COL,2015,174430620
Colombia,COL,2016,165036210
Colombia,COL,2017,149327970
Colombia,COL,2018,134284430
Colombia,COL,2019,132575650
Colombia,COL,2020,125904900
Colombia,COL,2021,133490000
Colombia,COL,2022,136969020
Comoros,COM,1959,248309.27
Comoros,COM,1960,154071.2
Comoros,COM,1961,110506.24
Comoros,COM,1962,85847.52
Comoros,COM,1963,70385.44
Comoros,COM,1964,59979.68
Comoros,COM,1965,56169.12
Comoros,COM,1966,54190.56
Comoros,COM,1967,49464
Comoros,COM,1968,45616.797
Comoros,COM,1969,42465.758
Comoros,COM,1970,50783.04
Comoros,COM,1971,48401.438
Comoros,COM,1972,46276.32
Comoros,COM,1973,44480.96
Comoros,COM,1974,42942.08
Comoros,COM,1975,45323.68
Comoros,COM,1976,51515.84
Comoros,COM,1977,433817.6
Comoros,COM,1978,216688.95
Comoros,COM,1979,132673.44
Comoros,COM,1980,120875.36
Comoros,COM,1981,100027.2
Comoros,COM,1982,87569.6
Comoros,COM,1983,842097.1
Comoros,COM,1984,427991.84
Comoros,COM,1985,273187.84
Comoros,COM,1986,422056.16
Comoros,COM,1987,337527.7
Comoros,COM,1988,229000
Comoros,COM,1989,175542.23
Comoros,COM,1990,159713.77
Comoros,COM,1991,216762.23
Comoros,COM,1992,166418.88
Comoros,COM,1993,528935.06
Comoros,COM,1994,463789.1
Comoros,COM,1995,449682.72
Comoros,COM,1996,446604.97
Comoros,COM,1997,607674.4
Comoros,COM,1998,523036
Comoros,COM,1999,405494.88
Comoros,COM,2000,446055.38
Comoros,COM,2001,303818.88
Comoros,COM,2002,245341.44
Comoros,COM,2003,238196.64
Comoros,COM,2004,180158.88
Comoros,COM,2005,170302.72
Comoros,COM,2006,187486.88
Comoros,COM,2007,125198.875
Comoros,COM,2008,130988
Comoros,COM,2009,150846.88
Comoros,COM,2010,189941.77
Comoros,COM,2011,175652.16
Comoros,COM,2012,221525.44
Comoros,COM,2013,214050.88
Comoros,COM,2014,181294.72
Comoros,COM,2015,158907.69
Comoros,COM,2016,175652.16
Comoros,COM,2017,245634.56
Comoros,COM,2018,275459.53
Comoros,COM,2019,280405.9
Comoros,COM,2020,333717.12
Comoros,COM,2021,357825.03
Comoros,COM,2022,349116.3
Congo,COG,1950,78661420
Congo,COG,1951,79027010
Congo,COG,1952,80729610
Congo,COG,1953,83077090
Congo,COG,1954,84645864
Congo,COG,1955,87019170
Congo,COG,1956,90594640
Congo,COG,1957,93576120
Congo,COG,1958,97000330
Congo,COG,1959,102131140
Congo,COG,1960,59276084
Congo,COG,1961,40206244
Congo,COG,1962,31300306
Congo,COG,1963,25273064
Congo,COG,1964,20494328
Congo,COG,1965,17624902
Congo,COG,1966,15615564
Congo,COG,1967,13857761
Congo,COG,1968,12578293
Congo,COG,1969,12905524
Congo,COG,1970,11531451
Congo,COG,1971,11120753
Congo,COG,1972,11040182
Congo,COG,1973,11378845
Congo,COG,1974,11342205
Congo,COG,1975,10916925
Congo,COG,1976,8823022
Congo,COG,1977,5692647
Congo,COG,1978,5525605
Congo,COG,1979,5932748.5
Congo,COG,1980,5901052.5
Congo,COG,1981,12593178
Congo,COG,1982,9741246
Congo,COG,1983,8715208
Congo,COG,1984,8927886
Congo,COG,1985,7030928.5
Congo,COG,1986,5270770
Congo,COG,1987,6324493
Congo,COG,1988,6697250
Congo,COG,1989,5724836
Congo,COG,1990,5905392.5
Congo,COG,1991,6009373.5
Congo,COG,1992,8110432
Congo,COG,1993,5931960.5
Congo,COG,1994,13492489
Congo,COG,1995,13610644
Congo,COG,1996,17840580
Congo,COG,1997,33778700
Congo,COG,1998,38833830
Congo,COG,1999,41607480
Congo,COG,2000,32580588
Congo,COG,2001,25279916
Congo,COG,2002,19088764
Congo,COG,2003,22638180
Congo,COG,2004,18616220
Congo,COG,2005,18098360
Congo,COG,2006,17834736
Congo,COG,2007,23019688
Congo,COG,2008,24583298
Congo,COG,2009,25897740
Congo,COG,2010,31021388
Congo,COG,2011,34153456
Congo,COG,2012,32055852
Congo,COG,2013,30418516
Congo,COG,2014,22028806
Congo,COG,2015,27908310
Congo,COG,2016,24508730
Congo,COG,2017,25400336
Congo,COG,2018,19350624
Congo,COG,2019,16875168
Congo,COG,2020,15839260
Congo,COG,2021,15257544
Congo,COG,2022,14795288
Cook Islands,COK,1969,10992
Cook Islands,COK,1970,10992
Cook Islands,COK,1971,10992
Cook Islands,COK,1972,10992
Cook Islands,COK,1973,10992
Cook Islands,COK,1974,10992
Cook Islands,COK,1975,14656
Cook Islands,COK,1976,14656
Cook Islands,COK,1977,29312
Cook Islands,COK,1978,29312
Cook Islands,COK,1979,25648
Cook Islands,COK,1980,29312
Cook Islands,COK,1981,65952
Cook Islands,COK,1982,51296
Cook Islands,COK,1983,51296
Cook Islands,COK,1984,21984
Cook Islands,COK,1985,21984
Cook Islands,COK,1986,21984
Cook Islands,COK,1987,21984
Cook Islands,COK,1988,21984
Cook Islands,COK,1989,21984
Cook Islands,COK,1990,43968
Cook Islands,COK,1991,43968
Cook Islands,COK,1992,43968
Cook Islands,COK,1993,47632
Cook Islands,COK,1994,47632
Cook Islands,COK,1995,47632
Cook Islands,COK,1996,51296
Cook Islands,COK,1997,51296
Cook Islands,COK,1998,47632
Cook Islands,COK,1999,51296
Cook Islands,COK,2000,51296
Cook Islands,COK,2001,47632
Cook Islands,COK,2002,40304
Cook Islands,COK,2003,47632
Cook Islands,COK,2004,54960
Cook Islands,COK,2005,62288
Cook Islands,COK,2006,65952
Cook Islands,COK,2007,65952
Cook Islands,COK,2008,65952
Cook Islands,COK,2009,65952
Cook Islands,COK,2010,73280
Cook Islands,COK,2011,80608
Cook Islands,COK,2012,84272
Cook Islands,COK,2013,84272
Cook Islands,COK,2014,80608
Cook Islands,COK,2015,80608
Cook Islands,COK,2016,73280
Cook Islands,COK,2017,80608
Cook Islands,COK,2018,80608
Cook Islands,COK,2019,84272
Cook Islands,COK,2020,65952
Cook Islands,COK,2021,68819
Cook Islands,COK,2022,68043
Costa Rica,CRI,1950,28489250
Costa Rica,CRI,1951,27438486
Costa Rica,CRI,1952,28530836
Costa Rica,CRI,1953,30363678
Costa Rica,CRI,1954,31172432
Costa Rica,CRI,1955,32459194
Costa Rica,CRI,1956,34921180
Costa Rica,CRI,1957,35837876
Costa Rica,CRI,1958,37297320
Costa Rica,CRI,1959,37658228
Costa Rica,CRI,1960,25036516
Costa Rica,CRI,1961,23647274
Costa Rica,CRI,1962,18847652
Costa Rica,CRI,1963,28212764
Costa Rica,CRI,1964,31823700
Costa Rica,CRI,1965,37026332
Costa Rica,CRI,1966,20603700
Costa Rica,CRI,1967,34642490
Costa Rica,CRI,1968,36934970
Costa Rica,CRI,1969,36741280
Costa Rica,CRI,1970,29311108
Costa Rica,CRI,1971,19530786
Costa Rica,CRI,1972,58729296
Costa Rica,CRI,1973,25685922
Costa Rica,CRI,1974,39920804
Costa Rica,CRI,1975,46767536
Costa Rica,CRI,1976,51554390
Costa Rica,CRI,1977,49962348
Costa Rica,CRI,1978,55176440
Costa Rica,CRI,1979,53877510
Costa Rica,CRI,1980,58656124
Costa Rica,CRI,1981,55997170
Costa Rica,CRI,1982,28853950
Costa Rica,CRI,1983,47483500
Costa Rica,CRI,1984,23708504
Costa Rica,CRI,1985,18561838
Costa Rica,CRI,1986,14791514
Costa Rica,CRI,1987,12140231
Costa Rica,CRI,1988,9044588
Costa Rica,CRI,1989,7498652.5
Costa Rica,CRI,1990,6342482
Costa Rica,CRI,1991,4885125
Costa Rica,CRI,1992,4645777
Costa Rica,CRI,1993,6853749
Costa Rica,CRI,1994,12371140
Costa Rica,CRI,1995,7142945.5
Costa Rica,CRI,1996,6892105
Costa Rica,CRI,1997,5747324
Costa Rica,CRI,1998,6639391.5
Costa Rica,CRI,1999,5137171.5
Costa Rica,CRI,2000,7751327
Costa Rica,CRI,2001,9204012
Costa Rica,CRI,2002,11409075
Costa Rica,CRI,2003,8433012
Costa Rica,CRI,2004,5119525
Costa Rica,CRI,2005,8142287
Costa Rica,CRI,2006,7712813.5
Costa Rica,CRI,2007,9653178
Costa Rica,CRI,2008,13426660
Costa Rica,CRI,2009,13164500
Costa Rica,CRI,2010,9572114
Costa Rica,CRI,2011,7040815
Costa Rica,CRI,2012,9315113
Costa Rica,CRI,2013,9589082
Costa Rica,CRI,2014,10264378
Costa Rica,CRI,2015,11659082
Costa Rica,CRI,2016,9207657
Costa Rica,CRI,2017,10438308
Costa Rica,CRI,2018,10043002
Costa Rica,CRI,2019,9510670
Costa Rica,CRI,2020,8343390
Costa Rica,CRI,2021,9019968
Costa Rica,CRI,2022,9328280
Cote d'Ivoire,CIV,1850,124263500
Cote d'Ivoire,CIV,1851,168660480
Cote d'Ivoire,CIV,1852,193822720
Cote d'Ivoire,CIV,1853,214083380
Cote d'Ivoire,CIV,1854,222994300
Cote d'Ivoire,CIV,1855,232546750
Cote d'Ivoire,CIV,1856,237287890
Cote d'Ivoire,CIV,1857,243875070
Cote d'Ivoire,CIV,1858,247752620
Cote d'Ivoire,CIV,1859,253824420
Cote d'Ivoire,CIV,1860,138477730
Cote d'Ivoire,CIV,1861,94516470
Cote d'Ivoire,CIV,1862,70665256
Cote d'Ivoire,CIV,1863,55563024
Cote d'Ivoire,CIV,1864,45437776
Cote d'Ivoire,CIV,1865,38131140
Cote d'Ivoire,CIV,1866,32522874
Cote d'Ivoire,CIV,1867,28144284
Cote d'Ivoire,CIV,1868,25075134
Cote d'Ivoire,CIV,1869,22122902
Cote d'Ivoire,CIV,1870,20442628
Cote d'Ivoire,CIV,1871,19184008
Cote d'Ivoire,CIV,1872,17696716
Cote d'Ivoire,CIV,1873,16144096
Cote d'Ivoire,CIV,1874,15158554
Cote d'Ivoire,CIV,1875,14161836
Cote d'Ivoire,CIV,1876,13380635
Cote d'Ivoire,CIV,1877,12806267
Cote d'Ivoire,CIV,1878,12216582
Cote d'Ivoire,CIV,1879,11842084
Cote d'Ivoire,CIV,1880,11991466
Cote d'Ivoire,CIV,1881,11931926
Cote d'Ivoire,CIV,1882,12148505
Cote d'Ivoire,CIV,1883,11704098
Cote d'Ivoire,CIV,1884,11560067
Cote d'Ivoire,CIV,1885,12207642
Cote d'Ivoire,CIV,1886,11542260
Cote d'Ivoire,CIV,1887,11268998
Cote d'Ivoire,CIV,1888,11291532
Cote d'Ivoire,CIV,1889,10993979
Cote d'Ivoire,CIV,1890,11654745
Cote d'Ivoire,CIV,1891,12259670
Cote d'Ivoire,CIV,1892,12150373
Cote d'Ivoire,CIV,1893,12425796
Cote d'Ivoire,CIV,1894,12279603
Cote d'Ivoire,CIV,1895,12316097
Cote d'Ivoire,CIV,1896,12205993
Cote d'Ivoire,CIV,1897,12517177
Cote d'Ivoire,CIV,1898,12510875
Cote d'Ivoire,CIV,1899,12563673
Cote d'Ivoire,CIV,1900,13568744
Cote d'Ivoire,CIV,1901,14419635
Cote d'Ivoire,CIV,1902,14837405
Cote d'Ivoire,CIV,1903,14494711
Cote d'Ivoire,CIV,1904,14375851
Cote d'Ivoire,CIV,1905,14866386
Cote d'Ivoire,CIV,1906,14835792
Cote d'Ivoire,CIV,1907,14901194
Cote d'Ivoire,CIV,1908,15160496
Cote d'Ivoire,CIV,1909,15153754
Cote d'Ivoire,CIV,1910,17076108
Cote d'Ivoire,CIV,1911,17468596
Cote d'Ivoire,CIV,1912,18274602
Cote d'Ivoire,CIV,1913,19135790
Cote d'Ivoire,CIV,1914,19359110
Cote d'Ivoire,CIV,1915,18990218
Cote d'Ivoire,CIV,1916,18794488
Cote d'Ivoire,CIV,1917,18831604
Cote d'Ivoire,CIV,1918,19462986
Cote d'Ivoire,CIV,1919,19739946
Cote d'Ivoire,CIV,1920,22553240
Cote d'Ivoire,CIV,1921,24297156
Cote d'Ivoire,CIV,1922,24575802
Cote d'Ivoire,CIV,1923,26017514
Cote d'Ivoire,CIV,1924,26503068
Cote d'Ivoire,CIV,1925,26400292
Cote d'Ivoire,CIV,1926,27686832
Cote d'Ivoire,CIV,1927,27767074
Cote d'Ivoire,CIV,1928,27745200
Cote d'Ivoire,CIV,1929,28311398
Cote d'Ivoire,CIV,1930,36076220
Cote d'Ivoire,CIV,1931,40305210
Cote d'Ivoire,CIV,1932,42854988
Cote d'Ivoire,CIV,1933,43310570
Cote d'Ivoire,CIV,1934,44920640
Cote d'Ivoire,CIV,1935,46878756
Cote d'Ivoire,CIV,1936,47283590
Cote d'Ivoire,CIV,1937,47519404
Cote d'Ivoire,CIV,1938,47392412
Cote d'Ivoire,CIV,1939,47356830
Cote d'Ivoire,CIV,1940,76216330
Cote d'Ivoire,CIV,1941,92319310
Cote d'Ivoire,CIV,1942,99056024
Cote d'Ivoire,CIV,1943,103452700
Cote d'Ivoire,CIV,1944,106907270
Cote d'Ivoire,CIV,1945,108831064
Cote d'Ivoire,CIV,1946,114684260
Cote d'Ivoire,CIV,1947,111755990
Cote d'Ivoire,CIV,1948,115237090
Cote d'Ivoire,CIV,1949,116573200
Cote d'Ivoire,CIV,1950,138594830
Cote d'Ivoire,CIV,1951,162954300
Cote d'Ivoire,CIV,1952,180919550
Cote d'Ivoire,CIV,1953,197068180
Cote d'Ivoire,CIV,1954,211471740
Cote d'Ivoire,CIV,1955,223820590
Cote d'Ivoire,CIV,1956,236261700
Cote d'Ivoire,CIV,1957,249954660
Cote d'Ivoire,CIV,1958,267441810
Cote d'Ivoire,CIV,1959,284469820
Cote d'Ivoire,CIV,1960,167908620
Cote d'Ivoire,CIV,1961,175376530
Cote d'Ivoire,CIV,1962,146649870
Cote d'Ivoire,CIV,1963,127429670
Cote d'Ivoire,CIV,1964,128375860
Cote d'Ivoire,CIV,1965,101704430
Cote d'Ivoire,CIV,1966,95475630
Cote d'Ivoire,CIV,1967,82034616
Cote d'Ivoire,CIV,1968,78101720
Cote d'Ivoire,CIV,1969,66124060
Cote d'Ivoire,CIV,1970,85068330
Cote d'Ivoire,CIV,1971,74882890
Cote d'Ivoire,CIV,1972,91718424
Cote d'Ivoire,CIV,1973,136147820
Cote d'Ivoire,CIV,1974,127579270
Cote d'Ivoire,CIV,1975,126170904
Cote d'Ivoire,CIV,1976,170929660
Cote d'Ivoire,CIV,1977,169627800
Cote d'Ivoire,CIV,1978,122276940
Cote d'Ivoire,CIV,1979,91932800
Cote d'Ivoire,CIV,1980,103544970
Cote d'Ivoire,CIV,1981,113751440
Cote d'Ivoire,CIV,1982,110649650
Cote d'Ivoire,CIV,1983,153825380
Cote d'Ivoire,CIV,1984,172479650
Cote d'Ivoire,CIV,1985,144559460
Cote d'Ivoire,CIV,1986,117648370
Cote d'Ivoire,CIV,1987,150414720
Cote d'Ivoire,CIV,1988,129686770
Cote d'Ivoire,CIV,1989,105857250
Cote d'Ivoire,CIV,1990,80602216
Cote d'Ivoire,CIV,1991,101881990
Cote d'Ivoire,CIV,1992,141934130
Cote d'Ivoire,CIV,1993,139360980
Cote d'Ivoire,CIV,1994,122018490
Cote d'Ivoire,CIV,1995,87774690
Cote d'Ivoire,CIV,1996,69690390
Cote d'Ivoire,CIV,1997,58925590
Cote d'Ivoire,CIV,1998,46576460
Cote d'Ivoire,CIV,1999,43971736
Cote d'Ivoire,CIV,2000,40088310
Cote d'Ivoire,CIV,2001,35051600
Cote d'Ivoire,CIV,2002,46616530
Cote d'Ivoire,CIV,2003,88781290
Cote d'Ivoire,CIV,2004,77392010
Cote d'Ivoire,CIV,2005,85427576
Cote d'Ivoire,CIV,2006,80680424
Cote d'Ivoire,CIV,2007,54840840
Cote d'Ivoire,CIV,2008,40705400
Cote d'Ivoire,CIV,2009,33272872
Cote d'Ivoire,CIV,2010,27931052
Cote d'Ivoire,CIV,2011,31372748
Cote d'Ivoire,CIV,2012,74764350
Cote d'Ivoire,CIV,2013,54067150
Cote d'Ivoire,CIV,2014,38713370
Cote d'Ivoire,CIV,2015,34483320
Cote d'Ivoire,CIV,2016,36009868
Cote d'Ivoire,CIV,2017,42276470
Cote d'Ivoire,CIV,2018,28532102
Cote d'Ivoire,CIV,2019,27506144
Cote d'Ivoire,CIV,2020,27912504
Cote d'Ivoire,CIV,2021,27587592
Cote d'Ivoire,CIV,2022,27293372
Croatia,HRV,1885,7735729.5
Croatia,HRV,1890,8333178.5
Croatia,HRV,1891,8332702.5
Croatia,HRV,1892,8613191
Croatia,HRV,1893,8747363
Croatia,HRV,1894,8676220
Croatia,HRV,1895,8783722
Croatia,HRV,1896,8934457
Croatia,HRV,1897,9071623
Croatia,HRV,1898,9016703
Croatia,HRV,1899,8871285
Croatia,HRV,1900,9394928
Croatia,HRV,1901,9415151
Croatia,HRV,1902,9359670
Croatia,HRV,1903,9661775
Croatia,HRV,1904,9781182
Croatia,HRV,1905,9652812
Croatia,HRV,1906,9781165
Croatia,HRV,1907,9932212
Croatia,HRV,1908,10101540
Croatia,HRV,1909,9996987
Croatia,HRV,1910,10585353
Croatia,HRV,1911,11305737
Croatia,HRV,1912,11290659
Croatia,HRV,1913,11998651
Croatia,HRV,1919,12556075
Croatia,HRV,1920,13352716
Croatia,HRV,1921,13647751
Croatia,HRV,1922,14025613
Croatia,HRV,1923,14001340
Croatia,HRV,1924,13825371
Croatia,HRV,1925,14044649
Croatia,HRV,1926,13874993
Croatia,HRV,1927,14667266
Croatia,HRV,1928,14646915
Croatia,HRV,1929,14775767
Croatia,HRV,1930,14551449
Croatia,HRV,1931,14841531
Croatia,HRV,1932,14459575
Croatia,HRV,1933,14376029
Croatia,HRV,1934,14289185
Croatia,HRV,1935,14924703
Croatia,HRV,1936,14509114
Croatia,HRV,1937,14284566
Croatia,HRV,1938,14802888
Croatia,HRV,1939,14681837
Croatia,HRV,1940,14691064
Croatia,HRV,1943,14291954
Croatia,HRV,1944,13945758
Croatia,HRV,1945,15081719
Croatia,HRV,1946,16381453
Croatia,HRV,1947,16491380
Croatia,HRV,1948,16311253
Croatia,HRV,1949,17410026
Croatia,HRV,1950,16764165
Croatia,HRV,1951,15048688
Croatia,HRV,1952,15535308
Croatia,HRV,1953,14733796
Croatia,HRV,1954,14764045
Croatia,HRV,1955,14703701
Croatia,HRV,1956,15001578
Croatia,HRV,1957,15645744
Croatia,HRV,1958,15014724
Croatia,HRV,1959,14956120
Croatia,HRV,1960,14562932
Croatia,HRV,1961,13807110
Croatia,HRV,1962,13100315
Croatia,HRV,1963,13536716
Croatia,HRV,1964,13867674
Croatia,HRV,1965,13427860
Croatia,HRV,1966,13033420
Croatia,HRV,1967,12913244
Croatia,HRV,1968,13079062
Croatia,HRV,1969,12808563
Croatia,HRV,1970,15054789
Croatia,HRV,1971,15835655
Croatia,HRV,1972,13924388
Croatia,HRV,1973,16142066
Croatia,HRV,1974,15581291
Croatia,HRV,1975,15869392
Croatia,HRV,1976,15869764
Croatia,HRV,1977,15822505
Croatia,HRV,1978,16880840
Croatia,HRV,1979,19470888
Croatia,HRV,1980,18243236
Croatia,HRV,1981,19444194
Croatia,HRV,1982,17895360
Croatia,HRV,1983,19304660
Croatia,HRV,1984,20053620
Croatia,HRV,1985,20921294
Croatia,HRV,1986,21491506
Croatia,HRV,1987,20902058
Croatia,HRV,1988,21711508
Croatia,HRV,1989,21547408
Croatia,HRV,1990,22613120
Croatia,HRV,1991,31457022
Croatia,HRV,1992,20681128
Croatia,HRV,1993,21518366
Croatia,HRV,1994,25498016
Croatia,HRV,1995,13373083
Croatia,HRV,1996,14015044
Croatia,HRV,1997,25482478
Croatia,HRV,1998,26472100
Croatia,HRV,1999,7058920
Croatia,HRV,2000,6279924
Croatia,HRV,2001,6920433
Croatia,HRV,2002,8927913
Croatia,HRV,2003,9694617
Croatia,HRV,2004,11355058
Croatia,HRV,2005,11967049
Croatia,HRV,2006,11928073
Croatia,HRV,2007,20079848
Croatia,HRV,2008,14972964
Croatia,HRV,2009,14967040
Croatia,HRV,2010,12904094
Croatia,HRV,2011,13862470
Croatia,HRV,2012,28716762
Croatia,HRV,2013,16556041
Croatia,HRV,2014,16834156
Croatia,HRV,2015,16515703
Croatia,HRV,2016,14569187
Croatia,HRV,2017,16178353
Croatia,HRV,2018,14309268
Croatia,HRV,2019,14366387
Croatia,HRV,2020,13356239
Croatia,HRV,2021,13869922
Croatia,HRV,2022,13974498
Cuba,CUB,1941,36559684
Cuba,CUB,1942,39789588
Cuba,CUB,1943,41826736
Cuba,CUB,1944,43233572
Cuba,CUB,1945,44278436
Cuba,CUB,1946,45116510
Cuba,CUB,1947,45754170
Cuba,CUB,1948,46240790
Cuba,CUB,1949,46644110
Cuba,CUB,1950,79369060
Cuba,CUB,1951,77424344
Cuba,CUB,1952,153584540
Cuba,CUB,1953,77008660
Cuba,CUB,1954,62319210
Cuba,CUB,1955,44193530
Cuba,CUB,1956,33358680
Cuba,CUB,1957,35042080
Cuba,CUB,1958,40190320
Cuba,CUB,1959,31953416
Cuba,CUB,1960,25002484
Cuba,CUB,1961,77918820
Cuba,CUB,1962,100390820
Cuba,CUB,1963,217342460
Cuba,CUB,1964,97971830
Cuba,CUB,1965,58607610
Cuba,CUB,1966,81919300
Cuba,CUB,1967,95574190
Cuba,CUB,1968,76496696
Cuba,CUB,1969,128723140
Cuba,CUB,1970,85976904
Cuba,CUB,1971,184646140
Cuba,CUB,1972,163192370
Cuba,CUB,1973,88663656
Cuba,CUB,1974,106790180
Cuba,CUB,1975,118133740
Cuba,CUB,1976,82464330
Cuba,CUB,1977,62536550
Cuba,CUB,1978,52385210
Cuba,CUB,1979,60537450
Cuba,CUB,1980,51406576
Cuba,CUB,1981,74987250
Cuba,CUB,1982,76574160
Cuba,CUB,1983,57642090
Cuba,CUB,1984,67452990
Cuba,CUB,1985,97708780
Cuba,CUB,1986,120057340
Cuba,CUB,1987,90542750
Cuba,CUB,1988,68580940
Cuba,CUB,1989,60109720
Cuba,CUB,1990,51935944
Cuba,CUB,1991,63547170
Cuba,CUB,1992,42619264
Cuba,CUB,1993,36280730
Cuba,CUB,1994,38321136
Cuba,CUB,1995,28462736
Cuba,CUB,1996,53373680
Cuba,CUB,1997,37196880
Cuba,CUB,1998,40043116
Cuba,CUB,1999,29453446
Cuba,CUB,2000,59357010
Cuba,CUB,2001,39007436
Cuba,CUB,2002,30197742
Cuba,CUB,2003,26972694
Cuba,CUB,2004,37057970
Cuba,CUB,2005,29399426
Cuba,CUB,2006,24411794
Cuba,CUB,2007,21260808
Cuba,CUB,2008,20970576
Cuba,CUB,2009,19850038
Cuba,CUB,2010,24800556
Cuba,CUB,2011,10290092
Cuba,CUB,2012,20141012
Cuba,CUB,2013,17294714
Cuba,CUB,2014,17917900
Cuba,CUB,2015,18056790
Cuba,CUB,2016,33285160
Cuba,CUB,2017,19480056
Cuba,CUB,2018,15564094
Cuba,CUB,2019,14252404
Cuba,CUB,2020,12571841
Cuba,CUB,2021,12111609
Cuba,CUB,2022,12081805
Cyprus,CYP,1950,3425583.5
Cyprus,CYP,1951,3280416
Cyprus,CYP,1952,3300824.2
Cyprus,CYP,1953,3427892
Cyprus,CYP,1954,3628385.8
Cyprus,CYP,1955,3755307
Cyprus,CYP,1956,4076527.2
Cyprus,CYP,1957,4223299
Cyprus,CYP,1958,4021757.8
Cyprus,CYP,1959,3807741.5
Cyprus,CYP,1960,3120565
Cyprus,CYP,1961,2675140
Cyprus,CYP,1962,3004863.5
Cyprus,CYP,1963,2529789.2
Cyprus,CYP,1964,2301391.2
Cyprus,CYP,1965,2261694.5
Cyprus,CYP,1966,2412468
Cyprus,CYP,1967,2342128.5
Cyprus,CYP,1968,2427914.5
Cyprus,CYP,1969,2357902.2
Cyprus,CYP,1970,2266323
Cyprus,CYP,1971,2335194.2
Cyprus,CYP,1972,2820408.8
Cyprus,CYP,1973,410178.88
Cyprus,CYP,1974,-2562383
Cyprus,CYP,1975,-2371899
Cyprus,CYP,1976,-1722948
Cyprus,CYP,1977,-1368834.5
Cyprus,CYP,1978,-1100300.8
Cyprus,CYP,1979,-780066.25
Cyprus,CYP,1980,94731.25
Cyprus,CYP,1981,469262.25
Cyprus,CYP,1982,325739
Cyprus,CYP,1983,254003.5
Cyprus,CYP,1984,-54139.5
Cyprus,CYP,1985,20957.5
Cyprus,CYP,1986,546150.75
Cyprus,CYP,1987,1207551.2
Cyprus,CYP,1988,1338356.5
Cyprus,CYP,1989,1707676.2
Cyprus,CYP,1990,1972705.8
Cyprus,CYP,1991,2634064
Cyprus,CYP,1992,3030587.5
Cyprus,CYP,1993,3604614.2
Cyprus,CYP,1994,3541706
Cyprus,CYP,1995,3718493
Cyprus,CYP,1996,4116739.5
Cyprus,CYP,1997,4701666.5
Cyprus,CYP,1998,4652290
Cyprus,CYP,1999,5526772
Cyprus,CYP,2000,5667246.5
Cyprus,CYP,2001,5267265.5
Cyprus,CYP,2002,7509518.5
Cyprus,CYP,2003,7434559
Cyprus,CYP,2004,8390249
Cyprus,CYP,2005,7220015
Cyprus,CYP,2006,7571728.5
Cyprus,CYP,2007,7522679
Cyprus,CYP,2008,8240105
Cyprus,CYP,2009,6951539
Cyprus,CYP,2010,6548283
Cyprus,CYP,2011,6127990.5
Cyprus,CYP,2012,5372439
Cyprus,CYP,2013,4708619.5
Cyprus,CYP,2014,7522457.5
Cyprus,CYP,2015,5714456.5
Cyprus,CYP,2016,7463658
Cyprus,CYP,2017,6876425
Cyprus,CYP,2018,6759369.5
Cyprus,CYP,2019,6859091
Cyprus,CYP,2020,7128220
Cyprus,CYP,2021,6941092
Cyprus,CYP,2022,6957324
Czechia,CZE,1860,11590135
Czechia,CZE,1861,12090428
Czechia,CZE,1862,12641785
Czechia,CZE,1863,13166102
Czechia,CZE,1864,13607942
Czechia,CZE,1865,14140394
Czechia,CZE,1866,14607259
Czechia,CZE,1867,15275766
Czechia,CZE,1868,15606953
Czechia,CZE,1869,16082466
Czechia,CZE,1870,15977491
Czechia,CZE,1871,16322236
Czechia,CZE,1872,16674467
Czechia,CZE,1873,17038776
Czechia,CZE,1874,17443024
Czechia,CZE,1875,17854268
Czechia,CZE,1876,22946516
Czechia,CZE,1877,23487660
Czechia,CZE,1878,24027232
Czechia,CZE,1879,24982884
Czechia,CZE,1880,24668840
Czechia,CZE,1881,24964376
Czechia,CZE,1882,25013558
Czechia,CZE,1883,25916486
Czechia,CZE,1884,26204326
Czechia,CZE,1885,26956204
Czechia,CZE,1886,27768582
Czechia,CZE,1887,28830734
Czechia,CZE,1888,30015422
Czechia,CZE,1889,31272768
Czechia,CZE,1890,34107210
Czechia,CZE,1891,35477970
Czechia,CZE,1892,36154656
Czechia,CZE,1893,36951308
Czechia,CZE,1894,37867172
Czechia,CZE,1895,39093030
Czechia,CZE,1896,39878544
Czechia,CZE,1897,41737624
Czechia,CZE,1898,42526704
Czechia,CZE,1899,43455840
Czechia,CZE,1900,43773244
Czechia,CZE,1901,45398772
Czechia,CZE,1902,46015836
Czechia,CZE,1903,46824270
Czechia,CZE,1904,47267224
Czechia,CZE,1905,48484364
Czechia,CZE,1906,50226576
Czechia,CZE,1907,52189012
Czechia,CZE,1908,52952110
Czechia,CZE,1909,52703508
Czechia,CZE,1910,49116732
Czechia,CZE,1911,48219110
Czechia,CZE,1912,49611424
Czechia,CZE,1913,50647644
Czechia,CZE,1914,45491920
Czechia,CZE,1915,44450224
Czechia,CZE,1916,46410650
Czechia,CZE,1917,42927852
Czechia,CZE,1918,36119028
Czechia,CZE,1919,33282280
Czechia,CZE,1920,33685944
Czechia,CZE,1921,32749624
Czechia,CZE,1922,29507804
Czechia,CZE,1923,31509000
Czechia,CZE,1924,38688070
Czechia,CZE,1925,36707628
Czechia,CZE,1926,37422372
Czechia,CZE,1927,40308020
Czechia,CZE,1928,42637930
Czechia,CZE,1929,47640600
Czechia,CZE,1930,39794348
Czechia,CZE,1931,35041268
Czechia,CZE,1932,28485516
Czechia,CZE,1933,23974368
Czechia,CZE,1934,22443008
Czechia,CZE,1935,21683160
Czechia,CZE,1936,22903276
Czechia,CZE,1937,28593852
Czechia,CZE,1938,33265824
Czechia,CZE,1939,36574892
Czechia,CZE,1940,42477556
Czechia,CZE,1941,42234704
Czechia,CZE,1942,46375030
Czechia,CZE,1943,52451164
Czechia,CZE,1944,48630816
Czechia,CZE,1945,17163390
Czechia,CZE,1946,25251856
Czechia,CZE,1947,30722380
Czechia,CZE,1948,34294936
Czechia,CZE,1949,36594150
Czechia,CZE,1950,54494316
Czechia,CZE,1951,49386890
Czechia,CZE,1952,52837550
Czechia,CZE,1953,55494504
Czechia,CZE,1954,60271144
Czechia,CZE,1955,63154100
Czechia,CZE,1956,68746780
Czechia,CZE,1957,72496430
Czechia,CZE,1958,80338850
Czechia,CZE,1959,93879440
Czechia,CZE,1960,100102750
Czechia,CZE,1961,100042760
Czechia,CZE,1962,105400504
Czechia,CZE,1963,105706270
Czechia,CZE,1964,126103650
Czechia,CZE,1965,115014610
Czechia,CZE,1966,112888980
Czechia,CZE,1967,112179710
Czechia,CZE,1968,117490520
Czechia,CZE,1969,125412270
Czechia,CZE,1970,145276340
Czechia,CZE,1971,152800340
Czechia,CZE,1972,154213980
Czechia,CZE,1973,154830990
Czechia,CZE,1974,156628900
Czechia,CZE,1975,164594560
Czechia,CZE,1976,171693600
Czechia,CZE,1977,177190940
Czechia,CZE,1978,178859400
Czechia,CZE,1979,173791420
Czechia,CZE,1980,176541150
Czechia,CZE,1981,174651820
Czechia,CZE,1982,173155200
Czechia,CZE,1983,173705460
Czechia,CZE,1984,179789220
Czechia,CZE,1985,177523420
Czechia,CZE,1986,178943090
Czechia,CZE,1987,176822370
Czechia,CZE,1988,173935520
Czechia,CZE,1989,166478770
Czechia,CZE,1990,157604540
Czechia,CZE,1991,142212180
Czechia,CZE,1992,138946080
Czechia,CZE,1993,133708000
Czechia,CZE,1994,127361680
Czechia,CZE,1995,125785620
Czechia,CZE,1996,129837190
Czechia,CZE,1997,126393940
Czechia,CZE,1998,122013780
Czechia,CZE,1999,112650430
Czechia,CZE,2000,123344630
Czechia,CZE,2001,123180400
Czechia,CZE,2002,120394850
Czechia,CZE,2003,124314470
Czechia,CZE,2004,124890260
Czechia,CZE,2005,122593590
Czechia,CZE,2006,123806110
Czechia,CZE,2007,126187910
Czechia,CZE,2008,120816510
Czechia,CZE,2009,112925260
Czechia,CZE,2010,115962264
Czechia,CZE,2011,113763430
Czechia,CZE,2012,96315730
Czechia,CZE,2013,93488104
Czechia,CZE,2014,90985770
Czechia,CZE,2015,92444500
Czechia,CZE,2016,94715384
Czechia,CZE,2017,96267144
Czechia,CZE,2018,94986580
Czechia,CZE,2019,90067730
Czechia,CZE,2020,81142700
Czechia,CZE,2021,86539500
Czechia,CZE,2022,88262410
Democratic Republic of Congo,COD,1920,38147004
Democratic Republic of Congo,COD,1921,43082190
Democratic Republic of Congo,COD,1922,47902330
Democratic Republic of Congo,COD,1923,48862080
Democratic Republic of Congo,COD,1924,53161196
Democratic Republic of Congo,COD,1925,54058360
Democratic Republic of Congo,COD,1926,52306570
Democratic Republic of Congo,COD,1927,53385908
Democratic Republic of Congo,COD,1928,53461360
Democratic Republic of Congo,COD,1929,58109736
Democratic Republic of Congo,COD,1930,69843740
Democratic Republic of Congo,COD,1931,76675430
Democratic Republic of Congo,COD,1932,85132104
Democratic Republic of Congo,COD,1933,87936120
Democratic Republic of Congo,COD,1934,85910000
Democratic Republic of Congo,COD,1935,95831816
Democratic Republic of Congo,COD,1936,91664230
Democratic Republic of Congo,COD,1937,90354860
Democratic Republic of Congo,COD,1938,93245810
Democratic Republic of Congo,COD,1939,95826680
Democratic Republic of Congo,COD,1940,145465650
Democratic Republic of Congo,COD,1941,179713660
Democratic Republic of Congo,COD,1942,206767970
Democratic Republic of Congo,COD,1943,215295000
Democratic Republic of Congo,COD,1944,227388800
Democratic Republic of Congo,COD,1945,231895950
Democratic Republic of Congo,COD,1946,230268560
Democratic Republic of Congo,COD,1947,243794450
Democratic Republic of Congo,COD,1948,247667360
Democratic Republic of Congo,COD,1949,250459420
Democratic Republic of Congo,COD,1950,278095170
Democratic Republic of Congo,COD,1951,294089660
Democratic Republic of Congo,COD,1952,316434100
Democratic Republic of Congo,COD,1953,337295700
Democratic Republic of Congo,COD,1954,357532900
Democratic Republic of Congo,COD,1955,376534430
Democratic Republic of Congo,COD,1956,393762200
Democratic Republic of Congo,COD,1957,420917150
Democratic Republic of Congo,COD,1958,445582940
Democratic Republic of Congo,COD,1959,457418000
Democratic Republic of Congo,COD,1960,581906750
Democratic Republic of Congo,COD,1961,392807970
Democratic Republic of Congo,COD,1962,301401700
Democratic Republic of Congo,COD,1963,219650510
Democratic Republic of Congo,COD,1964,172553420
Democratic Republic of Congo,COD,1965,144806020
Democratic Republic of Congo,COD,1966,128721656
Democratic Republic of Congo,COD,1967,123220220
Democratic Republic of Congo,COD,1968,117806376
Democratic Republic of Congo,COD,1969,112556850
Democratic Republic of Congo,COD,1970,113748936
Democratic Republic of Congo,COD,1971,112310024
Democratic Republic of Congo,COD,1972,109291150
Democratic Republic of Congo,COD,1973,106665920
Democratic Republic of Congo,COD,1974,90316210
Democratic Republic of Congo,COD,1975,93220990
Democratic Republic of Congo,COD,1976,89214230
Democratic Republic of Congo,COD,1977,84753210
Democratic Republic of Congo,COD,1978,78708400
Democratic Republic of Congo,COD,1979,87332430
Democratic Republic of Congo,COD,1980,92353650
Democratic Republic of Congo,COD,1981,88292040
Democratic Republic of Congo,COD,1982,86777250
Democratic Republic of Congo,COD,1983,95397944
Democratic Republic of Congo,COD,1984,97552850
Democratic Republic of Congo,COD,1985,103655780
Democratic Republic of Congo,COD,1986,90750570
Democratic Republic of Congo,COD,1987,85657170
Democratic Republic of Congo,COD,1988,82962584
Democratic Republic of Congo,COD,1989,85544400
Democratic Republic of Congo,COD,1990,88614104
Democratic Republic of Congo,COD,1991,90501630
Democratic Republic of Congo,COD,1992,88955330
Democratic Republic of Congo,COD,1993,115361290
Democratic Republic of Congo,COD,1994,117655230
Democratic Republic of Congo,COD,1995,121938530
Democratic Republic of Congo,COD,1996,124053980
Democratic Republic of Congo,COD,1997,168026500
Democratic Republic of Congo,COD,1998,172134850
Democratic Republic of Congo,COD,1999,183631630
Democratic Republic of Congo,COD,2000,176551470
Democratic Republic of Congo,COD,2001,148924540
Democratic Republic of Congo,COD,2002,137996030
Democratic Republic of Congo,COD,2003,164684530
Democratic Republic of Congo,COD,2004,137277420
Democratic Republic of Congo,COD,2005,135330830
Democratic Republic of Congo,COD,2006,144826500
Democratic Republic of Congo,COD,2007,152671230
Democratic Republic of Congo,COD,2008,456184580
Democratic Republic of Congo,COD,2009,735157300
Democratic Republic of Congo,COD,2010,873726600
Democratic Republic of Congo,COD,2011,1014276300
Democratic Republic of Congo,COD,2012,945795800
Democratic Republic of Congo,COD,2013,974974200
Democratic Republic of Congo,COD,2014,791864500
Democratic Republic of Congo,COD,2015,624431550
Democratic Republic of Congo,COD,2016,656761660
Democratic Republic of Congo,COD,2017,665085000
Democratic Republic of Congo,COD,2018,540022400
Democratic Republic of Congo,COD,2019,382000400
Democratic Republic of Congo,COD,2020,498800350
Democratic Republic of Congo,COD,2021,560522430
Democratic Republic of Congo,COD,2022,516019140
Denmark,DNK,1850,8991420
Denmark,DNK,1851,9302273
Denmark,DNK,1852,9628150
Denmark,DNK,1853,9893239
Denmark,DNK,1854,10288072
Denmark,DNK,1855,10347612
Denmark,DNK,1856,10759043
Denmark,DNK,1857,10903661
Denmark,DNK,1858,10772783
Denmark,DNK,1859,11160581
Denmark,DNK,1860,11176043
Denmark,DNK,1861,10837050
Denmark,DNK,1862,11256907
Denmark,DNK,1863,11343817
Denmark,DNK,1864,11128155
Denmark,DNK,1865,11353234
Denmark,DNK,1866,11331397
Denmark,DNK,1867,11589305
Denmark,DNK,1868,11626532
Denmark,DNK,1869,11390204
Denmark,DNK,1870,11664967
Denmark,DNK,1871,11778991
Denmark,DNK,1872,11775364
Denmark,DNK,1873,11846628
Denmark,DNK,1874,12052252
Denmark,DNK,1875,12188919
Denmark,DNK,1876,12288177
Denmark,DNK,1877,12270259
Denmark,DNK,1878,12049980
Denmark,DNK,1879,12360651
Denmark,DNK,1880,13137859
Denmark,DNK,1881,12632703
Denmark,DNK,1882,13427791
Denmark,DNK,1883,13728752
Denmark,DNK,1884,13581092
Denmark,DNK,1885,13497040
Denmark,DNK,1886,13461646
Denmark,DNK,1887,13798587
Denmark,DNK,1888,13953574
Denmark,DNK,1889,13993476
Denmark,DNK,1890,14341739
Denmark,DNK,1891,14842314
Denmark,DNK,1892,15088975
Denmark,DNK,1893,15116821
Denmark,DNK,1894,15756739
Denmark,DNK,1895,15922425
Denmark,DNK,1896,16818566
Denmark,DNK,1897,17214278
Denmark,DNK,1898,17284774
Denmark,DNK,1899,17990276
Denmark,DNK,1900,18865350
Denmark,DNK,1901,18715272
Denmark,DNK,1902,19079144
Denmark,DNK,1903,19441550
Denmark,DNK,1904,20120564
Denmark,DNK,1905,20186808
Denmark,DNK,1906,20746776
Denmark,DNK,1907,20152880
Denmark,DNK,1908,21621154
Denmark,DNK,1909,22235204
Denmark,DNK,1910,23166592
Denmark,DNK,1911,24870426
Denmark,DNK,1912,25723220
Denmark,DNK,1913,27316402
Denmark,DNK,1914,27756338
Denmark,DNK,1915,28536258
Denmark,DNK,1916,28174072
Denmark,DNK,1917,25763232
Denmark,DNK,1918,27613296
Denmark,DNK,1919,27124190
Denmark,DNK,1920,24199804
Denmark,DNK,1921,24410080
Denmark,DNK,1922,25953944
Denmark,DNK,1923,26731004
Denmark,DNK,1924,28062760
Denmark,DNK,1925,27441088
Denmark,DNK,1926,26425098
Denmark,DNK,1927,28492400
Denmark,DNK,1928,28548680
Denmark,DNK,1929,31066784
Denmark,DNK,1930,28625734
Denmark,DNK,1931,28225112
Denmark,DNK,1932,28262724
Denmark,DNK,1933,28027260
Denmark,DNK,1934,28989600
Denmark,DNK,1935,28651068
Denmark,DNK,1936,28968260
Denmark,DNK,1937,29193228
Denmark,DNK,1938,28503408
Denmark,DNK,1939,29803156
Denmark,DNK,1940,26618936
Denmark,DNK,1941,28387088
Denmark,DNK,1942,26522016
Denmark,DNK,1943,31178494
Denmark,DNK,1944,29832824
Denmark,DNK,1945,22702132
Denmark,DNK,1946,25187098
Denmark,DNK,1947,29798514
Denmark,DNK,1948,24898120
Denmark,DNK,1949,24483118
Denmark,DNK,1950,30428292
Denmark,DNK,1951,30733130
Denmark,DNK,1952,31944626
Denmark,DNK,1953,32221044
Denmark,DNK,1954,33657480
Denmark,DNK,1955,35529304
Denmark,DNK,1956,34326710
Denmark,DNK,1957,32881500
Denmark,DNK,1958,34049456
Denmark,DNK,1959,34150704
Denmark,DNK,1960,39866556
Denmark,DNK,1961,38344332
Denmark,DNK,1962,41615090
Denmark,DNK,1963,44686184
Denmark,DNK,1964,46508428
Denmark,DNK,1965,47173492
Denmark,DNK,1966,52794060
Denmark,DNK,1967,51870350
Denmark,DNK,1968,55460340
Denmark,DNK,1969,61274468
Denmark,DNK,1970,63397564
Denmark,DNK,1971,59245500
Denmark,DNK,1972,63952056
Denmark,DNK,1973,61022856
Denmark,DNK,1974,57123948
Denmark,DNK,1975,57637124
Denmark,DNK,1976,61597850
Denmark,DNK,1977,63057620
Denmark,DNK,1978,62271948
Denmark,DNK,1979,63665436
Denmark,DNK,1980,60832948
Denmark,DNK,1981,52103012
Denmark,DNK,1982,53601276
Denmark,DNK,1983,51275036
Denmark,DNK,1984,50901830
Denmark,DNK,1985,59585092
Denmark,DNK,1986,58152616
Denmark,DNK,1987,57068060
Denmark,DNK,1988,53758216
Denmark,DNK,1989,49309116
Denmark,DNK,1990,52729624
Denmark,DNK,1991,62995810
Denmark,DNK,1992,58299396
Denmark,DNK,1993,56833430
Denmark,DNK,1994,63271864
Denmark,DNK,1995,59336540
Denmark,DNK,1996,72902260
Denmark,DNK,1997,63484504
Denmark,DNK,1998,57600164
Denmark,DNK,1999,55479524
Denmark,DNK,2000,54053212
Denmark,DNK,2001,53725976
Denmark,DNK,2002,53109948
Denmark,DNK,2003,58513370
Denmark,DNK,2004,58542996
Denmark,DNK,2005,53498790
Denmark,DNK,2006,59406332
Denmark,DNK,2007,57267372
Denmark,DNK,2008,52900988
Denmark,DNK,2009,50235308
Denmark,DNK,2010,56665610
Denmark,DNK,2011,45865624
Denmark,DNK,2012,42635896
Denmark,DNK,2013,46240196
Denmark,DNK,2014,39044020
Denmark,DNK,2015,36880100
Denmark,DNK,2016,38902740
Denmark,DNK,2017,35862676
Denmark,DNK,2018,35666424
Denmark,DNK,2019,31870938
Denmark,DNK,2020,29105060
Denmark,DNK,2021,30326150
Denmark,DNK,2022,29710218
Djibouti,DJI,1950,32939.36
Djibouti,DJI,1951,47192.32
Djibouti,DJI,1952,46899.2
Djibouti,DJI,1953,50489.92
Djibouti,DJI,1954,55253.12
Djibouti,DJI,1955,58220.96
Djibouti,DJI,1956,50636.48
Djibouti,DJI,1957,64376.48
Djibouti,DJI,1958,66501.6
Djibouti,DJI,1959,49134.24
Djibouti,DJI,1960,55766.08
Djibouti,DJI,1961,61665.117
Djibouti,DJI,1962,67051.2
Djibouti,DJI,1963,86690.234
Djibouti,DJI,1964,106072.8
Djibouti,DJI,1965,143592.16
Djibouti,DJI,1966,176971.2
Djibouti,DJI,1967,133332.97
Djibouti,DJI,1968,171255.36
Djibouti,DJI,1969,138169.44
Djibouti,DJI,1970,195914.08
Djibouti,DJI,1971,220059.84
Djibouti,DJI,1972,250654.25
Djibouti,DJI,1973,240944.64
Djibouti,DJI,1974,258238.72
Djibouti,DJI,1975,263111.84
Djibouti,DJI,1976,264943.84
Djibouti,DJI,1977,267581.9
Djibouti,DJI,1978,274287.03
Djibouti,DJI,1979,439606.72
Djibouti,DJI,1980,428907.84
Djibouti,DJI,1981,385232.97
Djibouti,DJI,1982,436419.03
Djibouti,DJI,1983,440815.84
Djibouti,DJI,1984,448913.28
Djibouti,DJI,1985,461700.62
Djibouti,DJI,1986,486982.25
Djibouti,DJI,1987,504606.1
Djibouti,DJI,1988,470970.56
Djibouti,DJI,1989,518052.97
Djibouti,DJI,1990,429677.28
Djibouti,DJI,1991,434110.72
Djibouti,DJI,1992,437371.7
Djibouti,DJI,1993,436858.72
Djibouti,DJI,1994,429347.5
Djibouti,DJI,1995,437408.3
Djibouti,DJI,1996,431729.12
Djibouti,DJI,1997,457047.38
Djibouti,DJI,1998,503616.8
Djibouti,DJI,1999,495812.47
Djibouti,DJI,2000,468955.38
Djibouti,DJI,2001,462360.16
Djibouti,DJI,2002,492331.7
Djibouti,DJI,2003,512740.16
Djibouti,DJI,2004,496984.97
Djibouti,DJI,2005,510358.56
Djibouti,DJI,2006,510175.38
Djibouti,DJI,2007,549087.06
Djibouti,DJI,2008,587119.4
Djibouti,DJI,2009,538021.75
Djibouti,DJI,2010,615955
Djibouti,DJI,2011,564659.06
Djibouti,DJI,2012,574441.94
Djibouti,DJI,2013,640082.6
Djibouti,DJI,2014,469023.94
Djibouti,DJI,2015,511772.7
Djibouti,DJI,2016,458653.53
Djibouti,DJI,2017,468739.62
Djibouti,DJI,2018,510979.28
Djibouti,DJI,2019,524315.25
Djibouti,DJI,2020,458518.62
Djibouti,DJI,2021,531450.25
Djibouti,DJI,2022,530456.3
Dominica,DMA,1951,-38618.562
Dominica,DMA,1952,-14875.84
Dominica,DMA,1953,81450.72
Dominica,DMA,1954,31986.72
Dominica,DMA,1955,17697.121
Dominica,DMA,1956,22423.68
Dominica,DMA,1957,25135.04
Dominica,DMA,1958,28945.602
Dominica,DMA,1959,59686.56
Dominica,DMA,1960,14106.4
Dominica,DMA,1961,435759.5
Dominica,DMA,1962,127067.516
Dominica,DMA,1963,69616
Dominica,DMA,1964,147879.03
Dominica,DMA,1965,539487.4
Dominica,DMA,1966,193532.48
Dominica,DMA,1967,82733.125
Dominica,DMA,1968,43308.48
Dominica,DMA,1969,22826.72
Dominica,DMA,1970,20152
Dominica,DMA,1971,6448.6406
Dominica,DMA,1972,622.88086
Dominica,DMA,1973,-1868.6406
Dominica,DMA,1974,13593.439
Dominica,DMA,1975,-989.28125
Dominica,DMA,1976,-6851.6797
Dominica,DMA,1977,-10259.199
Dominica,DMA,1978,22460.32
Dominica,DMA,1979,-1392.3203
Dominica,DMA,1980,293.1211
Dominica,DMA,1981,-1428.9609
Dominica,DMA,1982,12640.799
Dominica,DMA,1983,17843.68
Dominica,DMA,1984,24988.48
Dominica,DMA,1985,12311.039
Dominica,DMA,1986,20335.201
Dominica,DMA,1987,6008.961
Dominica,DMA,1988,16634.562
Dominica,DMA,1989,22350.398
Dominica,DMA,1990,22496.96
Dominica,DMA,1991,25135.04
Dominica,DMA,1992,25757.922
Dominica,DMA,1993,45140.48
Dominica,DMA,1994,9489.758
Dominica,DMA,1995,23229.762
Dominica,DMA,1996,20628.32
Dominica,DMA,1997,29458.559
Dominica,DMA,1998,273371.06
Dominica,DMA,1999,180708.47
Dominica,DMA,2000,56279.04
Dominica,DMA,2001,29055.523
Dominica,DMA,2002,9966.078
Dominica,DMA,2003,22423.68
Dominica,DMA,2004,47961.766
Dominica,DMA,2005,58367.516
Dominica,DMA,2006,127653.76
Dominica,DMA,2007,86067.36
Dominica,DMA,2008,86763.516
Dominica,DMA,2009,-21471.047
Dominica,DMA,2010,-21727.531
Dominica,DMA,2011,-27663.203
Dominica,DMA,2012,34258.4
Dominica,DMA,2013,10955.359
Dominica,DMA,2014,20701.61
Dominica,DMA,2015,38435.36
Dominica,DMA,2016,39094.875
Dominica,DMA,2017,27333.438
Dominica,DMA,2018,39644.484
Dominica,DMA,2019,56682.08
Dominica,DMA,2020,47961.758
Dominica,DMA,2021,47067.242
Dominica,DMA,2022,53376
Dominican Republic,DOM,1947,22511008
Dominican Republic,DOM,1948,22612236
Dominican Republic,DOM,1949,22718094
Dominican Republic,DOM,1950,19850376
Dominican Republic,DOM,1951,19972780
Dominican Republic,DOM,1952,20414032
Dominican Republic,DOM,1953,20869502
Dominican Republic,DOM,1954,21257068
Dominican Republic,DOM,1955,22249348
Dominican Republic,DOM,1956,23449396
Dominican Republic,DOM,1957,24151044
Dominican Republic,DOM,1958,25009400
Dominican Republic,DOM,1959,95070024
Dominican Republic,DOM,1960,41624516
Dominican Republic,DOM,1961,29627474
Dominican Republic,DOM,1962,24805800
Dominican Republic,DOM,1963,21605064
Dominican Republic,DOM,1964,20030714
Dominican Republic,DOM,1965,18440310
Dominican Republic,DOM,1966,17321934
Dominican Republic,DOM,1967,14668602
Dominican Republic,DOM,1968,23731628
Dominican Republic,DOM,1969,16380647
Dominican Republic,DOM,1970,14951965
Dominican Republic,DOM,1971,19244000
Dominican Republic,DOM,1972,24647230
Dominican Republic,DOM,1973,23400684
Dominican Republic,DOM,1974,25779592
Dominican Republic,DOM,1975,34981680
Dominican Republic,DOM,1976,30074528
Dominican Republic,DOM,1977,26602654
Dominican Republic,DOM,1978,25904390
Dominican Republic,DOM,1979,27983732
Dominican Republic,DOM,1980,19829700
Dominican Republic,DOM,1981,16750508
Dominican Republic,DOM,1982,13742432
Dominican Republic,DOM,1983,13756940
Dominican Republic,DOM,1984,12335986
Dominican Republic,DOM,1985,13655192
Dominican Republic,DOM,1986,12652548
Dominican Republic,DOM,1987,13426988
Dominican Republic,DOM,1988,14227972
Dominican Republic,DOM,1989,8363761.5
Dominican Republic,DOM,1990,8613145
Dominican Republic,DOM,1991,9600391
Dominican Republic,DOM,1992,10800563
Dominican Republic,DOM,1993,12650902
Dominican Republic,DOM,1994,21394404
Dominican Republic,DOM,1995,21894974
Dominican Republic,DOM,1996,15822084
Dominican Republic,DOM,1997,20516940
Dominican Republic,DOM,1998,17041022
Dominican Republic,DOM,1999,29551620
Dominican Republic,DOM,2000,25164294
Dominican Republic,DOM,2001,24337620
Dominican Republic,DOM,2002,18643522
Dominican Republic,DOM,2003,20663540
Dominican Republic,DOM,2004,16879002
Dominican Republic,DOM,2005,17739844
Dominican Republic,DOM,2006,20306726
Dominican Republic,DOM,2007,19316776
Dominican Republic,DOM,2008,21975434
Dominican Republic,DOM,2009,20418312
Dominican Republic,DOM,2010,21201322
Dominican Republic,DOM,2011,18117154
Dominican Republic,DOM,2012,19745222
Dominican Republic,DOM,2013,20488654
Dominican Republic,DOM,2014,20946936
Dominican Republic,DOM,2015,22436974
Dominican Republic,DOM,2016,23812620
Dominican Republic,DOM,2017,23441528
Dominican Republic,DOM,2018,24686864
Dominican Republic,DOM,2019,27376398
Dominican Republic,DOM,2020,22391348
Dominican Republic,DOM,2021,22731304
Dominican Republic,DOM,2022,22714068
East Timor,TLS,1994,4417575
East Timor,TLS,1995,3938873
East Timor,TLS,1996,3203325.2
East Timor,TLS,1997,2305352.2
East Timor,TLS,1998,2522230
East Timor,TLS,1999,3105974.8
East Timor,TLS,2000,9790448
East Timor,TLS,2001,4880798
East Timor,TLS,2002,4458994
East Timor,TLS,2003,9422160
East Timor,TLS,2004,5679140
East Timor,TLS,2005,4141598
East Timor,TLS,2006,3570633
East Timor,TLS,2007,4032088.8
East Timor,TLS,2008,3470834.5
East Timor,TLS,2009,2538979.5
East Timor,TLS,2010,3471795
East Timor,TLS,2011,5675168.5
East Timor,TLS,2012,4070556.2
East Timor,TLS,2013,3652491.2
East Timor,TLS,2014,3254316.8
East Timor,TLS,2015,3189228
East Timor,TLS,2016,2950480
East Timor,TLS,2017,4225064
East Timor,TLS,2018,3353152.8
East Timor,TLS,2019,3543500.2
East Timor,TLS,2020,3833038.2
East Timor,TLS,2021,3718447.2
East Timor,TLS,2022,3745333
Ecuador,ECU,1917,10635053
Ecuador,ECU,1918,12423634
Ecuador,ECU,1919,15261220
Ecuador,ECU,1920,12101753
Ecuador,ECU,1921,11283691
Ecuador,ECU,1922,11000574
Ecuador,ECU,1923,11594252
Ecuador,ECU,1924,11741544
Ecuador,ECU,1925,11458134
Ecuador,ECU,1926,12244612
Ecuador,ECU,1927,12787250
Ecuador,ECU,1928,14602726
Ecuador,ECU,1929,13296436
Ecuador,ECU,1930,27502680
Ecuador,ECU,1931,44905028
Ecuador,ECU,1932,47968500
Ecuador,ECU,1933,57190864
Ecuador,ECU,1934,58038492
Ecuador,ECU,1935,59837270
Ecuador,ECU,1936,59031620
Ecuador,ECU,1937,59813556
Ecuador,ECU,1938,58639020
Ecuador,ECU,1939,57140056
Ecuador,ECU,1940,53951570
Ecuador,ECU,1941,53776064
Ecuador,ECU,1942,53587012
Ecuador,ECU,1943,52139844
Ecuador,ECU,1944,50558656
Ecuador,ECU,1945,52439388
Ecuador,ECU,1946,47367276
Ecuador,ECU,1947,47200664
Ecuador,ECU,1948,50904390
Ecuador,ECU,1949,49574810
Ecuador,ECU,1950,51714560
Ecuador,ECU,1951,57844670
Ecuador,ECU,1952,57859772
Ecuador,ECU,1953,58430404
Ecuador,ECU,1954,60738910
Ecuador,ECU,1955,58858630
Ecuador,ECU,1956,58893340
Ecuador,ECU,1957,63117384
Ecuador,ECU,1958,64800744
Ecuador,ECU,1959,65459930
Ecuador,ECU,1960,108087710
Ecuador,ECU,1961,60202036
Ecuador,ECU,1962,49197350
Ecuador,ECU,1963,39499590
Ecuador,ECU,1964,38079930
Ecuador,ECU,1965,33001072
Ecuador,ECU,1966,33071066
Ecuador,ECU,1967,27367736
Ecuador,ECU,1968,37750748
Ecuador,ECU,1969,35171016
Ecuador,ECU,1970,39373910
Ecuador,ECU,1971,34170664
Ecuador,ECU,1972,35711596
Ecuador,ECU,1973,51021584
Ecuador,ECU,1974,65306030
Ecuador,ECU,1975,58015896
Ecuador,ECU,1976,80854820
Ecuador,ECU,1977,62030990
Ecuador,ECU,1978,66647944
Ecuador,ECU,1979,86485590
Ecuador,ECU,1980,101210240
Ecuador,ECU,1981,92900710
Ecuador,ECU,1982,83649810
Ecuador,ECU,1983,93671240
Ecuador,ECU,1984,97902700
Ecuador,ECU,1985,94801040
Ecuador,ECU,1986,86819030
Ecuador,ECU,1987,60183216
Ecuador,ECU,1988,50590100
Ecuador,ECU,1989,68130380
Ecuador,ECU,1990,65430696
Ecuador,ECU,1991,57249010
Ecuador,ECU,1992,53210664
Ecuador,ECU,1993,80571976
Ecuador,ECU,1994,46211050
Ecuador,ECU,1995,46912310
Ecuador,ECU,1996,57247710
Ecuador,ECU,1997,50185708
Ecuador,ECU,1998,54667590
Ecuador,ECU,1999,48709400
Ecuador,ECU,2000,32101068
Ecuador,ECU,2001,25646664
Ecuador,ECU,2002,21485814
Ecuador,ECU,2003,85064860
Ecuador,ECU,2004,39503824
Ecuador,ECU,2005,33714050
Ecuador,ECU,2006,28649290
Ecuador,ECU,2007,46098880
Ecuador,ECU,2008,52093136
Ecuador,ECU,2009,46092290
Ecuador,ECU,2010,41865330
Ecuador,ECU,2011,66407064
Ecuador,ECU,2012,63461216
Ecuador,ECU,2013,46622656
Ecuador,ECU,2014,99722400
Ecuador,ECU,2015,51271204
Ecuador,ECU,2016,53815090
Ecuador,ECU,2017,42946108
Ecuador,ECU,2018,42081756
Ecuador,ECU,2019,40733852
Ecuador,ECU,2020,31776218
Ecuador,ECU,2021,39582948
Ecuador,ECU,2022,41178270
Egypt,EGY,1911,1244184.5
Egypt,EGY,1912,1305959.5
Egypt,EGY,1913,1244074.5
Egypt,EGY,1914,1490588.5
Egypt,EGY,1915,1251988.9
Egypt,EGY,1916,1316731.6
Egypt,EGY,1917,1534959.6
Egypt,EGY,1918,1954524.1
Egypt,EGY,1919,1754689.6
Egypt,EGY,1920,1289251.8
Egypt,EGY,1921,1348791.8
Egypt,EGY,1922,1352309.1
Egypt,EGY,1923,1365719.2
Egypt,EGY,1924,1495461.6
Egypt,EGY,1925,1665068.1
Egypt,EGY,1926,1765388.5
Egypt,EGY,1927,1927777
Egypt,EGY,1928,2354311.5
Egypt,EGY,1929,2534262
Egypt,EGY,1930,2899245
Egypt,EGY,1931,3067033
Egypt,EGY,1932,3159695.5
Egypt,EGY,1933,3208431.8
Egypt,EGY,1934,3279300
Egypt,EGY,1935,3312799.5
Egypt,EGY,1936,3399154.8
Egypt,EGY,1937,3457882
Egypt,EGY,1938,3742029.5
Egypt,EGY,1939,5179163
Egypt,EGY,1940,6431722
Egypt,EGY,1941,7646430
Egypt,EGY,1942,7745981
Egypt,EGY,1943,8186634
Egypt,EGY,1944,8586621
Egypt,EGY,1945,8706000
Egypt,EGY,1946,8680460
Egypt,EGY,1947,8964659
Egypt,EGY,1948,10783396
Egypt,EGY,1949,12167003
Egypt,EGY,1950,15212974
Egypt,EGY,1951,15833467
Egypt,EGY,1952,16311556
Egypt,EGY,1953,16386182
Egypt,EGY,1954,17494440
Egypt,EGY,1955,16660324
Egypt,EGY,1956,16103308
Egypt,EGY,1957,18303278
Egypt,EGY,1958,20275438
Egypt,EGY,1959,19481778
Egypt,EGY,1960,23109306
Egypt,EGY,1961,22064970
Egypt,EGY,1962,22730152
Egypt,EGY,1963,25650984
Egypt,EGY,1964,33084522
Egypt,EGY,1965,35587160
Egypt,EGY,1966,32698076
Egypt,EGY,1967,24368372
Egypt,EGY,1968,27531000
Egypt,EGY,1969,23558044
Egypt,EGY,1970,25099452
Egypt,EGY,1971,26002888
Egypt,EGY,1972,28099632
Egypt,EGY,1973,25945736
Egypt,EGY,1974,27870466
Egypt,EGY,1975,31567780
Egypt,EGY,1976,33902904
Egypt,EGY,1977,36415012
Egypt,EGY,1978,37206820
Egypt,EGY,1979,41379060
Egypt,EGY,1980,44622910
Egypt,EGY,1981,50200990
Egypt,EGY,1982,55795244
Egypt,EGY,1983,57144844
Egypt,EGY,1984,64693224
Egypt,EGY,1985,66043260
Egypt,EGY,1986,75583580
Egypt,EGY,1987,76341390
Egypt,EGY,1988,75501816
Egypt,EGY,1989,74697260
Egypt,EGY,1990,77069640
Egypt,EGY,1991,86841960
Egypt,EGY,1992,91265630
Egypt,EGY,1993,99268930
Egypt,EGY,1994,94054136
Egypt,EGY,1995,101776904
Egypt,EGY,1996,101577000
Egypt,EGY,1997,114437310
Egypt,EGY,1998,132225150
Egypt,EGY,1999,130520990
Egypt,EGY,2000,146286240
Egypt,EGY,2001,131158950
Egypt,EGY,2002,131216910
Egypt,EGY,2003,152625470
Egypt,EGY,2004,155398000
Egypt,EGY,2005,170478110
Egypt,EGY,2006,181045140
Egypt,EGY,2007,189933330
Egypt,EGY,2008,201755710
Egypt,EGY,2009,209166220
Egypt,EGY,2010,204578780
Egypt,EGY,2011,218747120
Egypt,EGY,2012,215765550
Egypt,EGY,2013,212353150
Egypt,EGY,2014,228787520
Egypt,EGY,2015,224994430
Egypt,EGY,2016,239504850
Egypt,EGY,2017,260342850
Egypt,EGY,2018,244204200
Egypt,EGY,2019,256483550
Egypt,EGY,2020,228049710
Egypt,EGY,2021,247328910
Egypt,EGY,2022,259401740
El Salvador,SLV,1950,6128993
El Salvador,SLV,1951,6244372
El Salvador,SLV,1952,6461171
El Salvador,SLV,1953,5618595
El Salvador,SLV,1954,5363082
El Salvador,SLV,1955,5015778
El Salvador,SLV,1956,5022197.5
El Salvador,SLV,1957,4864152.5
El Salvador,SLV,1958,4919003
El Salvador,SLV,1959,5411914
El Salvador,SLV,1960,4618994.5
El Salvador,SLV,1961,4499718
El Salvador,SLV,1962,4732412
El Salvador,SLV,1963,4609388
El Salvador,SLV,1964,4155608.2
El Salvador,SLV,1965,3190394.2
El Salvador,SLV,1966,2746299
El Salvador,SLV,1967,2092971.2
El Salvador,SLV,1968,1258253.1
El Salvador,SLV,1969,1916439.8
El Salvador,SLV,1970,6128192
El Salvador,SLV,1971,6015142
El Salvador,SLV,1972,6283968.5
El Salvador,SLV,1973,6607556
El Salvador,SLV,1974,6525274.5
El Salvador,SLV,1975,5815006
El Salvador,SLV,1976,6296746
El Salvador,SLV,1977,8271814
El Salvador,SLV,1978,9207587
El Salvador,SLV,1979,8560820
El Salvador,SLV,1980,5313159.5
El Salvador,SLV,1981,3961145.2
El Salvador,SLV,1982,3670934.8
El Salvador,SLV,1983,7189664.5
El Salvador,SLV,1984,4550973
El Salvador,SLV,1985,4777385
El Salvador,SLV,1986,4547098.5
El Salvador,SLV,1987,7826806
El Salvador,SLV,1988,5239472
El Salvador,SLV,1989,4963800.5
El Salvador,SLV,1990,5960707.5
El Salvador,SLV,1991,8186524.5
El Salvador,SLV,1992,8138125
El Salvador,SLV,1993,7145943
El Salvador,SLV,1994,7421741
El Salvador,SLV,1995,5432723
El Salvador,SLV,1996,6418625
El Salvador,SLV,1997,9456064
El Salvador,SLV,1998,9123136
El Salvador,SLV,1999,6433400.5
El Salvador,SLV,2000,9630330
El Salvador,SLV,2001,8541568
El Salvador,SLV,2002,9434571
El Salvador,SLV,2003,9512501
El Salvador,SLV,2004,6663777
El Salvador,SLV,2005,3151796.5
El Salvador,SLV,2006,6042793
El Salvador,SLV,2007,7345789.5
El Salvador,SLV,2008,6121893
El Salvador,SLV,2009,5276756
El Salvador,SLV,2010,5706264.5
El Salvador,SLV,2011,6629294
El Salvador,SLV,2012,6349174.5
El Salvador,SLV,2013,6150604.5
El Salvador,SLV,2014,5510285
El Salvador,SLV,2015,6656816.5
El Salvador,SLV,2016,5790667.5
El Salvador,SLV,2017,5648843.5
El Salvador,SLV,2018,5876490.5
El Salvador,SLV,2019,7110190
El Salvador,SLV,2020,6153939.5
El Salvador,SLV,2021,7002040
El Salvador,SLV,2022,7215416.5
Equatorial Guinea,GNQ,1950,3538324.8
Equatorial Guinea,GNQ,1951,3271109.2
Equatorial Guinea,GNQ,1952,4363787
Equatorial Guinea,GNQ,1953,3182733.5
Equatorial Guinea,GNQ,1954,3865410
Equatorial Guinea,GNQ,1955,4860918.5
Equatorial Guinea,GNQ,1956,4365912.5
Equatorial Guinea,GNQ,1957,4872021
Equatorial Guinea,GNQ,1958,3440166.2
Equatorial Guinea,GNQ,1959,3800777.2
Equatorial Guinea,GNQ,1960,2213422.5
Equatorial Guinea,GNQ,1961,2785372.8
Equatorial Guinea,GNQ,1962,2972896.2
Equatorial Guinea,GNQ,1963,4174761.8
Equatorial Guinea,GNQ,1964,2532190.2
Equatorial Guinea,GNQ,1965,2884484
Equatorial Guinea,GNQ,1966,1947892.4
Equatorial Guinea,GNQ,1967,1713359.6
Equatorial Guinea,GNQ,1968,1532944.4
Equatorial Guinea,GNQ,1969,1436947.5
Equatorial Guinea,GNQ,1970,2519110
Equatorial Guinea,GNQ,1971,1322923.8
Equatorial Guinea,GNQ,1972,964731.2
Equatorial Guinea,GNQ,1973,840668.2
Equatorial Guinea,GNQ,1974,761599
Equatorial Guinea,GNQ,1975,682236.8
Equatorial Guinea,GNQ,1976,578582.25
Equatorial Guinea,GNQ,1977,631124
Equatorial Guinea,GNQ,1978,584078.25
Equatorial Guinea,GNQ,1979,435100
Equatorial Guinea,GNQ,1980,227571.05
Equatorial Guinea,GNQ,1981,510505.12
Equatorial Guinea,GNQ,1982,383840.66
Equatorial Guinea,GNQ,1983,462176.97
Equatorial Guinea,GNQ,1984,496728.47
Equatorial Guinea,GNQ,1985,560628.6
Equatorial Guinea,GNQ,1986,437738.1
Equatorial Guinea,GNQ,1987,373105.12
Equatorial Guinea,GNQ,1988,402930.06
Equatorial Guinea,GNQ,1989,418355.53
Equatorial Guinea,GNQ,1990,274580.16
Equatorial Guinea,GNQ,1991,323677.75
Equatorial Guinea,GNQ,1992,262305.75
Equatorial Guinea,GNQ,1993,475880.34
Equatorial Guinea,GNQ,1994,1396901.8
Equatorial Guinea,GNQ,1995,1874850.2
Equatorial Guinea,GNQ,1996,2069796.2
Equatorial Guinea,GNQ,1997,4017947
Equatorial Guinea,GNQ,1998,10080933
Equatorial Guinea,GNQ,1999,12993023
Equatorial Guinea,GNQ,2000,11628507
Equatorial Guinea,GNQ,2001,8107399.5
Equatorial Guinea,GNQ,2002,6608657
Equatorial Guinea,GNQ,2003,7059082
Equatorial Guinea,GNQ,2004,9106835
Equatorial Guinea,GNQ,2005,7797279
Equatorial Guinea,GNQ,2006,8273199
Equatorial Guinea,GNQ,2007,8031916.5
Equatorial Guinea,GNQ,2008,6463162.5
Equatorial Guinea,GNQ,2009,5960904.5
Equatorial Guinea,GNQ,2010,6205031.5
Equatorial Guinea,GNQ,2011,5720981
Equatorial Guinea,GNQ,2012,6621995
Equatorial Guinea,GNQ,2013,7742763
Equatorial Guinea,GNQ,2014,7029087.5
Equatorial Guinea,GNQ,2015,7451366
Equatorial Guinea,GNQ,2016,8291202.5
Equatorial Guinea,GNQ,2017,8707080
Equatorial Guinea,GNQ,2018,6924594.5
Equatorial Guinea,GNQ,2019,5774291.5
Equatorial Guinea,GNQ,2020,6719083
Equatorial Guinea,GNQ,2021,6785059
Equatorial Guinea,GNQ,2022,6293639
Eritrea,ERI,1939,1550375.9
Eritrea,ERI,1940,2989032
Eritrea,ERI,1941,3779459.2
Eritrea,ERI,1942,4286058.5
Eritrea,ERI,1943,4605419
Eritrea,ERI,1944,4958525.5
Eritrea,ERI,1990,-1342123.1
Eritrea,ERI,1993,-3312585.8
Eritrea,ERI,1994,-2070741
Eritrea,ERI,1995,-3056949.2
Eritrea,ERI,1996,-1304830.8
Eritrea,ERI,1997,4632802.5
Eritrea,ERI,1998,1548079
Eritrea,ERI,1999,4180415
Eritrea,ERI,2000,2043139.2
Eritrea,ERI,2001,1090683.8
Eritrea,ERI,2002,2980906
Eritrea,ERI,2003,2093852.8
Eritrea,ERI,2004,2777117
Eritrea,ERI,2005,4883881.5
Eritrea,ERI,2006,2896654
Eritrea,ERI,2007,2107075.5
Eritrea,ERI,2008,2619445.2
Eritrea,ERI,2009,1923342.8
Eritrea,ERI,2010,1593972.1
Eritrea,ERI,2011,1345682.5
Eritrea,ERI,2012,1145627.9
Eritrea,ERI,2013,989331.1
Eritrea,ERI,2014,1759027.6
Eritrea,ERI,2015,4003634.5
Eritrea,ERI,2016,5379490.5
Eritrea,ERI,2017,5680468.5
Eritrea,ERI,2018,6011548
Eritrea,ERI,2019,6648219
Eritrea,ERI,2020,6957610
Eritrea,ERI,2021,7158483.5
Eritrea,ERI,2022,7214166
Estonia,EST,1850,14624978
Estonia,EST,1855,14729318
Estonia,EST,1858,14980464
Estonia,EST,1859,15131642
Estonia,EST,1860,12178550
Estonia,EST,1861,11144883
Estonia,EST,1862,10651039
Estonia,EST,1863,10155084
Estonia,EST,1864,9701272
Estonia,EST,1865,9286063
Estonia,EST,1866,9054776
Estonia,EST,1867,8841172
Estonia,EST,1868,8450899
Estonia,EST,1869,8236510.5
Estonia,EST,1870,7928364.5
Estonia,EST,1871,7561708
Estonia,EST,1872,7216427.5
Estonia,EST,1873,6972919
Estonia,EST,1874,6883011.5
Estonia,EST,1875,6650521.5
Estonia,EST,1876,6497000.5
Estonia,EST,1877,6333936
Estonia,EST,1878,6224532.5
Estonia,EST,1879,6179828
Estonia,EST,1880,5895763.5
Estonia,EST,1881,5722756.5
Estonia,EST,1882,5727129
Estonia,EST,1883,5539400
Estonia,EST,1884,5367623.5
Estonia,EST,1885,5284039.5
Estonia,EST,1886,5241701
Estonia,EST,1887,5160084.5
Estonia,EST,1888,4942029.5
Estonia,EST,1889,4927602.5
Estonia,EST,1890,4800183.5
Estonia,EST,1891,4607864.5
Estonia,EST,1892,4418442
Estonia,EST,1893,4326736.5
Estonia,EST,1894,4394375
Estonia,EST,1895,4269274
Estonia,EST,1896,4219601.5
Estonia,EST,1897,4142013.8
Estonia,EST,1898,4217029.5
Estonia,EST,1899,4163431.5
Estonia,EST,1900,4246572.5
Estonia,EST,1901,4316882
Estonia,EST,1902,4160948.8
Estonia,EST,1903,3954562
Estonia,EST,1904,3960144
Estonia,EST,1905,3868403.8
Estonia,EST,1906,3913404.8
Estonia,EST,1907,4006705.5
Estonia,EST,1908,3909817
Estonia,EST,1909,3938373.2
Estonia,EST,1910,3715981.5
Estonia,EST,1911,3619197.8
Estonia,EST,1912,3664533.8
Estonia,EST,1913,3759869
Estonia,EST,1914,3636959.8
Estonia,EST,1915,3452293.2
Estonia,EST,1916,3462218
Estonia,EST,1917,3375394.5
Estonia,EST,1918,2709532.5
Estonia,EST,1919,2518556.5
Estonia,EST,1920,2520355.8
Estonia,EST,1921,2459415
Estonia,EST,1922,2451680.5
Estonia,EST,1923,2412027
Estonia,EST,1924,2456754
Estonia,EST,1925,2366250.2
Estonia,EST,1926,2558022.5
Estonia,EST,1927,2682405
Estonia,EST,1928,2765149
Estonia,EST,1929,2831870
Estonia,EST,1930,3181120.8
Estonia,EST,1931,3417801
Estonia,EST,1932,3573595.5
Estonia,EST,1933,3717335.8
Estonia,EST,1934,4146851.5
Estonia,EST,1935,4381633.5
Estonia,EST,1936,4827719
Estonia,EST,1937,4785539.5
Estonia,EST,1938,4986446
Estonia,EST,1939,4952277
Estonia,EST,1940,5480847
Estonia,EST,1941,4640348
Estonia,EST,1942,2549999.5
Estonia,EST,1943,2414946.5
Estonia,EST,1944,3281309.5
Estonia,EST,1945,3327027
Estonia,EST,1946,3596499
Estonia,EST,1947,4310881
Estonia,EST,1948,4420209
Estonia,EST,1949,5030492.5
Estonia,EST,1950,5725390
Estonia,EST,1951,6482601
Estonia,EST,1952,6734430.5
Estonia,EST,1953,6918949
Estonia,EST,1954,7264539
Estonia,EST,1955,8243915
Estonia,EST,1956,8613554
Estonia,EST,1957,8822174
Estonia,EST,1958,8417306
Estonia,EST,1959,5094523
Estonia,EST,1960,6031248
Estonia,EST,1961,7590651.5
Estonia,EST,1962,8001085
Estonia,EST,1963,9424541
Estonia,EST,1964,10836472
Estonia,EST,1965,12003202
Estonia,EST,1966,13381080
Estonia,EST,1967,14661370
Estonia,EST,1968,15685390
Estonia,EST,1969,16919524
Estonia,EST,1970,18632284
Estonia,EST,1971,20179292
Estonia,EST,1972,21662278
Estonia,EST,1973,23322052
Estonia,EST,1974,24459600
Estonia,EST,1975,26250486
Estonia,EST,1976,27621558
Estonia,EST,1977,28792042
Estonia,EST,1978,30077630
Estonia,EST,1979,30677376
Estonia,EST,1980,32503642
Estonia,EST,1981,31852790
Estonia,EST,1982,32670244
Estonia,EST,1983,33187068
Estonia,EST,1984,33790304
Estonia,EST,1985,36805012
Estonia,EST,1986,36820024
Estonia,EST,1987,36555920
Estonia,EST,1988,36688330
Estonia,EST,1989,37499970
Estonia,EST,1990,35196132
Estonia,EST,1991,32760414
Estonia,EST,1992,22179036
Estonia,EST,1993,14030062
Estonia,EST,1994,13223194
Estonia,EST,1995,12578510
Estonia,EST,1996,14106976
Estonia,EST,1997,15405214
Estonia,EST,1998,12440768
Estonia,EST,1999,12884410
Estonia,EST,2000,8394047
Estonia,EST,2001,6644088
Estonia,EST,2002,12210935
Estonia,EST,2003,9853692
Estonia,EST,2004,17189692
Estonia,EST,2005,13772316
Estonia,EST,2006,13236791
Estonia,EST,2007,15645380
Estonia,EST,2008,14821124
Estonia,EST,2009,12667454
Estonia,EST,2010,16061322
Estonia,EST,2011,16245544
Estonia,EST,2012,15606214
Estonia,EST,2013,17855094
Estonia,EST,2014,18064260
Estonia,EST,2015,15262637
Estonia,EST,2016,16234730
Estonia,EST,2017,18703648
Estonia,EST,2018,17867320
Estonia,EST,2019,12544006
Estonia,EST,2020,9760928
Estonia,EST,2021,11247872
Estonia,EST,2022,11412914
Eswatini,SWZ,1950,6338646.5
Eswatini,SWZ,1951,6217918
Eswatini,SWZ,1952,6153505
Eswatini,SWZ,1953,5934984
Eswatini,SWZ,1954,6114373.5
Eswatini,SWZ,1955,6093195.5
Eswatini,SWZ,1956,6285409
Eswatini,SWZ,1957,6232024.5
Eswatini,SWZ,1958,6071064.5
Eswatini,SWZ,1959,6014273
Eswatini,SWZ,1960,4357998.5
Eswatini,SWZ,1961,4181613.2
Eswatini,SWZ,1964,2853083.5
Eswatini,SWZ,1965,3441668.5
Eswatini,SWZ,1966,3191014.2
Eswatini,SWZ,1967,2547029.5
Eswatini,SWZ,1968,2011059.6
Eswatini,SWZ,1969,1804886.4
Eswatini,SWZ,1970,1960276.6
Eswatini,SWZ,1971,3619189.2
Eswatini,SWZ,1972,3180535.2
Eswatini,SWZ,1973,1851895.5
Eswatini,SWZ,1974,1640812.5
Eswatini,SWZ,1975,1271151.5
Eswatini,SWZ,1976,714883.06
Eswatini,SWZ,1977,3961516.8
Eswatini,SWZ,1978,2177405.2
Eswatini,SWZ,1979,1341610.2
Eswatini,SWZ,1980,-1344724.6
Eswatini,SWZ,1981,-266079.7
Eswatini,SWZ,1982,85774.22
Eswatini,SWZ,1983,2676991.8
Eswatini,SWZ,1984,1060141.8
Eswatini,SWZ,1985,2242624.5
Eswatini,SWZ,1986,2936146.5
Eswatini,SWZ,1987,3040753.8
Eswatini,SWZ,1988,3794768.2
Eswatini,SWZ,1989,2726675.5
Eswatini,SWZ,1990,3172364.5
Eswatini,SWZ,1991,2679629.8
Eswatini,SWZ,1992,2443411.5
Eswatini,SWZ,1993,2157436.5
Eswatini,SWZ,1994,2397025.5
Eswatini,SWZ,1995,2321364
Eswatini,SWZ,1996,2002485.9
Eswatini,SWZ,1997,2169051.2
Eswatini,SWZ,1998,1997539.5
Eswatini,SWZ,1999,2131385.5
Eswatini,SWZ,2000,2066093
Eswatini,SWZ,2001,1967934.5
Eswatini,SWZ,2002,1853727.5
Eswatini,SWZ,2003,1757950.6
Eswatini,SWZ,2004,1753993.5
Eswatini,SWZ,2005,1583580.8
Eswatini,SWZ,2006,1595891.8
Eswatini,SWZ,2007,1600398.5
Eswatini,SWZ,2008,1407049.2
Eswatini,SWZ,2009,1404887.5
Eswatini,SWZ,2010,1382427.2
Eswatini,SWZ,2011,1447609.8
Eswatini,SWZ,2012,1502643
Eswatini,SWZ,2013,1636269.1
Eswatini,SWZ,2014,940438.9
Eswatini,SWZ,2015,1018775.2
Eswatini,SWZ,2016,1447280
Eswatini,SWZ,2017,1421632
Eswatini,SWZ,2018,1499492
Eswatini,SWZ,2019,1656604.2
Eswatini,SWZ,2020,1321458.2
Eswatini,SWZ,2021,1275502.5
Eswatini,SWZ,2022,1368444.1
Ethiopia,ETH,1941,49860836
Ethiopia,ETH,1942,50667500
Ethiopia,ETH,1943,51990750
Ethiopia,ETH,1948,53296184
Ethiopia,ETH,1949,54055296
Ethiopia,ETH,1950,104747020
Ethiopia,ETH,1951,99926920
Ethiopia,ETH,1952,97123380
Ethiopia,ETH,1953,95144376
Ethiopia,ETH,1954,98002640
Ethiopia,ETH,1955,100823600
Ethiopia,ETH,1956,104439820
Ethiopia,ETH,1957,109129656
Ethiopia,ETH,1958,112813630
Ethiopia,ETH,1959,117213430
Ethiopia,ETH,1960,121755110
Ethiopia,ETH,1961,100735580
Ethiopia,ETH,1962,100457800
Ethiopia,ETH,1963,86854320
Ethiopia,ETH,1964,105838130
Ethiopia,ETH,1965,100742390
Ethiopia,ETH,1966,95579864
Ethiopia,ETH,1967,95880350
Ethiopia,ETH,1968,104511480
Ethiopia,ETH,1969,87772450
Ethiopia,ETH,1970,94126610
Ethiopia,ETH,1971,98898080
Ethiopia,ETH,1972,83149340
Ethiopia,ETH,1973,73047740
Ethiopia,ETH,1974,65326336
Ethiopia,ETH,1975,59409810
Ethiopia,ETH,1976,55445896
Ethiopia,ETH,1977,51673444
Ethiopia,ETH,1978,49478356
Ethiopia,ETH,1979,40898090
Ethiopia,ETH,1980,32486004
Ethiopia,ETH,1981,24922652
Ethiopia,ETH,1982,17706900
Ethiopia,ETH,1983,6239908
Ethiopia,ETH,1984,1330157.2
Ethiopia,ETH,1985,-4586762.5
Ethiopia,ETH,1986,-10538107
Ethiopia,ETH,1987,-15104891
Ethiopia,ETH,1988,-19416482
Ethiopia,ETH,1989,-21826720
Ethiopia,ETH,1990,-22531420
Ethiopia,ETH,1991,-21700726
Ethiopia,ETH,1992,-31803404
Ethiopia,ETH,1993,-23664396
Ethiopia,ETH,1994,-21844284
Ethiopia,ETH,1995,-17537228
Ethiopia,ETH,1996,-4815242.5
Ethiopia,ETH,1997,-10485701
Ethiopia,ETH,1998,-2072056
Ethiopia,ETH,1999,-5219340
Ethiopia,ETH,2000,345047.5
Ethiopia,ETH,2001,4996213.5
Ethiopia,ETH,2002,140174340
Ethiopia,ETH,2003,204258140
Ethiopia,ETH,2004,175213980
Ethiopia,ETH,2005,175348290
Ethiopia,ETH,2006,175849570
Ethiopia,ETH,2007,129159330
Ethiopia,ETH,2008,135926720
Ethiopia,ETH,2009,147181890
Ethiopia,ETH,2010,142389140
Ethiopia,ETH,2011,110301816
Ethiopia,ETH,2012,103488950
Ethiopia,ETH,2013,99068210
Ethiopia,ETH,2014,115087830
Ethiopia,ETH,2015,179183820
Ethiopia,ETH,2016,217122460
Ethiopia,ETH,2017,225995100
Ethiopia,ETH,2018,228510990
Ethiopia,ETH,2019,241491730
Ethiopia,ETH,2020,245779660
Ethiopia,ETH,2021,245498060
Ethiopia,ETH,2022,241371780
Europe,,1850,1105570000
Europe,,1851,383218270
Europe,,1852,382708640
Europe,,1853,384288480
Europe,,1854,415874800
Europe,,1855,1195678500
Europe,,1856,416258940
Europe,,1857,412647700
Europe,,1858,1241050400
Europe,,1859,1247018000
Europe,,1860,1293462800
Europe,,1861,1317652500
Europe,,1862,1317645300
Europe,,1863,1328271900
Europe,,1864,1354373800
Europe,,1865,1370367000
Europe,,1866,1395171100
Europe,,1867,1433441500
Europe,,1868,1428943600
Europe,,1869,1448505200
Europe,,1870,1529075200
Europe,,1871,1585972400
Europe,,1872,1644994000
Europe,,1873,1687419000
Europe,,1874,1671360000
Europe,,1875,1733807500
Europe,,1876,1738049800
Europe,,1877,1743722400
Europe,,1878,1782504800
Europe,,1879,1799919900
Europe,,1880,1902495700
Europe,,1881,1942667500
Europe,,1882,1978899500
Europe,,1883,2039479400
Europe,,1884,2034468100
Europe,,1885,2089218000
Europe,,1886,2053368800
Europe,,1887,2099423700
Europe,,1888,2164384000
Europe,,1889,2190358500
Europe,,1890,2426553600
Europe,,1891,2461922300
Europe,,1892,2478700300
Europe,,1893,2464553700
Europe,,1894,2543977500
Europe,,1895,2584552200
Europe,,1896,2627908600
Europe,,1897,2685704000
Europe,,1898,2725920300
Europe,,1899,2803898400
Europe,,1900,2971529200
Europe,,1901,3038214000
Europe,,1902,3095784400
Europe,,1903,3194276900
Europe,,1904,3287527400
Europe,,1905,3358196000
Europe,,1906,3443645000
Europe,,1907,3635752400
Europe,,1908,3684676000
Europe,,1909,3729718300
Europe,,1910,3302011600
Europe,,1911,3175787800
Europe,,1912,3108668400
Europe,,1913,3161214200
Europe,,1914,2833540000
Europe,,1915,2665031200
Europe,,1916,2668670500
Europe,,1917,2569739300
Europe,,1918,2365956900
Europe,,1919,2137830000
Europe,,1920,2500606000
Europe,,1921,2450312000
Europe,,1922,2627925000
Europe,,1923,2581727200
Europe,,1924,2801256000
Europe,,1925,2814679600
Europe,,1926,2607223300
Europe,,1927,2981937200
Europe,,1928,3004865500
Europe,,1929,3163057700
Europe,,1930,3291550000
Europe,,1931,3245431300
Europe,,1932,3198176300
Europe,,1933,3290706000
Europe,,1934,3489819400
Europe,,1935,3605211600
Europe,,1936,3762433800
Europe,,1937,3939858700
Europe,,1938,3979079400
Europe,,1939,4054503700
Europe,,1940,3704738300
Europe,,1941,3381048300
Europe,,1942,3075355100
Europe,,1943,2994460400
Europe,,1944,2740151800
Europe,,1945,1945682300
Europe,,1946,2253346000
Europe,,1947,2392756500
Europe,,1948,2425027300
Europe,,1949,2518211800
Europe,,1950,2964828200
Europe,,1951,3307486200
Europe,,1952,3519595500
Europe,,1953,3665364200
Europe,,1954,3896477200
Europe,,1955,4243611600
Europe,,1956,4519927000
Europe,,1957,4718031000
Europe,,1958,4781402000
Europe,,1959,5207885300
Europe,,1960,4995848700
Europe,,1961,5166137300
Europe,,1962,4961489000
Europe,,1963,5131932000
Europe,,1964,5345515000
Europe,,1965,5400307700
Europe,,1966,5568521000
Europe,,1967,5645136000
Europe,,1968,5938148400
Europe,,1969,6135834000
Europe,,1970,6603484700
Europe,,1971,6629406700
Europe,,1972,6823105000
Europe,,1973,7164937000
Europe,,1974,7132485000
Europe,,1975,7181146600
Europe,,1976,7549110000
Europe,,1977,7598587000
Europe,,1978,7791997400
Europe,,1979,7977799000
Europe,,1980,8138061000
Europe,,1981,7740967400
Europe,,1982,7678976500
Europe,,1983,7699528700
Europe,,1984,7739585000
Europe,,1985,8038341600
Europe,,1986,8064746500
Europe,,1987,8094667000
Europe,,1988,8098909700
Europe,,1989,8070413300
Europe,,1990,8254509600
Europe,,1991,7892966400
Europe,,1992,7114193400
Europe,,1993,6796685300
Europe,,1994,6407462000
Europe,,1995,6318768000
Europe,,1996,6786893300
Europe,,1997,6174036000
Europe,,1998,6141333000
Europe,,1999,6072782300
Europe,,2000,5941879000
Europe,,2001,6015346000
Europe,,2002,5964487700
Europe,,2003,6165690000
Europe,,2004,6209649000
Europe,,2005,6231626000
Europe,,2006,6306631000
Europe,,2007,6382235600
Europe,,2008,6237839400
Europe,,2009,5960332000
Europe,,2010,6334100000
Europe,,2011,6018460000
Europe,,2012,6204465000
Europe,,2013,5904172500
Europe,,2014,5548022300
Europe,,2015,5867981000
Europe,,2016,5864003600
Europe,,2017,5908518400
Europe,,2018,5892927500
Europe,,2019,5542252500
Europe,,2020,5204384000
Europe,,2021,5485263400
Europe,,2022,5300006400
Europe (excl. EU-27),,1850,823033200
Europe (excl. EU-27),,1851,133363550
Europe (excl. EU-27),,1852,129786344
Europe (excl. EU-27),,1853,128184640
Europe (excl. EU-27),,1854,151384030
Europe (excl. EU-27),,1855,887601700
Europe (excl. EU-27),,1856,147018980
Europe (excl. EU-27),,1857,142963170
Europe (excl. EU-27),,1858,903387700
Europe (excl. EU-27),,1859,915377400
Europe (excl. EU-27),,1860,900455200
Europe (excl. EU-27),,1861,921897100
Europe (excl. EU-27),,1862,916206140
Europe (excl. EU-27),,1863,928548300
Europe (excl. EU-27),,1864,948432500
Europe (excl. EU-27),,1865,955135040
Europe (excl. EU-27),,1866,980263550
Europe (excl. EU-27),,1867,991431700
Europe (excl. EU-27),,1868,983019500
Europe (excl. EU-27),,1869,997324200
Europe (excl. EU-27),,1870,1064999000
Europe (excl. EU-27),,1871,1105316100
Europe (excl. EU-27),,1872,1137718100
Europe (excl. EU-27),,1873,1161580500
Europe (excl. EU-27),,1874,1175807400
Europe (excl. EU-27),,1875,1204124300
Europe (excl. EU-27),,1876,1208434200
Europe (excl. EU-27),,1877,1219795600
Europe (excl. EU-27),,1878,1251606800
Europe (excl. EU-27),,1879,1241208800
Europe (excl. EU-27),,1880,1306345200
Europe (excl. EU-27),,1881,1338211300
Europe (excl. EU-27),,1882,1360487200
Europe (excl. EU-27),,1883,1385838700
Europe (excl. EU-27),,1884,1393883100
Europe (excl. EU-27),,1885,1434651900
Europe (excl. EU-27),,1886,1409053300
Europe (excl. EU-27),,1887,1430454800
Europe (excl. EU-27),,1888,1453413900
Europe (excl. EU-27),,1889,1471900700
Europe (excl. EU-27),,1890,1667653900
Europe (excl. EU-27),,1891,1681420300
Europe (excl. EU-27),,1892,1688941600
Europe (excl. EU-27),,1893,1666586600
Europe (excl. EU-27),,1894,1721832700
Europe (excl. EU-27),,1895,1747804500
Europe (excl. EU-27),,1896,1758116500
Europe (excl. EU-27),,1897,1784274000
Europe (excl. EU-27),,1898,1799416000
Europe (excl. EU-27),,1899,1846889500
Europe (excl. EU-27),,1900,1951083000
Europe (excl. EU-27),,1901,2017633700
Europe (excl. EU-27),,1902,2085944600
Europe (excl. EU-27),,1903,2133909500
Europe (excl. EU-27),,1904,2209242000
Europe (excl. EU-27),,1905,2240617500
Europe (excl. EU-27),,1906,2307778600
Europe (excl. EU-27),,1907,2380749300
Europe (excl. EU-27),,1908,2395433700
Europe (excl. EU-27),,1909,2447393000
Europe (excl. EU-27),,1910,2035537400
Europe (excl. EU-27),,1911,1908481500
Europe (excl. EU-27),,1912,1802721200
Europe (excl. EU-27),,1913,1765316900
Europe (excl. EU-27),,1914,1631992400
Europe (excl. EU-27),,1915,1555422500
Europe (excl. EU-27),,1916,1521886300
Europe (excl. EU-27),,1917,1440937100
Europe (excl. EU-27),,1918,1294305200
Europe (excl. EU-27),,1919,1258275700
Europe (excl. EU-27),,1920,1408683800
Europe (excl. EU-27),,1921,1299783400
Europe (excl. EU-27),,1922,1435465000
Europe (excl. EU-27),,1923,1472130300
Europe (excl. EU-27),,1924,1511504900
Europe (excl. EU-27),,1925,1502793700
Europe (excl. EU-27),,1926,1325941200
Europe (excl. EU-27),,1927,1574900000
Europe (excl. EU-27),,1928,1565161900
Europe (excl. EU-27),,1929,1609155600
Europe (excl. EU-27),,1930,1884312000
Europe (excl. EU-27),,1931,1966699300
Europe (excl. EU-27),,1932,2046301300
Europe (excl. EU-27),,1933,2121661200
Europe (excl. EU-27),,1934,2259315000
Europe (excl. EU-27),,1935,2336323800
Europe (excl. EU-27),,1936,2458185700
Europe (excl. EU-27),,1937,2509601300
Europe (excl. EU-27),,1938,2532412700
Europe (excl. EU-27),,1939,2580559600
Europe (excl. EU-27),,1940,2222292500
Europe (excl. EU-27),,1941,1953937900
Europe (excl. EU-27),,1942,1640015100
Europe (excl. EU-27),,1943,1535794300
Europe (excl. EU-27),,1944,1483877100
Europe (excl. EU-27),,1945,1350269400
Europe (excl. EU-27),,1946,1313399900
Europe (excl. EU-27),,1947,1320159100
Europe (excl. EU-27),,1948,1257749000
Europe (excl. EU-27),,1949,1229974800
Europe (excl. EU-27),,1950,1566070500
Europe (excl. EU-27),,1951,1760010100
Europe (excl. EU-27),,1952,1875215100
Europe (excl. EU-27),,1953,2005854800
Europe (excl. EU-27),,1954,2142172000
Europe (excl. EU-27),,1955,2352347100
Europe (excl. EU-27),,1956,2505753000
Europe (excl. EU-27),,1957,2640494000
Europe (excl. EU-27),,1958,2729730600
Europe (excl. EU-27),,1959,3293090600
Europe (excl. EU-27),,1960,2938516500
Europe (excl. EU-27),,1961,3019708700
Europe (excl. EU-27),,1962,2672864000
Europe (excl. EU-27),,1963,2721913000
Europe (excl. EU-27),,1964,2787585800
Europe (excl. EU-27),,1965,2830466300
Europe (excl. EU-27),,1966,2902670000
Europe (excl. EU-27),,1967,2928078300
Europe (excl. EU-27),,1968,3021091300
Europe (excl. EU-27),,1969,3077067800
Europe (excl. EU-27),,1970,3408615400
Europe (excl. EU-27),,1971,3367660500
Europe (excl. EU-27),,1972,3450851000
Europe (excl. EU-27),,1973,3605379000
Europe (excl. EU-27),,1974,3598305800
Europe (excl. EU-27),,1975,3709660200
Europe (excl. EU-27),,1976,3812651000
Europe (excl. EU-27),,1977,3884573200
Europe (excl. EU-27),,1978,3960434200
Europe (excl. EU-27),,1979,4040493000
Europe (excl. EU-27),,1980,4228769000
Europe (excl. EU-27),,1981,4039516400
Europe (excl. EU-27),,1982,4069079800
Europe (excl. EU-27),,1983,4111498200
Europe (excl. EU-27),,1984,4118946800
Europe (excl. EU-27),,1985,4356140000
Europe (excl. EU-27),,1986,4385421300
Europe (excl. EU-27),,1987,4384849000
Europe (excl. EU-27),,1988,4431090700
Europe (excl. EU-27),,1989,4353788000
Europe (excl. EU-27),,1990,4538509000
Europe (excl. EU-27),,1991,4235338000
Europe (excl. EU-27),,1992,3579129900
Europe (excl. EU-27),,1993,3323544300
Europe (excl. EU-27),,1994,2961304800
Europe (excl. EU-27),,1995,2817525800
Europe (excl. EU-27),,1996,3206563600
Europe (excl. EU-27),,1997,2662044200
Europe (excl. EU-27),,1998,2598740500
Europe (excl. EU-27),,1999,2609862700
Europe (excl. EU-27),,2000,2537337900
Europe (excl. EU-27),,2001,2576626400
Europe (excl. EU-27),,2002,2519371300
Europe (excl. EU-27),,2003,2612810000
Europe (excl. EU-27),,2004,2627973400
Europe (excl. EU-27),,2005,2692095500
Europe (excl. EU-27),,2006,2796934000
Europe (excl. EU-27),,2007,2835650600
Europe (excl. EU-27),,2008,2801273300
Europe (excl. EU-27),,2009,2771028700
Europe (excl. EU-27),,2010,3061121800
Europe (excl. EU-27),,2011,2813830000
Europe (excl. EU-27),,2012,3094047500
Europe (excl. EU-27),,2013,2890124800
Europe (excl. EU-27),,2014,2668849700
Europe (excl. EU-27),,2015,2943564300
Europe (excl. EU-27),,2016,2936015400
Europe (excl. EU-27),,2017,2955612000
Europe (excl. EU-27),,2018,3013313300
Europe (excl. EU-27),,2019,2807540000
Europe (excl. EU-27),,2020,2674268700
Europe (excl. EU-27),,2021,2804266500
Europe (excl. EU-27),,2022,2659769300
Europe (excl. EU-28),,1850,692146500
Europe (excl. EU-28),,1851,11234777
Europe (excl. EU-28),,1852,11208507
Europe (excl. EU-28),,1853,11237671
Europe (excl. EU-28),,1854,11283874
Europe (excl. EU-28),,1855,758801540
Europe (excl. EU-28),,1856,11313589
Europe (excl. EU-28),,1857,11339714
Europe (excl. EU-28),,1858,776071040
Europe (excl. EU-28),,1859,774981950
Europe (excl. EU-28),,1860,731111740
Europe (excl. EU-28),,1861,738901700
Europe (excl. EU-28),,1862,730514700
Europe (excl. EU-28),,1863,724564860
Europe (excl. EU-28),,1864,724833500
Europe (excl. EU-28),,1865,715440900
Europe (excl. EU-28),,1866,728913300
Europe (excl. EU-28),,1867,730741060
Europe (excl. EU-28),,1868,724678100
Europe (excl. EU-28),,1869,729001300
Europe (excl. EU-28),,1870,792051500
Europe (excl. EU-28),,1871,821970200
Europe (excl. EU-28),,1872,844582140
Europe (excl. EU-28),,1873,857777800
Europe (excl. EU-28),,1874,877717500
Europe (excl. EU-28),,1875,893652800
Europe (excl. EU-28),,1876,901572700
Europe (excl. EU-28),,1877,908196540
Europe (excl. EU-28),,1878,945687740
Europe (excl. EU-28),,1879,934694460
Europe (excl. EU-28),,1880,971718600
Europe (excl. EU-28),,1881,993153000
Europe (excl. EU-28),,1882,1010963500
Europe (excl. EU-28),,1883,1022603300
Europe (excl. EU-28),,1884,1039774340
Europe (excl. EU-28),,1885,1086427500
Europe (excl. EU-28),,1886,1063123600
Europe (excl. EU-28),,1887,1075712000
Europe (excl. EU-28),,1888,1085622500
Europe (excl. EU-28),,1889,1094601900
Europe (excl. EU-28),,1890,1279763000
Europe (excl. EU-28),,1891,1287046700
Europe (excl. EU-28),,1892,1303699200
Europe (excl. EU-28),,1893,1315668000
Europe (excl. EU-28),,1894,1322703000
Europe (excl. EU-28),,1895,1346336500
Europe (excl. EU-28),,1896,1348642600
Europe (excl. EU-28),,1897,1364264600
Europe (excl. EU-28),,1898,1378984800
Europe (excl. EU-28),,1899,1399347000
Europe (excl. EU-28),,1900,1494182100
Europe (excl. EU-28),,1901,1571208300
Europe (excl. EU-28),,1902,1624698000
Europe (excl. EU-28),,1903,1671041900
Europe (excl. EU-28),,1904,1741708200
Europe (excl. EU-28),,1905,1765297800
Europe (excl. EU-28),,1906,1818110500
Europe (excl. EU-28),,1907,1873295900
Europe (excl. EU-28),,1908,1899062800
Europe (excl. EU-28),,1909,1947383900
Europe (excl. EU-28),,1910,1532594400
Europe (excl. EU-28),,1911,1390787100
Europe (excl. EU-28),,1912,1315419900
Europe (excl. EU-28),,1913,1234200800
Europe (excl. EU-28),,1914,1115667500
Europe (excl. EU-28),,1915,1033432700
Europe (excl. EU-28),,1916,984345340
Europe (excl. EU-28),,1917,909911940
Europe (excl. EU-28),,1918,799895700
Europe (excl. EU-28),,1919,778111550
Europe (excl. EU-28),,1920,920397250
Europe (excl. EU-28),,1921,960759230
Europe (excl. EU-28),,1922,992325250
Europe (excl. EU-28),,1923,1005097150
Europe (excl. EU-28),,1924,1025599500
Europe (excl. EU-28),,1925,1042895300
Europe (excl. EU-28),,1926,1069585340
Europe (excl. EU-28),,1927,1099662500
Europe (excl. EU-28),,1928,1118067500
Europe (excl. EU-28),,1929,1137743100
Europe (excl. EU-28),,1930,1434225700
Europe (excl. EU-28),,1931,1545863400
Europe (excl. EU-28),,1932,1640515300
Europe (excl. EU-28),,1933,1717489800
Europe (excl. EU-28),,1934,1824193700
Europe (excl. EU-28),,1935,1895707900
Europe (excl. EU-28),,1936,1993166800
Europe (excl. EU-28),,1937,2029264600
Europe (excl. EU-28),,1938,2069427500
Europe (excl. EU-28),,1939,2114784400
Europe (excl. EU-28),,1940,1731613600
Europe (excl. EU-28),,1941,1467306200
Europe (excl. EU-28),,1942,1153099000
Europe (excl. EU-28),,1943,1061223000
Europe (excl. EU-28),,1944,1021213250
Europe (excl. EU-28),,1945,911627260
Europe (excl. EU-28),,1946,856239900
Europe (excl. EU-28),,1947,836314600
Europe (excl. EU-28),,1948,758843460
Europe (excl. EU-28),,1949,720162600
Europe (excl. EU-28),,1950,1044887700
Europe (excl. EU-28),,1951,1195158900
Europe (excl. EU-28),,1952,1325755100
Europe (excl. EU-28),,1953,1444259500
Europe (excl. EU-28),,1954,1568313200
Europe (excl. EU-28),,1955,1752639200
Europe (excl. EU-28),,1956,1908352000
Europe (excl. EU-28),,1957,2045438100
Europe (excl. EU-28),,1958,2149584600
Europe (excl. EU-28),,1959,2719135200
Europe (excl. EU-28),,1960,2332713700
Europe (excl. EU-28),,1961,2409129000
Europe (excl. EU-28),,1962,2059146800
Europe (excl. EU-28),,1963,2098632100
Europe (excl. EU-28),,1964,2161767000
Europe (excl. EU-28),,1965,2192157000
Europe (excl. EU-28),,1966,2268509400
Europe (excl. EU-28),,1967,2322176800
Europe (excl. EU-28),,1968,2402488600
Europe (excl. EU-28),,1969,2444711700
Europe (excl. EU-28),,1970,2750743600
Europe (excl. EU-28),,1971,2702727200
Europe (excl. EU-28),,1972,2798964200
Europe (excl. EU-28),,1973,2942281700
Europe (excl. EU-28),,1974,2977941000
Europe (excl. EU-28),,1975,3103009800
Europe (excl. EU-28),,1976,3210737200
Europe (excl. EU-28),,1977,3276959200
Europe (excl. EU-28),,1978,3352287200
Europe (excl. EU-28),,1979,3390199300
Europe (excl. EU-28),,1980,3647165000
Europe (excl. EU-28),,1981,3476620300
Europe (excl. EU-28),,1982,3519139800
Europe (excl. EU-28),,1983,3563165000
Europe (excl. EU-28),,1984,3584813300
Europe (excl. EU-28),,1985,3793924600
Europe (excl. EU-28),,1986,3814033000
Europe (excl. EU-28),,1987,3791489300
Europe (excl. EU-28),,1988,3852456700
Europe (excl. EU-28),,1989,3766742500
Europe (excl. EU-28),,1990,3932665300
Europe (excl. EU-28),,1991,3623388200
Europe (excl. EU-28),,1992,2994700000
Europe (excl. EU-28),,1993,2752040200
Europe (excl. EU-28),,1994,2391264300
Europe (excl. EU-28),,1995,2244109300
Europe (excl. EU-28),,1996,2606403000
Europe (excl. EU-28),,1997,2093051300
Europe (excl. EU-28),,1998,2035178200
Europe (excl. EU-28),,1999,2053862500
Europe (excl. EU-28),,2000,1967662700
Europe (excl. EU-28),,2001,1998837200
Europe (excl. EU-28),,2002,1957364600
Europe (excl. EU-28),,2003,2036872100
Europe (excl. EU-28),,2004,2047986200
Europe (excl. EU-28),,2005,2078389900
Europe (excl. EU-28),,2006,2206965500
Europe (excl. EU-28),,2007,2258356000
Europe (excl. EU-28),,2008,2245436400
Europe (excl. EU-28),,2009,2269237200
Europe (excl. EU-28),,2010,2542413000
Europe (excl. EU-28),,2011,2333478400
Europe (excl. EU-28),,2012,2589631000
Europe (excl. EU-28),,2013,2396676000
Europe (excl. EU-28),,2014,2218174700
Europe (excl. EU-28),,2015,2501368800
Europe (excl. EU-28),,2016,2517607000
Europe (excl. EU-28),,2017,2555925800
Europe (excl. EU-28),,2018,2619802600
Europe (excl. EU-28),,2019,2428859100
Europe (excl. EU-28),,2020,2332572700
Europe (excl. EU-28),,2021,2441379300
Europe (excl. EU-28),,2022,2325184300
European Union (27),,1850,282536800
European Union (27),,1851,249854720
European Union (27),,1852,252922290
European Union (27),,1853,256103860
European Union (27),,1854,264490780
European Union (27),,1855,308076770
European Union (27),,1856,269239940
European Union (27),,1857,269684540
European Union (27),,1858,337662620
European Union (27),,1859,331640640
European Union (27),,1860,393007700
European Union (27),,1861,395755460
European Union (27),,1862,401439140
European Union (27),,1863,399723620
European Union (27),,1864,405941220
European Union (27),,1865,415231940
European Union (27),,1866,414907520
European Union (27),,1867,442009730
European Union (27),,1868,445924220
European Union (27),,1869,451180960
European Union (27),,1870,464076220
European Union (27),,1871,480656200
European Union (27),,1872,507275800
European Union (27),,1873,525838460
European Union (27),,1874,495552580
European Union (27),,1875,529683260
European Union (27),,1876,529615680
European Union (27),,1877,523926820
European Union (27),,1878,530898100
European Union (27),,1879,558711100
European Union (27),,1880,596150500
European Union (27),,1881,604456060
European Union (27),,1882,618412200
European Union (27),,1883,653640700
European Union (27),,1884,640585000
European Union (27),,1885,654566200
European Union (27),,1886,644315600
European Union (27),,1887,668968960
European Union (27),,1888,710970000
European Union (27),,1889,718457700
European Union (27),,1890,758899800
European Union (27),,1891,780501900
European Union (27),,1892,789758660
European Union (27),,1893,797967170
European Union (27),,1894,822144600
European Union (27),,1895,836747700
European Union (27),,1896,869792100
European Union (27),,1897,901429760
European Union (27),,1898,926504200
European Union (27),,1899,957008960
European Union (27),,1900,1020446140
European Union (27),,1901,1020580160
European Union (27),,1902,1009839700
European Union (27),,1903,1060367550
European Union (27),,1904,1078285300
European Union (27),,1905,1117578600
European Union (27),,1906,1135866800
European Union (27),,1907,1255003300
European Union (27),,1908,1289242400
European Union (27),,1909,1282325100
European Union (27),,1910,1266474400
European Union (27),,1911,1267306200
European Union (27),,1912,1305947500
European Union (27),,1913,1395897300
European Union (27),,1914,1201547600
European Union (27),,1915,1109608700
European Union (27),,1916,1146784100
European Union (27),,1917,1128802400
European Union (27),,1918,1071651600
European Union (27),,1919,879554300
European Union (27),,1920,1091922200
European Union (27),,1921,1150528600
European Union (27),,1922,1192460000
European Union (27),,1923,1109597200
European Union (27),,1924,1289751000
European Union (27),,1925,1311885800
European Union (27),,1926,1281282000
European Union (27),,1927,1407037000
European Union (27),,1928,1439703600
European Union (27),,1929,1553902200
European Union (27),,1930,1407237800
European Union (27),,1931,1278732000
European Union (27),,1932,1151875000
European Union (27),,1933,1169044700
European Union (27),,1934,1230504300
European Union (27),,1935,1268887800
European Union (27),,1936,1304248200
European Union (27),,1937,1430257400
European Union (27),,1938,1446666600
European Union (27),,1939,1473944000
European Union (27),,1940,1482446000
European Union (27),,1941,1427110300
European Union (27),,1942,1435339800
European Union (27),,1943,1458666200
European Union (27),,1944,1256274700
European Union (27),,1945,595412740
European Union (27),,1946,939946100
European Union (27),,1947,1072597200
European Union (27),,1948,1167278300
European Union (27),,1949,1288237000
European Union (27),,1950,1398757600
European Union (27),,1951,1547476200
European Union (27),,1952,1644380700
European Union (27),,1953,1659509400
European Union (27),,1954,1754305000
European Union (27),,1955,1891264500
European Union (27),,1956,2014174000
European Union (27),,1957,2077536900
European Union (27),,1958,2051671600
European Union (27),,1959,1914794800
European Union (27),,1960,2057332200
European Union (27),,1961,2146428800
European Union (27),,1962,2288625200
European Union (27),,1963,2410019000
European Union (27),,1964,2557929500
European Union (27),,1965,2569841700
European Union (27),,1966,2665851100
European Union (27),,1967,2717057300
European Union (27),,1968,2917057300
European Union (27),,1969,3058766600
European Union (27),,1970,3194869000
European Union (27),,1971,3261746200
European Union (27),,1972,3372254200
European Union (27),,1973,3559558100
European Union (27),,1974,3534179300
European Union (27),,1975,3471486200
European Union (27),,1976,3736458800
European Union (27),,1977,3714014000
European Union (27),,1978,3831563300
European Union (27),,1979,3937305900
European Union (27),,1980,3909292000
European Union (27),,1981,3701451300
European Union (27),,1982,3609896700
European Union (27),,1983,3588030700
European Union (27),,1984,3620638000
European Union (27),,1985,3682201600
European Union (27),,1986,3679325200
European Union (27),,1987,3709817900
European Union (27),,1988,3667819300
European Union (27),,1989,3716625200
European Union (27),,1990,3716000500
European Union (27),,1991,3657628200
European Union (27),,1992,3535063600
European Union (27),,1993,3473140700
European Union (27),,1994,3446157300
European Union (27),,1995,3501242600
European Union (27),,1996,3580329500
European Union (27),,1997,3511992000
European Union (27),,1998,3542592500
European Union (27),,1999,3462919700
European Union (27),,2000,3404540700
European Union (27),,2001,3438719700
European Union (27),,2002,3445116700
European Union (27),,2003,3552880000
European Union (27),,2004,3581675800
European Union (27),,2005,3539530500
European Union (27),,2006,3509697000
European Union (27),,2007,3546585000
European Union (27),,2008,3436566300
European Union (27),,2009,3189303300
European Union (27),,2010,3272978200
European Union (27),,2011,3204630300
European Union (27),,2012,3110418000
European Union (27),,2013,3014047700
European Union (27),,2014,2879172600
European Union (27),,2015,2924416800
European Union (27),,2016,2927988200
European Union (27),,2017,2952906800
European Union (27),,2018,2879614500
European Union (27),,2019,2734712300
European Union (27),,2020,2530114800
European Union (27),,2021,2680996900
European Union (27),,2022,2640237000
European Union (28),,1850,413423550
European Union (28),,1851,371983500
European Union (28),,1852,371500130
European Union (28),,1853,373050800
European Union (28),,1854,404590940
European Union (28),,1855,436877000
European Union (28),,1856,404945340
European Union (28),,1857,401308000
European Union (28),,1858,464979260
European Union (28),,1859,472036100
European Union (28),,1860,562351100
European Union (28),,1861,578750800
European Union (28),,1862,587130560
European Union (28),,1863,603707100
European Union (28),,1864,629540200
European Union (28),,1865,654926100
European Union (28),,1866,666257800
European Union (28),,1867,702700350
European Union (28),,1868,704265660
European Union (28),,1869,719503900
European Union (28),,1870,737023700
European Union (28),,1871,764002200
European Union (28),,1872,800411800
European Union (28),,1873,829641200
European Union (28),,1874,793642430
European Union (28),,1875,840154700
European Union (28),,1876,836477200
European Union (28),,1877,835525900
European Union (28),,1878,836817100
European Union (28),,1879,865225400
European Union (28),,1880,930777200
European Union (28),,1881,949514500
European Union (28),,1882,967935940
European Union (28),,1883,1016876100
European Union (28),,1884,994693760
European Union (28),,1885,1002790600
European Union (28),,1886,990245400
European Union (28),,1887,1023711740
European Union (28),,1888,1078761500
European Union (28),,1889,1095756500
European Union (28),,1890,1146790700
European Union (28),,1891,1174875500
European Union (28),,1892,1175001100
European Union (28),,1893,1148885900
European Union (28),,1894,1221274400
European Union (28),,1895,1238215700
European Union (28),,1896,1279266000
European Union (28),,1897,1321439200
European Union (28),,1898,1346935300
European Union (28),,1899,1404551700
European Union (28),,1900,1477347100
European Union (28),,1901,1467005400
European Union (28),,1902,1471086300
European Union (28),,1903,1523235000
European Union (28),,1904,1545819300
European Union (28),,1905,1592898300
European Union (28),,1906,1625534600
European Union (28),,1907,1762456600
European Union (28),,1908,1785613300
European Union (28),,1909,1782334200
European Union (28),,1910,1769417200
European Union (28),,1911,1785000700
European Union (28),,1912,1793248600
European Union (28),,1913,1927013200
European Union (28),,1914,1717872600
European Union (28),,1915,1631598500
European Union (28),,1916,1684325100
European Union (28),,1917,1659827500
European Union (28),,1918,1566061000
European Union (28),,1919,1359718400
European Union (28),,1920,1580208500
European Union (28),,1921,1489552800
European Union (28),,1922,1635599700
European Union (28),,1923,1576630300
European Union (28),,1924,1775656400
European Union (28),,1925,1771784300
European Union (28),,1926,1537637900
European Union (28),,1927,1882274600
European Union (28),,1928,1886797800
European Union (28),,1929,2025314600
European Union (28),,1930,1857324200
European Union (28),,1931,1699568000
European Union (28),,1932,1557660900
European Union (28),,1933,1573216100
European Union (28),,1934,1665625600
European Union (28),,1935,1709503600
European Union (28),,1936,1769267100
European Union (28),,1937,1910594000
European Union (28),,1938,1909651800
European Union (28),,1939,1939719200
European Union (28),,1940,1973124700
European Union (28),,1941,1913742000
European Union (28),,1942,1922256000
European Union (28),,1943,1933237600
European Union (28),,1944,1718938600
European Union (28),,1945,1034055040
European Union (28),,1946,1397106200
European Union (28),,1947,1556441700
European Union (28),,1948,1666183800
European Union (28),,1949,1798049300
European Union (28),,1950,1919940600
European Union (28),,1951,2112327400
European Union (28),,1952,2193840600
European Union (28),,1953,2221105000
European Union (28),,1954,2328163800
European Union (28),,1955,2490972200
European Union (28),,1956,2611575000
European Union (28),,1957,2672593000
European Union (28),,1958,2631817700
European Union (28),,1959,2488749800
European Union (28),,1960,2663134700
European Union (28),,1961,2757008400
European Union (28),,1962,2902342100
European Union (28),,1963,3033300200
European Union (28),,1964,3183748000
European Union (28),,1965,3208150800
European Union (28),,1966,3300011800
European Union (28),,1967,3322958800
European Union (28),,1968,3535660000
European Union (28),,1969,3691122700
European Union (28),,1970,3852741000
European Union (28),,1971,3926679600
European Union (28),,1972,4024140800
European Union (28),,1973,4222655700
European Union (28),,1974,4154544000
European Union (28),,1975,4078136300
European Union (28),,1976,4338372600
European Union (28),,1977,4321628000
European Union (28),,1978,4439710000
European Union (28),,1979,4587600000
European Union (28),,1980,4490896000
European Union (28),,1981,4264347100
European Union (28),,1982,4159836700
European Union (28),,1983,4136364000
European Union (28),,1984,4154771500
European Union (28),,1985,4244417000
European Union (28),,1986,4250713600
European Union (28),,1987,4303177000
European Union (28),,1988,4246453200
European Union (28),,1989,4303671000
European Union (28),,1990,4321843700
European Union (28),,1991,4269578000
European Union (28),,1992,4119493600
European Union (28),,1993,4044644900
European Union (28),,1994,4016198100
European Union (28),,1995,4074658800
European Union (28),,1996,4180490000
European Union (28),,1997,4080984800
European Union (28),,1998,4106154800
European Union (28),,1999,4018919700
European Union (28),,2000,3974216000
European Union (28),,2001,4016508700
European Union (28),,2002,4007123500
European Union (28),,2003,4128818000
European Union (28),,2004,4161663000
European Union (28),,2005,4153236000
European Union (28),,2006,4099665400
European Union (28),,2007,4123880000
European Union (28),,2008,3992403500
European Union (28),,2009,3691094500
European Union (28),,2010,3791687000
European Union (28),,2011,3684981800
European Union (28),,2012,3614834400
European Union (28),,2013,3507496400
European Union (28),,2014,3329847300
European Union (28),,2015,3366612200
European Union (28),,2016,3346396700
European Union (28),,2017,3352592600
European Union (28),,2018,3273124900
European Union (28),,2019,3113393200
European Union (28),,2020,2871810800
European Union (28),,2021,3043884000
European Union (28),,2022,2974822100
Fiji,FJI,1950,1328016.9
Fiji,FJI,1951,1442919.8
Fiji,FJI,1952,1557236.6
Fiji,FJI,1953,1690349.8
Fiji,FJI,1954,1752234.6
Fiji,FJI,1955,1850576.5
Fiji,FJI,1956,1951190
Fiji,FJI,1957,2041214.4
Fiji,FJI,1958,2178797.5
Fiji,FJI,1959,2369655.2
Fiji,FJI,1960,1486301.5
Fiji,FJI,1961,1401516.6
Fiji,FJI,1962,1231287.2
Fiji,FJI,1963,1016686.75
Fiji,FJI,1964,989710.56
Fiji,FJI,1965,905188.75
Fiji,FJI,1966,762335
Fiji,FJI,1967,758854.25
Fiji,FJI,1968,939827.9
Fiji,FJI,1969,805141.25
Fiji,FJI,1970,823465.9
Fiji,FJI,1971,1803714.8
Fiji,FJI,1972,1385367.8
Fiji,FJI,1973,1484772.1
Fiji,FJI,1974,1751284.9
Fiji,FJI,1975,2700508.8
Fiji,FJI,1976,2166788
Fiji,FJI,1977,2552585.8
Fiji,FJI,1978,1894424.6
Fiji,FJI,1979,1855597.5
Fiji,FJI,1980,2481377.5
Fiji,FJI,1981,2840546.2
Fiji,FJI,1982,2871904
Fiji,FJI,1983,2688622
Fiji,FJI,1984,3254164
Fiji,FJI,1985,2230181.5
Fiji,FJI,1986,3473703
Fiji,FJI,1987,3418327.5
Fiji,FJI,1988,3638333.8
Fiji,FJI,1989,3885868.8
Fiji,FJI,1990,4088341
Fiji,FJI,1991,3727369.2
Fiji,FJI,1992,2491044
Fiji,FJI,1993,2222606.5
Fiji,FJI,1994,2906051.8
Fiji,FJI,1995,2017081.8
Fiji,FJI,1996,1993433
Fiji,FJI,1997,1641410
Fiji,FJI,1998,1624052.2
Fiji,FJI,1999,1553497
Fiji,FJI,2000,1512367.6
Fiji,FJI,2001,1687136.9
Fiji,FJI,2002,1422265.5
Fiji,FJI,2003,1561111.6
Fiji,FJI,2004,1792469.4
Fiji,FJI,2005,1587243.9
Fiji,FJI,2006,1638091.8
Fiji,FJI,2007,1662653.2
Fiji,FJI,2008,1286309.2
Fiji,FJI,2009,1012543
Fiji,FJI,2010,1466663.9
Fiji,FJI,2011,1362493.9
Fiji,FJI,2012,1286539.1
Fiji,FJI,2013,1907652.6
Fiji,FJI,2014,1515945.2
Fiji,FJI,2015,2001522.2
Fiji,FJI,2016,1552947
Fiji,FJI,2017,1636545.1
Fiji,FJI,2018,1693700.6
Fiji,FJI,2019,1669071.4
Fiji,FJI,2020,1321980.8
Fiji,FJI,2021,1392119.6
Fiji,FJI,2022,1375802
Finland,FIN,1860,19129414
Finland,FIN,1861,19158910
Finland,FIN,1862,19618046
Finland,FIN,1863,20054866
Finland,FIN,1864,19784024
Finland,FIN,1865,19816194
Finland,FIN,1866,20200366
Finland,FIN,1867,19972574
Finland,FIN,1868,20337178
Finland,FIN,1869,20510340
Finland,FIN,1870,20702258
Finland,FIN,1871,20563906
Finland,FIN,1872,19843858
Finland,FIN,1873,20403094
Finland,FIN,1874,20721532
Finland,FIN,1875,20375652
Finland,FIN,1876,20768468
Finland,FIN,1877,21629838
Finland,FIN,1878,21194590
Finland,FIN,1879,21322318
Finland,FIN,1880,22530338
Finland,FIN,1881,22934624
Finland,FIN,1882,23585498
Finland,FIN,1883,23927312
Finland,FIN,1884,24181558
Finland,FIN,1885,24796340
Finland,FIN,1886,25241444
Finland,FIN,1887,25759568
Finland,FIN,1888,26456938
Finland,FIN,1889,26704148
Finland,FIN,1890,27492896
Finland,FIN,1891,27876774
Finland,FIN,1892,28000800
Finland,FIN,1893,27900224
Finland,FIN,1894,28608914
Finland,FIN,1895,29244656
Finland,FIN,1896,29569578
Finland,FIN,1897,30289408
Finland,FIN,1898,30904190
Finland,FIN,1899,31310748
Finland,FIN,1900,32319960
Finland,FIN,1901,33626760
Finland,FIN,1902,33087386
Finland,FIN,1903,33900468
Finland,FIN,1904,34614944
Finland,FIN,1905,34961996
Finland,FIN,1906,35373540
Finland,FIN,1907,37565892
Finland,FIN,1908,38139896
Finland,FIN,1909,38876284
Finland,FIN,1910,38145350
Finland,FIN,1911,38510836
Finland,FIN,1912,38998664
Finland,FIN,1913,38972176
Finland,FIN,1914,39057400
Finland,FIN,1915,41618420
Finland,FIN,1916,43810520
Finland,FIN,1917,45381536
Finland,FIN,1918,46203628
Finland,FIN,1919,46700390
Finland,FIN,1920,45744304
Finland,FIN,1921,44371736
Finland,FIN,1922,45539196
Finland,FIN,1923,45747130
Finland,FIN,1924,44186596
Finland,FIN,1925,41613040
Finland,FIN,1926,38347680
Finland,FIN,1927,36207610
Finland,FIN,1928,33598336
Finland,FIN,1929,31204792
Finland,FIN,1930,27816512
Finland,FIN,1931,25859894
Finland,FIN,1932,24196800
Finland,FIN,1933,22809982
Finland,FIN,1934,22109488
Finland,FIN,1935,20411998
Finland,FIN,1936,21022000
Finland,FIN,1937,21854170
Finland,FIN,1938,20185024
Finland,FIN,1939,18554920
Finland,FIN,1940,16499349
Finland,FIN,1941,17187712
Finland,FIN,1942,16649566
Finland,FIN,1943,17568076
Finland,FIN,1944,16184604
Finland,FIN,1945,14014446
Finland,FIN,1946,16583392
Finland,FIN,1947,18770334
Finland,FIN,1948,21799752
Finland,FIN,1949,18446952
Finland,FIN,1950,20690168
Finland,FIN,1951,22722344
Finland,FIN,1952,23575828
Finland,FIN,1953,22595300
Finland,FIN,1954,24044440
Finland,FIN,1955,26228518
Finland,FIN,1956,27334788
Finland,FIN,1957,27097274
Finland,FIN,1958,25445594
Finland,FIN,1959,31420780
Finland,FIN,1960,31240338
Finland,FIN,1961,31634226
Finland,FIN,1962,33290774
Finland,FIN,1963,35476044
Finland,FIN,1964,38738024
Finland,FIN,1965,41269812
Finland,FIN,1966,44703196
Finland,FIN,1967,43172760
Finland,FIN,1968,44997330
Finland,FIN,1969,49245188
Finland,FIN,1970,51692744
Finland,FIN,1971,49947964
Finland,FIN,1972,52576812
Finland,FIN,1973,59496956
Finland,FIN,1974,56085710
Finland,FIN,1975,53871108
Finland,FIN,1976,57441372
Finland,FIN,1977,55053924
Finland,FIN,1978,56721696
Finland,FIN,1979,59581476
Finland,FIN,1980,64293784
Finland,FIN,1981,57101720
Finland,FIN,1982,47499904
Finland,FIN,1983,45742044
Finland,FIN,1984,46811376
Finland,FIN,1985,54017984
Finland,FIN,1986,59247910
Finland,FIN,1987,62053056
Finland,FIN,1988,58661564
Finland,FIN,1989,59586280
Finland,FIN,1990,65608388
Finland,FIN,1991,60458188
Finland,FIN,1992,59157172
Finland,FIN,1993,65575896
Finland,FIN,1994,67207660
Finland,FIN,1995,64013210
Finland,FIN,1996,69425740
Finland,FIN,1997,72826590
Finland,FIN,1998,69772300
Finland,FIN,1999,70691860
Finland,FIN,2000,68429256
Finland,FIN,2001,74733220
Finland,FIN,2002,78748980
Finland,FIN,2003,87229944
Finland,FIN,2004,84520744
Finland,FIN,2005,73313950
Finland,FIN,2006,82894880
Finland,FIN,2007,82153680
Finland,FIN,2008,73931310
Finland,FIN,2009,69393810
Finland,FIN,2010,78680720
Finland,FIN,2011,71782080
Finland,FIN,2012,65575200
Finland,FIN,2013,68014160
Finland,FIN,2014,64552320
Finland,FIN,2015,62366880
Finland,FIN,2016,66228840
Finland,FIN,2017,66059416
Finland,FIN,2018,68349560
Finland,FIN,2019,65324944
Finland,FIN,2020,60668344
Finland,FIN,2021,62710730
Finland,FIN,2022,63538690
France,FRA,1850,59508090
France,FRA,1851,55155252
France,FRA,1852,53726550
France,FRA,1853,54275308
France,FRA,1854,56131820
France,FRA,1855,57155576
France,FRA,1856,55937920
France,FRA,1857,54056936
France,FRA,1858,51399984
France,FRA,1859,48847972
France,FRA,1860,50822500
France,FRA,1861,51669656
France,FRA,1862,52161692
France,FRA,1863,50619624
France,FRA,1864,51792544
France,FRA,1865,52836604
France,FRA,1866,54724810
France,FRA,1867,56582052
France,FRA,1868,56316524
France,FRA,1869,57087024
France,FRA,1870,51227890
France,FRA,1871,51069676
France,FRA,1872,62296210
France,FRA,1873,67084876
France,FRA,1874,64640800
France,FRA,1875,67273650
France,FRA,1876,67120820
France,FRA,1877,65458532
France,FRA,1878,66734116
France,FRA,1879,68199130
France,FRA,1880,76680890
France,FRA,1881,77230820
France,FRA,1882,80483864
France,FRA,1883,83218856
France,FRA,1884,78886580
France,FRA,1885,74889704
France,FRA,1886,72490776
France,FRA,1887,78189720
France,FRA,1888,80460856
France,FRA,1889,82324660
France,FRA,1890,89719090
France,FRA,1891,88423790
France,FRA,1892,87171220
France,FRA,1893,83515170
France,FRA,1894,88247880
France,FRA,1895,87862610
France,FRA,1896,89754296
France,FRA,1897,93224430
France,FRA,1898,95818880
France,FRA,1899,99471890
France,FRA,1900,108618150
France,FRA,1901,103029520
France,FRA,1902,95708110
France,FRA,1903,106816450
France,FRA,1904,102487100
France,FRA,1905,103669176
France,FRA,1906,112189736
France,FRA,1907,120325540
France,FRA,1908,120455790
France,FRA,1909,123184780
France,FRA,1910,117072610
France,FRA,1911,118519890
France,FRA,1912,114984090
France,FRA,1913,122364850
France,FRA,1914,64596796
France,FRA,1915,44843000
France,FRA,1916,47243284
France,FRA,1917,54232070
France,FRA,1918,38389744
France,FRA,1919,41467250
France,FRA,1920,82109290
France,FRA,1921,72584720
France,FRA,1922,100759450
France,FRA,1923,124209304
France,FRA,1924,148802290
France,FRA,1925,158691760
France,FRA,1926,161885400
France,FRA,1927,162958670
France,FRA,1928,164188780
France,FRA,1929,189144060
France,FRA,1930,189733180
France,FRA,1931,167732450
France,FRA,1932,141362300
France,FRA,1933,148271470
France,FRA,1934,149376260
France,FRA,1935,142354180
France,FRA,1936,144225540
France,FRA,1937,162872480
France,FRA,1938,146672000
France,FRA,1939,138082750
France,FRA,1940,82061870
France,FRA,1941,65197170
France,FRA,1942,68504900
France,FRA,1943,72468390
France,FRA,1944,27762164
France,FRA,1945,55439084
France,FRA,1946,113791320
France,FRA,1947,132961760
France,FRA,1948,146351600
France,FRA,1949,180264750
France,FRA,1950,156121400
France,FRA,1951,187033680
France,FRA,1952,191954260
France,FRA,1953,185587520
France,FRA,1954,202931280
France,FRA,1955,220197890
France,FRA,1956,254224560
France,FRA,1957,269306300
France,FRA,1958,263196530
France,FRA,1959,232094610
France,FRA,1960,263561860
France,FRA,1961,282249730
France,FRA,1962,297741700
France,FRA,1963,296162200
France,FRA,1964,324553660
France,FRA,1965,315061980
France,FRA,1966,330807740
France,FRA,1967,347917280
France,FRA,1968,364534600
France,FRA,1969,380681380
France,FRA,1970,404995780
France,FRA,1971,434930880
France,FRA,1972,458814460
France,FRA,1973,491629900
France,FRA,1974,475776830
France,FRA,1975,431763460
France,FRA,1976,475671500
France,FRA,1977,466315460
France,FRA,1978,484780130
France,FRA,1979,488434080
France,FRA,1980,470654000
France,FRA,1981,421936640
France,FRA,1982,401826980
France,FRA,1983,389572030
France,FRA,1984,380088450
France,FRA,1985,374515040
France,FRA,1986,364123800
France,FRA,1987,351894370
France,FRA,1988,358300300
France,FRA,1989,379275740
France,FRA,1990,379149920
France,FRA,1991,406436740
France,FRA,1992,400846850
France,FRA,1993,378075000
France,FRA,1994,370481200
France,FRA,1995,373405380
France,FRA,1996,389568420
France,FRA,1997,380175360
France,FRA,1998,398595360
France,FRA,1999,393830200
France,FRA,2000,386884600
France,FRA,2001,388383940
France,FRA,2002,382438620
France,FRA,2003,389716160
France,FRA,2004,388765380
France,FRA,2005,391522700
France,FRA,2006,382906780
France,FRA,2007,369888700
France,FRA,2008,361012220
France,FRA,2009,342699900
France,FRA,2010,347831400
France,FRA,2011,326675900
France,FRA,2012,332439000
France,FRA,2013,337233250
France,FRA,2014,306288900
France,FRA,2015,317056300
France,FRA,2016,315408800
France,FRA,2017,322053570
France,FRA,2018,302721340
France,FRA,2019,297019780
France,FRA,2020,263456030
France,FRA,2021,290015940
France,FRA,2022,281911420
Gabon,GAB,1950,42638892
Gabon,GAB,1951,32591616
Gabon,GAB,1952,27372866
Gabon,GAB,1953,23988826
Gabon,GAB,1954,21769972
Gabon,GAB,1955,21754400
Gabon,GAB,1956,23485080
Gabon,GAB,1957,26216724
Gabon,GAB,1958,28187008
Gabon,GAB,1959,29815800
Gabon,GAB,1960,17106814
Gabon,GAB,1961,17905638
Gabon,GAB,1962,18744436
Gabon,GAB,1963,18754074
Gabon,GAB,1964,19224862
Gabon,GAB,1965,18086420
Gabon,GAB,1966,14342141
Gabon,GAB,1967,15753882
Gabon,GAB,1968,13945001
Gabon,GAB,1969,11078251
Gabon,GAB,1970,16582678
Gabon,GAB,1971,12893909
Gabon,GAB,1972,11370271
Gabon,GAB,1973,17527404
Gabon,GAB,1974,20384516
Gabon,GAB,1975,17678690
Gabon,GAB,1976,22443942
Gabon,GAB,1977,23757106
Gabon,GAB,1978,17386548
Gabon,GAB,1979,13659703
Gabon,GAB,1980,11843250
Gabon,GAB,1981,10597915
Gabon,GAB,1982,9533771
Gabon,GAB,1983,8309167.5
Gabon,GAB,1984,8609078
Gabon,GAB,1985,8936330
Gabon,GAB,1986,7063460
Gabon,GAB,1987,5572324.5
Gabon,GAB,1988,6140834.5
Gabon,GAB,1989,9046344
Gabon,GAB,1990,6513775
Gabon,GAB,1991,7296120.5
Gabon,GAB,1992,7441282.5
Gabon,GAB,1993,11484524
Gabon,GAB,1994,14427056
Gabon,GAB,1995,13589448
Gabon,GAB,1996,16053274
Gabon,GAB,1997,21252712
Gabon,GAB,1998,31251416
Gabon,GAB,1999,33108932
Gabon,GAB,2000,27507516
Gabon,GAB,2001,24710798
Gabon,GAB,2002,21989756
Gabon,GAB,2003,25097616
Gabon,GAB,2004,20954146
Gabon,GAB,2005,18402034
Gabon,GAB,2006,16931968
Gabon,GAB,2007,20718896
Gabon,GAB,2008,18372276
Gabon,GAB,2009,15265948
Gabon,GAB,2010,14623697
Gabon,GAB,2011,13200608
Gabon,GAB,2012,15761490
Gabon,GAB,2013,14484230
Gabon,GAB,2014,11419127
Gabon,GAB,2015,21951928
Gabon,GAB,2016,16143034
Gabon,GAB,2017,20263460
Gabon,GAB,2018,12958310
Gabon,GAB,2019,11064736
Gabon,GAB,2020,10515101
Gabon,GAB,2021,10205980
Gabon,GAB,2022,9813374
Gambia,GMB,1950,2399333.8
Gambia,GMB,1951,1950163.9
Gambia,GMB,1952,1451786.8
Gambia,GMB,1953,1510777.1
Gambia,GMB,1954,1387373.6
Gambia,GMB,1955,1368687.1
Gambia,GMB,1956,1294234.8
Gambia,GMB,1957,1182152.9
Gambia,GMB,1958,1045705.6
Gambia,GMB,1959,802782.44
Gambia,GMB,1960,654463.7
Gambia,GMB,1961,593751.2
Gambia,GMB,1962,754307.7
Gambia,GMB,1963,568616.2
Gambia,GMB,1964,705613.1
Gambia,GMB,1965,525564.2
Gambia,GMB,1966,739871.5
Gambia,GMB,1967,873314.4
Gambia,GMB,1968,423301.94
Gambia,GMB,1969,311256.8
Gambia,GMB,1970,511164.62
Gambia,GMB,1971,673846.25
Gambia,GMB,1972,886394.9
Gambia,GMB,1973,2357307.8
Gambia,GMB,1974,1144597
Gambia,GMB,1975,728329.94
Gambia,GMB,1976,674102.7
Gambia,GMB,1977,842463.5
Gambia,GMB,1978,353466.06
Gambia,GMB,1979,110799.36
Gambia,GMB,1980,1172809.8
Gambia,GMB,1981,1614798.1
Gambia,GMB,1982,599686.9
Gambia,GMB,1983,81120.96
Gambia,GMB,1984,2198.4062
Gambia,GMB,1985,414581.62
Gambia,GMB,1986,524428.3
Gambia,GMB,1987,1019508
Gambia,GMB,1988,313858.25
Gambia,GMB,1989,475807.03
Gambia,GMB,1990,514242.4
Gambia,GMB,1991,-269450.6
Gambia,GMB,1992,-363725.3
Gambia,GMB,1993,878187.5
Gambia,GMB,1994,442904.3
Gambia,GMB,1995,479507.7
Gambia,GMB,1996,512593.6
Gambia,GMB,1997,-163964
Gambia,GMB,1998,3561957.5
Gambia,GMB,1999,3331565.2
Gambia,GMB,2000,2325247.8
Gambia,GMB,2001,869430.56
Gambia,GMB,2002,1409137.8
Gambia,GMB,2003,1296836.2
Gambia,GMB,2004,1429399.6
Gambia,GMB,2005,186790.72
Gambia,GMB,2006,797433
Gambia,GMB,2007,4752867.5
Gambia,GMB,2008,5087683.5
Gambia,GMB,2009,3501465
Gambia,GMB,2010,1991274.1
Gambia,GMB,2011,1105978.4
Gambia,GMB,2012,986092.3
Gambia,GMB,2013,707774.9
Gambia,GMB,2014,618629.75
Gambia,GMB,2015,699530.9
Gambia,GMB,2016,625774.56
Gambia,GMB,2017,636876.5
Gambia,GMB,2018,705320
Gambia,GMB,2019,758704.5
Gambia,GMB,2020,742326.4
Gambia,GMB,2021,793234.3
Gambia,GMB,2022,800993.1
Georgia,GEO,1850,9162078
Georgia,GEO,1855,8882583
Georgia,GEO,1858,8893451
Georgia,GEO,1859,8989641
Georgia,GEO,1860,8870726
Georgia,GEO,1861,8692784
Georgia,GEO,1862,8672616
Georgia,GEO,1863,8691820
Georgia,GEO,1864,8651445
Georgia,GEO,1865,8796630
Georgia,GEO,1866,8807990
Georgia,GEO,1867,8804604
Georgia,GEO,1868,8786924
Georgia,GEO,1869,8765054
Georgia,GEO,1870,8665103
Georgia,GEO,1871,8614939
Georgia,GEO,1872,8487490
Georgia,GEO,1873,8449423
Georgia,GEO,1874,8497850
Georgia,GEO,1875,8484860
Georgia,GEO,1876,8466632
Georgia,GEO,1877,8492577
Georgia,GEO,1878,8544302
Georgia,GEO,1879,8561708
Georgia,GEO,1880,8397121
Georgia,GEO,1881,8286276
Georgia,GEO,1882,8202343
Georgia,GEO,1883,8148225.5
Georgia,GEO,1884,8050777
Georgia,GEO,1885,8131452
Georgia,GEO,1886,8215733
Georgia,GEO,1887,8158134
Georgia,GEO,1888,8253019.5
Georgia,GEO,1889,8185443.5
Georgia,GEO,1890,7739738.5
Georgia,GEO,1891,7520342.5
Georgia,GEO,1892,7377184
Georgia,GEO,1893,7425390
Georgia,GEO,1894,7242878.5
Georgia,GEO,1895,7295648
Georgia,GEO,1896,7186037.5
Georgia,GEO,1897,7212187
Georgia,GEO,1898,7289427.5
Georgia,GEO,1899,7228268
Georgia,GEO,1900,7145067
Georgia,GEO,1901,6985668
Georgia,GEO,1902,6801200
Georgia,GEO,1903,6607181
Georgia,GEO,1904,6689931
Georgia,GEO,1905,6607171.5
Georgia,GEO,1906,6631564.5
Georgia,GEO,1907,6639597.5
Georgia,GEO,1908,6672706.5
Georgia,GEO,1909,6682986
Georgia,GEO,1910,5362491.5
Georgia,GEO,1911,4915096.5
Georgia,GEO,1912,4736970.5
Georgia,GEO,1913,4559756.5
Georgia,GEO,1914,4287346
Georgia,GEO,1915,4064909
Georgia,GEO,1916,4055336.8
Georgia,GEO,1917,3844995.5
Georgia,GEO,1918,3585457
Georgia,GEO,1919,3482880.2
Georgia,GEO,1920,2889413
Georgia,GEO,1921,2402942.8
Georgia,GEO,1922,2269848.8
Georgia,GEO,1923,2098797.5
Georgia,GEO,1924,1831986.5
Georgia,GEO,1925,1716980.1
Georgia,GEO,1926,1559883.6
Georgia,GEO,1927,1627668.2
Georgia,GEO,1928,1524414.6
Georgia,GEO,1929,1439326.5
Georgia,GEO,1930,6770967
Georgia,GEO,1931,8572415
Georgia,GEO,1932,9640679
Georgia,GEO,1933,10732774
Georgia,GEO,1934,11737818
Georgia,GEO,1935,12761491
Georgia,GEO,1936,13504846
Georgia,GEO,1937,13855323
Georgia,GEO,1938,14092557
Georgia,GEO,1939,14200423
Georgia,GEO,1940,7804558
Georgia,GEO,1941,4373312
Georgia,GEO,1942,1017204.25
Georgia,GEO,1943,-1287707.2
Georgia,GEO,1944,-3042844.5
Georgia,GEO,1945,-4918292.5
Georgia,GEO,1946,-6569743
Georgia,GEO,1947,-7953422
Georgia,GEO,1948,-9478863
Georgia,GEO,1949,-10698571
Georgia,GEO,1950,-11353157
Georgia,GEO,1951,-12127888
Georgia,GEO,1952,-12889631
Georgia,GEO,1953,-13857585
Georgia,GEO,1954,-14799608
Georgia,GEO,1955,-15717478
Georgia,GEO,1956,-17130152
Georgia,GEO,1957,-18599732
Georgia,GEO,1958,-20648898
Georgia,GEO,1959,-23788538
Georgia,GEO,1960,-22145972
Georgia,GEO,1961,-19065544
Georgia,GEO,1962,-18594116
Georgia,GEO,1963,-17388212
Georgia,GEO,1964,-15953647
Georgia,GEO,1965,-14634176
Georgia,GEO,1966,-13351837
Georgia,GEO,1967,-12000838
Georgia,GEO,1968,-10707689
Georgia,GEO,1969,-9611453
Georgia,GEO,1970,-7035140
Georgia,GEO,1971,-6511131
Georgia,GEO,1972,-5494414
Georgia,GEO,1973,-4200927
Georgia,GEO,1974,-3299744
Georgia,GEO,1975,-2026801
Georgia,GEO,1976,-875565
Georgia,GEO,1977,-52755
Georgia,GEO,1978,983702
Georgia,GEO,1979,1681469
Georgia,GEO,1980,4213725
Georgia,GEO,1981,3466348
Georgia,GEO,1982,4065423
Georgia,GEO,1983,4646398
Georgia,GEO,1984,5239967
Georgia,GEO,1985,6775313
Georgia,GEO,1986,6982053
Georgia,GEO,1987,7484250.5
Georgia,GEO,1988,8159884
Georgia,GEO,1989,8264031.5
Georgia,GEO,1990,8350239.5
Georgia,GEO,1991,8858602
Georgia,GEO,1992,7465157
Georgia,GEO,1993,2253140
Georgia,GEO,1994,-2316671
Georgia,GEO,1995,-6048538.5
Georgia,GEO,1996,-3789346.5
Georgia,GEO,1997,-2749424.5
Georgia,GEO,1998,-2449541
Georgia,GEO,1999,-2654283
Georgia,GEO,2000,-2169301
Georgia,GEO,2001,-2816465.5
Georgia,GEO,2002,8775554
Georgia,GEO,2003,-7947792
Georgia,GEO,2004,-6069212
Georgia,GEO,2005,-5767250
Georgia,GEO,2006,-4974284
Georgia,GEO,2007,-4597447
Georgia,GEO,2008,-5110803
Georgia,GEO,2009,-4946252
Georgia,GEO,2010,-4437269
Georgia,GEO,2011,-2466765
Georgia,GEO,2012,1397482
Georgia,GEO,2013,-1558115.5
Georgia,GEO,2014,-447124
Georgia,GEO,2015,-233014
Georgia,GEO,2016,231745
Georgia,GEO,2017,-280646
Georgia,GEO,2018,-591608
Georgia,GEO,2019,115860
Georgia,GEO,2020,576479
Georgia,GEO,2021,664899
Georgia,GEO,2022,626876
Germany,DEU,1850,40406850
Germany,DEU,1851,40823410
Germany,DEU,1852,43063320
Germany,DEU,1853,44347410
Germany,DEU,1854,47403330
Germany,DEU,1855,50653410
Germany,DEU,1856,52875404
Germany,DEU,1857,54150916
Germany,DEU,1858,56233096
Germany,DEU,1859,54032972
Germany,DEU,1860,57889148
Germany,DEU,1861,62440640
Germany,DEU,1862,66141390
Germany,DEU,1863,69240810
Germany,DEU,1864,76503150
Germany,DEU,1865,83142100
Germany,DEU,1866,82109910
Germany,DEU,1867,88989290
Germany,DEU,1868,93673130
Germany,DEU,1869,96871220
Germany,DEU,1870,95730580
Germany,DEU,1871,104510400
Germany,DEU,1872,111780580
Germany,DEU,1873,118054340
Germany,DEU,1874,91282260
Germany,DEU,1875,120951140
Germany,DEU,1876,123027550
Germany,DEU,1877,120631380
Germany,DEU,1878,123817330
Germany,DEU,1879,130053750
Germany,DEU,1880,143260020
Germany,DEU,1881,152138000
Germany,DEU,1882,160823470
Germany,DEU,1883,169414640
Germany,DEU,1884,173488830
Germany,DEU,1885,176768180
Germany,DEU,1886,177955060
Germany,DEU,1887,185616670
Germany,DEU,1888,200738320
Germany,DEU,1889,213037340
Germany,DEU,1890,222968770
Germany,DEU,1891,236647060
Germany,DEU,1892,231861620
Germany,DEU,1893,238202540
Germany,DEU,1894,247564600
Germany,DEU,1895,256452850
Germany,DEU,1896,275162750
Germany,DEU,1897,292641340
Germany,DEU,1898,304738780
Germany,DEU,1899,322991600
Germany,DEU,1900,356376400
Germany,DEU,1901,356696320
Germany,DEU,1902,351088640
Germany,DEU,1903,377220740
Germany,DEU,1904,391023870
Germany,DEU,1905,418067000
Germany,DEU,1906,398230200
Germany,DEU,1907,479593200
Germany,DEU,1908,484306800
Germany,DEU,1909,483661100
Germany,DEU,1910,472733200
Germany,DEU,1911,482954340
Germany,DEU,1912,520009400
Germany,DEU,1913,553224770
Germany,DEU,1914,513272960
Germany,DEU,1915,476268930
Germany,DEU,1916,512158050
Germany,DEU,1917,533956380
Germany,DEU,1918,511920260
Germany,DEU,1919,393859680
Germany,DEU,1920,437758560
Germany,DEU,1921,483084380
Germany,DEU,1922,464957920
Germany,DEU,1923,342093600
Germany,DEU,1924,461556670
Germany,DEU,1925,468964700
Germany,DEU,1926,424075600
Germany,DEU,1927,492047070
Germany,DEU,1928,516858800
Germany,DEU,1929,551305660
Germany,DEU,1930,475572400
Germany,DEU,1931,399233950
Germany,DEU,1932,362249380
Germany,DEU,1933,380173020
Germany,DEU,1934,424585860
Germany,DEU,1935,467900600
Germany,DEU,1936,515471940
Germany,DEU,1937,579718000
Germany,DEU,1938,618589700
Germany,DEU,1939,665614400
Germany,DEU,1940,667383100
Germany,DEU,1941,672618100
Germany,DEU,1942,678978400
Germany,DEU,1943,690237250
Germany,DEU,1944,609962430
Germany,DEU,1945,124657560
Germany,DEU,1946,279264580
Germany,DEU,1947,325040860
Germany,DEU,1948,384602370
Germany,DEU,1949,438661660
Germany,DEU,1950,516877440
Germany,DEU,1951,581667600
Germany,DEU,1952,614136700
Germany,DEU,1953,625228400
Germany,DEU,1954,659434300
Germany,DEU,1955,721708800
Germany,DEU,1956,762687940
Germany,DEU,1957,773794800
Germany,DEU,1958,750441300
Germany,DEU,1959,672624100
Germany,DEU,1960,739648200
Germany,DEU,1961,762640000
Germany,DEU,1962,814119700
Germany,DEU,1963,882115650
Germany,DEU,1964,911331840
Germany,DEU,1965,903654200
Germany,DEU,1966,894851100
Germany,DEU,1967,880778300
Germany,DEU,1968,931383800
Germany,DEU,1969,997567100
Germany,DEU,1970,973578000
Germany,DEU,1971,988950400
Germany,DEU,1972,994128600
Germany,DEU,1973,1040090800
Germany,DEU,1974,1019782300
Germany,DEU,1975,961814100
Germany,DEU,1976,1051305200
Germany,DEU,1977,1014543900
Germany,DEU,1978,1041544500
Germany,DEU,1979,1080923800
Germany,DEU,1980,1063688960
Germany,DEU,1981,1012898200
Germany,DEU,1982,981015740
Germany,DEU,1983,977936200
Germany,DEU,1984,1000675100
Germany,DEU,1985,1012804030
Germany,DEU,1986,1016660700
Germany,DEU,1987,1004588350
Germany,DEU,1988,1001751550
Germany,DEU,1989,983977860
Germany,DEU,1990,1014775230
Germany,DEU,1991,976293060
Germany,DEU,1992,950103300
Germany,DEU,1993,944011650
Germany,DEU,1994,927707200
Germany,DEU,1995,921046900
Germany,DEU,1996,940432800
Germany,DEU,1997,916530400
Germany,DEU,1998,903923300
Germany,DEU,1999,874400450
Germany,DEU,2000,878691200
Germany,DEU,2001,894052400
Germany,DEU,2002,882236740
Germany,DEU,2003,886138900
Germany,DEU,2004,871898400
Germany,DEU,2005,849308000
Germany,DEU,2006,863190340
Germany,DEU,2007,837065150
Germany,DEU,2008,839341630
Germany,DEU,2009,771523000
Germany,DEU,2010,818476160
Germany,DEU,2011,793163140
Germany,DEU,2012,803034750
Germany,DEU,2013,825475460
Germany,DEU,2014,788546050
Germany,DEU,2015,790941100
Germany,DEU,2016,796912260
Germany,DEU,2017,781652860
Germany,DEU,2018,745749100
Germany,DEU,2019,698699260
Germany,DEU,2020,638599230
Germany,DEU,2021,670440900
Germany,DEU,2022,657515900
Ghana,GHA,1950,71893580
Ghana,GHA,1951,80162280
Ghana,GHA,1952,92177336
Ghana,GHA,1953,104548180
Ghana,GHA,1954,115550030
Ghana,GHA,1955,123527730
Ghana,GHA,1956,125671140
Ghana,GHA,1957,126375840
Ghana,GHA,1958,129025600
Ghana,GHA,1959,130815130
Ghana,GHA,1960,77340620
Ghana,GHA,1961,54491996
Ghana,GHA,1962,41288664
Ghana,GHA,1963,33940770
Ghana,GHA,1964,27777370
Ghana,GHA,1965,23223458
Ghana,GHA,1966,19318036
Ghana,GHA,1967,16339022
Ghana,GHA,1968,14672776
Ghana,GHA,1969,12392398
Ghana,GHA,1970,12323913
Ghana,GHA,1971,11649524
Ghana,GHA,1972,10565552
Ghana,GHA,1973,11067673
Ghana,GHA,1974,24616692
Ghana,GHA,1975,15031621
Ghana,GHA,1976,25474272
Ghana,GHA,1977,31852496
Ghana,GHA,1978,19227224
Ghana,GHA,1979,14934995
Ghana,GHA,1980,12037226
Ghana,GHA,1981,36345804
Ghana,GHA,1982,21609172
Ghana,GHA,1983,30530770
Ghana,GHA,1984,34375148
Ghana,GHA,1985,23234416
Ghana,GHA,1986,17535068
Ghana,GHA,1987,27118270
Ghana,GHA,1988,19263214
Ghana,GHA,1989,25968302
Ghana,GHA,1990,30741070
Ghana,GHA,1991,20421810
Ghana,GHA,1992,26379958
Ghana,GHA,1993,32360484
Ghana,GHA,1994,44939108
Ghana,GHA,1995,51124452
Ghana,GHA,1996,67965300
Ghana,GHA,1997,76278060
Ghana,GHA,1998,65035964
Ghana,GHA,1999,63671780
Ghana,GHA,2000,52079470
Ghana,GHA,2001,47887970
Ghana,GHA,2002,50557068
Ghana,GHA,2003,51408016
Ghana,GHA,2004,35708730
Ghana,GHA,2005,38865236
Ghana,GHA,2006,38614150
Ghana,GHA,2007,37921064
Ghana,GHA,2008,27997730
Ghana,GHA,2009,22213000
Ghana,GHA,2010,25109948
Ghana,GHA,2011,21489498
Ghana,GHA,2012,21582028
Ghana,GHA,2013,19910764
Ghana,GHA,2014,18135772
Ghana,GHA,2015,17183042
Ghana,GHA,2016,16197054
Ghana,GHA,2017,13123353
Ghana,GHA,2018,16919954
Ghana,GHA,2019,17852674
Ghana,GHA,2020,20359408
Ghana,GHA,2021,21963466
Ghana,GHA,2022,21474964
Greece,GRC,1867,11431240
Greece,GRC,1868,11402625
Greece,GRC,1869,11567980
Greece,GRC,1870,12334489
Greece,GRC,1871,12761419
Greece,GRC,1872,12872805
Greece,GRC,1873,13079308
Greece,GRC,1874,13193624
Greece,GRC,1875,13347769
Greece,GRC,1879,13613922
Greece,GRC,1883,14675785
Greece,GRC,1888,15176984
Greece,GRC,1892,16295640
Greece,GRC,1893,16365403
Greece,GRC,1894,16466896
Greece,GRC,1895,16543803
Greece,GRC,1896,16677245
Greece,GRC,1897,16738177
Greece,GRC,1898,16895804
Greece,GRC,1899,16728835
Greece,GRC,1900,15920043
Greece,GRC,1901,15539684
Greece,GRC,1902,15222858
Greece,GRC,1903,15130525
Greece,GRC,1904,14932632
Greece,GRC,1905,14731149
Greece,GRC,1906,14610054
Greece,GRC,1907,14692274
Greece,GRC,1908,14920064
Greece,GRC,1909,14696267
Greece,GRC,1910,14929298
Greece,GRC,1911,15108650
Greece,GRC,1913,15497804
Greece,GRC,1914,14170739
Greece,GRC,1915,14150625
Greece,GRC,1916,14174404
Greece,GRC,1917,14191148
Greece,GRC,1918,14224894
Greece,GRC,1919,14179094
Greece,GRC,1920,17430564
Greece,GRC,1921,18575198
Greece,GRC,1922,19245490
Greece,GRC,1923,20039954
Greece,GRC,1924,20863988
Greece,GRC,1925,21931898
Greece,GRC,1926,22109932
Greece,GRC,1927,22890876
Greece,GRC,1928,23209234
Greece,GRC,1929,23755030
Greece,GRC,1930,27102516
Greece,GRC,1931,28353026
Greece,GRC,1932,29244770
Greece,GRC,1933,29611424
Greece,GRC,1934,30791172
Greece,GRC,1935,31433600
Greece,GRC,1936,32377128
Greece,GRC,1937,33036984
Greece,GRC,1938,32684420
Greece,GRC,1939,30445048
Greece,GRC,1940,25112248
Greece,GRC,1941,23050140
Greece,GRC,1942,21926428
Greece,GRC,1943,21000032
Greece,GRC,1944,20113016
Greece,GRC,1945,19434528
Greece,GRC,1946,18936784
Greece,GRC,1947,18483624
Greece,GRC,1948,19246930
Greece,GRC,1949,19154384
Greece,GRC,1950,20780016
Greece,GRC,1951,20952810
Greece,GRC,1952,44756948
Greece,GRC,1953,25788148
Greece,GRC,1954,24655384
Greece,GRC,1955,23447772
Greece,GRC,1956,25602812
Greece,GRC,1957,27170524
Greece,GRC,1958,24413210
Greece,GRC,1959,17514508
Greece,GRC,1960,18095070
Greece,GRC,1961,17698558
Greece,GRC,1962,35714640
Greece,GRC,1963,24929672
Greece,GRC,1964,21681340
Greece,GRC,1965,39682240
Greece,GRC,1966,34737880
Greece,GRC,1967,35604796
Greece,GRC,1968,36600170
Greece,GRC,1969,38313360
Greece,GRC,1970,35932500
Greece,GRC,1971,38818310
Greece,GRC,1972,40382040
Greece,GRC,1973,44990936
Greece,GRC,1974,42452664
Greece,GRC,1975,44696130
Greece,GRC,1976,48105156
Greece,GRC,1977,58481656
Greece,GRC,1978,55433560
Greece,GRC,1979,56550630
Greece,GRC,1980,58782564
Greece,GRC,1981,56025416
Greece,GRC,1982,55594716
Greece,GRC,1983,61763540
Greece,GRC,1984,60623476
Greece,GRC,1985,63719668
Greece,GRC,1986,62161596
Greece,GRC,1987,66234360
Greece,GRC,1988,74040840
Greece,GRC,1989,77945540
Greece,GRC,1990,87093830
Greece,GRC,1991,85800830
Greece,GRC,1992,86055620
Greece,GRC,1993,85535660
Greece,GRC,1994,88032230
Greece,GRC,1995,88261760
Greece,GRC,1996,88053740
Greece,GRC,1997,90905540
Greece,GRC,1998,94785810
Greece,GRC,1999,92975300
Greece,GRC,2000,97957010
Greece,GRC,2001,99752240
Greece,GRC,2002,99035590
Greece,GRC,2003,100931840
Greece,GRC,2004,102159760
Greece,GRC,2005,104843790
Greece,GRC,2006,102747690
Greece,GRC,2007,104709220
Greece,GRC,2008,100972424
Greece,GRC,2009,95540310
Greece,GRC,2010,87569840
Greece,GRC,2011,84809480
Greece,GRC,2012,81346450
Greece,GRC,2013,62354110
Greece,GRC,2014,61067384
Greece,GRC,2015,55002280
Greece,GRC,2016,48601990
Greece,GRC,2017,50530024
Greece,GRC,2018,50994804
Greece,GRC,2019,42433764
Greece,GRC,2020,30688450
Greece,GRC,2021,31499352
Greece,GRC,2022,32414146
Grenada,GRD,1950,10588.96
Grenada,GRD,1951,49537.28
Grenada,GRD,1952,91893.125
Grenada,GRD,1953,133076.47
Grenada,GRD,1954,163121.28
Grenada,GRD,1955,193056.16
Grenada,GRD,1956,215369.92
Grenada,GRD,1957,228340.48
Grenada,GRD,1958,235815.03
Grenada,GRD,1959,231857.92
Grenada,GRD,1960,134908.48
Grenada,GRD,1961,96180
Grenada,GRD,1962,85114.72
Grenada,GRD,1963,62654.4
Grenada,GRD,1964,61445.277
Grenada,GRD,1965,55326.402
Grenada,GRD,1966,57634.72
Grenada,GRD,1967,60309.438
Grenada,GRD,1968,60602.56
Grenada,GRD,1969,65219.203
Grenada,GRD,1970,59210.242
Grenada,GRD,1971,15828.48
Grenada,GRD,1972,16744.479
Grenada,GRD,1973,24988.48
Grenada,GRD,1974,8060.801
Grenada,GRD,1975,19822.24
Grenada,GRD,1976,20738.24
Grenada,GRD,1977,-6961.5977
Grenada,GRD,1978,-1722.0781
Grenada,GRD,1979,-81340.8
Grenada,GRD,1980,-73426.555
Grenada,GRD,1981,-53897.445
Grenada,GRD,1982,-42136
Grenada,GRD,1983,-35907.195
Grenada,GRD,1984,-95996.8
Grenada,GRD,1985,-86616.95
Grenada,GRD,1986,-106732.31
Grenada,GRD,1987,-89621.44
Grenada,GRD,1988,-58514.08
Grenada,GRD,1989,-42868.812
Grenada,GRD,1990,-63350.562
Grenada,GRD,1991,-49757.125
Grenada,GRD,1992,-32939.36
Grenada,GRD,1993,-20371.844
Grenada,GRD,1994,-23522.875
Grenada,GRD,1995,-6924.9688
Grenada,GRD,1996,4983.047
Grenada,GRD,1997,27333.453
Grenada,GRD,1998,258788.31
Grenada,GRD,1999,149857.6
Grenada,GRD,2000,342437.44
Grenada,GRD,2001,201153.6
Grenada,GRD,2002,141100.64
Grenada,GRD,2003,141540.31
Grenada,GRD,2004,-36749.938
Grenada,GRD,2005,-15095.6875
Grenada,GRD,2006,19272.64
Grenada,GRD,2007,31107.36
Grenada,GRD,2008,243619.34
Grenada,GRD,2009,140331.19
Grenada,GRD,2010,126334.72
Grenada,GRD,2011,119776.16
Grenada,GRD,2012,157332.16
Grenada,GRD,2013,182687.03
Grenada,GRD,2014,114243.516
Grenada,GRD,2015,143115.84
Grenada,GRD,2016,154217.75
Grenada,GRD,2017,169276.81
Grenada,GRD,2018,202692.47
Grenada,GRD,2019,241054.56
Grenada,GRD,2020,197929.28
Grenada,GRD,2021,240586.97
Grenada,GRD,2022,254312
Guatemala,GTM,1941,44435256
Guatemala,GTM,1942,48171984
Guatemala,GTM,1943,49920372
Guatemala,GTM,1944,56243596
Guatemala,GTM,1945,52330376
Guatemala,GTM,1946,54259360
Guatemala,GTM,1947,55864850
Guatemala,GTM,1948,55520216
Guatemala,GTM,1949,65407604
Guatemala,GTM,1950,70079320
Guatemala,GTM,1951,58469656
Guatemala,GTM,1952,60466976
Guatemala,GTM,1953,58611704
Guatemala,GTM,1954,55971760
Guatemala,GTM,1955,51260572
Guatemala,GTM,1956,57719870
Guatemala,GTM,1957,57718130
Guatemala,GTM,1958,56686990
Guatemala,GTM,1959,51686804
Guatemala,GTM,1960,44487840
Guatemala,GTM,1961,33473872
Guatemala,GTM,1962,27439112
Guatemala,GTM,1963,25023030
Guatemala,GTM,1964,23437756
Guatemala,GTM,1965,21997448
Guatemala,GTM,1966,21859282
Guatemala,GTM,1967,22883904
Guatemala,GTM,1968,18581300
Guatemala,GTM,1969,19059164
Guatemala,GTM,1970,20113148
Guatemala,GTM,1971,22705364
Guatemala,GTM,1972,27052954
Guatemala,GTM,1973,29613728
Guatemala,GTM,1974,25150572
Guatemala,GTM,1975,28340676
Guatemala,GTM,1976,39202910
Guatemala,GTM,1977,37854628
Guatemala,GTM,1978,28707264
Guatemala,GTM,1979,29649940
Guatemala,GTM,1980,27036062
Guatemala,GTM,1981,28314372
Guatemala,GTM,1982,29115266
Guatemala,GTM,1983,113401710
Guatemala,GTM,1984,54589150
Guatemala,GTM,1985,40520836
Guatemala,GTM,1986,33568584
Guatemala,GTM,1987,99696570
Guatemala,GTM,1988,53670484
Guatemala,GTM,1989,43208108
Guatemala,GTM,1990,37226910
Guatemala,GTM,1991,33439430
Guatemala,GTM,1992,67597590
Guatemala,GTM,1993,57441040
Guatemala,GTM,1994,58166880
Guatemala,GTM,1995,46107040
Guatemala,GTM,1996,50105564
Guatemala,GTM,1997,69573976
Guatemala,GTM,1998,54091460
Guatemala,GTM,1999,53253224
Guatemala,GTM,2000,54903480
Guatemala,GTM,2001,48989036
Guatemala,GTM,2002,125699970
Guatemala,GTM,2003,65399416
Guatemala,GTM,2004,47944300
Guatemala,GTM,2005,45681664
Guatemala,GTM,2006,57603010
Guatemala,GTM,2007,34244360
Guatemala,GTM,2008,27306604
Guatemala,GTM,2009,23718940
Guatemala,GTM,2010,20526510
Guatemala,GTM,2011,18829230
Guatemala,GTM,2012,16211238
Guatemala,GTM,2013,21259254
Guatemala,GTM,2014,28922778
Guatemala,GTM,2015,31663228
Guatemala,GTM,2016,32160748
Guatemala,GTM,2017,35982710
Guatemala,GTM,2018,38660380
Guatemala,GTM,2019,40302820
Guatemala,GTM,2020,39447380
Guatemala,GTM,2021,43461748
Guatemala,GTM,2022,43669096
Guinea,GIN,1850,59251976
Guinea,GIN,1851,77906380
Guinea,GIN,1852,90747650
Guinea,GIN,1853,101478184
Guinea,GIN,1854,106541610
Guinea,GIN,1855,110515880
Guinea,GIN,1856,113656990
Guinea,GIN,1857,116134370
Guinea,GIN,1858,119316660
Guinea,GIN,1859,121525310
Guinea,GIN,1860,69689540
Guinea,GIN,1861,49027030
Guinea,GIN,1862,36627836
Guinea,GIN,1863,29497144
Guinea,GIN,1864,24155176
Guinea,GIN,1865,20707352
Guinea,GIN,1866,18917232
Guinea,GIN,1867,16274976
Guinea,GIN,1868,14165903
Guinea,GIN,1869,13436401
Guinea,GIN,1870,12526153
Guinea,GIN,1871,10809752
Guinea,GIN,1872,10045809
Guinea,GIN,1873,9519658
Guinea,GIN,1874,8926054
Guinea,GIN,1875,8422546
Guinea,GIN,1876,7972644.5
Guinea,GIN,1877,8057539
Guinea,GIN,1878,7365042.5
Guinea,GIN,1879,6808298.5
Guinea,GIN,1880,7791569
Guinea,GIN,1881,7896763
Guinea,GIN,1882,7822346.5
Guinea,GIN,1883,7539669.5
Guinea,GIN,1884,7126553
Guinea,GIN,1885,7238635
Guinea,GIN,1886,6824749.5
Guinea,GIN,1887,6585344
Guinea,GIN,1888,6920490
Guinea,GIN,1889,6861646
Guinea,GIN,1890,7918307
Guinea,GIN,1891,7716347
Guinea,GIN,1892,8295552.5
Guinea,GIN,1893,8153426
Guinea,GIN,1894,8120706.5
Guinea,GIN,1895,8120816
Guinea,GIN,1896,8236708.5
Guinea,GIN,1897,8594059
Guinea,GIN,1898,8555367
Guinea,GIN,1899,8964818
Guinea,GIN,1900,9136001
Guinea,GIN,1901,9787020
Guinea,GIN,1902,9545159
Guinea,GIN,1903,9703408
Guinea,GIN,1904,11579193
Guinea,GIN,1905,10842545
Guinea,GIN,1906,10518172
Guinea,GIN,1907,10441997
Guinea,GIN,1908,10231757
Guinea,GIN,1909,10352998
Guinea,GIN,1910,11881985
Guinea,GIN,1911,11389031
Guinea,GIN,1912,14042317
Guinea,GIN,1913,12560449
Guinea,GIN,1914,12101606
Guinea,GIN,1915,12783037
Guinea,GIN,1916,12179136
Guinea,GIN,1917,13807894
Guinea,GIN,1918,13164605
Guinea,GIN,1919,13344325
Guinea,GIN,1920,15502971
Guinea,GIN,1921,17095930
Guinea,GIN,1922,18114706
Guinea,GIN,1923,18180146
Guinea,GIN,1924,19802272
Guinea,GIN,1925,21893170
Guinea,GIN,1926,20992008
Guinea,GIN,1927,22192004
Guinea,GIN,1928,20842848
Guinea,GIN,1929,22122902
Guinea,GIN,1930,26768010
Guinea,GIN,1931,28754816
Guinea,GIN,1932,31581736
Guinea,GIN,1933,33194776
Guinea,GIN,1934,36251176
Guinea,GIN,1935,34148296
Guinea,GIN,1936,34344796
Guinea,GIN,1937,34486668
Guinea,GIN,1938,34476736
Guinea,GIN,1939,35210530
Guinea,GIN,1940,58390310
Guinea,GIN,1941,68151870
Guinea,GIN,1942,73636830
Guinea,GIN,1943,80426344
Guinea,GIN,1944,79605240
Guinea,GIN,1945,85092070
Guinea,GIN,1946,83489336
Guinea,GIN,1947,85086360
Guinea,GIN,1948,84162590
Guinea,GIN,1949,87757384
Guinea,GIN,1950,76987720
Guinea,GIN,1951,73454500
Guinea,GIN,1952,68288300
Guinea,GIN,1953,65728290
Guinea,GIN,1954,65546950
Guinea,GIN,1955,64684264
Guinea,GIN,1956,67209970
Guinea,GIN,1957,70399224
Guinea,GIN,1958,69181050
Guinea,GIN,1959,71649704
Guinea,GIN,1960,50408944
Guinea,GIN,1961,39310468
Guinea,GIN,1962,32348430
Guinea,GIN,1963,28212434
Guinea,GIN,1964,24102050
Guinea,GIN,1965,21709786
Guinea,GIN,1966,19603060
Guinea,GIN,1967,17552722
Guinea,GIN,1968,16273363
Guinea,GIN,1969,14468477
Guinea,GIN,1970,13752641
Guinea,GIN,1971,12528938
Guinea,GIN,1972,11515806
Guinea,GIN,1973,10900840
Guinea,GIN,1974,10036172
Guinea,GIN,1975,8988415
Guinea,GIN,1976,8469410
Guinea,GIN,1977,7770501.5
Guinea,GIN,1978,7622952
Guinea,GIN,1979,6932654.5
Guinea,GIN,1980,6386315.5
Guinea,GIN,1981,5970854
Guinea,GIN,1982,5504573.5
Guinea,GIN,1983,6073483
Guinea,GIN,1984,6329816.5
Guinea,GIN,1985,5690558.5
Guinea,GIN,1986,5157776
Guinea,GIN,1987,6251187
Guinea,GIN,1988,6027683
Guinea,GIN,1989,10357432
Guinea,GIN,1990,7226837
Guinea,GIN,1991,7819526
Guinea,GIN,1992,6714133.5
Guinea,GIN,1993,6452121
Guinea,GIN,1994,4849927
Guinea,GIN,1995,956633.75
Guinea,GIN,1996,-1867540.8
Guinea,GIN,1997,-6814380
Guinea,GIN,1998,-10738708
Guinea,GIN,1999,-3963275.5
Guinea,GIN,2000,7389665
Guinea,GIN,2001,22275214
Guinea,GIN,2002,21880308
Guinea,GIN,2003,25913164
Guinea,GIN,2004,34239676
Guinea,GIN,2005,24599218
Guinea,GIN,2006,22926308
Guinea,GIN,2007,22427382
Guinea,GIN,2008,18696000
Guinea,GIN,2009,19008868
Guinea,GIN,2010,16702161
Guinea,GIN,2011,22233410
Guinea,GIN,2012,25093308
Guinea,GIN,2013,18640052
Guinea,GIN,2014,14110174
Guinea,GIN,2015,11471618
Guinea,GIN,2016,11272963
Guinea,GIN,2017,12075702
Guinea,GIN,2018,11437908
Guinea,GIN,2019,12416668
Guinea,GIN,2020,13354511
Guinea,GIN,2021,13759085
Guinea,GIN,2022,13119314
Guinea-Bissau,GNB,1950,6232977
Guinea-Bissau,GNB,1951,5395130
Guinea-Bissau,GNB,1952,4898548.5
Guinea-Bissau,GNB,1953,4660974.5
Guinea-Bissau,GNB,1954,4445238
Guinea-Bissau,GNB,1955,4276877.5
Guinea-Bissau,GNB,1956,4160765.2
Guinea-Bissau,GNB,1957,4146695.2
Guinea-Bissau,GNB,1958,4002480.5
Guinea-Bissau,GNB,1959,4027322.2
Guinea-Bissau,GNB,1960,3039398
Guinea-Bissau,GNB,1961,2396072.8
Guinea-Bissau,GNB,1962,2236175.8
Guinea-Bissau,GNB,1963,1891393.5
Guinea-Bissau,GNB,1964,1820275.2
Guinea-Bissau,GNB,1965,1667816.1
Guinea-Bissau,GNB,1966,3118870
Guinea-Bissau,GNB,1967,2685492.2
Guinea-Bissau,GNB,1968,2318542.5
Guinea-Bissau,GNB,1969,2180409.8
Guinea-Bissau,GNB,1970,2235150
Guinea-Bissau,GNB,1971,2161650
Guinea-Bissau,GNB,1972,2635039
Guinea-Bissau,GNB,1973,2899799.5
Guinea-Bissau,GNB,1974,2533069.8
Guinea-Bissau,GNB,1975,2372550
Guinea-Bissau,GNB,1976,2312423.8
Guinea-Bissau,GNB,1977,2290109.8
Guinea-Bissau,GNB,1978,2350969
Guinea-Bissau,GNB,1979,2578246.8
Guinea-Bissau,GNB,1980,3217688.2
Guinea-Bissau,GNB,1981,4138121.5
Guinea-Bissau,GNB,1982,4469860.5
Guinea-Bissau,GNB,1983,6135331
Guinea-Bissau,GNB,1984,5421804
Guinea-Bissau,GNB,1985,2869205
Guinea-Bissau,GNB,1986,1881830.4
Guinea-Bissau,GNB,1987,1174421.9
Guinea-Bissau,GNB,1988,4344661
Guinea-Bissau,GNB,1989,3375130.2
Guinea-Bissau,GNB,1990,1863070.8
Guinea-Bissau,GNB,1991,1293941.6
Guinea-Bissau,GNB,1992,2844729.5
Guinea-Bissau,GNB,1993,2720886.5
Guinea-Bissau,GNB,1994,2484375.2
Guinea-Bissau,GNB,1995,2331769.5
Guinea-Bissau,GNB,1996,5800844.5
Guinea-Bissau,GNB,1997,3539534
Guinea-Bissau,GNB,1998,7768706.5
Guinea-Bissau,GNB,1999,9105443
Guinea-Bissau,GNB,2000,6005442.5
Guinea-Bissau,GNB,2001,3141367
Guinea-Bissau,GNB,2002,1712773.5
Guinea-Bissau,GNB,2003,2129920
Guinea-Bissau,GNB,2004,1601717.6
Guinea-Bissau,GNB,2005,1008919.06
Guinea-Bissau,GNB,2006,774789.44
Guinea-Bissau,GNB,2007,1413021.5
Guinea-Bissau,GNB,2008,1165481.8
Guinea-Bissau,GNB,2009,2625292.5
Guinea-Bissau,GNB,2010,1631652.5
Guinea-Bissau,GNB,2011,1295590.5
Guinea-Bissau,GNB,2012,1033284.6
Guinea-Bissau,GNB,2013,780944.94
Guinea-Bissau,GNB,2014,606648.5
Guinea-Bissau,GNB,2015,606611.9
Guinea-Bissau,GNB,2016,616211.5
Guinea-Bissau,GNB,2017,682090.25
Guinea-Bissau,GNB,2018,570411.5
Guinea-Bissau,GNB,2019,521350.56
Guinea-Bissau,GNB,2020,504129.75
Guinea-Bissau,GNB,2021,550485.7
Guinea-Bissau,GNB,2022,534310.6
Guyana,GUY,1950,9030111
Guyana,GUY,1951,12160633
Guyana,GUY,1952,14685422
Guyana,GUY,1953,16694687
Guyana,GUY,1954,19241202
Guyana,GUY,1955,20981274
Guyana,GUY,1956,21019966
Guyana,GUY,1957,21853598
Guyana,GUY,1958,23422340
Guyana,GUY,1959,18204658
Guyana,GUY,1960,13831929
Guyana,GUY,1961,9156336
Guyana,GUY,1962,7268460
Guyana,GUY,1963,6348759
Guyana,GUY,1964,5593755.5
Guyana,GUY,1965,6611688
Guyana,GUY,1966,5659451
Guyana,GUY,1967,5783367.5
Guyana,GUY,1968,5307524
Guyana,GUY,1969,6050143
Guyana,GUY,1970,5394361
Guyana,GUY,1971,5111390
Guyana,GUY,1972,3747136.2
Guyana,GUY,1973,5350063
Guyana,GUY,1974,5875627
Guyana,GUY,1975,18865826
Guyana,GUY,1976,25844390
Guyana,GUY,1977,33548062
Guyana,GUY,1978,40845504
Guyana,GUY,1979,23365144
Guyana,GUY,1980,16142081
Guyana,GUY,1981,12010445
Guyana,GUY,1982,11303440
Guyana,GUY,1983,9127427
Guyana,GUY,1984,8066259.5
Guyana,GUY,1985,7143957.5
Guyana,GUY,1986,6409581.5
Guyana,GUY,1987,5964625.5
Guyana,GUY,1988,5655457
Guyana,GUY,1989,4116687.2
Guyana,GUY,1990,4574394
Guyana,GUY,1991,5466101.5
Guyana,GUY,1992,18503054
Guyana,GUY,1993,11070666
Guyana,GUY,1994,15484724
Guyana,GUY,1995,14939191
Guyana,GUY,1996,11916683
Guyana,GUY,1997,13245580
Guyana,GUY,1998,16027692
Guyana,GUY,1999,11376317
Guyana,GUY,2000,9223278
Guyana,GUY,2001,7717483.5
Guyana,GUY,2002,6498507
Guyana,GUY,2003,24561770
Guyana,GUY,2004,11284717
Guyana,GUY,2005,7722173
Guyana,GUY,2006,6473335.5
Guyana,GUY,2007,4938522.5
Guyana,GUY,2008,5100105
Guyana,GUY,2009,4755689
Guyana,GUY,2010,4281787
Guyana,GUY,2011,4009661.8
Guyana,GUY,2012,5880683.5
Guyana,GUY,2013,7109296
Guyana,GUY,2014,8826046
Guyana,GUY,2015,10667230
Guyana,GUY,2016,6609017.5
Guyana,GUY,2017,6412834.5
Guyana,GUY,2018,7244328.5
Guyana,GUY,2019,8311065.5
Guyana,GUY,2020,9160846
Guyana,GUY,2021,9974946
Guyana,GUY,2022,10062524
Haiti,HTI,1950,7721587
Haiti,HTI,1951,8098246.5
Haiti,HTI,1952,8225057
Haiti,HTI,1953,8466294
Haiti,HTI,1954,8687747
Haiti,HTI,1955,8956639
Haiti,HTI,1956,9174112
Haiti,HTI,1957,9323992
Haiti,HTI,1958,9495877
Haiti,HTI,1959,10847562
Haiti,HTI,1960,6798710.5
Haiti,HTI,1961,6126323
Haiti,HTI,1962,5558086.5
Haiti,HTI,1963,5190727.5
Haiti,HTI,1964,4940446.5
Haiti,HTI,1965,4766392.5
Haiti,HTI,1966,4597218.5
Haiti,HTI,1967,4400352
Haiti,HTI,1968,4402338
Haiti,HTI,1969,4266666.5
Haiti,HTI,1970,4242161
Haiti,HTI,1971,58803.312
Haiti,HTI,1972,-66755.31
Haiti,HTI,1973,209904.23
Haiti,HTI,1974,458204.44
Haiti,HTI,1975,948461.9
Haiti,HTI,1976,888358
Haiti,HTI,1977,2111376.5
Haiti,HTI,1978,1450025.2
Haiti,HTI,1979,1905196.9
Haiti,HTI,1980,1391950.2
Haiti,HTI,1981,1242795.9
Haiti,HTI,1982,1251780.1
Haiti,HTI,1983,1308230.8
Haiti,HTI,1984,1341108.9
Haiti,HTI,1985,1432660.5
Haiti,HTI,1986,1351792.4
Haiti,HTI,1987,1447916.6
Haiti,HTI,1988,1607392.5
Haiti,HTI,1989,1568836.2
Haiti,HTI,1990,1604283.5
Haiti,HTI,1991,984087.9
Haiti,HTI,1992,1389793.9
Haiti,HTI,1993,3809334.5
Haiti,HTI,1994,2044072.2
Haiti,HTI,1995,6192086.5
Haiti,HTI,1996,16729311
Haiti,HTI,1997,8857463
Haiti,HTI,1998,6620994.5
Haiti,HTI,1999,5558838
Haiti,HTI,2000,3988410.5
Haiti,HTI,2001,3051832.5
Haiti,HTI,2002,2853804
Haiti,HTI,2003,2471748
Haiti,HTI,2004,2795676
Haiti,HTI,2005,11283092
Haiti,HTI,2006,22754970
Haiti,HTI,2007,9979985
Haiti,HTI,2008,13365624
Haiti,HTI,2009,15438103
Haiti,HTI,2010,6846826
Haiti,HTI,2011,5102312
Haiti,HTI,2012,12374330
Haiti,HTI,2013,7423650
Haiti,HTI,2014,5975991
Haiti,HTI,2015,4926108
Haiti,HTI,2016,6114327.5
Haiti,HTI,2017,4994242.5
Haiti,HTI,2018,4544022.5
Haiti,HTI,2019,4280074.5
Haiti,HTI,2020,3545076.2
Haiti,HTI,2021,3595388.5
Haiti,HTI,2022,3873589
High-income countries,,1850,1333051100
High-income countries,,1851,1358264600
High-income countries,,1852,1402183200
High-income countries,,1853,1456892900
High-income countries,,1854,1520258300
High-income countries,,1855,1576361000
High-income countries,,1856,1564710900
High-income countries,,1857,1598892300
High-income countries,,1858,1695429600
High-income countries,,1859,1742541600
High-income countries,,1860,1726017500
High-income countries,,1861,1659925800
High-income countries,,1862,1660568400
High-income countries,,1863,1668947200
High-income countries,,1864,1680727000
High-income countries,,1865,1671592800
High-income countries,,1866,1682733000
High-income countries,,1867,1736199600
High-income countries,,1868,1749352800
High-income countries,,1869,1751836200
High-income countries,,1870,2129226900
High-income countries,,1871,2300236300
High-income countries,,1872,2438907100
High-income countries,,1873,2570929200
High-income countries,,1874,2598278100
High-income countries,,1875,2690320000
High-income countries,,1876,2731570000
High-income countries,,1877,2803901400
High-income countries,,1878,2865481500
High-income countries,,1879,2980182000
High-income countries,,1880,2904899000
High-income countries,,1881,2832841000
High-income countries,,1882,2880423700
High-income countries,,1883,2955765500
High-income countries,,1884,2933756000
High-income countries,,1885,2929142800
High-income countries,,1886,2937605600
High-income countries,,1887,3009357300
High-income countries,,1888,3123785500
High-income countries,,1889,3081919200
High-income countries,,1890,3297724000
High-income countries,,1891,3376780500
High-income countries,,1892,3398466000
High-income countries,,1893,3413954000
High-income countries,,1894,3476554500
High-income countries,,1895,3572401000
High-income countries,,1896,3638881300
High-income countries,,1897,3713930000
High-income countries,,1898,3814488600
High-income countries,,1899,3979039200
High-income countries,,1900,4066775000
High-income countries,,1901,4103797500
High-income countries,,1902,4170942000
High-income countries,,1903,4344483000
High-income countries,,1904,4395218000
High-income countries,,1905,4547647500
High-income countries,,1906,4636836000
High-income countries,,1907,4969031700
High-income countries,,1908,4856220700
High-income countries,,1909,4988130300
High-income countries,,1910,5027031600
High-income countries,,1911,5026342000
High-income countries,,1912,5075253000
High-income countries,,1913,5328876500
High-income countries,,1914,5002580000
High-income countries,,1915,4934848500
High-income countries,,1916,5142122500
High-income countries,,1917,5269037000
High-income countries,,1918,5292304400
High-income countries,,1919,4788835000
High-income countries,,1920,5282358300
High-income countries,,1921,4868906500
High-income countries,,1922,5005750300
High-income countries,,1923,5416622600
High-income countries,,1924,5382360000
High-income countries,,1925,5440426000
High-income countries,,1926,5323569700
High-income countries,,1927,5614716400
High-income countries,,1928,5561943000
High-income countries,,1929,5818039300
High-income countries,,1930,5284960000
High-income countries,,1931,4781398000
High-income countries,,1932,4339593000
High-income countries,,1933,4413577700
High-income countries,,1934,4589702700
High-income countries,,1935,4642925600
High-income countries,,1936,4919823000
High-income countries,,1937,5105169000
High-income countries,,1938,4798477000
High-income countries,,1939,4973352400
High-income countries,,1940,5296031000
High-income countries,,1941,5433768000
High-income countries,,1942,5612430300
High-income countries,,1943,5708284000
High-income countries,,1944,5667522600
High-income countries,,1945,4814906000
High-income countries,,1946,5097033700
High-income countries,,1947,5527225000
High-income countries,,1948,5760745500
High-income countries,,1949,5430679000
High-income countries,,1950,5991311400
High-income countries,,1951,6297102300
High-income countries,,1952,6324896300
High-income countries,,1953,6454220000
High-income countries,,1954,6470992000
High-income countries,,1955,6915352600
High-income countries,,1956,7223607000
High-income countries,,1957,7297300000
High-income countries,,1958,7155849000
High-income countries,,1959,7059905000
High-income countries,,1960,7233636000
High-income countries,,1961,7208966000
High-income countries,,1962,7527618000
High-income countries,,1963,7752043500
High-income countries,,1964,8100487000
High-income countries,,1965,8302966000
High-income countries,,1966,8498950700
High-income countries,,1967,9401150000
High-income countries,,1968,9927552000
High-income countries,,1969,9972194000
High-income countries,,1970,10479395000
High-income countries,,1971,10619754000
High-income countries,,1972,10914379000
High-income countries,,1973,11404445000
High-income countries,,1974,11156060000
High-income countries,,1975,10946626000
High-income countries,,1976,11544803000
High-income countries,,1977,12008157000
High-income countries,,1978,12049665000
High-income countries,,1979,12350246000
High-income countries,,1980,12157124000
High-income countries,,1981,11778762000
High-income countries,,1982,11270140000
High-income countries,,1983,11388449000
High-income countries,,1984,11644306000
High-income countries,,1985,11698259000
High-income countries,,1986,11633431000
High-income countries,,1987,11849795000
High-income countries,,1988,12200964000
High-income countries,,1989,12414142000
High-income countries,,1990,12643757000
High-income countries,,1991,13009011000
High-income countries,,1992,12632004000
High-income countries,,1993,12745745000
High-income countries,,1994,12984353000
High-income countries,,1995,13126547000
High-income countries,,1996,13498361000
High-income countries,,1997,13507723000
High-income countries,,1998,13567571000
High-income countries,,1999,13698856000
High-income countries,,2000,14089980000
High-income countries,,2001,13825358000
High-income countries,,2002,13797811000
High-income countries,,2003,14282465000
High-income countries,,2004,14385362000
High-income countries,,2005,14393275000
High-income countries,,2006,14164115000
High-income countries,,2007,14363770000
High-income countries,,2008,14282043000
High-income countries,,2009,13250460000
High-income countries,,2010,14227654000
High-income countries,,2011,13725359000
High-income countries,,2012,13651482000
High-income countries,,2013,13616741000
High-income countries,,2014,13466717000
High-income countries,,2015,13388504000
High-income countries,,2016,13296606000
High-income countries,,2017,13325263000
High-income countries,,2018,13324548000
High-income countries,,2019,13005053000
High-income countries,,2020,11908321000
High-income countries,,2021,12505289000
High-income countries,,2022,12481389000
Honduras,HND,1950,60008660
Honduras,HND,1951,61119404
Honduras,HND,1952,62403964
Honduras,HND,1953,64335004
Honduras,HND,1954,65695484
Honduras,HND,1955,68406296
Honduras,HND,1956,68548310
Honduras,HND,1957,63646172
Honduras,HND,1958,67735490
Honduras,HND,1959,67310320
Honduras,HND,1960,47818204
Honduras,HND,1961,37705240
Honduras,HND,1962,31774850
Honduras,HND,1963,28084724
Honduras,HND,1964,25487804
Honduras,HND,1965,24717030
Honduras,HND,1966,23473404
Honduras,HND,1967,21146550
Honduras,HND,1968,19199556
Honduras,HND,1969,19436400
Honduras,HND,1970,18789100
Honduras,HND,1971,23528328
Honduras,HND,1972,22098622
Honduras,HND,1973,19477476
Honduras,HND,1974,25601498
Honduras,HND,1975,32188524
Honduras,HND,1976,40718612
Honduras,HND,1977,36487284
Honduras,HND,1978,25493842
Honduras,HND,1979,21429140
Honduras,HND,1980,20169224
Honduras,HND,1981,18464644
Honduras,HND,1982,16551539
Honduras,HND,1983,22704690
Honduras,HND,1984,15353197
Honduras,HND,1985,15227422
Honduras,HND,1986,13848686
Honduras,HND,1987,18031038
Honduras,HND,1988,24847136
Honduras,HND,1989,18079296
Honduras,HND,1990,19351914
Honduras,HND,1991,18147404
Honduras,HND,1992,52532916
Honduras,HND,1993,41363016
Honduras,HND,1994,42085230
Honduras,HND,1995,32566172
Honduras,HND,1996,21776800
Honduras,HND,1997,22090818
Honduras,HND,1998,34105508
Honduras,HND,1999,4019169.2
Honduras,HND,2000,4135440
Honduras,HND,2001,9821447
Honduras,HND,2002,21912480
Honduras,HND,2003,14417745
Honduras,HND,2004,10624579
Honduras,HND,2005,9646684
Honduras,HND,2006,12500100
Honduras,HND,2007,12463398
Honduras,HND,2008,13976220
Honduras,HND,2009,20767828
Honduras,HND,2010,18984624
Honduras,HND,2011,22136562
Honduras,HND,2012,17512036
Honduras,HND,2013,17684340
Honduras,HND,2014,22712344
Honduras,HND,2015,29948072
Honduras,HND,2016,33085254
Honduras,HND,2017,30853138
Honduras,HND,2018,30059792
Honduras,HND,2019,31779550
Honduras,HND,2020,30669332
Honduras,HND,2021,33995224
Honduras,HND,2022,35195820
Hungary,HUN,1851,15966136
Hungary,HUN,1852,15548440
Hungary,HUN,1853,15149357
Hungary,HUN,1854,14754671
Hungary,HUN,1855,14186276
Hungary,HUN,1856,13854866
Hungary,HUN,1857,13577245
Hungary,HUN,1858,12947074
Hungary,HUN,1859,13052853
Hungary,HUN,1860,12910984
Hungary,HUN,1861,12539783
Hungary,HUN,1862,12463829
Hungary,HUN,1863,11994874
Hungary,HUN,1864,11849156
Hungary,HUN,1865,11937788
Hungary,HUN,1866,11867879
Hungary,HUN,1867,12057638
Hungary,HUN,1868,11993408
Hungary,HUN,1869,11737734
Hungary,HUN,1870,12995329
Hungary,HUN,1871,13933679
Hungary,HUN,1872,14302900
Hungary,HUN,1873,14606683
Hungary,HUN,1874,14308249
Hungary,HUN,1875,14223941
Hungary,HUN,1876,14446053
Hungary,HUN,1877,14681061
Hungary,HUN,1878,14588216
Hungary,HUN,1879,14604960
Hungary,HUN,1880,14893390
Hungary,HUN,1881,14938678
Hungary,HUN,1882,14773541
Hungary,HUN,1883,15145620
Hungary,HUN,1884,15364215
Hungary,HUN,1885,15507038
Hungary,HUN,1886,15251107
Hungary,HUN,1887,15283350
Hungary,HUN,1888,15392757
Hungary,HUN,1889,15544264
Hungary,HUN,1890,17277738
Hungary,HUN,1891,18025524
Hungary,HUN,1892,18439226
Hungary,HUN,1893,18786648
Hungary,HUN,1894,19158764
Hungary,HUN,1895,19303234
Hungary,HUN,1896,19833086
Hungary,HUN,1897,19890830
Hungary,HUN,1898,20740804
Hungary,HUN,1899,20440430
Hungary,HUN,1900,21515484
Hungary,HUN,1901,21265306
Hungary,HUN,1902,20305008
Hungary,HUN,1903,20482492
Hungary,HUN,1904,20526754
Hungary,HUN,1905,20483556
Hungary,HUN,1906,20797708
Hungary,HUN,1907,20821852
Hungary,HUN,1908,21338588
Hungary,HUN,1909,22165148
Hungary,HUN,1910,20713912
Hungary,HUN,1911,20572736
Hungary,HUN,1912,20324172
Hungary,HUN,1913,20559328
Hungary,HUN,1914,18698638
Hungary,HUN,1915,18683616
Hungary,HUN,1916,18646828
Hungary,HUN,1917,18390092
Hungary,HUN,1918,17246412
Hungary,HUN,1919,10941950
Hungary,HUN,1920,13125656
Hungary,HUN,1921,17541364
Hungary,HUN,1922,19479766
Hungary,HUN,1923,20573616
Hungary,HUN,1924,19548576
Hungary,HUN,1925,18735132
Hungary,HUN,1926,20307208
Hungary,HUN,1927,21851656
Hungary,HUN,1928,22836832
Hungary,HUN,1929,23866578
Hungary,HUN,1930,20874230
Hungary,HUN,1931,19255366
Hungary,HUN,1932,18103572
Hungary,HUN,1933,17944906
Hungary,HUN,1934,18294164
Hungary,HUN,1935,18800210
Hungary,HUN,1936,19482238
Hungary,HUN,1937,20943534
Hungary,HUN,1938,22192818
Hungary,HUN,1939,21801460
Hungary,HUN,1940,21676298
Hungary,HUN,1941,22972700
Hungary,HUN,1942,23365354
Hungary,HUN,1943,23840546
Hungary,HUN,1944,19534614
Hungary,HUN,1945,11160872
Hungary,HUN,1946,13726632
Hungary,HUN,1947,16269050
Hungary,HUN,1948,18236232
Hungary,HUN,1949,22133534
Hungary,HUN,1950,20111682
Hungary,HUN,1951,23007368
Hungary,HUN,1952,28176936
Hungary,HUN,1953,31793270
Hungary,HUN,1954,33454570
Hungary,HUN,1955,34812844
Hungary,HUN,1956,31817500
Hungary,HUN,1957,36970804
Hungary,HUN,1958,37437010
Hungary,HUN,1959,39778690
Hungary,HUN,1960,43765724
Hungary,HUN,1961,46548630
Hungary,HUN,1962,48225116
Hungary,HUN,1963,53962852
Hungary,HUN,1964,61006628
Hungary,HUN,1965,58930024
Hungary,HUN,1966,59151136
Hungary,HUN,1967,56565756
Hungary,HUN,1968,59212364
Hungary,HUN,1969,59632260
Hungary,HUN,1970,67139320
Hungary,HUN,1971,66598736
Hungary,HUN,1972,66664224
Hungary,HUN,1973,69515880
Hungary,HUN,1974,70703510
Hungary,HUN,1975,71283500
Hungary,HUN,1976,75662040
Hungary,HUN,1977,78514760
Hungary,HUN,1978,82919140
Hungary,HUN,1979,81119790
Hungary,HUN,1980,81523010
Hungary,HUN,1981,81552800
Hungary,HUN,1982,82292070
Hungary,HUN,1983,85032856
Hungary,HUN,1984,86963670
Hungary,HUN,1985,81860776
Hungary,HUN,1986,79731704
Hungary,HUN,1987,80844880
Hungary,HUN,1988,74791300
Hungary,HUN,1989,72647850
Hungary,HUN,1990,71128700
Hungary,HUN,1991,60106104
Hungary,HUN,1992,54015460
Hungary,HUN,1993,55799780
Hungary,HUN,1994,57924544
Hungary,HUN,1995,56169120
Hungary,HUN,1996,58212004
Hungary,HUN,1997,56854536
Hungary,HUN,1998,57984830
Hungary,HUN,1999,51942336
Hungary,HUN,2000,50427890
Hungary,HUN,2001,51411124
Hungary,HUN,2002,52069004
Hungary,HUN,2003,55204104
Hungary,HUN,2004,53409750
Hungary,HUN,2005,53151944
Hungary,HUN,2006,53031996
Hungary,HUN,2007,52576516
Hungary,HUN,2008,51654430
Hungary,HUN,2009,40345390
Hungary,HUN,2010,41066220
Hungary,HUN,2011,40529530
Hungary,HUN,2012,36057700
Hungary,HUN,2013,33852590
Hungary,HUN,2014,34248160
Hungary,HUN,2015,38057136
Hungary,HUN,2016,39181380
Hungary,HUN,2017,41680964
Hungary,HUN,2018,42264740
Hungary,HUN,2019,42454110
Hungary,HUN,2020,40702748
Hungary,HUN,2021,42278740
Hungary,HUN,2022,38446772
Iceland,ISL,1936,2292015.2
Iceland,ISL,1937,2310994.8
Iceland,ISL,1940,2645172
Iceland,ISL,1941,2604580.2
Iceland,ISL,1942,2614012.2
Iceland,ISL,1943,2638949.2
Iceland,ISL,1944,2613686.8
Iceland,ISL,1945,2588704.2
Iceland,ISL,1946,2663762.2
Iceland,ISL,1947,2752462.5
Iceland,ISL,1948,2874823.2
Iceland,ISL,1949,2896866
Iceland,ISL,1950,3345598.2
Iceland,ISL,1951,3616514.5
Iceland,ISL,1952,4076932.8
Iceland,ISL,1953,4500161
Iceland,ISL,1954,4613782
Iceland,ISL,1955,4954278
Iceland,ISL,1956,5168108.5
Iceland,ISL,1957,5334564
Iceland,ISL,1958,5597007
Iceland,ISL,1959,5860497.5
Iceland,ISL,1960,4448789
Iceland,ISL,1961,3856759.2
Iceland,ISL,1962,3683326.2
Iceland,ISL,1963,3586779
Iceland,ISL,1964,3409051.5
Iceland,ISL,1965,3337238.2
Iceland,ISL,1966,3295622.8
Iceland,ISL,1967,3120005.2
Iceland,ISL,1968,3160591
Iceland,ISL,1969,2257370.8
Iceland,ISL,1970,2284074.8
Iceland,ISL,1971,2278469.2
Iceland,ISL,1972,2207168
Iceland,ISL,1973,2395659.5
Iceland,ISL,1974,2315705.5
Iceland,ISL,1975,2127421.2
Iceland,ISL,1976,2179538.2
Iceland,ISL,1977,2319661.8
Iceland,ISL,1978,2285776.5
Iceland,ISL,1979,2314576.2
Iceland,ISL,1980,2169622
Iceland,ISL,1981,2057351.5
Iceland,ISL,1982,1886382.8
Iceland,ISL,1983,1824218.2
Iceland,ISL,1984,2082860.5
Iceland,ISL,1985,1905532.5
Iceland,ISL,1986,2051654.1
Iceland,ISL,1987,2110188
Iceland,ISL,1988,2101226.5
Iceland,ISL,1989,2200166
Iceland,ISL,1990,2496707.5
Iceland,ISL,1991,2369510.5
Iceland,ISL,1992,2494994.5
Iceland,ISL,1993,2648956.2
Iceland,ISL,1994,2622339
Iceland,ISL,1995,2712113.8
Iceland,ISL,1996,2800575.8
Iceland,ISL,1997,2825901.5
Iceland,ISL,1998,2820852
Iceland,ISL,1999,3031124.5
Iceland,ISL,2000,3124450.8
Iceland,ISL,2001,3048224
Iceland,ISL,2002,3170683
Iceland,ISL,2003,3163477.8
Iceland,ISL,2004,3284016.2
Iceland,ISL,2005,3218871
Iceland,ISL,2006,3308414
Iceland,ISL,2007,3661736
Iceland,ISL,2008,4035220.8
Iceland,ISL,2009,3915709
Iceland,ISL,2010,4652166.5
Iceland,ISL,2011,3739340.5
Iceland,ISL,2012,3909030
Iceland,ISL,2013,3796960
Iceland,ISL,2014,3740533.2
Iceland,ISL,2015,3839727.5
Iceland,ISL,2016,3795491.8
Iceland,ISL,2017,3959206.5
Iceland,ISL,2018,4009454.5
Iceland,ISL,2019,3876739.5
Iceland,ISL,2020,3647776.8
Iceland,ISL,2021,3821124.5
Iceland,ISL,2022,3867499.8
India,IND,1858,127253530
India,IND,1859,123949256
India,IND,1860,122261704
India,IND,1861,119022050
India,IND,1862,116990020
India,IND,1863,115189040
India,IND,1864,114802420
India,IND,1865,113025110
India,IND,1866,115319260
India,IND,1878,111841340
India,IND,1879,111044200
India,IND,1880,114778280
India,IND,1881,117264210
India,IND,1882,120253496
India,IND,1883,120178380
India,IND,1884,122436740
India,IND,1885,122250260
India,IND,1886,123060450
India,IND,1887,123436630
India,IND,1888,124163940
India,IND,1889,124982270
India,IND,1890,123705464
India,IND,1891,124480390
India,IND,1892,123069550
India,IND,1893,121809210
India,IND,1894,121014490
India,IND,1895,123212520
India,IND,1896,122714670
India,IND,1897,123787020
India,IND,1898,125377016
India,IND,1899,124429720
India,IND,1900,121520824
India,IND,1901,119802920
India,IND,1902,120724930
India,IND,1903,119149870
India,IND,1904,120134080
India,IND,1905,118577480
India,IND,1906,119320980
India,IND,1907,120563330
India,IND,1908,122911590
India,IND,1909,121487400
India,IND,1910,123702510
India,IND,1911,126035656
India,IND,1912,129881800
India,IND,1913,133414340
India,IND,1914,133774690
India,IND,1915,135895200
India,IND,1916,135907150
India,IND,1917,136630400
India,IND,1918,140625280
India,IND,1919,144129920
India,IND,1920,299575460
India,IND,1921,368431870
India,IND,1922,408555780
India,IND,1923,431743740
India,IND,1924,452457730
India,IND,1925,467116160
India,IND,1926,475485120
India,IND,1927,488042850
India,IND,1928,493326000
India,IND,1929,502922000
India,IND,1930,515635140
India,IND,1931,516925900
India,IND,1932,517527900
India,IND,1933,521258460
India,IND,1934,527722020
India,IND,1935,531865280
India,IND,1936,536477020
India,IND,1937,544795100
India,IND,1938,551067700
India,IND,1939,552203900
India,IND,1940,560841500
India,IND,1941,565091300
India,IND,1942,567656960
India,IND,1943,563590460
India,IND,1944,570084740
India,IND,1945,574066400
India,IND,1946,574845760
India,IND,1947,578970940
India,IND,1948,578796400
India,IND,1949,580676740
India,IND,1950,716512100
India,IND,1951,761300160
India,IND,1952,792419600
India,IND,1953,809022500
India,IND,1954,828705700
India,IND,1955,841539300
India,IND,1956,855278200
India,IND,1957,870330900
India,IND,1958,884932100
India,IND,1959,895525950
India,IND,1960,591906100
India,IND,1961,796882940
India,IND,1962,531698370
India,IND,1963,499739260
India,IND,1964,490176450
India,IND,1965,477279740
India,IND,1966,564785540
India,IND,1967,574288450
India,IND,1968,436203200
India,IND,1969,485643970
India,IND,1970,376117820
India,IND,1971,426911100
India,IND,1972,587505500
India,IND,1973,548659200
India,IND,1974,519244300
India,IND,1975,472808700
India,IND,1976,431116740
India,IND,1977,656471600
India,IND,1978,523390460
India,IND,1979,454542980
India,IND,1980,484325100
India,IND,1981,539990460
India,IND,1982,474786700
India,IND,1983,675497340
India,IND,1984,558454100
India,IND,1985,557787650
India,IND,1986,626991700
India,IND,1987,585687800
India,IND,1988,715897100
India,IND,1989,711408600
India,IND,1990,751895040
India,IND,1991,750937700
India,IND,1992,822252900
India,IND,1993,807224100
India,IND,1994,832409860
India,IND,1995,844724000
India,IND,1996,986403260
India,IND,1997,959593200
India,IND,1998,970563600
India,IND,1999,1035573800
India,IND,2000,1168695300
India,IND,2001,1132352000
India,IND,2002,1108092400
India,IND,2003,1172229200
India,IND,2004,1196998900
India,IND,2005,1228745500
India,IND,2006,1331423900
India,IND,2007,1486842400
India,IND,2008,1637771400
India,IND,2009,1695096700
India,IND,2010,1795778300
India,IND,2011,1862452100
India,IND,2012,2086577200
India,IND,2013,2212391700
India,IND,2014,2247754500
India,IND,2015,2386867700
India,IND,2016,2519178000
India,IND,2017,2547877600
India,IND,2018,2718080300
India,IND,2019,2708914700
India,IND,2020,2494395000
India,IND,2021,2725703200
India,IND,2022,2864052200
Indonesia,IDN,1889,243129870
Indonesia,IDN,1890,343062460
Indonesia,IDN,1891,478756100
Indonesia,IDN,1892,513181340
Indonesia,IDN,1893,545982600
Indonesia,IDN,1894,559698000
Indonesia,IDN,1895,567941250
Indonesia,IDN,1896,576246700
Indonesia,IDN,1897,561774200
Indonesia,IDN,1898,555944000
Indonesia,IDN,1899,574325300
Indonesia,IDN,1900,585233150
Indonesia,IDN,1901,566998300
Indonesia,IDN,1902,561295940
Indonesia,IDN,1903,554428400
Indonesia,IDN,1904,557378300
Indonesia,IDN,1905,548810200
Indonesia,IDN,1906,535042000
Indonesia,IDN,1907,541878460
Indonesia,IDN,1908,552873860
Indonesia,IDN,1909,528461440
Indonesia,IDN,1910,552465200
Indonesia,IDN,1911,540791100
Indonesia,IDN,1912,514168930
Indonesia,IDN,1913,525862430
Indonesia,IDN,1914,520955260
Indonesia,IDN,1915,521151900
Indonesia,IDN,1916,513377060
Indonesia,IDN,1917,508193280
Indonesia,IDN,1918,508676640
Indonesia,IDN,1919,486509980
Indonesia,IDN,1920,496597220
Indonesia,IDN,1921,493732320
Indonesia,IDN,1922,486158720
Indonesia,IDN,1923,471243000
Indonesia,IDN,1924,475996350
Indonesia,IDN,1925,489043230
Indonesia,IDN,1926,489100350
Indonesia,IDN,1927,480472060
Indonesia,IDN,1928,485845500
Indonesia,IDN,1929,483724770
Indonesia,IDN,1930,485533340
Indonesia,IDN,1931,495835040
Indonesia,IDN,1932,503939070
Indonesia,IDN,1933,493864030
Indonesia,IDN,1934,511845100
Indonesia,IDN,1935,499179680
Indonesia,IDN,1936,510216200
Indonesia,IDN,1937,519013950
Indonesia,IDN,1938,522571500
Indonesia,IDN,1939,519494370
Indonesia,IDN,1940,516685470
Indonesia,IDN,1941,523309340
Indonesia,IDN,1942,513834100
Indonesia,IDN,1943,520224060
Indonesia,IDN,1944,519215520
Indonesia,IDN,1945,515339200
Indonesia,IDN,1946,500618750
Indonesia,IDN,1947,506000030
Indonesia,IDN,1948,520147900
Indonesia,IDN,1949,534370460
Indonesia,IDN,1950,527846000
Indonesia,IDN,1951,518031300
Indonesia,IDN,1952,544224060
Indonesia,IDN,1953,543187140
Indonesia,IDN,1954,553842500
Indonesia,IDN,1955,584137300
Indonesia,IDN,1956,578942660
Indonesia,IDN,1957,580664700
Indonesia,IDN,1958,592611200
Indonesia,IDN,1959,594558500
Indonesia,IDN,1960,467127520
Indonesia,IDN,1961,453731940
Indonesia,IDN,1962,431502370
Indonesia,IDN,1963,424554900
Indonesia,IDN,1964,406087330
Indonesia,IDN,1965,388997760
Indonesia,IDN,1966,377405250
Indonesia,IDN,1967,373061660
Indonesia,IDN,1968,351749500
Indonesia,IDN,1969,355325220
Indonesia,IDN,1970,340141860
Indonesia,IDN,1971,338316260
Indonesia,IDN,1972,334965470
Indonesia,IDN,1973,340367800
Indonesia,IDN,1974,333717470
Indonesia,IDN,1975,310694500
Indonesia,IDN,1976,325197000
Indonesia,IDN,1977,334421500
Indonesia,IDN,1978,343582800
Indonesia,IDN,1979,323746050
Indonesia,IDN,1980,318466200
Indonesia,IDN,1981,324504960
Indonesia,IDN,1982,346704260
Indonesia,IDN,1983,333723140
Indonesia,IDN,1984,1242567300
Indonesia,IDN,1985,1250436200
Indonesia,IDN,1986,1552715500
Indonesia,IDN,1987,1256975600
Indonesia,IDN,1988,913335940
Indonesia,IDN,1989,1082266900
Indonesia,IDN,1990,652307700
Indonesia,IDN,1991,584508160
Indonesia,IDN,1992,852096000
Indonesia,IDN,1993,663910660
Indonesia,IDN,1994,1011031300
Indonesia,IDN,1995,906920260
Indonesia,IDN,1996,983157900
Indonesia,IDN,1997,2754781700
Indonesia,IDN,1998,1391162200
Indonesia,IDN,1999,1451971700
Indonesia,IDN,2000,1117816600
Indonesia,IDN,2001,1144791600
Indonesia,IDN,2002,1384725200
Indonesia,IDN,2003,1075352300
Indonesia,IDN,2004,1178732900
Indonesia,IDN,2005,1126777500
Indonesia,IDN,2006,1611765500
Indonesia,IDN,2007,922997500
Indonesia,IDN,2008,962749800
Indonesia,IDN,2009,1275495400
Indonesia,IDN,2010,944802500
Indonesia,IDN,2011,1233501000
Indonesia,IDN,2012,1262823200
Indonesia,IDN,2013,1236326900
Indonesia,IDN,2014,1425563100
Indonesia,IDN,2015,1936230900
Indonesia,IDN,2016,1183529600
Indonesia,IDN,2017,1168160600
Indonesia,IDN,2018,1114337000
Indonesia,IDN,2019,1725195000
Indonesia,IDN,2020,1442075100
Indonesia,IDN,2021,1504479700
Indonesia,IDN,2022,1647496700
Iran,IRN,1906,16641229
Iran,IRN,1911,16369689
Iran,IRN,1912,16410323
Iran,IRN,1913,16946952
Iran,IRN,1914,17209076
Iran,IRN,1915,17388428
Iran,IRN,1916,17944552
Iran,IRN,1917,18690908
Iran,IRN,1918,19296786
Iran,IRN,1919,20127452
Iran,IRN,1920,21056240
Iran,IRN,1921,22690088
Iran,IRN,1922,24476766
Iran,IRN,1923,26643142
Iran,IRN,1924,28385192
Iran,IRN,1925,28897968
Iran,IRN,1926,29574892
Iran,IRN,1927,31039760
Iran,IRN,1928,31845216
Iran,IRN,1929,31021732
Iran,IRN,1930,32386572
Iran,IRN,1931,31649302
Iran,IRN,1932,33660840
Iran,IRN,1933,35501120
Iran,IRN,1934,36754464
Iran,IRN,1935,36451230
Iran,IRN,1936,38519520
Iran,IRN,1937,44516790
Iran,IRN,1938,44469492
Iran,IRN,1939,42613530
Iran,IRN,1940,39428440
Iran,IRN,1941,32885328
Iran,IRN,1942,41383096
Iran,IRN,1943,42114930
Iran,IRN,1944,53142948
Iran,IRN,1945,64215760
Iran,IRN,1946,71395830
Iran,IRN,1947,74484104
Iran,IRN,1948,88830560
Iran,IRN,1949,18875582
Iran,IRN,1950,30805404
Iran,IRN,1951,34221750
Iran,IRN,1952,36232796
Iran,IRN,1953,39903550
Iran,IRN,1954,40596264
Iran,IRN,1955,58150076
Iran,IRN,1956,67995100
Iran,IRN,1957,70816620
Iran,IRN,1958,76105300
Iran,IRN,1959,77033730
Iran,IRN,1960,92429220
Iran,IRN,1961,75408056
Iran,IRN,1962,70485760
Iran,IRN,1963,70758950
Iran,IRN,1964,74840024
Iran,IRN,1965,76650450
Iran,IRN,1966,87355700
Iran,IRN,1967,89704900
Iran,IRN,1968,102710630
Iran,IRN,1969,100536540
Iran,IRN,1970,129127140
Iran,IRN,1971,159184180
Iran,IRN,1972,176110510
Iran,IRN,1973,162175920
Iran,IRN,1974,155729900
Iran,IRN,1975,137646800
Iran,IRN,1976,148924050
Iran,IRN,1977,141944130
Iran,IRN,1978,195036850
Iran,IRN,1979,134973870
Iran,IRN,1980,118077030
Iran,IRN,1981,127569720
Iran,IRN,1982,152590460
Iran,IRN,1983,166942110
Iran,IRN,1984,170604540
Iran,IRN,1985,183995200
Iran,IRN,1986,174823300
Iran,IRN,1987,189086300
Iran,IRN,1988,182402320
Iran,IRN,1989,185483260
Iran,IRN,1990,277110400
Iran,IRN,1991,284226080
Iran,IRN,1992,260630720
Iran,IRN,1993,256950290
Iran,IRN,1994,271209820
Iran,IRN,1995,260284050
Iran,IRN,1996,284083330
Iran,IRN,1997,259148560
Iran,IRN,1998,266222270
Iran,IRN,1999,384946270
Iran,IRN,2000,370351970
Iran,IRN,2001,392234900
Iran,IRN,2002,399803680
Iran,IRN,2003,415646430
Iran,IRN,2004,448492580
Iran,IRN,2005,474057380
Iran,IRN,2006,474643360
Iran,IRN,2007,485278460
Iran,IRN,2008,501068640
Iran,IRN,2009,512786000
Iran,IRN,2010,527494140
Iran,IRN,2011,539674000
Iran,IRN,2012,561408450
Iran,IRN,2013,573919360
Iran,IRN,2014,607201300
Iran,IRN,2015,607995600
Iran,IRN,2016,609816700
Iran,IRN,2017,661289150
Iran,IRN,2018,706720640
Iran,IRN,2019,683863550
Iran,IRN,2020,666420600
Iran,IRN,2021,674845760
Iran,IRN,2022,677453900
Iraq,IRQ,1927,1394262
Iraq,IRQ,1928,1443176.4
Iraq,IRQ,1929,1432294.2
Iraq,IRQ,1930,6425960
Iraq,IRQ,1931,8820897
Iraq,IRQ,1932,10245093
Iraq,IRQ,1933,11154682
Iraq,IRQ,1934,14326790
Iraq,IRQ,1935,17678324
Iraq,IRQ,1936,18135592
Iraq,IRQ,1937,18901660
Iraq,IRQ,1938,18838676
Iraq,IRQ,1939,25301606
Iraq,IRQ,1940,19413484
Iraq,IRQ,1941,15974418
Iraq,IRQ,1942,18853662
Iraq,IRQ,1943,21697696
Iraq,IRQ,1944,23419848
Iraq,IRQ,1945,24720420
Iraq,IRQ,1946,24902780
Iraq,IRQ,1947,24940884
Iraq,IRQ,1948,10489446
Iraq,IRQ,1949,11594552
Iraq,IRQ,1950,12814060
Iraq,IRQ,1951,12970556
Iraq,IRQ,1952,11876659
Iraq,IRQ,1953,11898824
Iraq,IRQ,1954,12126123
Iraq,IRQ,1955,12808285
Iraq,IRQ,1956,15032464
Iraq,IRQ,1957,14739447
Iraq,IRQ,1958,15773124
Iraq,IRQ,1959,16642475
Iraq,IRQ,1960,18516788
Iraq,IRQ,1961,17321560
Iraq,IRQ,1962,17206102
Iraq,IRQ,1963,17251914
Iraq,IRQ,1964,16607672
Iraq,IRQ,1965,24003672
Iraq,IRQ,1966,33773820
Iraq,IRQ,1967,22270412
Iraq,IRQ,1968,22819166
Iraq,IRQ,1969,24987694
Iraq,IRQ,1970,26095448
Iraq,IRQ,1971,39508936
Iraq,IRQ,1972,35746644
Iraq,IRQ,1973,40322052
Iraq,IRQ,1974,36366360
Iraq,IRQ,1975,36672068
Iraq,IRQ,1976,51258116
Iraq,IRQ,1977,51016864
Iraq,IRQ,1978,49294024
Iraq,IRQ,1979,56703484
Iraq,IRQ,1980,48189988
Iraq,IRQ,1981,34598380
Iraq,IRQ,1982,32273926
Iraq,IRQ,1983,40087780
Iraq,IRQ,1984,41876780
Iraq,IRQ,1985,46504976
Iraq,IRQ,1986,48934450
Iraq,IRQ,1987,56167620
Iraq,IRQ,1988,64109572
Iraq,IRQ,1989,69627120
Iraq,IRQ,1990,68530000
Iraq,IRQ,1991,52071050
Iraq,IRQ,1992,78321450
Iraq,IRQ,1993,62687276
Iraq,IRQ,1994,69168344
Iraq,IRQ,1995,72419380
Iraq,IRQ,1996,60096736
Iraq,IRQ,1997,75881160
Iraq,IRQ,1998,73206890
Iraq,IRQ,1999,66549036
Iraq,IRQ,2000,79116140
Iraq,IRQ,2001,106385620
Iraq,IRQ,2002,94440770
Iraq,IRQ,2003,96403200
Iraq,IRQ,2004,142710050
Iraq,IRQ,2005,118028160
Iraq,IRQ,2006,104355580
Iraq,IRQ,2007,44467150
Iraq,IRQ,2008,72288030
Iraq,IRQ,2009,103192640
Iraq,IRQ,2010,121118040
Iraq,IRQ,2011,121395810
Iraq,IRQ,2012,143155800
Iraq,IRQ,2013,162155100
Iraq,IRQ,2014,147302580
Iraq,IRQ,2015,150167870
Iraq,IRQ,2016,163328380
Iraq,IRQ,2017,188583900
Iraq,IRQ,2018,194211460
Iraq,IRQ,2019,200081730
Iraq,IRQ,2020,170631420
Iraq,IRQ,2021,179793600
Iraq,IRQ,2022,190600020
Ireland,IRL,1850,4810795.5
Ireland,IRL,1880,5741011.5
Ireland,IRL,1881,4930865
Ireland,IRL,1910,4128302.2
Ireland,IRL,1913,9201916
Ireland,IRL,1914,10664035
Ireland,IRL,1915,11990001
Ireland,IRL,1916,12843785
Ireland,IRL,1917,14024693
Ireland,IRL,1918,15073037
Ireland,IRL,1919,16211624
Ireland,IRL,1920,9963551
Ireland,IRL,1921,6472419.5
Ireland,IRL,1924,2131092
Ireland,IRL,1925,-1289032
Ireland,IRL,1926,-1777480
Ireland,IRL,1927,-5985730
Ireland,IRL,1928,-8813935
Ireland,IRL,1929,-7452832
Ireland,IRL,1930,-6006504
Ireland,IRL,1931,-3464092
Ireland,IRL,1932,-4631332
Ireland,IRL,1933,320197
Ireland,IRL,1934,1968996.5
Ireland,IRL,1935,3794878
Ireland,IRL,1936,5977779.5
Ireland,IRL,1937,7663622.5
Ireland,IRL,1938,8860315
Ireland,IRL,1939,12217631
Ireland,IRL,1940,12694441
Ireland,IRL,1941,10635256
Ireland,IRL,1942,9834912
Ireland,IRL,1943,11129599
Ireland,IRL,1944,11605452
Ireland,IRL,1945,12496142
Ireland,IRL,1946,14414131
Ireland,IRL,1947,15488702
Ireland,IRL,1948,16354638
Ireland,IRL,1949,17487544
Ireland,IRL,1950,20669920
Ireland,IRL,1951,22000962
Ireland,IRL,1952,21735248
Ireland,IRL,1953,20854722
Ireland,IRL,1954,18937064
Ireland,IRL,1955,21364718
Ireland,IRL,1956,20004206
Ireland,IRL,1957,18609508
Ireland,IRL,1958,17416912
Ireland,IRL,1959,23024760
Ireland,IRL,1960,19416748
Ireland,IRL,1961,20922734
Ireland,IRL,1962,22982604
Ireland,IRL,1963,20788862
Ireland,IRL,1964,20650632
Ireland,IRL,1965,18519104
Ireland,IRL,1966,21678334
Ireland,IRL,1967,23227500
Ireland,IRL,1968,24890092
Ireland,IRL,1969,24248376
Ireland,IRL,1970,24771832
Ireland,IRL,1971,28431574
Ireland,IRL,1972,26438420
Ireland,IRL,1973,27643412
Ireland,IRL,1974,29265670
Ireland,IRL,1975,27087844
Ireland,IRL,1976,26841596
Ireland,IRL,1977,27840284
Ireland,IRL,1978,27088910
Ireland,IRL,1979,30934650
Ireland,IRL,1980,29786680
Ireland,IRL,1981,28873628
Ireland,IRL,1982,27869898
Ireland,IRL,1983,28980006
Ireland,IRL,1984,29758726
Ireland,IRL,1985,29703428
Ireland,IRL,1986,31020938
Ireland,IRL,1987,34342804
Ireland,IRL,1988,33870140
Ireland,IRL,1989,33966224
Ireland,IRL,1990,18231700
Ireland,IRL,1991,19060298
Ireland,IRL,1992,20163924
Ireland,IRL,1993,20563228
Ireland,IRL,1994,22902784
Ireland,IRL,1995,24842408
Ireland,IRL,1996,30197694
Ireland,IRL,1997,31535608
Ireland,IRL,1998,33067402
Ireland,IRL,1999,36099116
Ireland,IRL,2000,42239724
Ireland,IRL,2001,43924492
Ireland,IRL,2002,41908876
Ireland,IRL,2003,41364104
Ireland,IRL,2004,41717044
Ireland,IRL,2005,43304000
Ireland,IRL,2006,43763588
Ireland,IRL,2007,42501660
Ireland,IRL,2008,42511730
Ireland,IRL,2009,60411960
Ireland,IRL,2010,47795700
Ireland,IRL,2011,45115904
Ireland,IRL,2012,41842396
Ireland,IRL,2013,38566100
Ireland,IRL,2014,36102384
Ireland,IRL,2015,35866308
Ireland,IRL,2016,37991596
Ireland,IRL,2017,31901490
Ireland,IRL,2018,32383244
Ireland,IRL,2019,31246552
Ireland,IRL,2020,103431290
Ireland,IRL,2021,76970900
Ireland,IRL,2022,76318030
Israel,ISR,1930,458295.88
Israel,ISR,1931,514831.4
Israel,ISR,1932,563803.4
Israel,ISR,1933,606076.8
Israel,ISR,1934,631181.9
Israel,ISR,1935,670208.7
Israel,ISR,1936,669851.4
Israel,ISR,1937,685356.75
Israel,ISR,1938,662578.2
Israel,ISR,1939,678200.06
Israel,ISR,1940,631665.8
Israel,ISR,1941,584739.06
Israel,ISR,1942,616493
Israel,ISR,1943,578448.9
Israel,ISR,1944,572922.9
Israel,ISR,1945,550947.9
Israel,ISR,1946,602574
Israel,ISR,1947,629164.1
Israel,ISR,1948,539566.1
Israel,ISR,1949,573497.56
Israel,ISR,1950,2859159.5
Israel,ISR,1951,4343098
Israel,ISR,1952,5245584.5
Israel,ISR,1953,5715030
Israel,ISR,1954,5894627
Israel,ISR,1955,6188093.5
Israel,ISR,1956,5981285.5
Israel,ISR,1957,6244831
Israel,ISR,1958,6425349.5
Israel,ISR,1959,6366494
Israel,ISR,1960,7565309
Israel,ISR,1961,7555048.5
Israel,ISR,1962,8988802
Israel,ISR,1963,8948562
Israel,ISR,1964,9444590
Israel,ISR,1965,13556995
Israel,ISR,1966,13955334
Israel,ISR,1967,13691987
Israel,ISR,1968,13897236
Israel,ISR,1969,15000148
Israel,ISR,1970,16806054
Israel,ISR,1971,16437723
Israel,ISR,1972,17509918
Israel,ISR,1973,19914754
Israel,ISR,1974,19631376
Israel,ISR,1975,19573788
Israel,ISR,1976,19565078
Israel,ISR,1977,19834212
Israel,ISR,1978,21103368
Israel,ISR,1979,20919336
Israel,ISR,1980,21251468
Israel,ISR,1981,21289402
Israel,ISR,1982,23816754
Israel,ISR,1983,24134524
Israel,ISR,1984,23863780
Israel,ISR,1985,25180162
Israel,ISR,1986,26733196
Israel,ISR,1987,27317884
Israel,ISR,1988,29822744
Israel,ISR,1989,31581042
Israel,ISR,1990,35975500
Israel,ISR,1991,36382988
Israel,ISR,1992,42180984
Israel,ISR,1993,44457096
Israel,ISR,1994,47706076
Israel,ISR,1995,49775760
Israel,ISR,1996,51877532
Israel,ISR,1997,54829028
Israel,ISR,1998,55875740
Israel,ISR,1999,54886564
Israel,ISR,2000,59554188
Israel,ISR,2001,63533852
Israel,ISR,2002,59558716
Israel,ISR,2003,61889990
Israel,ISR,2004,58129264
Israel,ISR,2005,55880924
Israel,ISR,2006,61890212
Israel,ISR,2007,62345424
Israel,ISR,2008,67895464
Israel,ISR,2009,63385176
Israel,ISR,2010,68098980
Israel,ISR,2011,68795120
Israel,ISR,2012,74659176
Israel,ISR,2013,63740172
Israel,ISR,2014,60337444
Israel,ISR,2015,62817604
Israel,ISR,2016,64899070
Israel,ISR,2017,60407470
Israel,ISR,2018,61675870
Israel,ISR,2019,60443924
Israel,ISR,2020,57567790
Israel,ISR,2021,56793340
Israel,ISR,2022,58121090
Italy,ITA,1860,22352012
Italy,ITA,1861,21627456
Italy,ITA,1862,21169310
Italy,ITA,1863,18362430
Italy,ITA,1864,17012062
Italy,ITA,1865,15954632
Italy,ITA,1866,15005582
Italy,ITA,1867,14976856
Italy,ITA,1868,14841362
Italy,ITA,1869,13972737
Italy,ITA,1870,17020892
Italy,ITA,1871,19393662
Italy,ITA,1872,22006938
Italy,ITA,1873,22292362
Italy,ITA,1874,22182772
Italy,ITA,1875,23943068
Italy,ITA,1876,26320820
Italy,ITA,1877,26225482
Italy,ITA,1878,26852064
Italy,ITA,1879,27060508
Italy,ITA,1880,28363060
Italy,ITA,1881,31189250
Italy,ITA,1882,32907410
Italy,ITA,1883,32807492
Italy,ITA,1884,33443196
Italy,ITA,1885,35449384
Italy,ITA,1886,35649256
Italy,ITA,1887,38985364
Italy,ITA,1888,40765590
Italy,ITA,1889,41159360
Italy,ITA,1890,39590030
Italy,ITA,1891,39947016
Italy,ITA,1892,40881960
Italy,ITA,1893,40025936
Italy,ITA,1894,40928310
Italy,ITA,1895,41395212
Italy,ITA,1896,41789640
Italy,ITA,1897,41840750
Italy,ITA,1898,42538970
Italy,ITA,1899,42534640
Italy,ITA,1900,42554100
Italy,ITA,1901,41966616
Italy,ITA,1902,45613760
Italy,ITA,1903,47313710
Italy,ITA,1904,47903064
Italy,ITA,1905,47946080
Italy,ITA,1906,53134340
Italy,ITA,1907,56072390
Italy,ITA,1908,56157504
Italy,ITA,1909,58939360
Italy,ITA,1910,62104504
Italy,ITA,1911,64752772
Italy,ITA,1912,69510770
Italy,ITA,1913,74269460
Italy,ITA,1914,71406960
Italy,ITA,1915,68226790
Italy,ITA,1916,70014900
Italy,ITA,1917,63597036
Italy,ITA,1918,69062000
Italy,ITA,1919,70896640
Italy,ITA,1920,64429900
Italy,ITA,1921,67727576
Italy,ITA,1922,76010520
Italy,ITA,1923,73101380
Italy,ITA,1924,76336330
Italy,ITA,1925,73395260
Italy,ITA,1926,75281384
Italy,ITA,1927,79424160
Italy,ITA,1928,76585550
Italy,ITA,1929,82107970
Italy,ITA,1930,75866510
Italy,ITA,1931,71782890
Italy,ITA,1932,63893612
Italy,ITA,1933,65243720
Italy,ITA,1934,72038480
Italy,ITA,1935,80435336
Italy,ITA,1936,65462610
Italy,ITA,1937,76975070
Italy,ITA,1938,80810610
Italy,ITA,1939,80017380
Italy,ITA,1940,79601580
Italy,ITA,1941,72187496
Italy,ITA,1942,73772760
Italy,ITA,1943,39892136
Italy,ITA,1944,36992370
Italy,ITA,1945,37091044
Italy,ITA,1946,53936496
Italy,ITA,1947,65459450
Italy,ITA,1948,61049600
Italy,ITA,1949,68454720
Italy,ITA,1950,59524640
Italy,ITA,1951,56156828
Italy,ITA,1952,54532708
Italy,ITA,1953,52590976
Italy,ITA,1954,53505910
Italy,ITA,1955,58033510
Italy,ITA,1956,61044340
Italy,ITA,1957,59533410
Italy,ITA,1958,54552108
Italy,ITA,1959,35811904
Italy,ITA,1960,58288252
Italy,ITA,1961,80337570
Italy,ITA,1962,101532210
Italy,ITA,1963,120006320
Italy,ITA,1964,134051940
Italy,ITA,1965,148735680
Italy,ITA,1966,175949940
Italy,ITA,1967,200451870
Italy,ITA,1968,211496240
Italy,ITA,1969,232764510
Italy,ITA,1970,202426720
Italy,ITA,1971,225956960
Italy,ITA,1972,245158800
Italy,ITA,1973,278015600
Italy,ITA,1974,286287800
Italy,ITA,1975,271913730
Italy,ITA,1976,298246720
Italy,ITA,1977,293435600
Italy,ITA,1978,312349340
Italy,ITA,1979,328163140
Italy,ITA,1980,331580200
Italy,ITA,1981,323048500
Italy,ITA,1982,313225380
Italy,ITA,1983,306385440
Italy,ITA,1984,311673800
Italy,ITA,1985,318577570
Italy,ITA,1986,314409340
Italy,ITA,1987,330821900
Italy,ITA,1988,338963300
Italy,ITA,1989,359985600
Italy,ITA,1990,387466080
Italy,ITA,1991,383960260
Italy,ITA,1992,381011000
Italy,ITA,1993,372227740
Italy,ITA,1994,364925280
Italy,ITA,1995,397015230
Italy,ITA,1996,391957900
Italy,ITA,1997,412247940
Italy,ITA,1998,443245120
Italy,ITA,1999,435961760
Italy,ITA,2000,435809730
Italy,ITA,2001,430200420
Italy,ITA,2002,430418620
Italy,ITA,2003,453649760
Italy,ITA,2004,457059780
Italy,ITA,2005,451216030
Italy,ITA,2006,443536060
Italy,ITA,2007,464459740
Italy,ITA,2008,434900480
Italy,ITA,2009,395373760
Italy,ITA,2010,391514620
Italy,ITA,2011,390181020
Italy,ITA,2012,356078400
Italy,ITA,2013,322810050
Italy,ITA,2014,301953860
Italy,ITA,2015,318795940
Italy,ITA,2016,320756540
Italy,ITA,2017,310855460
Italy,ITA,2018,307649900
Italy,ITA,2019,300025500
Italy,ITA,2020,263102050
Italy,ITA,2021,297446270
Italy,ITA,2022,298672200
Jamaica,JAM,1950,4924892.5
Jamaica,JAM,1951,4815925
Jamaica,JAM,1952,4544492
Jamaica,JAM,1953,4442550.5
Jamaica,JAM,1954,4711811
Jamaica,JAM,1955,4717357
Jamaica,JAM,1956,4926886
Jamaica,JAM,1957,5295022
Jamaica,JAM,1958,4949573
Jamaica,JAM,1959,5810705
Jamaica,JAM,1960,3352834
Jamaica,JAM,1961,3266217
Jamaica,JAM,1962,3140162
Jamaica,JAM,1963,3115576.5
Jamaica,JAM,1964,3235137
Jamaica,JAM,1965,2758184.8
Jamaica,JAM,1966,3286722
Jamaica,JAM,1967,3655048.5
Jamaica,JAM,1968,4057608.2
Jamaica,JAM,1969,4044602
Jamaica,JAM,1970,4965794
Jamaica,JAM,1971,5907114
Jamaica,JAM,1972,6365447
Jamaica,JAM,1973,8418151
Jamaica,JAM,1974,7712547.5
Jamaica,JAM,1975,8290843.5
Jamaica,JAM,1976,7613976
Jamaica,JAM,1977,7957729
Jamaica,JAM,1978,9018984
Jamaica,JAM,1979,8753486
Jamaica,JAM,1980,8851949
Jamaica,JAM,1981,7229596.5
Jamaica,JAM,1982,5708324
Jamaica,JAM,1983,6377012
Jamaica,JAM,1984,5071390
Jamaica,JAM,1985,5388396
Jamaica,JAM,1986,4944756.5
Jamaica,JAM,1987,5977146.5
Jamaica,JAM,1988,5158989.5
Jamaica,JAM,1989,7276256
Jamaica,JAM,1990,10006301
Jamaica,JAM,1991,11416933
Jamaica,JAM,1992,19250808
Jamaica,JAM,1993,12831210
Jamaica,JAM,1994,12839655
Jamaica,JAM,1995,11688998
Jamaica,JAM,1996,13662916
Jamaica,JAM,1997,12668564
Jamaica,JAM,1998,12082413
Jamaica,JAM,1999,27731886
Jamaica,JAM,2000,18635008
Jamaica,JAM,2001,15152666
Jamaica,JAM,2002,15813813
Jamaica,JAM,2003,14176842
Jamaica,JAM,2004,13884500
Jamaica,JAM,2005,13002920
Jamaica,JAM,2006,20859076
Jamaica,JAM,2007,20956660
Jamaica,JAM,2008,21397248
Jamaica,JAM,2009,13714848
Jamaica,JAM,2010,11077817
Jamaica,JAM,2011,12167218
Jamaica,JAM,2012,11099959
Jamaica,JAM,2013,11066824
Jamaica,JAM,2014,9196213
Jamaica,JAM,2015,8988225
Jamaica,JAM,2016,9204997
Jamaica,JAM,2017,8880954
Jamaica,JAM,2018,8471667
Jamaica,JAM,2019,7998920.5
Jamaica,JAM,2020,6479314
Jamaica,JAM,2021,6520734
Jamaica,JAM,2022,6335098.5
Japan,JPN,1868,16334991
Japan,JPN,1869,16492946
Japan,JPN,1870,17882994
Japan,JPN,1871,18127348
Japan,JPN,1872,18437468
Japan,JPN,1873,18639868
Japan,JPN,1874,19847998
Japan,JPN,1875,21125416
Japan,JPN,1876,21960660
Japan,JPN,1877,22248542
Japan,JPN,1878,22704342
Japan,JPN,1879,24074276
Japan,JPN,1880,24482336
Japan,JPN,1881,25286584
Japan,JPN,1882,26049024
Japan,JPN,1883,26605622
Japan,JPN,1884,26946192
Japan,JPN,1885,28458216
Japan,JPN,1886,29587058
Japan,JPN,1887,31060828
Japan,JPN,1888,31691402
Japan,JPN,1889,32600074
Japan,JPN,1890,36516630
Japan,JPN,1891,39219130
Japan,JPN,1892,39587690
Japan,JPN,1893,41313760
Japan,JPN,1894,44858350
Japan,JPN,1895,47020188
Japan,JPN,1896,49102620
Japan,JPN,1897,50386340
Japan,JPN,1898,54283110
Japan,JPN,1899,55951040
Japan,JPN,1900,59000950
Japan,JPN,1901,64412864
Japan,JPN,1902,66665452
Japan,JPN,1903,67291550
Japan,JPN,1904,72256020
Japan,JPN,1905,74252900
Japan,JPN,1906,78132300
Japan,JPN,1907,80912400
Japan,JPN,1908,84957900
Japan,JPN,1909,85357496
Japan,JPN,1910,87805490
Japan,JPN,1911,92973304
Japan,JPN,1912,99033340
Japan,JPN,1913,104962240
Japan,JPN,1914,108952670
Japan,JPN,1915,103797270
Japan,JPN,1916,111646220
Japan,JPN,1917,121020900
Japan,JPN,1918,126162584
Japan,JPN,1919,132700000
Japan,JPN,1920,130310080
Japan,JPN,1921,125033200
Japan,JPN,1922,132425640
Japan,JPN,1923,136721470
Japan,JPN,1924,145184670
Japan,JPN,1925,147641250
Japan,JPN,1926,148701460
Japan,JPN,1927,155309740
Japan,JPN,1928,158873860
Japan,JPN,1929,164342110
Japan,JPN,1930,154376800
Japan,JPN,1931,146332910
Japan,JPN,1932,148040100
Japan,JPN,1933,162342820
Japan,JPN,1934,173821440
Japan,JPN,1935,176552900
Japan,JPN,1936,187421120
Japan,JPN,1937,197059340
Japan,JPN,1938,204016450
Japan,JPN,1939,202818690
Japan,JPN,1940,230002400
Japan,JPN,1941,229612160
Japan,JPN,1942,224284060
Japan,JPN,1943,229370980
Japan,JPN,1944,215765340
Japan,JPN,1945,151565650
Japan,JPN,1946,129244550
Japan,JPN,1947,144931970
Japan,JPN,1948,164483700
Japan,JPN,1949,171868260
Japan,JPN,1950,180689310
Japan,JPN,1951,193058850
Japan,JPN,1952,204345380
Japan,JPN,1953,221805090
Japan,JPN,1954,209970670
Japan,JPN,1955,214199520
Japan,JPN,1956,231766130
Japan,JPN,1957,260992380
Japan,JPN,1958,252095580
Japan,JPN,1959,276129100
Japan,JPN,1960,304054200
Japan,JPN,1961,351612350
Japan,JPN,1962,356712540
Japan,JPN,1963,386050180
Japan,JPN,1964,415483600
Japan,JPN,1965,440992220
Japan,JPN,1966,468683140
Japan,JPN,1967,539703900
Japan,JPN,1968,606027900
Japan,JPN,1969,701162940
Japan,JPN,1970,808819600
Japan,JPN,1971,831828300
Japan,JPN,1972,882234400
Japan,JPN,1973,944192700
Japan,JPN,1974,939491100
Japan,JPN,1975,889484300
Japan,JPN,1976,925377860
Japan,JPN,1977,949240640
Japan,JPN,1978,918315650
Japan,JPN,1979,963810750
Japan,JPN,1980,954104200
Japan,JPN,1981,934502500
Japan,JPN,1982,906502340
Japan,JPN,1983,887042500
Japan,JPN,1984,944645600
Japan,JPN,1985,917150700
Japan,JPN,1986,916854660
Japan,JPN,1987,907414800
Japan,JPN,1988,988270300
Japan,JPN,1989,1022857900
Japan,JPN,1990,1157754800
Japan,JPN,1991,1168124000
Japan,JPN,1992,1177315200
Japan,JPN,1993,1168547600
Japan,JPN,1994,1227102500
Japan,JPN,1995,1235181400
Japan,JPN,1996,1246488200
Japan,JPN,1997,1237176000
Japan,JPN,1998,1197840600
Japan,JPN,1999,1233557500
Japan,JPN,2000,1267825700
Japan,JPN,2001,1241920100
Japan,JPN,2002,1268996900
Japan,JPN,2003,1276049500
Japan,JPN,2004,1271396000
Japan,JPN,2005,1278601000
Japan,JPN,2006,1255470100
Japan,JPN,2007,1291963100
Japan,JPN,2008,1222123100
Japan,JPN,2009,1152842900
Japan,JPN,2010,1203942400
Japan,JPN,2011,1255793700
Japan,JPN,2012,1300086900
Japan,JPN,2013,1308648300
Japan,JPN,2014,1258506100
Japan,JPN,2015,1218841900
Japan,JPN,2016,1199069600
Japan,JPN,2017,1184881800
Japan,JPN,2018,1140845700
Japan,JPN,2019,1105044100
Japan,JPN,2020,1041450240
Japan,JPN,2021,1065054300
Japan,JPN,2022,1058026900
Jordan,JOR,1950,1478900.2
Jordan,JOR,1951,1604062.6
Jordan,JOR,1952,1646455.1
Jordan,JOR,1953,1663566
Jordan,JOR,1954,1758306.4
Jordan,JOR,1955,2014403.2
Jordan,JOR,1956,2254168.8
Jordan,JOR,1957,2355579.2
Jordan,JOR,1958,2390240.8
Jordan,JOR,1959,2335354
Jordan,JOR,1960,2594044
Jordan,JOR,1961,2274050
Jordan,JOR,1962,2107864.2
Jordan,JOR,1963,2268542.5
Jordan,JOR,1964,2027105.8
Jordan,JOR,1965,2085356.8
Jordan,JOR,1966,2240632.2
Jordan,JOR,1967,1948527.2
Jordan,JOR,1968,2005207.2
Jordan,JOR,1969,2369079
Jordan,JOR,1970,2058238.2
Jordan,JOR,1971,2309484
Jordan,JOR,1972,2454441
Jordan,JOR,1973,2926176
Jordan,JOR,1974,2721300.8
Jordan,JOR,1975,3033122.8
Jordan,JOR,1976,3379512.8
Jordan,JOR,1977,3757247.2
Jordan,JOR,1978,4237806
Jordan,JOR,1979,4378293
Jordan,JOR,1980,5011322
Jordan,JOR,1981,6466676
Jordan,JOR,1982,7229908
Jordan,JOR,1983,6544282.5
Jordan,JOR,1984,10627006
Jordan,JOR,1985,9894697
Jordan,JOR,1986,11282404
Jordan,JOR,1987,11115174
Jordan,JOR,1988,9895889
Jordan,JOR,1989,7795595.5
Jordan,JOR,1990,8829052
Jordan,JOR,1991,13035019
Jordan,JOR,1992,12794273
Jordan,JOR,1993,11911759
Jordan,JOR,1994,14876969
Jordan,JOR,1995,12890577
Jordan,JOR,1996,13711541
Jordan,JOR,1997,13823329
Jordan,JOR,1998,14039529
Jordan,JOR,1999,14124209
Jordan,JOR,2000,15213614
Jordan,JOR,2001,15888714
Jordan,JOR,2002,16474811
Jordan,JOR,2003,18313234
Jordan,JOR,2004,18984406
Jordan,JOR,2005,20917326
Jordan,JOR,2006,19939638
Jordan,JOR,2007,21485010
Jordan,JOR,2008,22751442
Jordan,JOR,2009,21996616
Jordan,JOR,2010,21410890
Jordan,JOR,2011,23515036
Jordan,JOR,2012,25590264
Jordan,JOR,2013,25286990
Jordan,JOR,2014,26937908
Jordan,JOR,2015,26722708
Jordan,JOR,2016,24687082
Jordan,JOR,2017,26392616
Jordan,JOR,2018,25357492
Jordan,JOR,2019,24762688
Jordan,JOR,2020,21055668
Jordan,JOR,2021,22376680
Jordan,JOR,2022,22662474
Kazakhstan,KAZ,1850,21755436
Kazakhstan,KAZ,1855,22152480
Kazakhstan,KAZ,1858,22260910
Kazakhstan,KAZ,1859,22205552
Kazakhstan,KAZ,1860,22249732
Kazakhstan,KAZ,1861,22538752
Kazakhstan,KAZ,1862,22688692
Kazakhstan,KAZ,1863,22822260
Kazakhstan,KAZ,1864,22920320
Kazakhstan,KAZ,1865,22956592
Kazakhstan,KAZ,1866,23130100
Kazakhstan,KAZ,1867,23182830
Kazakhstan,KAZ,1868,23220572
Kazakhstan,KAZ,1869,23349036
Kazakhstan,KAZ,1870,23689868
Kazakhstan,KAZ,1871,23904254
Kazakhstan,KAZ,1872,24029430
Kazakhstan,KAZ,1873,24136392
Kazakhstan,KAZ,1874,24301180
Kazakhstan,KAZ,1875,24458640
Kazakhstan,KAZ,1876,24620532
Kazakhstan,KAZ,1877,24671036
Kazakhstan,KAZ,1878,24844922
Kazakhstan,KAZ,1879,24838262
Kazakhstan,KAZ,1880,25199316
Kazakhstan,KAZ,1881,25419114
Kazakhstan,KAZ,1882,25480732
Kazakhstan,KAZ,1883,25649800
Kazakhstan,KAZ,1884,25757024
Kazakhstan,KAZ,1885,25906506
Kazakhstan,KAZ,1886,26018144
Kazakhstan,KAZ,1887,26101038
Kazakhstan,KAZ,1888,26228592
Kazakhstan,KAZ,1889,26458336
Kazakhstan,KAZ,1890,26775420
Kazakhstan,KAZ,1891,27222444
Kazakhstan,KAZ,1892,27521600
Kazakhstan,KAZ,1893,28062256
Kazakhstan,KAZ,1894,28310304
Kazakhstan,KAZ,1895,28765916
Kazakhstan,KAZ,1896,28980720
Kazakhstan,KAZ,1897,29543156
Kazakhstan,KAZ,1898,29986872
Kazakhstan,KAZ,1899,30647606
Kazakhstan,KAZ,1900,31946196
Kazakhstan,KAZ,1901,32381428
Kazakhstan,KAZ,1902,32426148
Kazakhstan,KAZ,1903,32498342
Kazakhstan,KAZ,1904,33198608
Kazakhstan,KAZ,1905,32801288
Kazakhstan,KAZ,1906,33672132
Kazakhstan,KAZ,1907,34432210
Kazakhstan,KAZ,1908,34630440
Kazakhstan,KAZ,1909,35138176
Kazakhstan,KAZ,1910,33889300
Kazakhstan,KAZ,1911,33722310
Kazakhstan,KAZ,1912,34305590
Kazakhstan,KAZ,1913,34698492
Kazakhstan,KAZ,1914,33682024
Kazakhstan,KAZ,1915,32922868
Kazakhstan,KAZ,1916,33165594
Kazakhstan,KAZ,1917,32411872
Kazakhstan,KAZ,1918,28244696
Kazakhstan,KAZ,1919,27745796
Kazakhstan,KAZ,1920,28406234
Kazakhstan,KAZ,1921,29064764
Kazakhstan,KAZ,1922,29811212
Kazakhstan,KAZ,1923,30309180
Kazakhstan,KAZ,1924,31091486
Kazakhstan,KAZ,1925,31037220
Kazakhstan,KAZ,1926,32705088
Kazakhstan,KAZ,1927,34001028
Kazakhstan,KAZ,1928,34777612
Kazakhstan,KAZ,1929,35280244
Kazakhstan,KAZ,1930,24938256
Kazakhstan,KAZ,1931,16616939
Kazakhstan,KAZ,1932,9287064
Kazakhstan,KAZ,1933,2994764
Kazakhstan,KAZ,1934,-718628
Kazakhstan,KAZ,1935,-4538494
Kazakhstan,KAZ,1936,-7209176
Kazakhstan,KAZ,1937,-11949066
Kazakhstan,KAZ,1938,-15422260
Kazakhstan,KAZ,1939,-19665176
Kazakhstan,KAZ,1940,14611866
Kazakhstan,KAZ,1941,29890146
Kazakhstan,KAZ,1942,31785772
Kazakhstan,KAZ,1943,44830810
Kazakhstan,KAZ,1944,62656250
Kazakhstan,KAZ,1945,73199650
Kazakhstan,KAZ,1946,84296810
Kazakhstan,KAZ,1947,97091496
Kazakhstan,KAZ,1948,105616990
Kazakhstan,KAZ,1949,116196510
Kazakhstan,KAZ,1950,146469840
Kazakhstan,KAZ,1951,169621570
Kazakhstan,KAZ,1952,189686240
Kazakhstan,KAZ,1953,208610990
Kazakhstan,KAZ,1954,228242620
Kazakhstan,KAZ,1955,250685600
Kazakhstan,KAZ,1956,270568640
Kazakhstan,KAZ,1957,291456540
Kazakhstan,KAZ,1958,309803140
Kazakhstan,KAZ,1959,327870050
Kazakhstan,KAZ,1960,284064060
Kazakhstan,KAZ,1961,265250460
Kazakhstan,KAZ,1962,240641090
Kazakhstan,KAZ,1963,226190300
Kazakhstan,KAZ,1964,217571490
Kazakhstan,KAZ,1965,205820900
Kazakhstan,KAZ,1966,203068060
Kazakhstan,KAZ,1967,199831230
Kazakhstan,KAZ,1968,199123620
Kazakhstan,KAZ,1969,196942270
Kazakhstan,KAZ,1970,200754320
Kazakhstan,KAZ,1971,204485500
Kazakhstan,KAZ,1972,207644720
Kazakhstan,KAZ,1973,215429600
Kazakhstan,KAZ,1974,215657420
Kazakhstan,KAZ,1975,222855460
Kazakhstan,KAZ,1976,228020220
Kazakhstan,KAZ,1977,230190940
Kazakhstan,KAZ,1978,233212000
Kazakhstan,KAZ,1979,234380340
Kazakhstan,KAZ,1980,244563490
Kazakhstan,KAZ,1981,238132110
Kazakhstan,KAZ,1982,241547230
Kazakhstan,KAZ,1983,241993060
Kazakhstan,KAZ,1984,243677700
Kazakhstan,KAZ,1985,261619470
Kazakhstan,KAZ,1986,266047070
Kazakhstan,KAZ,1987,260730960
Kazakhstan,KAZ,1988,273541340
Kazakhstan,KAZ,1989,261133870
Kazakhstan,KAZ,1990,265240160
Kazakhstan,KAZ,1991,265633570
Kazakhstan,KAZ,1992,237256460
Kazakhstan,KAZ,1993,199645840
Kazakhstan,KAZ,1994,170230850
Kazakhstan,KAZ,1995,122285570
Kazakhstan,KAZ,1996,110898000
Kazakhstan,KAZ,1997,100852260
Kazakhstan,KAZ,1998,108344260
Kazakhstan,KAZ,1999,45516920
Kazakhstan,KAZ,2000,63243730
Kazakhstan,KAZ,2001,46546616
Kazakhstan,KAZ,2002,78386480
Kazakhstan,KAZ,2003,110794790
Kazakhstan,KAZ,2004,128969710
Kazakhstan,KAZ,2005,148359170
Kazakhstan,KAZ,2006,172755620
Kazakhstan,KAZ,2007,178829980
Kazakhstan,KAZ,2008,186875280
Kazakhstan,KAZ,2009,188715570
Kazakhstan,KAZ,2010,236665200
Kazakhstan,KAZ,2011,226342500
Kazakhstan,KAZ,2012,232368830
Kazakhstan,KAZ,2013,238590100
Kazakhstan,KAZ,2014,270082780
Kazakhstan,KAZ,2015,266328430
Kazakhstan,KAZ,2016,264792160
Kazakhstan,KAZ,2017,283172380
Kazakhstan,KAZ,2018,291702620
Kazakhstan,KAZ,2019,259067580
Kazakhstan,KAZ,2020,239149250
Kazakhstan,KAZ,2021,239090610
Kazakhstan,KAZ,2022,255273500
Kenya,KEN,1950,64462624
Kenya,KEN,1951,59100124
Kenya,KEN,1952,57134428
Kenya,KEN,1953,54862790
Kenya,KEN,1954,55950630
Kenya,KEN,1955,55903130
Kenya,KEN,1956,57544024
Kenya,KEN,1957,59833828
Kenya,KEN,1958,61187428
Kenya,KEN,1959,62450828
Kenya,KEN,1960,65697830
Kenya,KEN,1961,50985384
Kenya,KEN,1962,41863064
Kenya,KEN,1963,36511464
Kenya,KEN,1964,31202946
Kenya,KEN,1965,27010956
Kenya,KEN,1966,24904112
Kenya,KEN,1967,22190146
Kenya,KEN,1968,19671102
Kenya,KEN,1969,18086762
Kenya,KEN,1970,15091079
Kenya,KEN,1971,13938233
Kenya,KEN,1972,12720541
Kenya,KEN,1973,12266738
Kenya,KEN,1974,36549696
Kenya,KEN,1975,26278896
Kenya,KEN,1976,19565320
Kenya,KEN,1977,17008996
Kenya,KEN,1978,15075585
Kenya,KEN,1979,13881984
Kenya,KEN,1980,15025452
Kenya,KEN,1981,15095487
Kenya,KEN,1982,24490910
Kenya,KEN,1983,21898096
Kenya,KEN,1984,82087880
Kenya,KEN,1985,54892916
Kenya,KEN,1986,44634444
Kenya,KEN,1987,48882080
Kenya,KEN,1988,63437188
Kenya,KEN,1989,41463864
Kenya,KEN,1990,50822012
Kenya,KEN,1991,61539460
Kenya,KEN,1992,57671916
Kenya,KEN,1993,75988320
Kenya,KEN,1994,60274550
Kenya,KEN,1995,47331296
Kenya,KEN,1996,51149376
Kenya,KEN,1997,45849060
Kenya,KEN,1998,64228576
Kenya,KEN,1999,52219336
Kenya,KEN,2000,52997856
Kenya,KEN,2001,47609104
Kenya,KEN,2002,46126076
Kenya,KEN,2003,46282604
Kenya,KEN,2004,41720656
Kenya,KEN,2005,46180380
Kenya,KEN,2006,47154920
Kenya,KEN,2007,49122230
Kenya,KEN,2008,56730370
Kenya,KEN,2009,56657470
Kenya,KEN,2010,66914860
Kenya,KEN,2011,59449040
Kenya,KEN,2012,47709916
Kenya,KEN,2013,42268816
Kenya,KEN,2014,40091420
Kenya,KEN,2015,39366340
Kenya,KEN,2016,37444524
Kenya,KEN,2017,35586070
Kenya,KEN,2018,34495360
Kenya,KEN,2019,33437400
Kenya,KEN,2020,32217928
Kenya,KEN,2021,32775220
Kenya,KEN,2022,31524836
Kiribati,KIR,1961,7328
Kiribati,KIR,1962,10992
Kiribati,KIR,1963,18320
Kiribati,KIR,1964,18320
Kiribati,KIR,1965,10992
Kiribati,KIR,1966,10992
Kiribati,KIR,1967,21984
Kiribati,KIR,1968,32976
Kiribati,KIR,1969,10992
Kiribati,KIR,1970,21984
Kiribati,KIR,1971,29312
Kiribati,KIR,1972,25648
Kiribati,KIR,1973,36640
Kiribati,KIR,1974,32976
Kiribati,KIR,1975,32976
Kiribati,KIR,1976,32976
Kiribati,KIR,1977,21984
Kiribati,KIR,1978,21984
Kiribati,KIR,1979,25648
Kiribati,KIR,1980,29312
Kiribati,KIR,1981,29312
Kiribati,KIR,1982,25648
Kiribati,KIR,1983,21984
Kiribati,KIR,1984,21984
Kiribati,KIR,1985,21984
Kiribati,KIR,1986,18320
Kiribati,KIR,1987,21984
Kiribati,KIR,1988,21984
Kiribati,KIR,1989,21984
Kiribati,KIR,1990,21984
Kiribati,KIR,1991,21984
Kiribati,KIR,1992,25648
Kiribati,KIR,1993,29312
Kiribati,KIR,1994,29312
Kiribati,KIR,1995,29312
Kiribati,KIR,1996,29312
Kiribati,KIR,1997,29312
Kiribati,KIR,1998,29312
Kiribati,KIR,1999,29312
Kiribati,KIR,2000,36640
Kiribati,KIR,2001,36640
Kiribati,KIR,2002,36640
Kiribati,KIR,2003,40304
Kiribati,KIR,2004,40304
Kiribati,KIR,2005,47632
Kiribati,KIR,2006,47632
Kiribati,KIR,2007,47632
Kiribati,KIR,2008,47632
Kiribati,KIR,2009,47632
Kiribati,KIR,2010,58624
Kiribati,KIR,2011,54960
Kiribati,KIR,2012,51296
Kiribati,KIR,2013,51296
Kiribati,KIR,2014,58624
Kiribati,KIR,2015,54960
Kiribati,KIR,2016,54960
Kiribati,KIR,2017,65952
Kiribati,KIR,2018,65952
Kiribati,KIR,2019,65952
Kiribati,KIR,2020,65952
Kiribati,KIR,2021,68819
Kiribati,KIR,2022,68043
Kuwait,KWT,1946,2433335.8
Kuwait,KWT,1947,6727324
Kuwait,KWT,1948,315104
Kuwait,KWT,1949,1040392.8
Kuwait,KWT,1950,363835.2
Kuwait,KWT,1951,96729.6
Kuwait,KWT,1952,-20115.36
Kuwait,KWT,1953,-19932.16
Kuwait,KWT,1954,1383306.5
Kuwait,KWT,1955,1826357.5
Kuwait,KWT,1956,1019398.06
Kuwait,KWT,1957,2175097
Kuwait,KWT,1958,3660885.5
Kuwait,KWT,1959,3732883.2
Kuwait,KWT,1960,7741775.5
Kuwait,KWT,1961,9925996
Kuwait,KWT,1962,14238011
Kuwait,KWT,1963,16977108
Kuwait,KWT,1964,25283726
Kuwait,KWT,1965,35363684
Kuwait,KWT,1966,35102108
Kuwait,KWT,1967,25402512
Kuwait,KWT,1968,23136742
Kuwait,KWT,1969,26800108
Kuwait,KWT,1970,25016840
Kuwait,KWT,1971,27115982
Kuwait,KWT,1972,27611208
Kuwait,KWT,1973,24223876
Kuwait,KWT,1974,19314846
Kuwait,KWT,1975,16817186
Kuwait,KWT,1976,18461618
Kuwait,KWT,1977,17204600
Kuwait,KWT,1978,20974950
Kuwait,KWT,1979,17635966
Kuwait,KWT,1980,24629410
Kuwait,KWT,1981,25152080
Kuwait,KWT,1982,21103248
Kuwait,KWT,1983,21557926
Kuwait,KWT,1984,28299824
Kuwait,KWT,1985,29089522
Kuwait,KWT,1986,35247416
Kuwait,KWT,1987,31400318
Kuwait,KWT,1988,32845374
Kuwait,KWT,1989,35790220
Kuwait,KWT,1990,37830560
Kuwait,KWT,1991,492865800
Kuwait,KWT,1992,29672394
Kuwait,KWT,1993,49141560
Kuwait,KWT,1994,57194868
Kuwait,KWT,1995,56122564
Kuwait,KWT,1996,51615772
Kuwait,KWT,1997,56609716
Kuwait,KWT,1998,52804750
Kuwait,KWT,1999,54995744
Kuwait,KWT,2000,54917196
Kuwait,KWT,2001,59070256
Kuwait,KWT,2002,60000364
Kuwait,KWT,2003,62347116
Kuwait,KWT,2004,65644830
Kuwait,KWT,2005,74437560
Kuwait,KWT,2006,76063530
Kuwait,KWT,2007,77170080
Kuwait,KWT,2008,84293630
Kuwait,KWT,2009,88732296
Kuwait,KWT,2010,90887310
Kuwait,KWT,2011,87930900
Kuwait,KWT,2012,101783130
Kuwait,KWT,2013,83738190
Kuwait,KWT,2014,75630936
Kuwait,KWT,2015,93671640
Kuwait,KWT,2016,109141980
Kuwait,KWT,2017,103321700
Kuwait,KWT,2018,105554504
Kuwait,KWT,2019,108899280
Kuwait,KWT,2020,97717864
Kuwait,KWT,2021,103287960
Kuwait,KWT,2022,109194940
Kyrgyzstan,KGZ,1850,1613068.5
Kyrgyzstan,KGZ,1855,1663783.2
Kyrgyzstan,KGZ,1858,1684550
Kyrgyzstan,KGZ,1859,1690470.5
Kyrgyzstan,KGZ,1860,1697205.6
Kyrgyzstan,KGZ,1861,1707563.1
Kyrgyzstan,KGZ,1862,1716020.4
Kyrgyzstan,KGZ,1863,1724181.2
Kyrgyzstan,KGZ,1864,1731856.4
Kyrgyzstan,KGZ,1865,1738000.8
Kyrgyzstan,KGZ,1866,1754591.9
Kyrgyzstan,KGZ,1867,1762164.4
Kyrgyzstan,KGZ,1868,1763917.1
Kyrgyzstan,KGZ,1869,1773657.4
Kyrgyzstan,KGZ,1870,1796359.5
Kyrgyzstan,KGZ,1871,1817656.5
Kyrgyzstan,KGZ,1872,1829519.9
Kyrgyzstan,KGZ,1873,1837338.5
Kyrgyzstan,KGZ,1874,1852201.1
Kyrgyzstan,KGZ,1875,1865374.8
Kyrgyzstan,KGZ,1876,1882270.5
Kyrgyzstan,KGZ,1877,1889969.1
Kyrgyzstan,KGZ,1878,1911751.4
Kyrgyzstan,KGZ,1879,1919101.2
Kyrgyzstan,KGZ,1880,1950101.2
Kyrgyzstan,KGZ,1881,2062843.8
Kyrgyzstan,KGZ,1882,2043142.6
Kyrgyzstan,KGZ,1883,2051669.1
Kyrgyzstan,KGZ,1884,2053187.4
Kyrgyzstan,KGZ,1885,2063455.1
Kyrgyzstan,KGZ,1886,2067910.6
Kyrgyzstan,KGZ,1887,2076629.6
Kyrgyzstan,KGZ,1888,2084155.4
Kyrgyzstan,KGZ,1889,2096855.5
Kyrgyzstan,KGZ,1890,2137772.5
Kyrgyzstan,KGZ,1891,2167526.5
Kyrgyzstan,KGZ,1892,2188946.5
Kyrgyzstan,KGZ,1893,2230195
Kyrgyzstan,KGZ,1894,2243211.5
Kyrgyzstan,KGZ,1895,2283789.8
Kyrgyzstan,KGZ,1896,2295960
Kyrgyzstan,KGZ,1897,2342621.5
Kyrgyzstan,KGZ,1898,2384797.5
Kyrgyzstan,KGZ,1899,2443441.8
Kyrgyzstan,KGZ,1900,2514071
Kyrgyzstan,KGZ,1901,2539929.8
Kyrgyzstan,KGZ,1902,2537072.2
Kyrgyzstan,KGZ,1903,2538586.8
Kyrgyzstan,KGZ,1904,2595488.5
Kyrgyzstan,KGZ,1905,2554357.5
Kyrgyzstan,KGZ,1906,2620828.8
Kyrgyzstan,KGZ,1907,2683771.5
Kyrgyzstan,KGZ,1908,2692011.8
Kyrgyzstan,KGZ,1909,2727224.5
Kyrgyzstan,KGZ,1910,2757448.8
Kyrgyzstan,KGZ,1911,2799337
Kyrgyzstan,KGZ,1912,2890539
Kyrgyzstan,KGZ,1913,2956797
Kyrgyzstan,KGZ,1914,2895081.5
Kyrgyzstan,KGZ,1915,2850062.8
Kyrgyzstan,KGZ,1916,2894369.5
Kyrgyzstan,KGZ,1917,2840991.2
Kyrgyzstan,KGZ,1918,2499005.2
Kyrgyzstan,KGZ,1919,2468840
Kyrgyzstan,KGZ,1920,2456463.5
Kyrgyzstan,KGZ,1921,2477593.8
Kyrgyzstan,KGZ,1922,2526160.2
Kyrgyzstan,KGZ,1923,2556529
Kyrgyzstan,KGZ,1924,2611614.2
Kyrgyzstan,KGZ,1925,2612489
Kyrgyzstan,KGZ,1926,2754396.2
Kyrgyzstan,KGZ,1927,2866502.8
Kyrgyzstan,KGZ,1928,2932992.2
Kyrgyzstan,KGZ,1929,2984054.2
Kyrgyzstan,KGZ,1930,3182357
Kyrgyzstan,KGZ,1931,3335842
Kyrgyzstan,KGZ,1932,3449301
Kyrgyzstan,KGZ,1933,3570682
Kyrgyzstan,KGZ,1934,3836609.2
Kyrgyzstan,KGZ,1935,4036488.5
Kyrgyzstan,KGZ,1936,4294046
Kyrgyzstan,KGZ,1937,4327200
Kyrgyzstan,KGZ,1938,4434697
Kyrgyzstan,KGZ,1939,4450538
Kyrgyzstan,KGZ,1940,5065116
Kyrgyzstan,KGZ,1941,4818928
Kyrgyzstan,KGZ,1942,3769225.5
Kyrgyzstan,KGZ,1943,3889153.5
Kyrgyzstan,KGZ,1944,4568734.5
Kyrgyzstan,KGZ,1945,4734860.5
Kyrgyzstan,KGZ,1946,5041767
Kyrgyzstan,KGZ,1947,5569515
Kyrgyzstan,KGZ,1948,5789225
Kyrgyzstan,KGZ,1949,6240479
Kyrgyzstan,KGZ,1950,7704081
Kyrgyzstan,KGZ,1951,8812624
Kyrgyzstan,KGZ,1952,9849502
Kyrgyzstan,KGZ,1953,10739938
Kyrgyzstan,KGZ,1954,11896463
Kyrgyzstan,KGZ,1955,13526522
Kyrgyzstan,KGZ,1956,14893530
Kyrgyzstan,KGZ,1957,16224798
Kyrgyzstan,KGZ,1958,17576412
Kyrgyzstan,KGZ,1959,18972088
Kyrgyzstan,KGZ,1960,16689136
Kyrgyzstan,KGZ,1961,17087520
Kyrgyzstan,KGZ,1962,15821389
Kyrgyzstan,KGZ,1963,15479612
Kyrgyzstan,KGZ,1964,15356005
Kyrgyzstan,KGZ,1965,15184758
Kyrgyzstan,KGZ,1966,15306177
Kyrgyzstan,KGZ,1967,15367364
Kyrgyzstan,KGZ,1968,15523034
Kyrgyzstan,KGZ,1969,15673620
Kyrgyzstan,KGZ,1970,16753026
Kyrgyzstan,KGZ,1971,17092842
Kyrgyzstan,KGZ,1972,17590448
Kyrgyzstan,KGZ,1973,18275726
Kyrgyzstan,KGZ,1974,18414038
Kyrgyzstan,KGZ,1975,19132920
Kyrgyzstan,KGZ,1976,19665060
Kyrgyzstan,KGZ,1977,19987442
Kyrgyzstan,KGZ,1978,20394156
Kyrgyzstan,KGZ,1979,20532038
Kyrgyzstan,KGZ,1980,21657982
Kyrgyzstan,KGZ,1981,21010748
Kyrgyzstan,KGZ,1982,21236444
Kyrgyzstan,KGZ,1983,21348810
Kyrgyzstan,KGZ,1984,21459336
Kyrgyzstan,KGZ,1985,23114778
Kyrgyzstan,KGZ,1986,22764144
Kyrgyzstan,KGZ,1987,22048864
Kyrgyzstan,KGZ,1988,22070588
Kyrgyzstan,KGZ,1989,21366960
Kyrgyzstan,KGZ,1990,19454278
Kyrgyzstan,KGZ,1991,16444521
Kyrgyzstan,KGZ,1992,13558153
Kyrgyzstan,KGZ,1993,9381198
Kyrgyzstan,KGZ,1994,7285595
Kyrgyzstan,KGZ,1995,9772264
Kyrgyzstan,KGZ,1996,8966592
Kyrgyzstan,KGZ,1997,8300767
Kyrgyzstan,KGZ,1998,8866128
Kyrgyzstan,KGZ,1999,6511262
Kyrgyzstan,KGZ,2000,6190496
Kyrgyzstan,KGZ,2001,5165118
Kyrgyzstan,KGZ,2002,6305463
Kyrgyzstan,KGZ,2003,6663020
Kyrgyzstan,KGZ,2004,5897561.5
Kyrgyzstan,KGZ,2005,5572933
Kyrgyzstan,KGZ,2006,5381341
Kyrgyzstan,KGZ,2007,6380451.5
Kyrgyzstan,KGZ,2008,7212719
Kyrgyzstan,KGZ,2009,6368755
Kyrgyzstan,KGZ,2010,5921289
Kyrgyzstan,KGZ,2011,7296567.5
Kyrgyzstan,KGZ,2012,9827791
Kyrgyzstan,KGZ,2013,9474329
Kyrgyzstan,KGZ,2014,10012151
Kyrgyzstan,KGZ,2015,10269617
Kyrgyzstan,KGZ,2016,9495268
Kyrgyzstan,KGZ,2017,9327879
Kyrgyzstan,KGZ,2018,11191598
Kyrgyzstan,KGZ,2019,9054333
Kyrgyzstan,KGZ,2020,8406704
Kyrgyzstan,KGZ,2021,9499243
Kyrgyzstan,KGZ,2022,9586005
Laos,LAO,1955,28930908
Laos,LAO,1956,33451476
Laos,LAO,1957,33652484
Laos,LAO,1958,37505364
Laos,LAO,1959,68493060
Laos,LAO,1960,46138516
Laos,LAO,1961,31258172
Laos,LAO,1962,24657072
Laos,LAO,1963,20466152
Laos,LAO,1964,18610262
Laos,LAO,1965,20032810
Laos,LAO,1966,18006618
Laos,LAO,1967,18981536
Laos,LAO,1968,17135392
Laos,LAO,1969,17299906
Laos,LAO,1970,17621458
Laos,LAO,1971,23182972
Laos,LAO,1972,25473814
Laos,LAO,1973,27650670
Laos,LAO,1974,27291376
Laos,LAO,1975,26046754
Laos,LAO,1976,23948748
Laos,LAO,1977,24849394
Laos,LAO,1978,22110518
Laos,LAO,1979,19582358
Laos,LAO,1980,19301000
Laos,LAO,1981,19614858
Laos,LAO,1982,18333300
Laos,LAO,1983,18870808
Laos,LAO,1984,18855970
Laos,LAO,1985,18184028
Laos,LAO,1986,18616308
Laos,LAO,1987,19958358
Laos,LAO,1988,19188258
Laos,LAO,1989,18550722
Laos,LAO,1990,18230196
Laos,LAO,1991,17468412
Laos,LAO,1992,16862500
Laos,LAO,1993,21304264
Laos,LAO,1994,21067512
Laos,LAO,1995,21571676
Laos,LAO,1996,29353456
Laos,LAO,1997,24983968
Laos,LAO,1998,26958164
Laos,LAO,1999,32823692
Laos,LAO,2000,47107600
Laos,LAO,2001,45435824
Laos,LAO,2002,47000356
Laos,LAO,2003,50907844
Laos,LAO,2004,57656276
Laos,LAO,2005,60212104
Laos,LAO,2006,57535140
Laos,LAO,2007,63828980
Laos,LAO,2008,69799600
Laos,LAO,2009,83283736
Laos,LAO,2010,78894630
Laos,LAO,2011,69147490
Laos,LAO,2012,61093376
Laos,LAO,2013,76700130
Laos,LAO,2014,100401790
Laos,LAO,2015,72726190
Laos,LAO,2016,58649960
Laos,LAO,2017,80818570
Laos,LAO,2018,72862480
Laos,LAO,2019,69162080
Laos,LAO,2020,66900030
Laos,LAO,2021,70401660
Laos,LAO,2022,69779480
Latvia,LVA,1850,11091424
Latvia,LVA,1855,11244057
Latvia,LVA,1858,11426274
Latvia,LVA,1859,11519094
Latvia,LVA,1860,10839744
Latvia,LVA,1861,10661898
Latvia,LVA,1862,10587914
Latvia,LVA,1863,10501319
Latvia,LVA,1864,10559170
Latvia,LVA,1865,10492255
Latvia,LVA,1866,10532724
Latvia,LVA,1867,10683370
Latvia,LVA,1868,10587920
Latvia,LVA,1869,10571821
Latvia,LVA,1870,10561487
Latvia,LVA,1871,10482606
Latvia,LVA,1872,10431828
Latvia,LVA,1873,10377872
Latvia,LVA,1874,10453085
Latvia,LVA,1875,10435459
Latvia,LVA,1876,10425507
Latvia,LVA,1877,10443000
Latvia,LVA,1878,10484069
Latvia,LVA,1879,10550716
Latvia,LVA,1880,10541712
Latvia,LVA,1881,10623022
Latvia,LVA,1882,10811769
Latvia,LVA,1883,10776334
Latvia,LVA,1884,10786960
Latvia,LVA,1885,10829835
Latvia,LVA,1886,10916003
Latvia,LVA,1887,10979219
Latvia,LVA,1888,10824474
Latvia,LVA,1889,10966917
Latvia,LVA,1890,11069240
Latvia,LVA,1891,11014922
Latvia,LVA,1892,10954172
Latvia,LVA,1893,10899203
Latvia,LVA,1894,11137432
Latvia,LVA,1895,11079241
Latvia,LVA,1896,11178063
Latvia,LVA,1897,11158597
Latvia,LVA,1898,11360539
Latvia,LVA,1899,11307586
Latvia,LVA,1900,11584200
Latvia,LVA,1901,11797678
Latvia,LVA,1902,11734145
Latvia,LVA,1903,11621509
Latvia,LVA,1904,11662407
Latvia,LVA,1905,11718944
Latvia,LVA,1906,11861813
Latvia,LVA,1907,12009273
Latvia,LVA,1908,11986142
Latvia,LVA,1909,12067984
Latvia,LVA,1910,10480148
Latvia,LVA,1911,9842255
Latvia,LVA,1912,9548183
Latvia,LVA,1913,9364046
Latvia,LVA,1914,9202236
Latvia,LVA,1915,8876330
Latvia,LVA,1916,8679644
Latvia,LVA,1917,8497958
Latvia,LVA,1918,7951652.5
Latvia,LVA,1919,7626278
Latvia,LVA,1920,7609623
Latvia,LVA,1921,7491544
Latvia,LVA,1922,7358534
Latvia,LVA,1923,7227694.5
Latvia,LVA,1924,7170388.5
Latvia,LVA,1925,7115458.5
Latvia,LVA,1926,7098155.5
Latvia,LVA,1927,7130973
Latvia,LVA,1928,7123538
Latvia,LVA,1929,7181772.5
Latvia,LVA,1930,6911620
Latvia,LVA,1931,6960406
Latvia,LVA,1932,6958030.5
Latvia,LVA,1933,6888722
Latvia,LVA,1934,7128237.5
Latvia,LVA,1935,7205062.5
Latvia,LVA,1936,7383989.5
Latvia,LVA,1937,7273143.5
Latvia,LVA,1938,7401108
Latvia,LVA,1939,7338287.5
Latvia,LVA,1940,7201827
Latvia,LVA,1941,6368603.5
Latvia,LVA,1942,4892361
Latvia,LVA,1943,4576596
Latvia,LVA,1944,4905744
Latvia,LVA,1945,4747780.5
Latvia,LVA,1946,4697461.5
Latvia,LVA,1947,4992715.5
Latvia,LVA,1948,4859615
Latvia,LVA,1949,5131229
Latvia,LVA,1950,5613763
Latvia,LVA,1951,6655224
Latvia,LVA,1952,7735291
Latvia,LVA,1953,8716226
Latvia,LVA,1954,9825508
Latvia,LVA,1955,11285925
Latvia,LVA,1956,12589347
Latvia,LVA,1957,13777238
Latvia,LVA,1958,14782205
Latvia,LVA,1959,15675698
Latvia,LVA,1960,13981291
Latvia,LVA,1961,17516594
Latvia,LVA,1962,14710508
Latvia,LVA,1963,14766286
Latvia,LVA,1964,15195005
Latvia,LVA,1965,15280639
Latvia,LVA,1966,15733934
Latvia,LVA,1967,16289347
Latvia,LVA,1968,16935572
Latvia,LVA,1969,17194820
Latvia,LVA,1970,19587362
Latvia,LVA,1971,19360644
Latvia,LVA,1972,19755522
Latvia,LVA,1973,21067594
Latvia,LVA,1974,21121120
Latvia,LVA,1975,22295952
Latvia,LVA,1976,23031602
Latvia,LVA,1977,23422614
Latvia,LVA,1978,24072792
Latvia,LVA,1979,24394030
Latvia,LVA,1980,26715114
Latvia,LVA,1981,25272028
Latvia,LVA,1982,25626606
Latvia,LVA,1983,25604324
Latvia,LVA,1984,26029824
Latvia,LVA,1985,27813016
Latvia,LVA,1986,26325400
Latvia,LVA,1987,21750172
Latvia,LVA,1988,21192774
Latvia,LVA,1989,19728704
Latvia,LVA,1990,21260152
Latvia,LVA,1991,20204870
Latvia,LVA,1992,15943143
Latvia,LVA,1993,23659390
Latvia,LVA,1994,1304268
Latvia,LVA,1995,3205598
Latvia,LVA,1996,769097
Latvia,LVA,1997,-173296
Latvia,LVA,1998,-2450434.5
Latvia,LVA,1999,-1542090
Latvia,LVA,2000,-3600880
Latvia,LVA,2001,-1717560
Latvia,LVA,2002,-1955948
Latvia,LVA,2003,3402799.5
Latvia,LVA,2004,10186944
Latvia,LVA,2005,14354578
Latvia,LVA,2006,7441262
Latvia,LVA,2007,6138969
Latvia,LVA,2008,6099393
Latvia,LVA,2009,4924751.5
Latvia,LVA,2010,6673033.5
Latvia,LVA,2011,7417084.5
Latvia,LVA,2012,8952074
Latvia,LVA,2013,7231229
Latvia,LVA,2014,7527003
Latvia,LVA,2015,10910232
Latvia,LVA,2016,8275662.5
Latvia,LVA,2017,9457352
Latvia,LVA,2018,10256626
Latvia,LVA,2019,10389707
Latvia,LVA,2020,10141426
Latvia,LVA,2021,10941209
Latvia,LVA,2022,10582283
Lebanon,LBN,1931,425616.88
Lebanon,LBN,1932,457288.12
Lebanon,LBN,1933,481257.3
Lebanon,LBN,1935,550246.56
Lebanon,LBN,1936,570925.8
Lebanon,LBN,1937,586394.5
Lebanon,LBN,1938,596800.25
Lebanon,LBN,1939,602326.25
Lebanon,LBN,1940,534399.6
Lebanon,LBN,1941,512269.06
Lebanon,LBN,1942,825687.25
Lebanon,LBN,1943,504492.3
Lebanon,LBN,1944,527594
Lebanon,LBN,1945,530283
Lebanon,LBN,1946,526325.9
Lebanon,LBN,1947,533491.56
Lebanon,LBN,1948,547961.94
Lebanon,LBN,1949,558651.75
Lebanon,LBN,1950,1972033.6
Lebanon,LBN,1951,1974890.1
Lebanon,LBN,1952,1685233.6
Lebanon,LBN,1953,1671361.4
Lebanon,LBN,1954,1771569.4
Lebanon,LBN,1955,2092134
Lebanon,LBN,1956,2261401.8
Lebanon,LBN,1957,2275028
Lebanon,LBN,1958,2209577
Lebanon,LBN,1959,2330270.8
Lebanon,LBN,1960,2661961.5
Lebanon,LBN,1961,3000980.5
Lebanon,LBN,1962,2939191.2
Lebanon,LBN,1963,3470506.5
Lebanon,LBN,1964,4126165
Lebanon,LBN,1965,3659675
Lebanon,LBN,1966,4276260
Lebanon,LBN,1967,4305972
Lebanon,LBN,1968,4303116.5
Lebanon,LBN,1969,4948199.5
Lebanon,LBN,1970,4533743.5
Lebanon,LBN,1971,5939714
Lebanon,LBN,1972,6502123.5
Lebanon,LBN,1973,7549941.5
Lebanon,LBN,1974,7242152
Lebanon,LBN,1975,6331784
Lebanon,LBN,1976,5863640.5
Lebanon,LBN,1977,5223157
Lebanon,LBN,1978,5211737
Lebanon,LBN,1979,5351316
Lebanon,LBN,1980,5494852
Lebanon,LBN,1981,5470371.5
Lebanon,LBN,1982,5383433
Lebanon,LBN,1983,6691179.5
Lebanon,LBN,1984,6510527
Lebanon,LBN,1985,7626581.5
Lebanon,LBN,1986,7509042.5
Lebanon,LBN,1987,7607599.5
Lebanon,LBN,1988,7257645.5
Lebanon,LBN,1989,7711684.5
Lebanon,LBN,1990,7839029.5
Lebanon,LBN,1991,8043155
Lebanon,LBN,1992,9634910
Lebanon,LBN,1993,10394843
Lebanon,LBN,1994,11154683
Lebanon,LBN,1995,12724026
Lebanon,LBN,1996,13196454
Lebanon,LBN,1997,15303437
Lebanon,LBN,1998,14750839
Lebanon,LBN,1999,15561267
Lebanon,LBN,2000,14462218
Lebanon,LBN,2001,15945712
Lebanon,LBN,2002,16173432
Lebanon,LBN,2003,18277824
Lebanon,LBN,2004,17078488
Lebanon,LBN,2005,16070582
Lebanon,LBN,2006,14470017
Lebanon,LBN,2007,13245145
Lebanon,LBN,2008,16860480
Lebanon,LBN,2009,19968056
Lebanon,LBN,2010,19784780
Lebanon,LBN,2011,20263176
Lebanon,LBN,2012,22149454
Lebanon,LBN,2013,21984618
Lebanon,LBN,2014,23750790
Lebanon,LBN,2015,25490566
Lebanon,LBN,2016,26268374
Lebanon,LBN,2017,27599224
Lebanon,LBN,2018,25947266
Lebanon,LBN,2019,25456616
Lebanon,LBN,2020,22094066
Lebanon,LBN,2021,23312640
Lebanon,LBN,2022,23763202
Lesotho,LSO,1990,2154029
Lesotho,LSO,1991,2632144.5
Lesotho,LSO,1992,2345473
Lesotho,LSO,1993,2072101.9
Lesotho,LSO,1994,1953644.8
Lesotho,LSO,1995,2097566.8
Lesotho,LSO,1996,2266440.5
Lesotho,LSO,1997,2165497.2
Lesotho,LSO,1998,2152929.8
Lesotho,LSO,1999,2396622.5
Lesotho,LSO,2000,2185429.5
Lesotho,LSO,2001,1736736
Lesotho,LSO,2002,1751062.2
Lesotho,LSO,2003,2163555.5
Lesotho,LSO,2004,2857736.8
Lesotho,LSO,2005,3815286.5
Lesotho,LSO,2006,5722179
Lesotho,LSO,2007,7034404
Lesotho,LSO,2008,6232098
Lesotho,LSO,2009,5691547.5
Lesotho,LSO,2010,5269088.5
Lesotho,LSO,2011,5096624
Lesotho,LSO,2012,4672589
Lesotho,LSO,2013,4978203.5
Lesotho,LSO,2014,3706978.8
Lesotho,LSO,2015,7057670
Lesotho,LSO,2016,8232495
Lesotho,LSO,2017,7713159.5
Lesotho,LSO,2018,7999904.5
Lesotho,LSO,2019,8356485
Lesotho,LSO,2020,7990634.5
Lesotho,LSO,2021,8017045
Lesotho,LSO,2022,8408546
Liberia,LBR,1950,23577582
Liberia,LBR,1951,22089450
Liberia,LBR,1952,25045786
Liberia,LBR,1953,23877884
Liberia,LBR,1954,23738140
Liberia,LBR,1955,23616824
Liberia,LBR,1956,30381778
Liberia,LBR,1957,25683724
Liberia,LBR,1958,26670366
Liberia,LBR,1959,29026354
Liberia,LBR,1960,22449328
Liberia,LBR,1961,14772442
Liberia,LBR,1962,10839798
Liberia,LBR,1963,8688150
Liberia,LBR,1964,7642078
Liberia,LBR,1965,6372172
Liberia,LBR,1966,5945866
Liberia,LBR,1967,5276123.5
Liberia,LBR,1968,5299621.5
Liberia,LBR,1969,5361820
Liberia,LBR,1970,5711452.5
Liberia,LBR,1971,5868418.5
Liberia,LBR,1972,5704711
Liberia,LBR,1973,6064772
Liberia,LBR,1974,6226244.5
Liberia,LBR,1975,6074188.5
Liberia,LBR,1976,6958007.5
Liberia,LBR,1977,7095126
Liberia,LBR,1978,6813717
Liberia,LBR,1979,6954874
Liberia,LBR,1980,7168807
Liberia,LBR,1981,7241221
Liberia,LBR,1982,6087399
Liberia,LBR,1983,6128138.5
Liberia,LBR,1984,6598905.5
Liberia,LBR,1985,7607042
Liberia,LBR,1986,7544697.5
Liberia,LBR,1987,7357985.5
Liberia,LBR,1988,7704209
Liberia,LBR,1989,4406510
Liberia,LBR,1990,3738379.8
Liberia,LBR,1991,3373458.8
Liberia,LBR,1992,3486235.8
Liberia,LBR,1993,3354729.8
Liberia,LBR,1994,4285099.5
Liberia,LBR,1995,3194553.5
Liberia,LBR,1996,6296604
Liberia,LBR,1997,10614666
Liberia,LBR,1998,13389234
Liberia,LBR,1999,23276614
Liberia,LBR,2000,20989168
Liberia,LBR,2001,18488450
Liberia,LBR,2002,18151900
Liberia,LBR,2003,20493760
Liberia,LBR,2004,17848502
Liberia,LBR,2005,15569428
Liberia,LBR,2006,14793350
Liberia,LBR,2007,16656550
Liberia,LBR,2008,17072072
Liberia,LBR,2009,17959288
Liberia,LBR,2010,21646684
Liberia,LBR,2011,19197914
Liberia,LBR,2012,19482664
Liberia,LBR,2013,17611124
Liberia,LBR,2014,16081765
Liberia,LBR,2015,15876096
Liberia,LBR,2016,15349621
Liberia,LBR,2017,15987793
Liberia,LBR,2018,14853898
Liberia,LBR,2019,15272924
Liberia,LBR,2020,15116436
Liberia,LBR,2021,15381950
Liberia,LBR,2022,15622371
Libya,LBY,1950,2281279.8
Libya,LBY,1951,2775296.8
Libya,LBY,1952,3013273.8
Libya,LBY,1953,3242090.5
Libya,LBY,1954,3384766.8
Libya,LBY,1955,3577896
Libya,LBY,1956,3527186.2
Libya,LBY,1957,3552944
Libya,LBY,1958,3623403
Libya,LBY,1959,3729219.2
Libya,LBY,1960,5203246.5
Libya,LBY,1961,3956570.2
Libya,LBY,1962,3027123.5
Libya,LBY,1963,3167491.5
Libya,LBY,1964,2002632.5
Libya,LBY,1965,2305975
Libya,LBY,1966,3682430
Libya,LBY,1967,19636768
Libya,LBY,1968,31128940
Libya,LBY,1969,36455104
Libya,LBY,1970,33317358
Libya,LBY,1971,22460720
Libya,LBY,1972,16090255
Libya,LBY,1973,15318344
Libya,LBY,1974,10120645
Libya,LBY,1975,12241383
Libya,LBY,1976,18610148
Libya,LBY,1977,20964942
Libya,LBY,1978,21765512
Libya,LBY,1979,26535008
Libya,LBY,1980,27379290
Libya,LBY,1981,29308652
Libya,LBY,1982,31392214
Libya,LBY,1983,30977856
Libya,LBY,1984,29177810
Libya,LBY,1985,31818222
Libya,LBY,1986,34586924
Libya,LBY,1987,32835868
Libya,LBY,1988,36673290
Libya,LBY,1989,37728296
Libya,LBY,1990,37068732
Libya,LBY,1991,42549132
Libya,LBY,1992,36869028
Libya,LBY,1993,38568252
Libya,LBY,1994,51557360
Libya,LBY,1995,58530492
Libya,LBY,1996,58152790
Libya,LBY,1997,51997624
Libya,LBY,1998,51513556
Libya,LBY,1999,50001280
Libya,LBY,2000,52870380
Libya,LBY,2001,52692908
Libya,LBY,2002,52681524
Libya,LBY,2003,54743616
Libya,LBY,2004,56266340
Libya,LBY,2005,60065052
Libya,LBY,2006,55165710
Libya,LBY,2007,51058056
Libya,LBY,2008,53333108
Libya,LBY,2009,52771036
Libya,LBY,2010,60428148
Libya,LBY,2011,55353620
Libya,LBY,2012,54885692
Libya,LBY,2013,42948784
Libya,LBY,2014,60115068
Libya,LBY,2015,54109450
Libya,LBY,2016,51251090
Libya,LBY,2017,53015736
Libya,LBY,2018,53619030
Libya,LBY,2019,70151656
Libya,LBY,2020,46720016
Libya,LBY,2021,63601760
Libya,LBY,2022,62659132
Liechtenstein,LIE,1959,15262.08
Liechtenstein,LIE,1960,18379.2
Liechtenstein,LIE,1961,17193.76
Liechtenstein,LIE,1962,16368.72
Liechtenstein,LIE,1963,17121.2
Liechtenstein,LIE,1964,55493.8
Liechtenstein,LIE,1965,59320.96
Liechtenstein,LIE,1966,57326.08
Liechtenstein,LIE,1967,56806.8
Liechtenstein,LIE,1968,69919.52
Liechtenstein,LIE,1969,83311.76
Liechtenstein,LIE,1970,106461.64
Liechtenstein,LIE,1971,111697.28
Liechtenstein,LIE,1972,101808.16
Liechtenstein,LIE,1973,128772.88
Liechtenstein,LIE,1974,103352.24
Liechtenstein,LIE,1975,131671.88
Liechtenstein,LIE,1976,128028.44
Liechtenstein,LIE,1977,146966.2
Liechtenstein,LIE,1978,146469.28
Liechtenstein,LIE,1979,125248.27
Liechtenstein,LIE,1980,150938.69
Liechtenstein,LIE,1981,141771.36
Liechtenstein,LIE,1982,97675.12
Liechtenstein,LIE,1983,125060.44
Liechtenstein,LIE,1984,130982.64
Liechtenstein,LIE,1985,161357.12
Liechtenstein,LIE,1986,186601.88
Liechtenstein,LIE,1987,127052.2
Liechtenstein,LIE,1988,171391.88
Liechtenstein,LIE,1989,175999.44
Liechtenstein,LIE,1990,188272.12
Liechtenstein,LIE,1991,195923.23
Liechtenstein,LIE,1992,197020.56
Liechtenstein,LIE,1993,205544.23
Liechtenstein,LIE,1994,192683.8
Liechtenstein,LIE,1995,196361.05
Liechtenstein,LIE,1996,200647.2
Liechtenstein,LIE,1997,212440.31
Liechtenstein,LIE,1998,222314.05
Liechtenstein,LIE,1999,218725.05
Liechtenstein,LIE,2000,208103.05
Liechtenstein,LIE,2001,205364.44
Liechtenstein,LIE,2002,210088.56
Liechtenstein,LIE,2003,219608.77
Liechtenstein,LIE,2004,220267.64
Liechtenstein,LIE,2005,218836.72
Liechtenstein,LIE,2006,220788.52
Liechtenstein,LIE,2007,190498.16
Liechtenstein,LIE,2008,208910.4
Liechtenstein,LIE,2009,192880.77
Liechtenstein,LIE,2010,176430.48
Liechtenstein,LIE,2011,162382.48
Liechtenstein,LIE,2012,168690.44
Liechtenstein,LIE,2013,175104.36
Liechtenstein,LIE,2014,143708.44
Liechtenstein,LIE,2015,141930.31
Liechtenstein,LIE,2016,131884.4
Liechtenstein,LIE,2017,137558.92
Liechtenstein,LIE,2018,124446.8
Liechtenstein,LIE,2019,130335.6
Liechtenstein,LIE,2020,123132.68
Liechtenstein,LIE,2021,127014.4
Liechtenstein,LIE,2022,130991.125
Lithuania,LTU,1850,14998626
Lithuania,LTU,1855,15150619
Lithuania,LTU,1858,15495014
Lithuania,LTU,1859,15611611
Lithuania,LTU,1860,15223143
Lithuania,LTU,1861,15001172
Lithuania,LTU,1862,14863850
Lithuania,LTU,1863,14925272
Lithuania,LTU,1864,14855472
Lithuania,LTU,1865,14734803
Lithuania,LTU,1866,14912830
Lithuania,LTU,1867,14995199
Lithuania,LTU,1868,14757540
Lithuania,LTU,1869,14783824
Lithuania,LTU,1870,15235818
Lithuania,LTU,1871,15086895
Lithuania,LTU,1872,15101970
Lithuania,LTU,1873,15019665
Lithuania,LTU,1874,15183731
Lithuania,LTU,1875,15186780
Lithuania,LTU,1876,15173406
Lithuania,LTU,1877,15203883
Lithuania,LTU,1878,15318763
Lithuania,LTU,1879,15443706
Lithuania,LTU,1880,15680574
Lithuania,LTU,1881,15639591
Lithuania,LTU,1882,15842057
Lithuania,LTU,1883,15701084
Lithuania,LTU,1884,15912267
Lithuania,LTU,1885,15719139
Lithuania,LTU,1886,15924765
Lithuania,LTU,1887,15996493
Lithuania,LTU,1888,15819894
Lithuania,LTU,1889,16106520
Lithuania,LTU,1890,16250320
Lithuania,LTU,1891,16363405
Lithuania,LTU,1892,16272336
Lithuania,LTU,1893,16305840
Lithuania,LTU,1894,16489583
Lithuania,LTU,1895,16355708
Lithuania,LTU,1896,16443307
Lithuania,LTU,1897,16569530
Lithuania,LTU,1898,16803292
Lithuania,LTU,1899,16993036
Lithuania,LTU,1900,17447378
Lithuania,LTU,1901,17598446
Lithuania,LTU,1902,17456232
Lithuania,LTU,1903,17405588
Lithuania,LTU,1904,17460110
Lithuania,LTU,1905,17708340
Lithuania,LTU,1906,17827928
Lithuania,LTU,1907,17874764
Lithuania,LTU,1908,17883400
Lithuania,LTU,1909,18071648
Lithuania,LTU,1910,16189929
Lithuania,LTU,1911,15562521
Lithuania,LTU,1912,15183212
Lithuania,LTU,1913,14815006
Lithuania,LTU,1914,14694210
Lithuania,LTU,1915,14184725
Lithuania,LTU,1916,13866582
Lithuania,LTU,1917,13747116
Lithuania,LTU,1918,13025612
Lithuania,LTU,1919,12616192
Lithuania,LTU,1920,12835079
Lithuania,LTU,1921,12680246
Lithuania,LTU,1922,12504774
Lithuania,LTU,1923,12574426
Lithuania,LTU,1924,12485786
Lithuania,LTU,1925,12516379
Lithuania,LTU,1926,12554608
Lithuania,LTU,1927,12790788
Lithuania,LTU,1928,12722979
Lithuania,LTU,1929,12845333
Lithuania,LTU,1930,17774512
Lithuania,LTU,1931,19465412
Lithuania,LTU,1932,20754336
Lithuania,LTU,1933,21565240
Lithuania,LTU,1934,23087952
Lithuania,LTU,1935,23864364
Lithuania,LTU,1936,25084968
Lithuania,LTU,1937,25619344
Lithuania,LTU,1938,26605174
Lithuania,LTU,1939,27066052
Lithuania,LTU,1940,21682804
Lithuania,LTU,1941,19141914
Lithuania,LTU,1942,15996589
Lithuania,LTU,1943,15167402
Lithuania,LTU,1944,15379568
Lithuania,LTU,1945,14614449
Lithuania,LTU,1946,14291824
Lithuania,LTU,1947,14460352
Lithuania,LTU,1948,14109915
Lithuania,LTU,1949,14352562
Lithuania,LTU,1950,14866174
Lithuania,LTU,1951,16072155
Lithuania,LTU,1952,17190952
Lithuania,LTU,1953,18554952
Lithuania,LTU,1954,19927756
Lithuania,LTU,1955,22064044
Lithuania,LTU,1956,23783848
Lithuania,LTU,1957,25714780
Lithuania,LTU,1958,27410364
Lithuania,LTU,1959,29016996
Lithuania,LTU,1960,25971242
Lithuania,LTU,1961,28451360
Lithuania,LTU,1962,25865654
Lithuania,LTU,1963,26117120
Lithuania,LTU,1964,26888270
Lithuania,LTU,1965,26787414
Lithuania,LTU,1966,27507560
Lithuania,LTU,1967,28306922
Lithuania,LTU,1968,29234808
Lithuania,LTU,1969,29545344
Lithuania,LTU,1970,31467938
Lithuania,LTU,1971,32382508
Lithuania,LTU,1972,33323544
Lithuania,LTU,1973,35450524
Lithuania,LTU,1974,35659092
Lithuania,LTU,1975,37456776
Lithuania,LTU,1976,38555024
Lithuania,LTU,1977,39053364
Lithuania,LTU,1978,40023236
Lithuania,LTU,1979,40428132
Lithuania,LTU,1980,42881452
Lithuania,LTU,1981,41549284
Lithuania,LTU,1982,42327252
Lithuania,LTU,1983,42466736
Lithuania,LTU,1984,42977536
Lithuania,LTU,1985,45698876
Lithuania,LTU,1986,41915412
Lithuania,LTU,1987,41041904
Lithuania,LTU,1988,41219732
Lithuania,LTU,1989,41119852
Lithuania,LTU,1990,39969744
Lithuania,LTU,1991,43339570
Lithuania,LTU,1992,26823532
Lithuania,LTU,1993,17123596
Lithuania,LTU,1994,42220056
Lithuania,LTU,1995,24379548
Lithuania,LTU,1996,22644038
Lithuania,LTU,1997,21746174
Lithuania,LTU,1998,27578884
Lithuania,LTU,1999,26533850
Lithuania,LTU,2000,-1038636
Lithuania,LTU,2001,2020825
Lithuania,LTU,2002,-2299578
Lithuania,LTU,2003,3649435
Lithuania,LTU,2004,20399116
Lithuania,LTU,2005,9898422
Lithuania,LTU,2006,6897425
Lithuania,LTU,2007,8379644
Lithuania,LTU,2008,11559703
Lithuania,LTU,2009,13997424
Lithuania,LTU,2010,14095666
Lithuania,LTU,2011,15146731
Lithuania,LTU,2012,16712645
Lithuania,LTU,2013,18139816
Lithuania,LTU,2014,16104425
Lithuania,LTU,2015,13084697
Lithuania,LTU,2016,12208485
Lithuania,LTU,2017,14553602
Lithuania,LTU,2018,12991658
Lithuania,LTU,2019,12725025
Lithuania,LTU,2020,12420055
Lithuania,LTU,2021,12564862
Lithuania,LTU,2022,11264966
Low-income countries,,1850,60853364
Low-income countries,,1851,80056456
Low-income countries,,1852,93185050
Low-income countries,,1853,104230870
Low-income countries,,1854,109352080
Low-income countries,,1855,113385930
Low-income countries,,1856,116642600
Low-income countries,,1857,119161230
Low-income countries,,1858,122372984
Low-income countries,,1859,124635140
Low-income countries,,1860,72061096
Low-income countries,,1861,51436332
Low-income countries,,1862,39039516
Low-income countries,,1863,31908936
Low-income countries,,1864,26383694
Low-income countries,,1865,23034248
Low-income countries,,1866,21248232
Low-income countries,,1867,18441792
Low-income countries,,1868,16584106
Low-income countries,,1869,15720942
Low-income countries,,1870,14979494
Low-income countries,,1871,13816687
Low-income countries,,1872,12985436
Low-income countries,,1873,12521830
Low-income countries,,1874,12267622
Low-income countries,,1875,11461358
Low-income countries,,1876,11261927
Low-income countries,,1877,11126176
Low-income countries,,1878,10364649
Low-income countries,,1879,10109636
Low-income countries,,1880,11492465
Low-income countries,,1881,11892282
Low-income countries,,1882,12277440
Low-income countries,,1883,11965745
Low-income countries,,1884,11757996
Low-income countries,,1885,11782654
Low-income countries,,1886,11235106
Low-income countries,,1887,11304686
Low-income countries,,1888,11710364
Low-income countries,,1889,11364262
Low-income countries,,1890,13588237
Low-income countries,,1891,13973800
Low-income countries,,1892,14745694
Low-income countries,,1893,14928455
Low-income countries,,1894,14803916
Low-income countries,,1895,15084798
Low-income countries,,1896,15291411
Low-income countries,,1897,15642092
Low-income countries,,1898,15424854
Low-income countries,,1899,16147834
Low-income countries,,1900,17633624
Low-income countries,,1901,18907340
Low-income countries,,1902,19427736
Low-income countries,,1903,19560376
Low-income countries,,1904,21691136
Low-income countries,,1905,23123576
Low-income countries,,1906,20554272
Low-income countries,,1907,20819948
Low-income countries,,1908,20624728
Low-income countries,,1909,23003864
Low-income countries,,1910,33079318
Low-income countries,,1911,35320892
Low-income countries,,1912,39360372
Low-income countries,,1913,39498636
Low-income countries,,1914,40612692
Low-income countries,,1915,42319028
Low-income countries,,1916,42839880
Low-income countries,,1917,27988196
Low-income countries,,1918,45509560
Low-income countries,,1919,47172484
Low-income countries,,1920,88113890
Low-income countries,,1921,96342600
Low-income countries,,1922,104071720
Low-income countries,,1923,105517144
Low-income countries,,1924,111829460
Low-income countries,,1925,116663980
Low-income countries,,1926,113755470
Low-income countries,,1927,163142700
Low-income countries,,1928,161916050
Low-income countries,,1929,169103570
Low-income countries,,1930,199521180
Low-income countries,,1931,231820930
Low-income countries,,1932,249548100
Low-income countries,,1933,334139040
Low-income countries,,1934,338893900
Low-income countries,,1935,345539040
Low-income countries,,1936,273396060
Low-income countries,,1937,273427970
Low-income countries,,1938,277889100
Low-income countries,,1939,285554750
Low-income countries,,1940,347001630
Low-income countries,,1941,431683460
Low-income countries,,1942,458889570
Low-income countries,,1943,470735360
Low-income countries,,1944,426933700
Low-income countries,,1945,612570700
Low-income countries,,1946,408468600
Low-income countries,,1947,613605900
Low-income countries,,1948,668293600
Low-income countries,,1949,684151200
Low-income countries,,1950,1304623900
Low-income countries,,1951,1176962600
Low-income countries,,1952,1127299800
Low-income countries,,1953,1100591500
Low-income countries,,1954,1120419000
Low-income countries,,1955,1148065500
Low-income countries,,1956,1187404300
Low-income countries,,1957,1242657500
Low-income countries,,1958,1285764000
Low-income countries,,1959,1330157000
Low-income countries,,1960,1422944500
Low-income countries,,1961,1056977400
Low-income countries,,1962,905725000
Low-income countries,,1963,817501100
Low-income countries,,1964,758764740
Low-income countries,,1965,682644000
Low-income countries,,1966,639439740
Low-income countries,,1967,650159940
Low-income countries,,1968,667723500
Low-income countries,,1969,603077250
Low-income countries,,1970,623399040
Low-income countries,,1971,679301760
Low-income countries,,1972,607535170
Low-income countries,,1973,573823550
Low-income countries,,1974,589419260
Low-income countries,,1975,638894140
Low-income countries,,1976,578473150
Low-income countries,,1977,587495800
Low-income countries,,1978,528203780
Low-income countries,,1979,528915070
Low-income countries,,1980,568988900
Low-income countries,,1981,548515100
Low-income countries,,1982,521423520
Low-income countries,,1983,531496860
Low-income countries,,1984,559917500
Low-income countries,,1985,563730240
Low-income countries,,1986,551403260
Low-income countries,,1987,585882600
Low-income countries,,1988,619398340
Low-income countries,,1989,674894660
Low-income countries,,1990,576060100
Low-income countries,,1991,533134980
Low-income countries,,1992,701671000
Low-income countries,,1993,705198900
Low-income countries,,1994,762773900
Low-income countries,,1995,805852500
Low-income countries,,1996,761031500
Low-income countries,,1997,771574660
Low-income countries,,1998,794497860
Low-income countries,,1999,775957000
Low-income countries,,2000,870857700
Low-income countries,,2001,902663940
Low-income countries,,2002,1161264500
Low-income countries,,2003,1162667500
Low-income countries,,2004,1108981100
Low-income countries,,2005,1052515840
Low-income countries,,2006,1040791700
Low-income countries,,2007,1061315460
Low-income countries,,2008,1397752200
Low-income countries,,2009,1623585300
Low-income countries,,2010,1773431300
Low-income countries,,2011,1973629000
Low-income countries,,2012,1811820900
Low-income countries,,2013,1687182500
Low-income countries,,2014,1453611500
Low-income countries,,2015,1302959400
Low-income countries,,2016,1331389200
Low-income countries,,2017,1378232800
Low-income countries,,2018,1200179000
Low-income countries,,2019,1079969800
Low-income countries,,2020,1187015800
Low-income countries,,2021,1248593000
Low-income countries,,2022,1192568000
Lower-middle-income countries,,1850,176499470
Lower-middle-income countries,,1851,164717760
Lower-middle-income countries,,1852,192419150
Lower-middle-income countries,,1853,212455020
Lower-middle-income countries,,1854,221107710
Lower-middle-income countries,,1855,301126370
Lower-middle-income countries,,1856,234326980
Lower-middle-income countries,,1857,240971900
Lower-middle-income countries,,1858,443114720
Lower-middle-income countries,,1859,447535260
Lower-middle-income countries,,1860,335143550
Lower-middle-income countries,,1861,289488450
Lower-middle-income countries,,1862,264160560
Lower-middle-income countries,,1863,248803710
Lower-middle-income countries,,1864,238320780
Lower-middle-income countries,,1865,230958340
Lower-middle-income countries,,1866,229265460
Lower-middle-income countries,,1867,108289470
Lower-middle-income countries,,1868,103210230
Lower-middle-income countries,,1869,104945390
Lower-middle-income countries,,1870,115624216
Lower-middle-income countries,,1871,117199784
Lower-middle-income countries,,1872,118944310
Lower-middle-income countries,,1873,122186060
Lower-middle-income countries,,1874,122872080
Lower-middle-income countries,,1875,125813380
Lower-middle-income countries,,1876,124853700
Lower-middle-income countries,,1877,128587310
Lower-middle-income countries,,1878,242848780
Lower-middle-income countries,,1879,243722500
Lower-middle-income countries,,1880,253089820
Lower-middle-income countries,,1881,255929940
Lower-middle-income countries,,1882,261745020
Lower-middle-income countries,,1883,267941500
Lower-middle-income countries,,1884,269056830
Lower-middle-income countries,,1885,272799900
Lower-middle-income countries,,1886,274145380
Lower-middle-income countries,,1887,277785280
Lower-middle-income countries,,1888,281672450
Lower-middle-income countries,,1889,523699650
Lower-middle-income countries,,1890,642924540
Lower-middle-income countries,,1891,787713660
Lower-middle-income countries,,1892,899856900
Lower-middle-income countries,,1893,935800450
Lower-middle-income countries,,1894,950696000
Lower-middle-income countries,,1895,975387500
Lower-middle-income countries,,1896,978092860
Lower-middle-income countries,,1897,972372740
Lower-middle-income countries,,1898,971673860
Lower-middle-income countries,,1899,993116500
Lower-middle-income countries,,1900,1019213800
Lower-middle-income countries,,1901,1007478600
Lower-middle-income countries,,1902,1010394600
Lower-middle-income countries,,1903,1007744600
Lower-middle-income countries,,1904,1017064640
Lower-middle-income countries,,1905,1011416770
Lower-middle-income countries,,1906,1019975040
Lower-middle-income countries,,1907,1119197300
Lower-middle-income countries,,1908,1129233800
Lower-middle-income countries,,1909,1099243800
Lower-middle-income countries,,1910,1083838000
Lower-middle-income countries,,1911,1070164300
Lower-middle-income countries,,1912,1044718460
Lower-middle-income countries,,1913,1050728060
Lower-middle-income countries,,1914,1031348100
Lower-middle-income countries,,1915,1057331840
Lower-middle-income countries,,1916,1042238300
Lower-middle-income countries,,1917,1029127040
Lower-middle-income countries,,1918,1023611840
Lower-middle-income countries,,1919,992125700
Lower-middle-income countries,,1920,1128726300
Lower-middle-income countries,,1921,1165565800
Lower-middle-income countries,,1922,1183443800
Lower-middle-income countries,,1923,1181468800
Lower-middle-income countries,,1924,1203785200
Lower-middle-income countries,,1925,1226763300
Lower-middle-income countries,,1926,1237852700
Lower-middle-income countries,,1927,1243103000
Lower-middle-income countries,,1928,1350510800
Lower-middle-income countries,,1929,1356860400
Lower-middle-income countries,,1930,1418197200
Lower-middle-income countries,,1931,1461771300
Lower-middle-income countries,,1932,1496974700
Lower-middle-income countries,,1933,1504951400
Lower-middle-income countries,,1934,1546043800
Lower-middle-income countries,,1935,1558368400
Lower-middle-income countries,,1936,1596177200
Lower-middle-income countries,,1937,1625701800
Lower-middle-income countries,,1938,1639991900
Lower-middle-income countries,,1939,1640628400
Lower-middle-income countries,,1940,1743534200
Lower-middle-income countries,,1941,1775209600
Lower-middle-income countries,,1942,1710762400
Lower-middle-income countries,,1943,1787993200
Lower-middle-income countries,,1944,1839438600
Lower-middle-income countries,,1945,1893060600
Lower-middle-income countries,,1946,2007803400
Lower-middle-income countries,,1947,2033389600
Lower-middle-income countries,,1948,2090902500
Lower-middle-income countries,,1949,2075724200
Lower-middle-income countries,,1950,3278578700
Lower-middle-income countries,,1951,3301726200
Lower-middle-income countries,,1952,3420600300
Lower-middle-income countries,,1953,3537671400
Lower-middle-income countries,,1954,3680636000
Lower-middle-income countries,,1955,3970751200
Lower-middle-income countries,,1956,4094277400
Lower-middle-income countries,,1957,4221551000
Lower-middle-income countries,,1958,4361571000
Lower-middle-income countries,,1959,4536007700
Lower-middle-income countries,,1960,3651355000
Lower-middle-income countries,,1961,3400552000
Lower-middle-income countries,,1962,3249012000
Lower-middle-income countries,,1963,3185163300
Lower-middle-income countries,,1964,3123664400
Lower-middle-income countries,,1965,2745854500
Lower-middle-income countries,,1966,2882604800
Lower-middle-income countries,,1967,2708917500
Lower-middle-income countries,,1968,2860134700
Lower-middle-income countries,,1969,2805529900
Lower-middle-income countries,,1970,2602052400
Lower-middle-income countries,,1971,2533945000
Lower-middle-income countries,,1972,3021718000
Lower-middle-income countries,,1973,2870152400
Lower-middle-income countries,,1974,2879608800
Lower-middle-income countries,,1975,2887918300
Lower-middle-income countries,,1976,2819456500
Lower-middle-income countries,,1977,3043616500
Lower-middle-income countries,,1978,2897739800
Lower-middle-income countries,,1979,2855526400
Lower-middle-income countries,,1980,2750104800
Lower-middle-income countries,,1981,2892166000
Lower-middle-income countries,,1982,2748174000
Lower-middle-income countries,,1983,3322515700
Lower-middle-income countries,,1984,4382473700
Lower-middle-income countries,,1985,4588605000
Lower-middle-income countries,,1986,4742885000
Lower-middle-income countries,,1987,4373025300
Lower-middle-income countries,,1988,4130806300
Lower-middle-income countries,,1989,4063236600
Lower-middle-income countries,,1990,3908398800
Lower-middle-income countries,,1991,3810760400
Lower-middle-income countries,,1992,4206407700
Lower-middle-income countries,,1993,3977230300
Lower-middle-income countries,,1994,4624012000
Lower-middle-income countries,,1995,4502529500
Lower-middle-income countries,,1996,4749355500
Lower-middle-income countries,,1997,6447081000
Lower-middle-income countries,,1998,5316713000
Lower-middle-income countries,,1999,5369003500
Lower-middle-income countries,,2000,5083901000
Lower-middle-income countries,,2001,5023710000
Lower-middle-income countries,,2002,5340776000
Lower-middle-income countries,,2003,5446192000
Lower-middle-income countries,,2004,5475189000
Lower-middle-income countries,,2005,5423046000
Lower-middle-income countries,,2006,6062504000
Lower-middle-income countries,,2007,5773202000
Lower-middle-income countries,,2008,5806338600
Lower-middle-income countries,,2009,6265688600
Lower-middle-income countries,,2010,6199798000
Lower-middle-income countries,,2011,6590445000
Lower-middle-income countries,,2012,6715595000
Lower-middle-income countries,,2013,6663271400
Lower-middle-income countries,,2014,7147746000
Lower-middle-income countries,,2015,7671593500
Lower-middle-income countries,,2016,7029132000
Lower-middle-income countries,,2017,7301880300
Lower-middle-income countries,,2018,7386175000
Lower-middle-income countries,,2019,8073708000
Lower-middle-income countries,,2020,7442558500
Lower-middle-income countries,,2021,7847657500
Lower-middle-income countries,,2022,8021413000
Luxembourg,LUX,1945,-212133.75
Luxembourg,LUX,1946,-222078.9
Luxembourg,LUX,1947,-232911.1
Luxembourg,LUX,1948,-247332.97
Luxembourg,LUX,1949,-253034.53
Luxembourg,LUX,1950,7118287
Luxembourg,LUX,1951,8696885
Luxembourg,LUX,1952,9094848
Luxembourg,LUX,1953,8354242
Luxembourg,LUX,1954,8481170
Luxembourg,LUX,1955,9586379
Luxembourg,LUX,1956,10065233
Luxembourg,LUX,1957,10540555
Luxembourg,LUX,1958,9784350
Luxembourg,LUX,1959,10006893
Luxembourg,LUX,1960,11119268
Luxembourg,LUX,1961,11202418
Luxembourg,LUX,1962,11181167
Luxembourg,LUX,1963,11085479
Luxembourg,LUX,1964,11963337
Luxembourg,LUX,1965,11863581
Luxembourg,LUX,1966,11284296
Luxembourg,LUX,1967,11038266
Luxembourg,LUX,1968,11957571
Luxembourg,LUX,1969,12890329
Luxembourg,LUX,1970,13455865
Luxembourg,LUX,1971,12941416
Luxembourg,LUX,1972,13250932
Luxembourg,LUX,1973,13945620
Luxembourg,LUX,1974,14202043
Luxembourg,LUX,1975,11645292
Luxembourg,LUX,1976,11651846
Luxembourg,LUX,1977,10739822
Luxembourg,LUX,1978,11661543
Luxembourg,LUX,1979,11708156
Luxembourg,LUX,1980,10631721
Luxembourg,LUX,1981,9096218
Luxembourg,LUX,1982,8527476
Luxembourg,LUX,1983,8061347
Luxembourg,LUX,1984,8682490
Luxembourg,LUX,1985,8922178
Luxembourg,LUX,1986,8741313
Luxembourg,LUX,1987,9074932
Luxembourg,LUX,1988,8998164
Luxembourg,LUX,1989,9691510
Luxembourg,LUX,1990,11647362
Luxembourg,LUX,1991,12784984
Luxembourg,LUX,1992,12409380
Luxembourg,LUX,1993,13023922
Luxembourg,LUX,1994,11736090
Luxembourg,LUX,1995,9224519
Luxembourg,LUX,1996,9331950
Luxembourg,LUX,1997,8654468
Luxembourg,LUX,1998,7778196.5
Luxembourg,LUX,1999,8492748
Luxembourg,LUX,2000,8879967
Luxembourg,LUX,2001,9328636
Luxembourg,LUX,2002,10080874
Luxembourg,LUX,2003,10555183
Luxembourg,LUX,2004,11871547
Luxembourg,LUX,2005,12134755
Luxembourg,LUX,2006,12089275
Luxembourg,LUX,2007,11472076
Luxembourg,LUX,2008,11245147
Luxembourg,LUX,2009,10709969
Luxembourg,LUX,2010,11285600
Luxembourg,LUX,2011,11214997
Luxembourg,LUX,2012,10974705
Luxembourg,LUX,2013,10470885
Luxembourg,LUX,2014,9957158
Luxembourg,LUX,2015,9446407
Luxembourg,LUX,2016,9208988
Luxembourg,LUX,2017,9373479
Luxembourg,LUX,2018,9668253
Luxembourg,LUX,2019,9870969
Luxembourg,LUX,2020,8168999.5
Luxembourg,LUX,2021,8533514
Luxembourg,LUX,2022,7628752
Madagascar,MDG,1933,73213650
Madagascar,MDG,1934,71964780
Madagascar,MDG,1935,70161720
Madagascar,MDG,1945,198286620
Madagascar,MDG,1947,193178740
Madagascar,MDG,1948,191536590
Madagascar,MDG,1949,193579250
Madagascar,MDG,1950,135860510
Madagascar,MDG,1951,123366150
Madagascar,MDG,1952,115758584
Madagascar,MDG,1953,111089330
Madagascar,MDG,1954,114801430
Madagascar,MDG,1955,117580040
Madagascar,MDG,1956,119244150
Madagascar,MDG,1957,127572350
Madagascar,MDG,1958,129916936
Madagascar,MDG,1959,132354780
Madagascar,MDG,1960,136699730
Madagascar,MDG,1961,94901630
Madagascar,MDG,1962,71088980
Madagascar,MDG,1963,59309800
Madagascar,MDG,1964,53468936
Madagascar,MDG,1965,47529332
Madagascar,MDG,1966,48352060
Madagascar,MDG,1967,45313624
Madagascar,MDG,1968,45505070
Madagascar,MDG,1969,44800164
Madagascar,MDG,1970,38865364
Madagascar,MDG,1971,38856240
Madagascar,MDG,1972,40571092
Madagascar,MDG,1973,37652616
Madagascar,MDG,1974,86102184
Madagascar,MDG,1975,99732010
Madagascar,MDG,1976,85516936
Madagascar,MDG,1977,96433310
Madagascar,MDG,1978,70950296
Madagascar,MDG,1979,51437616
Madagascar,MDG,1980,46532164
Madagascar,MDG,1981,45759784
Madagascar,MDG,1982,43174730
Madagascar,MDG,1983,39978340
Madagascar,MDG,1984,41071776
Madagascar,MDG,1985,38375268
Madagascar,MDG,1986,35472476
Madagascar,MDG,1987,35022730
Madagascar,MDG,1988,34477972
Madagascar,MDG,1989,35238210
Madagascar,MDG,1990,36118000
Madagascar,MDG,1991,34916496
Madagascar,MDG,1992,52267004
Madagascar,MDG,1993,53793024
Madagascar,MDG,1994,65121200
Madagascar,MDG,1995,59018896
Madagascar,MDG,1996,81706850
Madagascar,MDG,1997,101304620
Madagascar,MDG,1998,143418300
Madagascar,MDG,1999,138538420
Madagascar,MDG,2000,126068340
Madagascar,MDG,2001,96064270
Madagascar,MDG,2002,84709170
Madagascar,MDG,2003,73955950
Madagascar,MDG,2004,67433280
Madagascar,MDG,2005,56055590
Madagascar,MDG,2006,51440628
Madagascar,MDG,2007,48675256
Madagascar,MDG,2008,46465510
Madagascar,MDG,2009,41901780
Madagascar,MDG,2010,41342652
Madagascar,MDG,2011,37336748
Madagascar,MDG,2012,36897570
Madagascar,MDG,2013,37984664
Madagascar,MDG,2014,31581530
Madagascar,MDG,2015,35432468
Madagascar,MDG,2016,33643080
Madagascar,MDG,2017,35385340
Madagascar,MDG,2018,30779828
Madagascar,MDG,2019,29020494
Madagascar,MDG,2020,28319728
Madagascar,MDG,2021,27998624
Madagascar,MDG,2022,27279776
Malawi,MWI,1950,42695216
Malawi,MWI,1951,34180024
Malawi,MWI,1952,28265384
Malawi,MWI,1953,24138800
Malawi,MWI,1954,21541868
Malawi,MWI,1955,20970650
Malawi,MWI,1956,19711740
Malawi,MWI,1957,18916744
Malawi,MWI,1958,18738928
Malawi,MWI,1959,17950028
Malawi,MWI,1960,23831156
Malawi,MWI,1961,18294198
Malawi,MWI,1962,17827524
Malawi,MWI,1963,20975976
Malawi,MWI,1964,36029092
Malawi,MWI,1965,37735380
Malawi,MWI,1966,26212848
Malawi,MWI,1967,26760066
Malawi,MWI,1968,26472788
Malawi,MWI,1969,19080346
Malawi,MWI,1970,27916444
Malawi,MWI,1971,27442404
Malawi,MWI,1972,25123832
Malawi,MWI,1973,18813220
Malawi,MWI,1974,13686985
Malawi,MWI,1975,12479164
Malawi,MWI,1976,11320916
Malawi,MWI,1977,13219182
Malawi,MWI,1978,10253988
Malawi,MWI,1979,4901141.5
Malawi,MWI,1980,10544691
Malawi,MWI,1981,13510914
Malawi,MWI,1982,6907372
Malawi,MWI,1983,8118821
Malawi,MWI,1984,7063593.5
Malawi,MWI,1985,12292323
Malawi,MWI,1986,8560090
Malawi,MWI,1987,7244279.5
Malawi,MWI,1988,9593656
Malawi,MWI,1989,11129448
Malawi,MWI,1990,15318839
Malawi,MWI,1991,9402370
Malawi,MWI,1992,6408251.5
Malawi,MWI,1993,399226.34
Malawi,MWI,1994,14301108
Malawi,MWI,1995,16903416
Malawi,MWI,1996,15176997
Malawi,MWI,1997,20047128
Malawi,MWI,1998,22160026
Malawi,MWI,1999,20109478
Malawi,MWI,2000,20262300
Malawi,MWI,2001,16197851
Malawi,MWI,2002,21204440
Malawi,MWI,2003,17137636
Malawi,MWI,2004,23958498
Malawi,MWI,2005,24061264
Malawi,MWI,2006,9899272
Malawi,MWI,2007,26915880
Malawi,MWI,2008,22806612
Malawi,MWI,2009,23108948
Malawi,MWI,2010,14569156
Malawi,MWI,2011,12501977
Malawi,MWI,2012,10566095
Malawi,MWI,2013,10696386
Malawi,MWI,2014,8441159
Malawi,MWI,2015,7343415.5
Malawi,MWI,2016,6527792.5
Malawi,MWI,2017,6781695.5
Malawi,MWI,2018,6666347
Malawi,MWI,2019,6142714
Malawi,MWI,2020,5939592
Malawi,MWI,2021,5900778
Malawi,MWI,2022,5670026
Malaysia,MYS,1890,33051074
Malaysia,MYS,1891,30491956
Malaysia,MYS,1892,29380992
Malaysia,MYS,1893,26031840
Malaysia,MYS,1894,25029810
Malaysia,MYS,1895,24043168
Malaysia,MYS,1896,25124964
Malaysia,MYS,1897,23044472
Malaysia,MYS,1898,23230236
Malaysia,MYS,1899,30011348
Malaysia,MYS,1900,36866470
Malaysia,MYS,1901,40139964
Malaysia,MYS,1902,40364270
Malaysia,MYS,1903,44748396
Malaysia,MYS,1904,41800416
Malaysia,MYS,1905,41312370
Malaysia,MYS,1906,49409588
Malaysia,MYS,1907,49799696
Malaysia,MYS,1908,47154730
Malaysia,MYS,1909,52140296
Malaysia,MYS,1910,72650420
Malaysia,MYS,1912,93745016
Malaysia,MYS,1913,96527060
Malaysia,MYS,1914,100911800
Malaysia,MYS,1915,102121176
Malaysia,MYS,1916,102219180
Malaysia,MYS,1917,104364936
Malaysia,MYS,1918,106434730
Malaysia,MYS,1919,106347640
Malaysia,MYS,1920,66552860
Malaysia,MYS,1921,47935530
Malaysia,MYS,1922,42968310
Malaysia,MYS,1923,39143612
Malaysia,MYS,1924,30156516
Malaysia,MYS,1925,26470018
Malaysia,MYS,1926,17167196
Malaysia,MYS,1927,24208378
Malaysia,MYS,1928,23729896
Malaysia,MYS,1929,24007736
Malaysia,MYS,1930,47619944
Malaysia,MYS,1931,55527224
Malaysia,MYS,1932,61088410
Malaysia,MYS,1933,59378344
Malaysia,MYS,1934,60567570
Malaysia,MYS,1935,68468770
Malaysia,MYS,1936,69829390
Malaysia,MYS,1937,71416600
Malaysia,MYS,1938,73826700
Malaysia,MYS,1939,70797090
Malaysia,MYS,1940,83217760
Malaysia,MYS,1941,89371810
Malaysia,MYS,1942,91413280
Malaysia,MYS,1943,95480940
Malaysia,MYS,1944,92367864
Malaysia,MYS,1945,95189910
Malaysia,MYS,1946,96145560
Malaysia,MYS,1947,96902136
Malaysia,MYS,1948,95209240
Malaysia,MYS,1949,100391290
Malaysia,MYS,1950,64870270
Malaysia,MYS,1951,52118730
Malaysia,MYS,1952,46689136
Malaysia,MYS,1953,44921140
Malaysia,MYS,1954,39216370
Malaysia,MYS,1955,35335740
Malaysia,MYS,1956,35396216
Malaysia,MYS,1957,27453064
Malaysia,MYS,1958,26087600
Malaysia,MYS,1959,19817364
Malaysia,MYS,1960,20172350
Malaysia,MYS,1961,55612504
Malaysia,MYS,1962,95649140
Malaysia,MYS,1963,78705440
Malaysia,MYS,1964,128017330
Malaysia,MYS,1965,72064904
Malaysia,MYS,1966,91027820
Malaysia,MYS,1967,131252870
Malaysia,MYS,1968,112019690
Malaysia,MYS,1969,142420590
Malaysia,MYS,1970,132567490
Malaysia,MYS,1971,171226780
Malaysia,MYS,1972,154833900
Malaysia,MYS,1973,144860960
Malaysia,MYS,1974,171680540
Malaysia,MYS,1975,163989780
Malaysia,MYS,1976,191449220
Malaysia,MYS,1977,138950720
Malaysia,MYS,1978,238617550
Malaysia,MYS,1979,177473840
Malaysia,MYS,1980,214014600
Malaysia,MYS,1981,182532780
Malaysia,MYS,1982,197692640
Malaysia,MYS,1983,161066850
Malaysia,MYS,1984,243071150
Malaysia,MYS,1985,332107550
Malaysia,MYS,1986,406213950
Malaysia,MYS,1987,412524580
Malaysia,MYS,1988,425565340
Malaysia,MYS,1989,301833730
Malaysia,MYS,1990,242482300
Malaysia,MYS,1991,219717420
Malaysia,MYS,1992,250581820
Malaysia,MYS,1993,265455650
Malaysia,MYS,1994,275228770
Malaysia,MYS,1995,256478110
Malaysia,MYS,1996,237332220
Malaysia,MYS,1997,232678610
Malaysia,MYS,1998,248959580
Malaysia,MYS,1999,212634240
Malaysia,MYS,2000,214519340
Malaysia,MYS,2001,243167680
Malaysia,MYS,2002,257293440
Malaysia,MYS,2003,262475400
Malaysia,MYS,2004,260497100
Malaysia,MYS,2005,255459300
Malaysia,MYS,2006,278220260
Malaysia,MYS,2007,289022140
Malaysia,MYS,2008,322588130
Malaysia,MYS,2009,353047780
Malaysia,MYS,2010,349536000
Malaysia,MYS,2011,416171000
Malaysia,MYS,2012,421181440
Malaysia,MYS,2013,401311300
Malaysia,MYS,2014,541921600
Malaysia,MYS,2015,413240450
Malaysia,MYS,2016,367326600
Malaysia,MYS,2017,453531620
Malaysia,MYS,2018,432174900
Malaysia,MYS,2019,441881020
Malaysia,MYS,2020,445364350
Malaysia,MYS,2021,452977440
Malaysia,MYS,2022,461066240
Maldives,MDV,1971,3847.2
Maldives,MDV,1972,3737.28
Maldives,MDV,1973,3737.28
Maldives,MDV,1974,3773.92
Maldives,MDV,1975,7437.92
Maldives,MDV,1976,11138.56
Maldives,MDV,1977,14765.92
Maldives,MDV,1978,22093.92
Maldives,MDV,1979,29385.28
Maldives,MDV,1980,44077.92
Maldives,MDV,1981,47741.92
Maldives,MDV,1982,47705.28
Maldives,MDV,1983,51442.56
Maldives,MDV,1984,58733.92
Maldives,MDV,1985,66098.56
Maldives,MDV,1986,80717.92
Maldives,MDV,1987,80754.56
Maldives,MDV,1988,95373.92
Maldives,MDV,1989,124722.56
Maldives,MDV,1990,172354.56
Maldives,MDV,1991,154071.2
Maldives,MDV,1992,230832
Maldives,MDV,1993,197892.64
Maldives,MDV,1994,197856
Maldives,MDV,1995,249152
Maldives,MDV,1996,289456
Maldives,MDV,1997,329796.62
Maldives,MDV,1998,300448
Maldives,MDV,1999,421323.38
Maldives,MDV,2000,450635.38
Maldives,MDV,2001,461664
Maldives,MDV,2002,593897.75
Maldives,MDV,2003,505631.97
Maldives,MDV,2004,668167.06
Maldives,MDV,2005,600932.6
Maldives,MDV,2006,743792
Maldives,MDV,2007,781751.06
Maldives,MDV,2008,842720
Maldives,MDV,2009,883243.8
Maldives,MDV,2010,934832.94
Maldives,MDV,2011,985579.4
Maldives,MDV,2012,1110595
Maldives,MDV,2013,1091835.4
Maldives,MDV,2014,1315376
Maldives,MDV,2015,1279029.1
Maldives,MDV,2016,1436507.9
Maldives,MDV,2017,1513415.2
Maldives,MDV,2018,1740619.9
Maldives,MDV,2019,1952985.2
Maldives,MDV,2020,1648909.9
Maldives,MDV,2021,1720578.9
Maldives,MDV,2022,1701181.9
Mali,MLI,1959,10595958
Mali,MLI,1960,9634928
Mali,MLI,1961,8165810.5
Mali,MLI,1962,7295867
Mali,MLI,1963,6047798.5
Mali,MLI,1964,5662675.5
Mali,MLI,1965,4867734
Mali,MLI,1966,4716484
Mali,MLI,1967,4044103.2
Mali,MLI,1968,3675944.8
Mali,MLI,1969,6405405
Mali,MLI,1970,4246283
Mali,MLI,1971,3705439.8
Mali,MLI,1972,3602664.8
Mali,MLI,1973,6656723.5
Mali,MLI,1974,8142183
Mali,MLI,1975,19366706
Mali,MLI,1976,11672899
Mali,MLI,1977,8489991
Mali,MLI,1978,7035801
Mali,MLI,1979,5644348.5
Mali,MLI,1980,4418848.5
Mali,MLI,1981,4505709
Mali,MLI,1982,3979521.2
Mali,MLI,1983,3933401.5
Mali,MLI,1984,6107862.5
Mali,MLI,1985,4789029
Mali,MLI,1986,4151187.2
Mali,MLI,1987,5876148.5
Mali,MLI,1988,4745315
Mali,MLI,1989,4356221
Mali,MLI,1990,4198581
Mali,MLI,1991,11384148
Mali,MLI,1992,69915070
Mali,MLI,1993,55767660
Mali,MLI,1994,58422664
Mali,MLI,1995,121306490
Mali,MLI,1996,74012696
Mali,MLI,1997,52177390
Mali,MLI,1998,37671820
Mali,MLI,1999,26798862
Mali,MLI,2000,33553264
Mali,MLI,2001,55453690
Mali,MLI,2002,99757160
Mali,MLI,2003,40211484
Mali,MLI,2004,57458664
Mali,MLI,2005,36039544
Mali,MLI,2006,30356862
Mali,MLI,2007,24546344
Mali,MLI,2008,44634990
Mali,MLI,2009,31550336
Mali,MLI,2010,55165880
Mali,MLI,2011,33854410
Mali,MLI,2012,14145898
Mali,MLI,2013,8733814
Mali,MLI,2014,6660857
Mali,MLI,2015,7100637.5
Mali,MLI,2016,7801175.5
Mali,MLI,2017,7691678
Mali,MLI,2018,7526297
Mali,MLI,2019,7837865.5
Mali,MLI,2020,8807437
Mali,MLI,2021,9428324
Mali,MLI,2022,9301644
Malta,MLT,1950,194888.16
Malta,MLT,1951,201080.34
Malta,MLT,1952,181734.4
Malta,MLT,1953,165905.92
Malta,MLT,1954,237756.97
Malta,MLT,1955,265493.44
Malta,MLT,1956,216432.48
Malta,MLT,1957,226435.2
Malta,MLT,1958,240871.36
Malta,MLT,1959,296637.44
Malta,MLT,1960,254135.03
Malta,MLT,1961,191114.25
Malta,MLT,1962,213318.08
Malta,MLT,1963,280405.9
Malta,MLT,1964,355591.2
Malta,MLT,1965,338113.94
Malta,MLT,1966,286927.84
Malta,MLT,1967,400072.16
Malta,MLT,1968,523732.16
Malta,MLT,1969,544323.8
Malta,MLT,1970,560921.75
Malta,MLT,1971,562460.6
Malta,MLT,1972,746869.75
Malta,MLT,1973,718547.06
Malta,MLT,1974,640137.44
Malta,MLT,1975,568945.94
Malta,MLT,1976,738845.6
Malta,MLT,1977,747382.75
Malta,MLT,1978,874230.4
Malta,MLT,1979,824363.4
Malta,MLT,1980,944725.75
Malta,MLT,1981,1068825.5
Malta,MLT,1982,1240520.5
Malta,MLT,1983,928530.9
Malta,MLT,1984,1297972
Malta,MLT,1985,1136023.2
Malta,MLT,1986,1424599.9
Malta,MLT,1987,1797338.5
Malta,MLT,1988,1957455.2
Malta,MLT,1989,2117499
Malta,MLT,1990,2378189.5
Malta,MLT,1991,2224943.8
Malta,MLT,1992,2249519
Malta,MLT,1993,2844001.5
Malta,MLT,1994,2577150.8
Malta,MLT,1995,2376904
Malta,MLT,1996,2441394.2
Malta,MLT,1997,2448417.5
Malta,MLT,1998,2424505.8
Malta,MLT,1999,2477417.8
Malta,MLT,2000,2456061.8
Malta,MLT,2001,2686398.8
Malta,MLT,2002,2722385
Malta,MLT,2003,2908987.5
Malta,MLT,2004,2780246
Malta,MLT,2005,2586968.8
Malta,MLT,2006,2608273.8
Malta,MLT,2007,2670616.5
Malta,MLT,2008,2631111.8
Malta,MLT,2009,2555802.5
Malta,MLT,2010,2585280
Malta,MLT,2011,2555005
Malta,MLT,2012,2683737.2
Malta,MLT,2013,2345796.8
Malta,MLT,2014,2330634
Malta,MLT,2015,1645324.2
Malta,MLT,2016,1329147.8
Malta,MLT,2017,1506656.6
Malta,MLT,2018,1524421.2
Malta,MLT,2019,1628062.4
Malta,MLT,2020,1577964
Malta,MLT,2021,1588956.6
Malta,MLT,2022,1638785.5
Marshall Islands,MHL,1992,76944
Marshall Islands,MHL,1993,84272
Marshall Islands,MHL,1994,84272
Marshall Islands,MHL,1995,87936
Marshall Islands,MHL,1996,87936
Marshall Islands,MHL,1997,87936
Marshall Islands,MHL,1998,91600
Marshall Islands,MHL,1999,87936
Marshall Islands,MHL,2000,98928
Marshall Islands,MHL,2001,102592
Marshall Islands,MHL,2002,109920
Marshall Islands,MHL,2003,106256
Marshall Islands,MHL,2004,117248
Marshall Islands,MHL,2005,113584
Marshall Islands,MHL,2006,120912
Marshall Islands,MHL,2007,124576
Marshall Islands,MHL,2008,128240.01
Marshall Islands,MHL,2009,131904
Marshall Islands,MHL,2010,135568
Marshall Islands,MHL,2011,139232
Marshall Islands,MHL,2012,135568
Marshall Islands,MHL,2013,139232
Marshall Islands,MHL,2014,142896
Marshall Islands,MHL,2015,142896
Marshall Islands,MHL,2016,142896
Marshall Islands,MHL,2017,146560
Marshall Islands,MHL,2018,146560
Marshall Islands,MHL,2019,146560
Marshall Islands,MHL,2020,146560
Marshall Islands,MHL,2021,152931
Marshall Islands,MHL,2022,151206
Mauritania,MRT,1850,30301.281
Mauritania,MRT,1851,29275.36
Mauritania,MRT,1852,27516.64
Mauritania,MRT,1853,25574.72
Mauritania,MRT,1854,23706.08
Mauritania,MRT,1855,21947.36
Mauritania,MRT,1856,20371.84
Mauritania,MRT,1857,18942.879
Mauritania,MRT,1858,17660.48
Mauritania,MRT,1859,16524.639
Mauritania,MRT,1860,17257.44
Mauritania,MRT,1861,17330.72
Mauritania,MRT,1862,17147.52
Mauritania,MRT,1863,16817.76
Mauritania,MRT,1864,16451.361
Mauritania,MRT,1865,16121.6
Mauritania,MRT,1866,15718.561
Mauritania,MRT,1867,15352.159
Mauritania,MRT,1868,14985.76
Mauritania,MRT,1869,14619.36
Mauritania,MRT,1870,15755.2
Mauritania,MRT,1871,16268.159
Mauritania,MRT,1872,16488
Mauritania,MRT,1873,16597.92
Mauritania,MRT,1874,16561.28
Mauritania,MRT,1875,16524.639
Mauritania,MRT,1876,16414.72
Mauritania,MRT,1877,16268.159
Mauritania,MRT,1878,16121.6
Mauritania,MRT,1879,15938.4
Mauritania,MRT,1880,17550.56
Mauritania,MRT,1881,18393.28
Mauritania,MRT,1882,18869.6
Mauritania,MRT,1883,19162.719
Mauritania,MRT,1884,19309.281
Mauritania,MRT,1885,19382.559
Mauritania,MRT,1886,19419.2
Mauritania,MRT,1887,19382.559
Mauritania,MRT,1888,19309.281
Mauritania,MRT,1889,19199.36
Mauritania,MRT,1890,23449.6
Mauritania,MRT,1891,25721.28
Mauritania,MRT,1892,27150.24
Mauritania,MRT,1893,28066.24
Mauritania,MRT,1894,28689.12
Mauritania,MRT,1895,29128.8
Mauritania,MRT,1896,29421.92
Mauritania,MRT,1897,29641.758
Mauritania,MRT,1898,29751.682
Mauritania,MRT,1899,29824.959
Mauritania,MRT,1900,41439.84
Mauritania,MRT,1901,47705.28
Mauritania,MRT,1902,51589.12
Mauritania,MRT,1903,54263.84
Mauritania,MRT,1904,56132.48
Mauritania,MRT,1905,57524.797
Mauritania,MRT,1906,58587.36
Mauritania,MRT,1907,59393.438
Mauritania,MRT,1908,60016.324
Mauritania,MRT,1909,60492.64
Mauritania,MRT,1910,58440.8
Mauritania,MRT,1911,56975.2
Mauritania,MRT,1912,55876
Mauritania,MRT,1913,54960
Mauritania,MRT,1914,54153.918
Mauritania,MRT,1915,53421.12
Mauritania,MRT,1916,52761.598
Mauritania,MRT,1917,52138.72
Mauritania,MRT,1918,51552.477
Mauritania,MRT,1919,50966.242
Mauritania,MRT,1920,77163.836
Mauritania,MRT,1921,97718.875
Mauritania,MRT,1922,115525.92
Mauritania,MRT,1923,131537.61
Mauritania,MRT,1924,146230.23
Mauritania,MRT,1925,159750.4
Mauritania,MRT,1926,172208
Mauritania,MRT,1927,183603.05
Mauritania,MRT,1928,194082.08
Mauritania,MRT,1929,203645.12
Mauritania,MRT,1930,241274.39
Mauritania,MRT,1931,264614.06
Mauritania,MRT,1932,281505.12
Mauritania,MRT,1933,294695.53
Mauritania,MRT,1934,305577.62
Mauritania,MRT,1935,314774.25
Mauritania,MRT,1936,322761.78
Mauritania,MRT,1937,329796.66
Mauritania,MRT,1938,336062.1
Mauritania,MRT,1939,341668
Mauritania,MRT,1940,473975.06
Mauritania,MRT,1941,545679.5
Mauritania,MRT,1942,591369.6
Mauritania,MRT,1943,623209.75
Mauritania,MRT,1944,646805.94
Mauritania,MRT,1945,665052.6
Mauritania,MRT,1946,682383.4
Mauritania,MRT,1947,694914.25
Mauritania,MRT,1948,701582.7
Mauritania,MRT,1949,711072.44
Mauritania,MRT,1950,674029.44
Mauritania,MRT,1951,688099.2
Mauritania,MRT,1952,703671.2
Mauritania,MRT,1953,717557.75
Mauritania,MRT,1954,733056.44
Mauritania,MRT,1955,746503.4
Mauritania,MRT,1956,759070.9
Mauritania,MRT,1957,767864.5
Mauritania,MRT,1958,778490.06
Mauritania,MRT,1959,816998.75
Mauritania,MRT,1960,809670.7
Mauritania,MRT,1961,591039.9
Mauritania,MRT,1962,553264
Mauritania,MRT,1963,472362.88
Mauritania,MRT,1964,463459.34
Mauritania,MRT,1965,452687.2
Mauritania,MRT,1966,457780.16
Mauritania,MRT,1967,485589.9
Mauritania,MRT,1968,888336.8
Mauritania,MRT,1969,689857.9
Mauritania,MRT,1970,-32389.75
Mauritania,MRT,1971,-2015.1875
Mauritania,MRT,1972,-128093.44
Mauritania,MRT,1973,-566014.75
Mauritania,MRT,1974,-452980.25
Mauritania,MRT,1975,-88448.94
Mauritania,MRT,1976,23925.875
Mauritania,MRT,1977,46679.375
Mauritania,MRT,1978,295648.16
Mauritania,MRT,1979,1007197
Mauritania,MRT,1980,1648800
Mauritania,MRT,1981,2012362.2
Mauritania,MRT,1982,2495953.5
Mauritania,MRT,1983,2317846.5
Mauritania,MRT,1984,2596017.2
Mauritania,MRT,1985,2561282.5
Mauritania,MRT,1986,2409409.5
Mauritania,MRT,1987,5376370.5
Mauritania,MRT,1988,5395203
Mauritania,MRT,1989,5116776
Mauritania,MRT,1990,2714584.2
Mauritania,MRT,1991,2646104
Mauritania,MRT,1992,2731072.5
Mauritania,MRT,1993,3885488.8
Mauritania,MRT,1994,4101225.2
Mauritania,MRT,1995,2768628.5
Mauritania,MRT,1996,2217782.5
Mauritania,MRT,1997,1979732.5
Mauritania,MRT,1998,1917627.8
Mauritania,MRT,1999,2035242
Mauritania,MRT,2000,1052117.6
Mauritania,MRT,2001,245231.56
Mauritania,MRT,2002,417696
Mauritania,MRT,2003,693338.7
Mauritania,MRT,2004,997450.75
Mauritania,MRT,2005,1129122.2
Mauritania,MRT,2006,1419199.9
Mauritania,MRT,2007,2050062.5
Mauritania,MRT,2008,2200433
Mauritania,MRT,2009,5081154.5
Mauritania,MRT,2010,2521292
Mauritania,MRT,2011,2481298.2
Mauritania,MRT,2012,2241287.8
Mauritania,MRT,2013,1861408.8
Mauritania,MRT,2014,2399588
Mauritania,MRT,2015,2774109
Mauritania,MRT,2016,2502527
Mauritania,MRT,2017,3323667.8
Mauritania,MRT,2018,3574849
Mauritania,MRT,2019,3723027
Mauritania,MRT,2020,4114159.2
Mauritania,MRT,2021,4494799
Mauritania,MRT,2022,4612864
Mauritius,MUS,1950,219363.69
Mauritius,MUS,1951,98671.516
Mauritius,MUS,1952,119702.875
Mauritius,MUS,1953,125308.8
Mauritius,MUS,1954,123147.05
Mauritius,MUS,1955,63277.29
Mauritius,MUS,1956,153375.03
Mauritius,MUS,1957,153191.84
Mauritius,MUS,1958,140074.72
Mauritius,MUS,1959,148282.08
Mauritius,MUS,1960,106659.05
Mauritius,MUS,1961,127140.8
Mauritius,MUS,1962,203535.19
Mauritius,MUS,1963,166345.6
Mauritius,MUS,1964,272015.38
Mauritius,MUS,1965,271099.38
Mauritius,MUS,1966,258421.92
Mauritius,MUS,1967,458696.16
Mauritius,MUS,1968,589391.06
Mauritius,MUS,1969,524904.6
Mauritius,MUS,1970,450672
Mauritius,MUS,1971,348483.03
Mauritius,MUS,1972,640064.2
Mauritius,MUS,1973,628632.5
Mauritius,MUS,1974,654317.1
Mauritius,MUS,1975,554656.3
Mauritius,MUS,1976,601445.6
Mauritius,MUS,1977,607124.8
Mauritius,MUS,1978,592871.8
Mauritius,MUS,1979,953043
Mauritius,MUS,1980,684655.06
Mauritius,MUS,1981,530070.9
Mauritius,MUS,1982,478481.78
Mauritius,MUS,1983,578069.25
Mauritius,MUS,1984,610495.7
Mauritius,MUS,1985,688025.94
Mauritius,MUS,1986,780212.2
Mauritius,MUS,1987,903652.3
Mauritius,MUS,1988,818391.06
Mauritius,MUS,1989,1147161.8
Mauritius,MUS,1990,1454131.6
Mauritius,MUS,1991,1493556.4
Mauritius,MUS,1992,1700865.5
Mauritius,MUS,1993,1747325
Mauritius,MUS,1994,1595452.1
Mauritius,MUS,1995,1817490.5
Mauritius,MUS,1996,1952545.6
Mauritius,MUS,1997,1979512.6
Mauritius,MUS,1998,2145638.5
Mauritius,MUS,1999,2436926.5
Mauritius,MUS,2000,3234432.8
Mauritius,MUS,2001,3016351.2
Mauritius,MUS,2002,2922003.2
Mauritius,MUS,2003,3094907.5
Mauritius,MUS,2004,3830858.5
Mauritius,MUS,2005,3471750
Mauritius,MUS,2006,3681953.5
Mauritius,MUS,2007,3669056.2
Mauritius,MUS,2008,3722807.2
Mauritius,MUS,2009,3815469.8
Mauritius,MUS,2010,3901280.8
Mauritius,MUS,2011,3867901.5
Mauritius,MUS,2012,3908388.8
Mauritius,MUS,2013,5544365
Mauritius,MUS,2014,4733961.5
Mauritius,MUS,2015,4547390.5
Mauritius,MUS,2016,4536068.5
Mauritius,MUS,2017,4660718
Mauritius,MUS,2018,4541711
Mauritius,MUS,2019,4435711.5
Mauritius,MUS,2020,3809717.2
Mauritius,MUS,2021,4122047
Mauritius,MUS,2022,4284855
Mexico,MEX,1891,114774510
Mexico,MEX,1892,116673740
Mexico,MEX,1893,126718930
Mexico,MEX,1894,126289760
Mexico,MEX,1895,131896640
Mexico,MEX,1896,131812910
Mexico,MEX,1897,134707330
Mexico,MEX,1898,131523416
Mexico,MEX,1899,137045820
Mexico,MEX,1900,122381660
Mexico,MEX,1901,117710360
Mexico,MEX,1902,112102056
Mexico,MEX,1903,109365560
Mexico,MEX,1904,111790504
Mexico,MEX,1905,109714856
Mexico,MEX,1906,108757960
Mexico,MEX,1907,110050584
Mexico,MEX,1908,110347040
Mexico,MEX,1909,110675144
Mexico,MEX,1910,87131640
Mexico,MEX,1911,76548580
Mexico,MEX,1912,67531580
Mexico,MEX,1913,66046570
Mexico,MEX,1914,60556540
Mexico,MEX,1915,58018636
Mexico,MEX,1916,57114176
Mexico,MEX,1917,63863776
Mexico,MEX,1918,65914956
Mexico,MEX,1919,72508180
Mexico,MEX,1920,127311290
Mexico,MEX,1921,148016450
Mexico,MEX,1922,146079330
Mexico,MEX,1923,135229300
Mexico,MEX,1924,135334940
Mexico,MEX,1925,125432210
Mexico,MEX,1926,113513464
Mexico,MEX,1927,101903710
Mexico,MEX,1928,96575730
Mexico,MEX,1929,95576210
Mexico,MEX,1930,94373576
Mexico,MEX,1931,92094824
Mexico,MEX,1932,93606550
Mexico,MEX,1933,95935140
Mexico,MEX,1934,97012280
Mexico,MEX,1935,102492650
Mexico,MEX,1936,102616230
Mexico,MEX,1937,105938830
Mexico,MEX,1938,105906190
Mexico,MEX,1939,109551820
Mexico,MEX,1940,157294540
Mexico,MEX,1941,177414780
Mexico,MEX,1942,188043330
Mexico,MEX,1943,204823660
Mexico,MEX,1944,210472290
Mexico,MEX,1945,218813710
Mexico,MEX,1946,227532750
Mexico,MEX,1947,238644880
Mexico,MEX,1948,243925150
Mexico,MEX,1949,236063700
Mexico,MEX,1950,221949490
Mexico,MEX,1951,220980700
Mexico,MEX,1952,224068130
Mexico,MEX,1953,221400160
Mexico,MEX,1954,231245150
Mexico,MEX,1955,228182480
Mexico,MEX,1956,227514500
Mexico,MEX,1957,232126190
Mexico,MEX,1958,238471950
Mexico,MEX,1959,244680860
Mexico,MEX,1960,236548850
Mexico,MEX,1961,182636590
Mexico,MEX,1962,156864900
Mexico,MEX,1963,145889120
Mexico,MEX,1964,142160450
Mexico,MEX,1965,135440560
Mexico,MEX,1966,134240620
Mexico,MEX,1967,140458560
Mexico,MEX,1968,138924160
Mexico,MEX,1969,119380240
Mexico,MEX,1970,135436080
Mexico,MEX,1971,153270430
Mexico,MEX,1972,169500540
Mexico,MEX,1973,173310560
Mexico,MEX,1974,185132050
Mexico,MEX,1975,196285920
Mexico,MEX,1976,224633630
Mexico,MEX,1977,237070930
Mexico,MEX,1978,252138000
Mexico,MEX,1979,295372670
Mexico,MEX,1980,331123200
Mexico,MEX,1981,343895500
Mexico,MEX,1982,450345400
Mexico,MEX,1983,359673630
Mexico,MEX,1984,380361440
Mexico,MEX,1985,353284350
Mexico,MEX,1986,491095780
Mexico,MEX,1987,473765280
Mexico,MEX,1988,535806900
Mexico,MEX,1989,596634000
Mexico,MEX,1990,600645600
Mexico,MEX,1991,513802560
Mexico,MEX,1992,470589060
Mexico,MEX,1993,465492860
Mexico,MEX,1994,486883700
Mexico,MEX,1995,457730240
Mexico,MEX,1996,453648500
Mexico,MEX,1997,492078530
Mexico,MEX,1998,522593920
Mexico,MEX,1999,507451680
Mexico,MEX,2000,518630080
Mexico,MEX,2001,514237950
Mexico,MEX,2002,510309820
Mexico,MEX,2003,528814600
Mexico,MEX,2004,518595780
Mexico,MEX,2005,535210940
Mexico,MEX,2006,550284700
Mexico,MEX,2007,516628100
Mexico,MEX,2008,490213760
Mexico,MEX,2009,454493250
Mexico,MEX,2010,460935420
Mexico,MEX,2011,457640480
Mexico,MEX,2012,471127650
Mexico,MEX,2013,460740700
Mexico,MEX,2014,633081340
Mexico,MEX,2015,712459700
Mexico,MEX,2016,804674700
Mexico,MEX,2017,711126400
Mexico,MEX,2018,752269060
Mexico,MEX,2019,773325400
Mexico,MEX,2020,760773400
Mexico,MEX,2021,807686400
Mexico,MEX,2022,862685800
Micronesia (country),FSM,1992,135568
Micronesia (country),FSM,1993,142896
Micronesia (country),FSM,1994,153888
Micronesia (country),FSM,1995,179536
Micronesia (country),FSM,1996,183200
Micronesia (country),FSM,1997,194192
Micronesia (country),FSM,1998,201520
Micronesia (country),FSM,1999,190528
Micronesia (country),FSM,2000,179536
Micronesia (country),FSM,2001,164880
Micronesia (country),FSM,2002,150224
Micronesia (country),FSM,2003,161216
Micronesia (country),FSM,2004,142896
Micronesia (country),FSM,2005,117248
Micronesia (country),FSM,2006,113584
Micronesia (country),FSM,2007,131904
Micronesia (country),FSM,2008,109920
Micronesia (country),FSM,2009,146560
Micronesia (country),FSM,2010,102592
Micronesia (country),FSM,2011,117248
Micronesia (country),FSM,2012,124576
Micronesia (country),FSM,2013,135568
Micronesia (country),FSM,2014,135568
Micronesia (country),FSM,2015,142896
Micronesia (country),FSM,2016,142896
Micronesia (country),FSM,2017,142896
Micronesia (country),FSM,2018,142896
Micronesia (country),FSM,2019,146560
Micronesia (country),FSM,2020,146560
Micronesia (country),FSM,2021,152931
Micronesia (country),FSM,2022,151206
Moldova,MDA,1850,3968220.5
Moldova,MDA,1855,4135591.5
Moldova,MDA,1858,4179895
Moldova,MDA,1859,4210133
Moldova,MDA,1860,4264887.5
Moldova,MDA,1861,4299349.5
Moldova,MDA,1862,4314053
Moldova,MDA,1863,4333703.5
Moldova,MDA,1864,4354252.5
Moldova,MDA,1865,4374428
Moldova,MDA,1866,4420082.5
Moldova,MDA,1867,4425449
Moldova,MDA,1868,4429680.5
Moldova,MDA,1869,4441624.5
Moldova,MDA,1870,4513643
Moldova,MDA,1871,4572030
Moldova,MDA,1872,4620255.5
Moldova,MDA,1873,4635431.5
Moldova,MDA,1874,4663467.5
Moldova,MDA,1875,4682661
Moldova,MDA,1876,4720674.5
Moldova,MDA,1877,4733957
Moldova,MDA,1878,4772292.5
Moldova,MDA,1879,4792173
Moldova,MDA,1880,4886946.5
Moldova,MDA,1881,4930818
Moldova,MDA,1882,4961658
Moldova,MDA,1883,5003365.5
Moldova,MDA,1884,5020011.5
Moldova,MDA,1885,5069169.5
Moldova,MDA,1886,5092995.5
Moldova,MDA,1887,5115014.5
Moldova,MDA,1888,5128343.5
Moldova,MDA,1889,5160077
Moldova,MDA,1890,5272341.5
Moldova,MDA,1891,5347172
Moldova,MDA,1892,5408356
Moldova,MDA,1893,5480988
Moldova,MDA,1894,5507911.5
Moldova,MDA,1895,5583934.5
Moldova,MDA,1896,5615688.5
Moldova,MDA,1897,5692583.5
Moldova,MDA,1898,5774062.5
Moldova,MDA,1899,5880098
Moldova,MDA,1900,6085979.5
Moldova,MDA,1901,6159372
Moldova,MDA,1902,6174231.5
Moldova,MDA,1903,6210473.5
Moldova,MDA,1904,6311706.5
Moldova,MDA,1905,6249925
Moldova,MDA,1906,6373648
Moldova,MDA,1907,6503882.5
Moldova,MDA,1908,6520291.5
Moldova,MDA,1909,6593867
Moldova,MDA,1910,6212220
Moldova,MDA,1911,6103551.5
Moldova,MDA,1912,6150302.5
Moldova,MDA,1913,6174344.5
Moldova,MDA,1914,5981617
Moldova,MDA,1915,5830419
Moldova,MDA,1916,5859000.5
Moldova,MDA,1917,5726011.5
Moldova,MDA,1918,5059992.5
Moldova,MDA,1919,4956209.5
Moldova,MDA,1920,4841031.5
Moldova,MDA,1921,4832799
Moldova,MDA,1922,4860899
Moldova,MDA,1923,4854104
Moldova,MDA,1924,4900596.5
Moldova,MDA,1925,4879162.5
Moldova,MDA,1926,5073712.5
Moldova,MDA,1927,5245956
Moldova,MDA,1928,5330157
Moldova,MDA,1929,5383314
Moldova,MDA,1930,5729454
Moldova,MDA,1931,6009033.5
Moldova,MDA,1932,6219895.5
Moldova,MDA,1933,6456336.5
Moldova,MDA,1934,6952490
Moldova,MDA,1935,7332672.5
Moldova,MDA,1936,7814795
Moldova,MDA,1937,7867693
Moldova,MDA,1938,8076267.5
Moldova,MDA,1939,8125053
Moldova,MDA,1940,9018660
Moldova,MDA,1941,8443641
Moldova,MDA,1942,6450065
Moldova,MDA,1943,6592310.5
Moldova,MDA,1944,7722044.5
Moldova,MDA,1945,7960427.5
Moldova,MDA,1946,8454850
Moldova,MDA,1947,9319660
Moldova,MDA,1948,9656234
Moldova,MDA,1949,10426328
Moldova,MDA,1950,13132973
Moldova,MDA,1951,15425279
Moldova,MDA,1952,17706356
Moldova,MDA,1953,19586848
Moldova,MDA,1954,21757160
Moldova,MDA,1955,24137556
Moldova,MDA,1956,26084022
Moldova,MDA,1957,27899304
Moldova,MDA,1958,29237748
Moldova,MDA,1959,30196816
Moldova,MDA,1960,26341438
Moldova,MDA,1961,24630708
Moldova,MDA,1962,24086364
Moldova,MDA,1963,24340984
Moldova,MDA,1964,24335570
Moldova,MDA,1965,24836246
Moldova,MDA,1966,25379696
Moldova,MDA,1967,26385846
Moldova,MDA,1968,26341952
Moldova,MDA,1969,26846472
Moldova,MDA,1970,28232206
Moldova,MDA,1971,29130616
Moldova,MDA,1972,30835698
Moldova,MDA,1973,31348804
Moldova,MDA,1974,32352362
Moldova,MDA,1975,33743616
Moldova,MDA,1976,34544452
Moldova,MDA,1977,35370840
Moldova,MDA,1978,36510856
Moldova,MDA,1979,36838520
Moldova,MDA,1980,38582450
Moldova,MDA,1981,37653970
Moldova,MDA,1982,37977508
Moldova,MDA,1983,38540150
Moldova,MDA,1984,38857332
Moldova,MDA,1985,41742652
Moldova,MDA,1986,40101010
Moldova,MDA,1987,38401156
Moldova,MDA,1988,39659176
Moldova,MDA,1989,38814180
Moldova,MDA,1990,37786360
Moldova,MDA,1991,29935618
Moldova,MDA,1992,21811216
Moldova,MDA,1993,16356831
Moldova,MDA,1994,13278661
Moldova,MDA,1995,11931630
Moldova,MDA,1996,12059865
Moldova,MDA,1997,7655212
Moldova,MDA,1998,6233304.5
Moldova,MDA,1999,4435276
Moldova,MDA,2000,3170535
Moldova,MDA,2001,3691581.5
Moldova,MDA,2002,3580215.8
Moldova,MDA,2003,3774206.5
Moldova,MDA,2004,3599009
Moldova,MDA,2005,3993665
Moldova,MDA,2006,4041896
Moldova,MDA,2007,3927938.5
Moldova,MDA,2008,3985437
Moldova,MDA,2009,3791543
Moldova,MDA,2010,3858369.5
Moldova,MDA,2011,4088660.5
Moldova,MDA,2012,1170345.2
Moldova,MDA,2013,1886450.8
Moldova,MDA,2014,1891369.8
Moldova,MDA,2015,1970043
Moldova,MDA,2016,2259655.2
Moldova,MDA,2017,1581682.5
Moldova,MDA,2018,1466822.2
Moldova,MDA,2019,1211604
Moldova,MDA,2020,667422.5
Moldova,MDA,2021,746292.5
Moldova,MDA,2022,310704.5
Mongolia,MNG,1950,10838918
Mongolia,MNG,1951,12646956
Mongolia,MNG,1952,14816007
Mongolia,MNG,1953,16849052
Mongolia,MNG,1954,18991612
Mongolia,MNG,1955,22368830
Mongolia,MNG,1956,29957742
Mongolia,MNG,1957,36477244
Mongolia,MNG,1958,44282484
Mongolia,MNG,1959,43966976
Mongolia,MNG,1960,30355360
Mongolia,MNG,1961,34559470
Mongolia,MNG,1962,29450976
Mongolia,MNG,1963,33398860
Mongolia,MNG,1964,30425380
Mongolia,MNG,1965,29029652
Mongolia,MNG,1966,25128958
Mongolia,MNG,1967,22976222
Mongolia,MNG,1968,21698644
Mongolia,MNG,1969,21416480
Mongolia,MNG,1970,23316834
Mongolia,MNG,1971,21518532
Mongolia,MNG,1972,22206762
Mongolia,MNG,1973,22144060
Mongolia,MNG,1974,22769536
Mongolia,MNG,1975,22511496
Mongolia,MNG,1976,29235568
Mongolia,MNG,1977,28077102
Mongolia,MNG,1978,26325446
Mongolia,MNG,1979,26536618
Mongolia,MNG,1980,27734762
Mongolia,MNG,1981,27680908
Mongolia,MNG,1982,29793640
Mongolia,MNG,1983,27942056
Mongolia,MNG,1984,26687806
Mongolia,MNG,1985,26647402
Mongolia,MNG,1986,28241274
Mongolia,MNG,1987,29277444
Mongolia,MNG,1988,29162480
Mongolia,MNG,1989,26781766
Mongolia,MNG,1990,25740742
Mongolia,MNG,1991,28001224
Mongolia,MNG,1992,23170810
Mongolia,MNG,1993,19849218
Mongolia,MNG,1994,17829496
Mongolia,MNG,1995,16770407
Mongolia,MNG,1996,21654456
Mongolia,MNG,1997,25914548
Mongolia,MNG,1998,21735940
Mongolia,MNG,1999,21896748
Mongolia,MNG,2000,7977323.5
Mongolia,MNG,2001,11675926
Mongolia,MNG,2002,4845033.5
Mongolia,MNG,2003,5124489
Mongolia,MNG,2004,5627718
Mongolia,MNG,2005,6886495
Mongolia,MNG,2006,8149366.5
Mongolia,MNG,2007,17534880
Mongolia,MNG,2008,12021519
Mongolia,MNG,2009,14205457
Mongolia,MNG,2010,14828100
Mongolia,MNG,2011,24224724
Mongolia,MNG,2012,35132570
Mongolia,MNG,2013,43467372
Mongolia,MNG,2014,30166158
Mongolia,MNG,2015,23229732
Mongolia,MNG,2016,25361814
Mongolia,MNG,2017,33971860
Mongolia,MNG,2018,48189652
Mongolia,MNG,2019,48911056
Mongolia,MNG,2020,38844644
Mongolia,MNG,2021,40066236
Mongolia,MNG,2022,39760156
Montenegro,MNE,1885,2402381.2
Montenegro,MNE,1890,2484906
Montenegro,MNE,1891,2392503.2
Montenegro,MNE,1892,2436858.2
Montenegro,MNE,1893,2477473
Montenegro,MNE,1894,2461352
Montenegro,MNE,1895,2430354.5
Montenegro,MNE,1896,2444287
Montenegro,MNE,1897,2468596
Montenegro,MNE,1898,2494444.8
Montenegro,MNE,1899,2423471.8
Montenegro,MNE,1900,2492488.8
Montenegro,MNE,1901,2495911
Montenegro,MNE,1902,2491815
Montenegro,MNE,1903,2553109.5
Montenegro,MNE,1904,2607349.2
Montenegro,MNE,1905,2593698.2
Montenegro,MNE,1906,2570161.8
Montenegro,MNE,1907,2589438.5
Montenegro,MNE,1908,2623607.2
Montenegro,MNE,1909,2647064
Montenegro,MNE,1910,2499145.2
Montenegro,MNE,1911,2529195
Montenegro,MNE,1912,2522021
Montenegro,MNE,1913,2486343.2
Montenegro,MNE,1919,2528494.8
Montenegro,MNE,1920,2586714
Montenegro,MNE,1921,2707714.5
Montenegro,MNE,1922,2625518.8
Montenegro,MNE,1923,2596906
Montenegro,MNE,1924,2534762.8
Montenegro,MNE,1925,2574122.2
Montenegro,MNE,1926,2480943.2
Montenegro,MNE,1927,2570136
Montenegro,MNE,1928,2601601
Montenegro,MNE,1929,2507299
Montenegro,MNE,1930,2614879.8
Montenegro,MNE,1931,2640451
Montenegro,MNE,1932,2633163.8
Montenegro,MNE,1933,2605046.5
Montenegro,MNE,1934,2606465.5
Montenegro,MNE,1935,2635669.2
Montenegro,MNE,1936,2579898.2
Montenegro,MNE,1937,2515856.5
Montenegro,MNE,1938,2588929.2
Montenegro,MNE,1939,2559904.5
Montenegro,MNE,1940,2667186.2
Montenegro,MNE,1943,2790671
Montenegro,MNE,1944,2670543.8
Montenegro,MNE,1945,2820016
Montenegro,MNE,1946,2956712.2
Montenegro,MNE,1947,3004195.2
Montenegro,MNE,1948,3043277.2
Montenegro,MNE,1949,3098248.5
Montenegro,MNE,1950,4573262.5
Montenegro,MNE,1951,4947018
Montenegro,MNE,1952,5205912
Montenegro,MNE,1953,5381687.5
Montenegro,MNE,1954,5434593
Montenegro,MNE,1955,5258543.5
Montenegro,MNE,1956,5240359.5
Montenegro,MNE,1957,5303251.5
Montenegro,MNE,1958,5104578.5
Montenegro,MNE,1959,5044407.5
Montenegro,MNE,1960,4077586.5
Montenegro,MNE,1961,3563065.8
Montenegro,MNE,1962,3152087
Montenegro,MNE,1963,3063934.2
Montenegro,MNE,1964,2882767.8
Montenegro,MNE,1965,2690979.8
Montenegro,MNE,1966,2501846
Montenegro,MNE,1967,2247315.5
Montenegro,MNE,1968,2092490.1
Montenegro,MNE,1969,1936558.6
Montenegro,MNE,1970,1964662.8
Montenegro,MNE,1971,1936547
Montenegro,MNE,1972,1598189.6
Montenegro,MNE,1973,1701147.2
Montenegro,MNE,1974,1540410.5
Montenegro,MNE,1975,1503999.9
Montenegro,MNE,1976,1340421.8
Montenegro,MNE,1977,1406916.5
Montenegro,MNE,1978,1322362.2
Montenegro,MNE,1979,1837540.8
Montenegro,MNE,1980,1548280.8
Montenegro,MNE,1981,1578099.2
Montenegro,MNE,1982,1472964
Montenegro,MNE,1983,1620199.5
Montenegro,MNE,1984,1677509.9
Montenegro,MNE,1985,1868426.6
Montenegro,MNE,1986,1855666.4
Montenegro,MNE,1987,1819241.5
Montenegro,MNE,1988,1911390.8
Montenegro,MNE,1989,1922209.9
Montenegro,MNE,1990,1652711.1
Montenegro,MNE,1991,-909882
Montenegro,MNE,1992,-576370.25
Montenegro,MNE,1993,-886166.75
Montenegro,MNE,1994,-283802.5
Montenegro,MNE,1995,-544308.4
Montenegro,MNE,1996,-122150.125
Montenegro,MNE,1997,-109917.75
Montenegro,MNE,1998,-756986.75
Montenegro,MNE,1999,-1206821.8
Montenegro,MNE,2000,-626077.75
Montenegro,MNE,2001,-613242.25
Montenegro,MNE,2002,-330621.62
Montenegro,MNE,2003,468880
Montenegro,MNE,2004,675595.25
Montenegro,MNE,2005,-1149256.5
Montenegro,MNE,2006,-431545.88
Montenegro,MNE,2007,-271575.38
Montenegro,MNE,2008,66978
Montenegro,MNE,2009,-1183068.8
Montenegro,MNE,2010,-250544.25
Montenegro,MNE,2011,-8647
Montenegro,MNE,2012,-979717
Montenegro,MNE,2013,-798239
Montenegro,MNE,2014,-984993
Montenegro,MNE,2015,-941611.5
Montenegro,MNE,2016,-1232716.1
Montenegro,MNE,2017,-843452.75
Montenegro,MNE,2018,-544836.75
Montenegro,MNE,2019,-239405.75
Montenegro,MNE,2020,-186424.5
Montenegro,MNE,2021,-145841
Montenegro,MNE,2022,-13770.25
Morocco,MAR,1928,6504095
Morocco,MAR,1929,6657404.5
Morocco,MAR,1930,6827200.5
Morocco,MAR,1931,7022170
Morocco,MAR,1932,7215943.5
Morocco,MAR,1933,7370360
Morocco,MAR,1934,7507526
Morocco,MAR,1935,7667906
Morocco,MAR,1936,7756767
Morocco,MAR,1937,8019615.5
Morocco,MAR,1938,8214840.5
Morocco,MAR,1939,8162073
Morocco,MAR,1940,8330617.5
Morocco,MAR,1941,8407121
Morocco,MAR,1942,8428446
Morocco,MAR,1943,8529923
Morocco,MAR,1944,8668908
Morocco,MAR,1945,8841045
Morocco,MAR,1946,9067727
Morocco,MAR,1947,9276616
Morocco,MAR,1948,9445675
Morocco,MAR,1949,9646755
Morocco,MAR,1950,18597634
Morocco,MAR,1951,23979436
Morocco,MAR,1952,28342220
Morocco,MAR,1953,32250554
Morocco,MAR,1954,34470770
Morocco,MAR,1955,36882400
Morocco,MAR,1956,38996000
Morocco,MAR,1957,40345188
Morocco,MAR,1958,42312468
Morocco,MAR,1959,43937880
Morocco,MAR,1960,32020390
Morocco,MAR,1961,27415892
Morocco,MAR,1962,27493626
Morocco,MAR,1963,27448468
Morocco,MAR,1964,30188350
Morocco,MAR,1965,31219228
Morocco,MAR,1966,25788004
Morocco,MAR,1967,28492112
Morocco,MAR,1968,23114142
Morocco,MAR,1969,25268112
Morocco,MAR,1970,77976660
Morocco,MAR,1971,33017354
Morocco,MAR,1972,26185238
Morocco,MAR,1973,22102986
Morocco,MAR,1974,25595400
Morocco,MAR,1975,23103706
Morocco,MAR,1976,28944952
Morocco,MAR,1977,36491692
Morocco,MAR,1978,25855940
Morocco,MAR,1979,26761584
Morocco,MAR,1980,33540872
Morocco,MAR,1981,32399100
Morocco,MAR,1982,33879830
Morocco,MAR,1983,35784020
Morocco,MAR,1984,31083980
Morocco,MAR,1985,33709250
Morocco,MAR,1986,39344588
Morocco,MAR,1987,38018710
Morocco,MAR,1988,51291080
Morocco,MAR,1989,56938080
Morocco,MAR,1990,44412616
Morocco,MAR,1991,54652370
Morocco,MAR,1992,49488824
Morocco,MAR,1993,54309120
Morocco,MAR,1994,43203250
Morocco,MAR,1995,51359716
Morocco,MAR,1996,42920470
Morocco,MAR,1997,45539210
Morocco,MAR,1998,36354476
Morocco,MAR,1999,35952572
Morocco,MAR,2000,30179130
Morocco,MAR,2001,34647456
Morocco,MAR,2002,64431060
Morocco,MAR,2003,35909616
Morocco,MAR,2004,36937600
Morocco,MAR,2005,37706976
Morocco,MAR,2006,39963420
Morocco,MAR,2007,43515936
Morocco,MAR,2008,46831436
Morocco,MAR,2009,46164060
Morocco,MAR,2010,54351900
Morocco,MAR,2011,66401690
Morocco,MAR,2012,69523580
Morocco,MAR,2013,53182340
Morocco,MAR,2014,52074224
Morocco,MAR,2015,54958760
Morocco,MAR,2016,66987856
Morocco,MAR,2017,58458012
Morocco,MAR,2018,57218990
Morocco,MAR,2019,62336360
Morocco,MAR,2020,57580424
Morocco,MAR,2021,65462664
Morocco,MAR,2022,61195450
Mozambique,MOZ,1927,46987940
Mozambique,MOZ,1928,45207800
Mozambique,MOZ,1929,47361508
Mozambique,MOZ,1930,57581284
Mozambique,MOZ,1931,67393300
Mozambique,MOZ,1932,69270730
Mozambique,MOZ,1933,73676104
Mozambique,MOZ,1934,76390720
Mozambique,MOZ,1935,74424650
Mozambique,MOZ,1936,74682890
Mozambique,MOZ,1937,75472480
Mozambique,MOZ,1938,73891420
Mozambique,MOZ,1939,72710424
Mozambique,MOZ,1940,55931428
Mozambique,MOZ,1941,43030996
Mozambique,MOZ,1942,34811468
Mozambique,MOZ,1943,30172950
Mozambique,MOZ,1944,25929504
Mozambique,MOZ,1945,24642570
Mozambique,MOZ,1946,22346000
Mozambique,MOZ,1947,19761168
Mozambique,MOZ,1948,17323720
Mozambique,MOZ,1949,16798334
Mozambique,MOZ,1950,210457710
Mozambique,MOZ,1951,149968370
Mozambique,MOZ,1952,120474890
Mozambique,MOZ,1953,101400290
Mozambique,MOZ,1954,94787120
Mozambique,MOZ,1955,90975490
Mozambique,MOZ,1956,90524904
Mozambique,MOZ,1957,92641320
Mozambique,MOZ,1958,92089090
Mozambique,MOZ,1959,94693060
Mozambique,MOZ,1960,98744640
Mozambique,MOZ,1961,74416664
Mozambique,MOZ,1962,58160376
Mozambique,MOZ,1963,49098236
Mozambique,MOZ,1964,44067024
Mozambique,MOZ,1965,38710040
Mozambique,MOZ,1966,35930720
Mozambique,MOZ,1967,40841784
Mozambique,MOZ,1968,48303584
Mozambique,MOZ,1969,51903480
Mozambique,MOZ,1970,45691920
Mozambique,MOZ,1971,38553410
Mozambique,MOZ,1972,36261330
Mozambique,MOZ,1973,33482316
Mozambique,MOZ,1974,29843276
Mozambique,MOZ,1975,26297636
Mozambique,MOZ,1976,24237064
Mozambique,MOZ,1977,24289340
Mozambique,MOZ,1978,23068156
Mozambique,MOZ,1979,20115696
Mozambique,MOZ,1980,25022776
Mozambique,MOZ,1981,29414272
Mozambique,MOZ,1982,23899082
Mozambique,MOZ,1983,26769214
Mozambique,MOZ,1984,25678056
Mozambique,MOZ,1985,23009170
Mozambique,MOZ,1986,26340628
Mozambique,MOZ,1987,26406848
Mozambique,MOZ,1988,22898264
Mozambique,MOZ,1989,20822660
Mozambique,MOZ,1990,20534124
Mozambique,MOZ,1991,19325146
Mozambique,MOZ,1992,18865208
Mozambique,MOZ,1993,20917756
Mozambique,MOZ,1994,34390056
Mozambique,MOZ,1995,37552930
Mozambique,MOZ,1996,48777130
Mozambique,MOZ,1997,53012060
Mozambique,MOZ,1998,47623812
Mozambique,MOZ,1999,50494360
Mozambique,MOZ,2000,53700330
Mozambique,MOZ,2001,75543190
Mozambique,MOZ,2002,60255624
Mozambique,MOZ,2003,58863292
Mozambique,MOZ,2004,72697260
Mozambique,MOZ,2005,53049720
Mozambique,MOZ,2006,65767530
Mozambique,MOZ,2007,67033308
Mozambique,MOZ,2008,62187828
Mozambique,MOZ,2009,58113776
Mozambique,MOZ,2010,42309220
Mozambique,MOZ,2011,32148078
Mozambique,MOZ,2012,27686638
Mozambique,MOZ,2013,26175186
Mozambique,MOZ,2014,26311212
Mozambique,MOZ,2015,33147938
Mozambique,MOZ,2016,39646056
Mozambique,MOZ,2017,39146330
Mozambique,MOZ,2018,37135540
Mozambique,MOZ,2019,35456684
Mozambique,MOZ,2020,32009420
Mozambique,MOZ,2021,31044098
Mozambique,MOZ,2022,32685568
Myanmar,MMR,1928,41433720
Myanmar,MMR,1929,38954880
Myanmar,MMR,1930,36304050
Myanmar,MMR,1931,34491320
Myanmar,MMR,1932,33417806
Myanmar,MMR,1933,32423686
Myanmar,MMR,1934,31774392
Myanmar,MMR,1935,31185402
Myanmar,MMR,1936,31196726
Myanmar,MMR,1937,30837580
Myanmar,MMR,1938,30522880
Myanmar,MMR,1939,30490196
Myanmar,MMR,1940,24114396
Myanmar,MMR,1941,19228854
Myanmar,MMR,1942,12984337
Myanmar,MMR,1943,8812103
Myanmar,MMR,1944,5940003.5
Myanmar,MMR,1945,3066878
Myanmar,MMR,1946,220316.31
Myanmar,MMR,1947,-1969180
Myanmar,MMR,1948,-3601089
Myanmar,MMR,1949,-6149621
Myanmar,MMR,1950,24035216
Myanmar,MMR,1951,40323068
Myanmar,MMR,1952,52791210
Myanmar,MMR,1953,64283864
Myanmar,MMR,1954,74814650
Myanmar,MMR,1955,84399304
Myanmar,MMR,1956,93448370
Myanmar,MMR,1957,102019790
Myanmar,MMR,1958,112812390
Myanmar,MMR,1959,148192460
Myanmar,MMR,1960,103590890
Myanmar,MMR,1961,86288080
Myanmar,MMR,1962,78708230
Myanmar,MMR,1963,86226640
Myanmar,MMR,1964,67953110
Myanmar,MMR,1965,87399416
Myanmar,MMR,1966,73737250
Myanmar,MMR,1967,65530436
Myanmar,MMR,1968,60168908
Myanmar,MMR,1969,61342200
Myanmar,MMR,1970,58035388
Myanmar,MMR,1971,56365480
Myanmar,MMR,1972,35993236
Myanmar,MMR,1973,33745070
Myanmar,MMR,1974,34906612
Myanmar,MMR,1975,35766236
Myanmar,MMR,1976,34604788
Myanmar,MMR,1977,36923520
Myanmar,MMR,1978,38312200
Myanmar,MMR,1979,38894376
Myanmar,MMR,1980,44812510
Myanmar,MMR,1981,45913864
Myanmar,MMR,1982,45947124
Myanmar,MMR,1983,45495380
Myanmar,MMR,1984,44078644
Myanmar,MMR,1985,42378704
Myanmar,MMR,1986,39471290
Myanmar,MMR,1987,34452190
Myanmar,MMR,1988,37258680
Myanmar,MMR,1989,41376228
Myanmar,MMR,1990,47992748
Myanmar,MMR,1991,50279304
Myanmar,MMR,1992,61529820
Myanmar,MMR,1993,57011484
Myanmar,MMR,1994,62881030
Myanmar,MMR,1995,66741536
Myanmar,MMR,1996,63914544
Myanmar,MMR,1997,60491544
Myanmar,MMR,1998,81385090
Myanmar,MMR,1999,108244090
Myanmar,MMR,2000,107978184
Myanmar,MMR,2001,91191060
Myanmar,MMR,2002,92935416
Myanmar,MMR,2003,108004390
Myanmar,MMR,2004,128128560
Myanmar,MMR,2005,162376980
Myanmar,MMR,2006,192443300
Myanmar,MMR,2007,195265540
Myanmar,MMR,2008,177134370
Myanmar,MMR,2009,153161400
Myanmar,MMR,2010,138882130
Myanmar,MMR,2011,125495416
Myanmar,MMR,2012,119523816
Myanmar,MMR,2013,115755736
Myanmar,MMR,2014,125846430
Myanmar,MMR,2015,122202264
Myanmar,MMR,2016,126645624
Myanmar,MMR,2017,122913310
Myanmar,MMR,2018,130611240
Myanmar,MMR,2019,129362740
Myanmar,MMR,2020,129987870
Myanmar,MMR,2021,131253540
Myanmar,MMR,2022,131303064
Namibia,NAM,1990,1794590.5
Namibia,NAM,1991,2844436.5
Namibia,NAM,1992,5075813
Namibia,NAM,1993,7273956
Namibia,NAM,1994,10160675
Namibia,NAM,1995,7236656.5
Namibia,NAM,1996,5878082
Namibia,NAM,1997,5115713
Namibia,NAM,1998,4578168
Namibia,NAM,1999,3951441
Namibia,NAM,2000,3905384.2
Namibia,NAM,2001,4322530.5
Namibia,NAM,2002,4115441.2
Namibia,NAM,2003,3989729.5
Namibia,NAM,2004,4187732.2
Namibia,NAM,2005,4600701.5
Namibia,NAM,2006,4357852
Namibia,NAM,2007,4539366
Namibia,NAM,2008,5961365
Namibia,NAM,2009,6054723.5
Namibia,NAM,2010,6653347.5
Namibia,NAM,2011,6093326
Namibia,NAM,2012,6685191
Namibia,NAM,2013,5595511
Namibia,NAM,2014,6540643.5
Namibia,NAM,2015,6827278
Namibia,NAM,2016,7030284.5
Namibia,NAM,2017,7212462
Namibia,NAM,2018,7305887
Namibia,NAM,2019,7861316
Namibia,NAM,2020,8064533.5
Namibia,NAM,2021,8679622
Namibia,NAM,2022,9428196
Nauru,NRU,1964,29312
Nauru,NRU,1965,32976
Nauru,NRU,1966,32976
Nauru,NRU,1967,47632
Nauru,NRU,1968,47632
Nauru,NRU,1969,65952
Nauru,NRU,1970,65952
Nauru,NRU,1971,87936
Nauru,NRU,1972,76944
Nauru,NRU,1973,84272
Nauru,NRU,1974,98928
Nauru,NRU,1975,102592
Nauru,NRU,1976,102592
Nauru,NRU,1977,113584
Nauru,NRU,1978,113584
Nauru,NRU,1979,113584
Nauru,NRU,1980,124576
Nauru,NRU,1981,124576
Nauru,NRU,1982,124576
Nauru,NRU,1983,124576
Nauru,NRU,1984,124576
Nauru,NRU,1985,124576
Nauru,NRU,1986,161216
Nauru,NRU,1987,157552
Nauru,NRU,1988,157552
Nauru,NRU,1989,157552
Nauru,NRU,1990,124576
Nauru,NRU,1991,124576
Nauru,NRU,1992,120912
Nauru,NRU,1993,113584
Nauru,NRU,1994,109920
Nauru,NRU,1995,106256
Nauru,NRU,1996,102592
Nauru,NRU,1997,102592
Nauru,NRU,1998,98928
Nauru,NRU,1999,91600
Nauru,NRU,2000,84272
Nauru,NRU,2001,80608
Nauru,NRU,2002,76944
Nauru,NRU,2003,65952
Nauru,NRU,2004,65952
Nauru,NRU,2005,62288
Nauru,NRU,2006,43968
Nauru,NRU,2007,43968
Nauru,NRU,2008,43968
Nauru,NRU,2009,40304
Nauru,NRU,2010,43968
Nauru,NRU,2011,40304
Nauru,NRU,2012,43968
Nauru,NRU,2013,47632
Nauru,NRU,2014,51296
Nauru,NRU,2015,54960
Nauru,NRU,2016,51296
Nauru,NRU,2017,54960
Nauru,NRU,2018,54960
Nauru,NRU,2019,54960
Nauru,NRU,2020,51296
Nauru,NRU,2021,53526
Nauru,NRU,2022,52922
Nepal,NPL,1950,19018798
Nepal,NPL,1951,17392092
Nepal,NPL,1952,21433776
Nepal,NPL,1953,18852270
Nepal,NPL,1954,19040050
Nepal,NPL,1955,18796614
Nepal,NPL,1956,19399084
Nepal,NPL,1957,17836462
Nepal,NPL,1958,18658152
Nepal,NPL,1959,16404314
Nepal,NPL,1960,16143402
Nepal,NPL,1961,16714583
Nepal,NPL,1962,17719690
Nepal,NPL,1963,16294760
Nepal,NPL,1964,16450114
Nepal,NPL,1965,16492910
Nepal,NPL,1966,18717618
Nepal,NPL,1967,17708442
Nepal,NPL,1968,17332406
Nepal,NPL,1969,38150704
Nepal,NPL,1970,25241150
Nepal,NPL,1971,39066924
Nepal,NPL,1972,46375468
Nepal,NPL,1973,36517220
Nepal,NPL,1974,32081576
Nepal,NPL,1975,30307040
Nepal,NPL,1976,29045120
Nepal,NPL,1977,28721480
Nepal,NPL,1978,27636076
Nepal,NPL,1979,25718152
Nepal,NPL,1980,22597732
Nepal,NPL,1981,21838414
Nepal,NPL,1982,21076580
Nepal,NPL,1983,21215452
Nepal,NPL,1984,20802018
Nepal,NPL,1985,20942408
Nepal,NPL,1986,20181654
Nepal,NPL,1987,19573644
Nepal,NPL,1988,19319456
Nepal,NPL,1989,18749116
Nepal,NPL,1990,17723056
Nepal,NPL,1991,18198196
Nepal,NPL,1992,17879324
Nepal,NPL,1993,18047060
Nepal,NPL,1994,18801504
Nepal,NPL,1995,16925490
Nepal,NPL,1996,15451726
Nepal,NPL,1997,14395736
Nepal,NPL,1998,20335468
Nepal,NPL,1999,15654179
Nepal,NPL,2000,20984544
Nepal,NPL,2001,20852296
Nepal,NPL,2002,21032716
Nepal,NPL,2003,23956792
Nepal,NPL,2004,22484342
Nepal,NPL,2005,22859942
Nepal,NPL,2006,20614372
Nepal,NPL,2007,20099980
Nepal,NPL,2008,20815182
Nepal,NPL,2009,20341600
Nepal,NPL,2010,22031180
Nepal,NPL,2011,18440324
Nepal,NPL,2012,16608373
Nepal,NPL,2013,13709548
Nepal,NPL,2014,19596576
Nepal,NPL,2015,19439496
Nepal,NPL,2016,24141550
Nepal,NPL,2017,28598700
Nepal,NPL,2018,28258678
Nepal,NPL,2019,28183404
Nepal,NPL,2020,29942328
Nepal,NPL,2021,30688816
Nepal,NPL,2022,30086884
Netherlands,NLD,1850,9850371
Netherlands,NLD,1851,9754118
Netherlands,NLD,1852,10240806
Netherlands,NLD,1853,10987604
Netherlands,NLD,1854,13001630
Netherlands,NLD,1855,11392988
Netherlands,NLD,1856,11687647
Netherlands,NLD,1857,11308862
Netherlands,NLD,1858,10692871
Netherlands,NLD,1859,10162544
Netherlands,NLD,1860,12077130
Netherlands,NLD,1861,11573147
Netherlands,NLD,1862,12648788
Netherlands,NLD,1863,11138120
Netherlands,NLD,1864,10436830
Netherlands,NLD,1865,10712840
Netherlands,NLD,1866,11072058
Netherlands,NLD,1867,11364738
Netherlands,NLD,1868,11416108
Netherlands,NLD,1869,11658555
Netherlands,NLD,1870,13004269
Netherlands,NLD,1871,13215938
Netherlands,NLD,1872,13542730
Netherlands,NLD,1873,13991790
Netherlands,NLD,1874,14053309
Netherlands,NLD,1875,14446272
Netherlands,NLD,1876,15613184
Netherlands,NLD,1877,15969837
Netherlands,NLD,1878,16280104
Netherlands,NLD,1879,16504085
Netherlands,NLD,1880,18348580
Netherlands,NLD,1881,18211032
Netherlands,NLD,1882,18184800
Netherlands,NLD,1883,19245490
Netherlands,NLD,1884,19280812
Netherlands,NLD,1885,19501750
Netherlands,NLD,1886,19775120
Netherlands,NLD,1887,20705592
Netherlands,NLD,1888,21637788
Netherlands,NLD,1889,21557034
Netherlands,NLD,1890,21922776
Netherlands,NLD,1891,23178904
Netherlands,NLD,1892,22191382
Netherlands,NLD,1893,23096536
Netherlands,NLD,1894,23494412
Netherlands,NLD,1895,22936420
Netherlands,NLD,1896,24055222
Netherlands,NLD,1897,24736032
Netherlands,NLD,1898,24309100
Netherlands,NLD,1899,24169980
Netherlands,NLD,1900,26049538
Netherlands,NLD,1901,25230816
Netherlands,NLD,1902,24540812
Netherlands,NLD,1903,24934840
Netherlands,NLD,1904,26320488
Netherlands,NLD,1905,26711732
Netherlands,NLD,1906,27533200
Netherlands,NLD,1907,28112846
Netherlands,NLD,1908,28334006
Netherlands,NLD,1909,28970260
Netherlands,NLD,1910,29362672
Netherlands,NLD,1911,31329472
Netherlands,NLD,1912,33661536
Netherlands,NLD,1913,35905040
Netherlands,NLD,1914,34100520
Netherlands,NLD,1915,32606816
Netherlands,NLD,1916,30208288
Netherlands,NLD,1917,16311212
Netherlands,NLD,1918,22550088
Netherlands,NLD,1919,29704304
Netherlands,NLD,1920,29753072
Netherlands,NLD,1921,31374978
Netherlands,NLD,1922,35710370
Netherlands,NLD,1923,34683972
Netherlands,NLD,1924,37472204
Netherlands,NLD,1925,40388564
Netherlands,NLD,1926,41229970
Netherlands,NLD,1927,44687684
Netherlands,NLD,1928,44907524
Netherlands,NLD,1929,48299450
Netherlands,NLD,1930,46961736
Netherlands,NLD,1931,50636228
Netherlands,NLD,1932,47154932
Netherlands,NLD,1933,44269300
Netherlands,NLD,1934,44149120
Netherlands,NLD,1935,42241496
Netherlands,NLD,1936,44759510
Netherlands,NLD,1937,48564864
Netherlands,NLD,1938,48156270
Netherlands,NLD,1939,45141830
Netherlands,NLD,1940,38126156
Netherlands,NLD,1941,42093788
Netherlands,NLD,1942,39518820
Netherlands,NLD,1943,40303092
Netherlands,NLD,1944,28721380
Netherlands,NLD,1945,19986676
Netherlands,NLD,1946,36486970
Netherlands,NLD,1947,50101296
Netherlands,NLD,1948,52884860
Netherlands,NLD,1949,56492476
Netherlands,NLD,1950,56436610
Netherlands,NLD,1951,59733610
Netherlands,NLD,1952,59435396
Netherlands,NLD,1953,59951724
Netherlands,NLD,1954,62524916
Netherlands,NLD,1955,65073424
Netherlands,NLD,1956,68584300
Netherlands,NLD,1957,67826210
Netherlands,NLD,1958,69837896
Netherlands,NLD,1959,70018710
Netherlands,NLD,1960,76322630
Netherlands,NLD,1961,77776710
Netherlands,NLD,1962,85155930
Netherlands,NLD,1963,92680056
Netherlands,NLD,1964,98262536
Netherlands,NLD,1965,101243580
Netherlands,NLD,1966,104249750
Netherlands,NLD,1967,107593220
Netherlands,NLD,1968,113852470
Netherlands,NLD,1969,115994680
Netherlands,NLD,1970,141512340
Netherlands,NLD,1971,140625250
Netherlands,NLD,1972,157752100
Netherlands,NLD,1973,165128080
Netherlands,NLD,1974,159777710
Netherlands,NLD,1975,152966940
Netherlands,NLD,1976,169535580
Netherlands,NLD,1977,163708060
Netherlands,NLD,1978,169803120
Netherlands,NLD,1979,186826750
Netherlands,NLD,1980,176546700
Netherlands,NLD,1981,164054930
Netherlands,NLD,1982,134439420
Netherlands,NLD,1983,138611730
Netherlands,NLD,1984,145612400
Netherlands,NLD,1985,148771410
Netherlands,NLD,1986,146325230
Netherlands,NLD,1987,153675360
Netherlands,NLD,1988,147935280
Netherlands,NLD,1989,164626670
Netherlands,NLD,1990,165403440
Netherlands,NLD,1991,174265000
Netherlands,NLD,1992,174244620
Netherlands,NLD,1993,174073970
Netherlands,NLD,1994,174590000
Netherlands,NLD,1995,177831950
Netherlands,NLD,1996,186581520
Netherlands,NLD,1997,179794380
Netherlands,NLD,1998,179922430
Netherlands,NLD,1999,174648180
Netherlands,NLD,2000,175184540
Netherlands,NLD,2001,181590930
Netherlands,NLD,2002,179659980
Netherlands,NLD,2003,190664450
Netherlands,NLD,2004,190799200
Netherlands,NLD,2005,188145330
Netherlands,NLD,2006,181806000
Netherlands,NLD,2007,181324320
Netherlands,NLD,2008,183402110
Netherlands,NLD,2009,177764590
Netherlands,NLD,2010,188451280
Netherlands,NLD,2011,174329400
Netherlands,NLD,2012,172120300
Netherlands,NLD,2013,170764020
Netherlands,NLD,2014,163219400
Netherlands,NLD,2015,169245330
Netherlands,NLD,2016,170111220
Netherlands,NLD,2017,167322660
Netherlands,NLD,2018,163010340
Netherlands,NLD,2019,157202460
Netherlands,NLD,2020,136767020
Netherlands,NLD,2021,140169900
Netherlands,NLD,2022,125692680
New Zealand,NZL,1878,11367340
New Zealand,NZL,1879,11361624
New Zealand,NZL,1880,15714970
New Zealand,NZL,1881,17149536
New Zealand,NZL,1882,18055936
New Zealand,NZL,1883,18740628
New Zealand,NZL,1884,19425136
New Zealand,NZL,1885,20455818
New Zealand,NZL,1886,20738350
New Zealand,NZL,1887,21005566
New Zealand,NZL,1888,20929024
New Zealand,NZL,1889,21328914
New Zealand,NZL,1890,23537756
New Zealand,NZL,1891,23972966
New Zealand,NZL,1892,24623472
New Zealand,NZL,1893,25185676
New Zealand,NZL,1894,25573328
New Zealand,NZL,1895,26078374
New Zealand,NZL,1896,27083850
New Zealand,NZL,1897,27271042
New Zealand,NZL,1898,27448782
New Zealand,NZL,1899,28359140
New Zealand,NZL,1900,27885348
New Zealand,NZL,1901,28170372
New Zealand,NZL,1902,28446088
New Zealand,NZL,1903,28261200
New Zealand,NZL,1904,28652480
New Zealand,NZL,1905,28897380
New Zealand,NZL,1906,29470506
New Zealand,NZL,1907,29352928
New Zealand,NZL,1908,29833606
New Zealand,NZL,1909,30083932
New Zealand,NZL,1910,33228376
New Zealand,NZL,1911,33949490
New Zealand,NZL,1912,34789460
New Zealand,NZL,1913,34534550
New Zealand,NZL,1914,36107292
New Zealand,NZL,1915,36124144
New Zealand,NZL,1916,36338200
New Zealand,NZL,1917,36578224
New Zealand,NZL,1918,37037730
New Zealand,NZL,1919,36692796
New Zealand,NZL,1920,36895710
New Zealand,NZL,1921,37233310
New Zealand,NZL,1922,37804636
New Zealand,NZL,1923,38378164
New Zealand,NZL,1924,38038220
New Zealand,NZL,1925,37955010
New Zealand,NZL,1926,38696496
New Zealand,NZL,1927,39145588
New Zealand,NZL,1928,39309230
New Zealand,NZL,1929,40390256
New Zealand,NZL,1930,40607708
New Zealand,NZL,1931,40110468
New Zealand,NZL,1932,39395720
New Zealand,NZL,1933,39860164
New Zealand,NZL,1934,40427510
New Zealand,NZL,1935,41011640
New Zealand,NZL,1936,41229964
New Zealand,NZL,1937,41707956
New Zealand,NZL,1938,41755404
New Zealand,NZL,1939,41633776
New Zealand,NZL,1940,42682290
New Zealand,NZL,1941,43628960
New Zealand,NZL,1942,43721400
New Zealand,NZL,1943,44197400
New Zealand,NZL,1944,44673716
New Zealand,NZL,1945,44930310
New Zealand,NZL,1946,45434440
New Zealand,NZL,1947,45846190
New Zealand,NZL,1948,45429184
New Zealand,NZL,1949,45787308
New Zealand,NZL,1950,57262990
New Zealand,NZL,1951,62421930
New Zealand,NZL,1952,66822190
New Zealand,NZL,1953,68314880
New Zealand,NZL,1954,70663110
New Zealand,NZL,1955,72483420
New Zealand,NZL,1956,74153224
New Zealand,NZL,1957,75609050
New Zealand,NZL,1958,76068904
New Zealand,NZL,1959,78652024
New Zealand,NZL,1960,55872404
New Zealand,NZL,1961,56777304
New Zealand,NZL,1962,50495464
New Zealand,NZL,1963,47529316
New Zealand,NZL,1964,43927960
New Zealand,NZL,1965,42119350
New Zealand,NZL,1966,41560220
New Zealand,NZL,1967,37466930
New Zealand,NZL,1968,36043050
New Zealand,NZL,1969,35167276
New Zealand,NZL,1970,34518960
New Zealand,NZL,1971,60666644
New Zealand,NZL,1972,38148640
New Zealand,NZL,1973,37475576
New Zealand,NZL,1974,63089316
New Zealand,NZL,1975,65491900
New Zealand,NZL,1976,42026096
New Zealand,NZL,1977,54678070
New Zealand,NZL,1978,37467920
New Zealand,NZL,1979,42546096
New Zealand,NZL,1980,80926780
New Zealand,NZL,1981,38937890
New Zealand,NZL,1982,37723370
New Zealand,NZL,1983,33872884
New Zealand,NZL,1984,32165964
New Zealand,NZL,1985,40959156
New Zealand,NZL,1986,38189504
New Zealand,NZL,1987,34427244
New Zealand,NZL,1988,35647056
New Zealand,NZL,1989,40169004
New Zealand,NZL,1990,27838638
New Zealand,NZL,1991,21657028
New Zealand,NZL,1992,21422318
New Zealand,NZL,1993,17457348
New Zealand,NZL,1994,18686732
New Zealand,NZL,1995,20128564
New Zealand,NZL,1996,23710954
New Zealand,NZL,1997,28628172
New Zealand,NZL,1998,31906494
New Zealand,NZL,1999,47972070
New Zealand,NZL,2000,43363364
New Zealand,NZL,2001,7019598
New Zealand,NZL,2002,9597390
New Zealand,NZL,2003,16538820
New Zealand,NZL,2004,15601350
New Zealand,NZL,2005,16862102
New Zealand,NZL,2006,24342912
New Zealand,NZL,2007,21904252
New Zealand,NZL,2008,29685528
New Zealand,NZL,2009,24408972
New Zealand,NZL,2010,26680152
New Zealand,NZL,2011,28498340
New Zealand,NZL,2012,31429024
New Zealand,NZL,2013,34595548
New Zealand,NZL,2014,35124628
New Zealand,NZL,2015,34934280
New Zealand,NZL,2016,33555700
New Zealand,NZL,2017,37293916
New Zealand,NZL,2018,37640470
New Zealand,NZL,2019,39560984
New Zealand,NZL,2020,36992430
New Zealand,NZL,2021,36893284
New Zealand,NZL,2022,34777052
Nicaragua,NIC,1943,51940548
Nicaragua,NIC,1944,52191630
Nicaragua,NIC,1945,51768708
Nicaragua,NIC,1946,55703800
Nicaragua,NIC,1947,48731028
Nicaragua,NIC,1948,53169124
Nicaragua,NIC,1949,53353900
Nicaragua,NIC,1950,55567870
Nicaragua,NIC,1951,57250864
Nicaragua,NIC,1952,62567876
Nicaragua,NIC,1953,67018504
Nicaragua,NIC,1954,66635652
Nicaragua,NIC,1955,70402170
Nicaragua,NIC,1956,71450610
Nicaragua,NIC,1957,76508180
Nicaragua,NIC,1958,75195096
Nicaragua,NIC,1959,67081540
Nicaragua,NIC,1960,55908670
Nicaragua,NIC,1961,37252804
Nicaragua,NIC,1962,34900520
Nicaragua,NIC,1963,34033110
Nicaragua,NIC,1964,28125396
Nicaragua,NIC,1965,28553944
Nicaragua,NIC,1966,22412728
Nicaragua,NIC,1967,19519354
Nicaragua,NIC,1968,17746204
Nicaragua,NIC,1969,17374352
Nicaragua,NIC,1970,16061445
Nicaragua,NIC,1971,14357386
Nicaragua,NIC,1972,17343068
Nicaragua,NIC,1973,16481145
Nicaragua,NIC,1974,15840903
Nicaragua,NIC,1975,14876482
Nicaragua,NIC,1976,22602736
Nicaragua,NIC,1977,19052062
Nicaragua,NIC,1978,17497952
Nicaragua,NIC,1979,17289136
Nicaragua,NIC,1980,34645940
Nicaragua,NIC,1981,33840948
Nicaragua,NIC,1982,22382588
Nicaragua,NIC,1983,29336796
Nicaragua,NIC,1984,36195856
Nicaragua,NIC,1985,23759402
Nicaragua,NIC,1986,22462906
Nicaragua,NIC,1987,26618990
Nicaragua,NIC,1988,38295290
Nicaragua,NIC,1989,29645320
Nicaragua,NIC,1990,23898204
Nicaragua,NIC,1991,25796352
Nicaragua,NIC,1992,31951944
Nicaragua,NIC,1993,38228104
Nicaragua,NIC,1994,79130440
Nicaragua,NIC,1995,82693016
Nicaragua,NIC,1996,90533580
Nicaragua,NIC,1997,84424560
Nicaragua,NIC,1998,86052900
Nicaragua,NIC,1999,93181940
Nicaragua,NIC,2000,86380980
Nicaragua,NIC,2001,88195100
Nicaragua,NIC,2002,79558220
Nicaragua,NIC,2003,65258588
Nicaragua,NIC,2004,56290596
Nicaragua,NIC,2005,36517670
Nicaragua,NIC,2006,34264064
Nicaragua,NIC,2007,24136484
Nicaragua,NIC,2008,16243089
Nicaragua,NIC,2009,13653785
Nicaragua,NIC,2010,15283204
Nicaragua,NIC,2011,15004500
Nicaragua,NIC,2012,11837573
Nicaragua,NIC,2013,10292082
Nicaragua,NIC,2014,9445741
Nicaragua,NIC,2015,15889182
Nicaragua,NIC,2016,15713015
Nicaragua,NIC,2017,17165000
Nicaragua,NIC,2018,12230870
Nicaragua,NIC,2019,11006102
Nicaragua,NIC,2020,9948686
Nicaragua,NIC,2021,10286649
Nicaragua,NIC,2022,10375768
Niger,NER,1950,40887612
Niger,NER,1951,35017012
Niger,NER,1952,33636624
Niger,NER,1953,32957004
Niger,NER,1954,32496592
Niger,NER,1955,32160854
Niger,NER,1956,32592164
Niger,NER,1957,33224448
Niger,NER,1958,34258216
Niger,NER,1959,35265780
Niger,NER,1960,36760216
Niger,NER,1961,23319968
Niger,NER,1962,16964466
Niger,NER,1963,12632886
Niger,NER,1964,10405137
Niger,NER,1965,7408095
Niger,NER,1966,6562421.5
Niger,NER,1967,33824310
Niger,NER,1968,22354928
Niger,NER,1969,-7411262
Niger,NER,1970,-8313186
Niger,NER,1971,-9634729
Niger,NER,1972,-14300186
Niger,NER,1973,-35517650
Niger,NER,1974,-30241792
Niger,NER,1975,-24037744
Niger,NER,1976,-19986428
Niger,NER,1977,-16251698
Niger,NER,1978,-5618227.5
Niger,NER,1979,5670953
Niger,NER,1980,-9655956
Niger,NER,1981,-5849638.5
Niger,NER,1982,199307.12
Niger,NER,1983,-5714732
Niger,NER,1984,-4774280.5
Niger,NER,1985,-2400827
Niger,NER,1986,-8567311
Niger,NER,1987,-7363703
Niger,NER,1988,-1179415.5
Niger,NER,1989,62075064
Niger,NER,1990,80063380
Niger,NER,1991,84536930
Niger,NER,1992,50145428
Niger,NER,1993,37104396
Niger,NER,1994,66122310
Niger,NER,1995,40051804
Niger,NER,1996,27115210
Niger,NER,1997,19757680
Niger,NER,1998,15122403
Niger,NER,1999,12002549
Niger,NER,2000,9286671
Niger,NER,2001,8172084
Niger,NER,2002,10907404
Niger,NER,2003,9991530
Niger,NER,2004,7727657
Niger,NER,2005,9916552
Niger,NER,2006,36374770
Niger,NER,2007,21058706
Niger,NER,2008,13363623
Niger,NER,2009,17417246
Niger,NER,2010,32208756
Niger,NER,2011,41249600
Niger,NER,2012,55447890
Niger,NER,2013,32403496
Niger,NER,2014,30060964
Niger,NER,2015,42615620
Niger,NER,2016,35372536
Niger,NER,2017,30039116
Niger,NER,2018,28936356
Niger,NER,2019,29505868
Niger,NER,2020,29783304
Niger,NER,2021,29960730
Niger,NER,2022,29933560
Nigeria,NGA,1915,28062026
Nigeria,NGA,1916,28173706
Nigeria,NGA,1917,28701284
Nigeria,NGA,1918,28333638
Nigeria,NGA,1919,28765038
Nigeria,NGA,1920,32989814
Nigeria,NGA,1921,36077172
Nigeria,NGA,1922,37536176
Nigeria,NGA,1923,39421492
Nigeria,NGA,1924,40165464
Nigeria,NGA,1925,41518870
Nigeria,NGA,1926,43195484
Nigeria,NGA,1927,45115820
Nigeria,NGA,1928,46209892
Nigeria,NGA,1929,48465084
Nigeria,NGA,1930,57071964
Nigeria,NGA,1931,63555708
Nigeria,NGA,1932,67510780
Nigeria,NGA,1933,70054140
Nigeria,NGA,1934,72922904
Nigeria,NGA,1935,74992150
Nigeria,NGA,1936,77307140
Nigeria,NGA,1937,78376810
Nigeria,NGA,1938,78826490
Nigeria,NGA,1939,80450920
Nigeria,NGA,1940,118851064
Nigeria,NGA,1941,140708450
Nigeria,NGA,1942,153268640
Nigeria,NGA,1943,167848380
Nigeria,NGA,1944,169595060
Nigeria,NGA,1945,176647040
Nigeria,NGA,1946,182885630
Nigeria,NGA,1947,181520020
Nigeria,NGA,1948,185264260
Nigeria,NGA,1949,187474350
Nigeria,NGA,1950,207716240
Nigeria,NGA,1951,189261730
Nigeria,NGA,1952,176699730
Nigeria,NGA,1953,180850160
Nigeria,NGA,1954,186124270
Nigeria,NGA,1955,193837140
Nigeria,NGA,1956,199772100
Nigeria,NGA,1957,207725980
Nigeria,NGA,1958,214095460
Nigeria,NGA,1959,222515700
Nigeria,NGA,1960,227383790
Nigeria,NGA,1961,166606670
Nigeria,NGA,1962,304837380
Nigeria,NGA,1963,319541980
Nigeria,NGA,1964,390808770
Nigeria,NGA,1965,181188510
Nigeria,NGA,1966,229393820
Nigeria,NGA,1967,150998460
Nigeria,NGA,1968,513330720
Nigeria,NGA,1969,276206460
Nigeria,NGA,1970,127662410
Nigeria,NGA,1971,-13899970
Nigeria,NGA,1972,269594080
Nigeria,NGA,1973,55931304
Nigeria,NGA,1974,1200104
Nigeria,NGA,1975,-21512736
Nigeria,NGA,1976,-171524620
Nigeria,NGA,1977,-187846700
Nigeria,NGA,1978,-180292880
Nigeria,NGA,1979,1493280
Nigeria,NGA,1980,-117663890
Nigeria,NGA,1981,-47951236
Nigeria,NGA,1982,-48493630
Nigeria,NGA,1983,186750370
Nigeria,NGA,1984,233353440
Nigeria,NGA,1985,453713860
Nigeria,NGA,1986,279878340
Nigeria,NGA,1987,198378260
Nigeria,NGA,1988,171856770
Nigeria,NGA,1989,125979890
Nigeria,NGA,1990,233621150
Nigeria,NGA,1991,206285000
Nigeria,NGA,1992,212989400
Nigeria,NGA,1993,261466480
Nigeria,NGA,1994,364789120
Nigeria,NGA,1995,302760700
Nigeria,NGA,1996,287218400
Nigeria,NGA,1997,312294340
Nigeria,NGA,1998,308231580
Nigeria,NGA,1999,235933000
Nigeria,NGA,2000,164472100
Nigeria,NGA,2001,235688860
Nigeria,NGA,2002,236931070
Nigeria,NGA,2003,221184800
Nigeria,NGA,2004,233102200
Nigeria,NGA,2005,226327780
Nigeria,NGA,2006,178881660
Nigeria,NGA,2007,76559590
Nigeria,NGA,2008,-2196384
Nigeria,NGA,2009,87648030
Nigeria,NGA,2010,174065540
Nigeria,NGA,2011,186704140
Nigeria,NGA,2012,120362530
Nigeria,NGA,2013,121778584
Nigeria,NGA,2014,124355144
Nigeria,NGA,2015,111109100
Nigeria,NGA,2016,115400660
Nigeria,NGA,2017,123529030
Nigeria,NGA,2018,119979220
Nigeria,NGA,2019,140383600
Nigeria,NGA,2020,134367570
Nigeria,NGA,2021,139334800
Nigeria,NGA,2022,134497950
Niue,NIU,1970,3664
Niue,NIU,1971,3664
Niue,NIU,1972,3664
Niue,NIU,1973,3664
Niue,NIU,1974,3664
Niue,NIU,1975,3664
Niue,NIU,1976,3664
Niue,NIU,1977,3664
Niue,NIU,1978,3664
Niue,NIU,1979,3664
Niue,NIU,1980,3664
Niue,NIU,1981,3664
Niue,NIU,1982,3664
Niue,NIU,1983,3664
Niue,NIU,1984,3664
Niue,NIU,1985,3664
Niue,NIU,1986,3664
Niue,NIU,1987,3664
Niue,NIU,1988,3664
Niue,NIU,1989,3664
Niue,NIU,1990,7328
Niue,NIU,1991,7328
Niue,NIU,1992,7328
Niue,NIU,1993,7328
Niue,NIU,1994,7328
Niue,NIU,1995,7328
Niue,NIU,1996,7328
Niue,NIU,1997,7328
Niue,NIU,1998,7328
Niue,NIU,1999,7328
Niue,NIU,2000,7328
Niue,NIU,2001,7328
Niue,NIU,2002,7328
Niue,NIU,2003,3664
Niue,NIU,2004,3664
Niue,NIU,2005,3664
Niue,NIU,2006,3664
Niue,NIU,2007,3664
Niue,NIU,2008,7328
Niue,NIU,2009,3664
Niue,NIU,2010,3664
Niue,NIU,2011,7328
Niue,NIU,2012,7328
Niue,NIU,2013,7328
Niue,NIU,2014,10992
Niue,NIU,2015,7328
Niue,NIU,2016,7328
Niue,NIU,2017,7328
Niue,NIU,2018,10992
Niue,NIU,2019,7328
Niue,NIU,2020,7328
Niue,NIU,2021,7647
Niue,NIU,2022,7560
North America,,1850,898804000
North America,,1851,964656600
North America,,1852,1007274700
North America,,1853,1060506500
North America,,1854,1091797000
North America,,1855,1114256300
North America,,1856,1135485200
North America,,1857,1172708400
North America,,1858,1201807900
North America,,1859,1240938900
North America,,1860,1132467100
North America,,1861,1049324200
North America,,1862,1040670340
North America,,1863,1032473900
North America,,1864,1017280700
North America,,1865,982666300
North America,,1866,981644860
North America,,1867,998401540
North America,,1868,993098300
North America,,1869,980474000
North America,,1870,1333103700
North America,,1871,1473658500
North America,,1872,1573715000
North America,,1873,1674762200
North America,,1874,1735862000
North America,,1875,1778615700
North America,,1876,1821941800
North America,,1877,1894162700
North America,,1878,1942156800
North America,,1879,2026688400
North America,,1880,1884418800
North America,,1881,1804205200
North America,,1882,1831689300
North America,,1883,1856606500
North America,,1884,1855875000
North America,,1885,1840576400
North America,,1886,1860409900
North America,,1887,1896946300
North America,,1888,1954904800
North America,,1889,1894068700
North America,,1890,2039504300
North America,,1891,2193626400
North America,,1892,2212463400
North America,,1893,2259829200
North America,,1894,2241383700
North America,,1895,2296641800
North America,,1896,2316040200
North America,,1897,2346792700
North America,,1898,2411999200
North America,,1899,2519059700
North America,,1900,2521926700
North America,,1901,2560804400
North America,,1902,2616155600
North America,,1903,2734735000
North America,,1904,2759968300
North America,,1905,2861549800
North America,,1906,2908236000
North America,,1907,3099891200
North America,,1908,2957275600
North America,,1909,3095282700
North America,,1910,3117038800
North America,,1911,3083216000
North America,,1912,3106417400
North America,,1913,3218050800
North America,,1914,3089151000
North America,,1915,3110834400
North America,,1916,3260136400
North America,,1917,3424492800
North America,,1918,3524220200
North America,,1919,3228267500
North America,,1920,3530725600
North America,,1921,3230579500
North America,,1922,3199415600
North America,,1923,3646491100
North America,,1924,3397638400
North America,,1925,3443460000
North America,,1926,3546572000
North America,,1927,3467414300
North America,,1928,3401585200
North America,,1929,3509132000
North America,,1930,3181143000
North America,,1931,2858755300
North America,,1932,2560398600
North America,,1933,2610415600
North America,,1934,2686633700
North America,,1935,2699179800
North America,,1936,2903049700
North America,,1937,2938265600
North America,,1938,2632073200
North America,,1939,2774100700
North America,,1940,3090360300
North America,,1941,3388351000
North America,,1942,3580430800
North America,,1943,3731934000
North America,,1944,3931948500
North America,,1945,3838073000
North America,,1946,3765265200
North America,,1947,4018912300
North America,,1948,4160597000
North America,,1949,3682924500
North America,,1950,4128183800
North America,,1951,4149677600
North America,,1952,4130478000
North America,,1953,4102821400
North America,,1954,3979645400
North America,,1955,4207146500
North America,,1956,4350896000
North America,,1957,4317399000
North America,,1958,4233485000
North America,,1959,4308763000
North America,,1960,4166869000
North America,,1961,3969265200
North America,,1962,4205725400
North America,,1963,4325019000
North America,,1964,4327507000
North America,,1965,4381996500
North America,,1966,4510486500
North America,,1967,5135771600
North America,,1968,5572974600
North America,,1969,5431780000
North America,,1970,5633151000
North America,,1971,5732020000
North America,,1972,5974035500
North America,,1973,6040438300
North America,,1974,5932002000
North America,,1975,5829146000
North America,,1976,6146406400
North America,,1977,6419294000
North America,,1978,6389168000
North America,,1979,6512210000
North America,,1980,6391532500
North America,,1981,6273206000
North America,,1982,6056169000
North America,,1983,6054405000
North America,,1984,6267965000
North America,,1985,6240579000
North America,,1986,6314913000
North America,,1987,6567397000
North America,,1988,6842032600
North America,,1989,6948953600
North America,,1990,6923236000
North America,,1991,6717663000
North America,,1992,6806771000
North America,,1993,6854174700
North America,,1994,7091833300
North America,,1995,6984862700
North America,,1996,7202191400
North America,,1997,7360405500
North America,,1998,7464141000
North America,,1999,7571241000
North America,,2000,7794108400
North America,,2001,7597459500
North America,,2002,7630285000
North America,,2003,7684704000
North America,,2004,7664635000
North America,,2005,7754462700
North America,,2006,7595570000
North America,,2007,7584220700
North America,,2008,7347928000
North America,,2009,6774670300
North America,,2010,7010117000
North America,,2011,6793249000
North America,,2012,6722211000
North America,,2013,6810052600
North America,,2014,7111944000
North America,,2015,7061792000
North America,,2016,7037155300
North America,,2017,7017482000
North America,,2018,7173299000
North America,,2019,7081559000
North America,,2020,6437505000
North America,,2021,6837998600
North America,,2022,6940719600
North America (excl. USA),,1850,72374150
North America (excl. USA),,1851,72640744
North America (excl. USA),,1852,83655160
North America (excl. USA),,1853,88746330
North America (excl. USA),,1854,87389144
North America (excl. USA),,1855,90991480
North America (excl. USA),,1856,92752440
North America (excl. USA),,1857,102483910
North America (excl. USA),,1858,102957416
North America (excl. USA),,1859,108595496
North America (excl. USA),,1860,117350890
North America (excl. USA),,1861,121407920
North America (excl. USA),,1862,121225350
North America (excl. USA),,1863,115197704
North America (excl. USA),,1864,123437560
North America (excl. USA),,1865,120964940
North America (excl. USA),,1866,136074560
North America (excl. USA),,1867,140370480
North America (excl. USA),,1868,140616110
North America (excl. USA),,1869,141880930
North America (excl. USA),,1870,134947680
North America (excl. USA),,1871,132729680
North America (excl. USA),,1872,129957100
North America (excl. USA),,1873,133624536
North America (excl. USA),,1874,132966264
North America (excl. USA),,1875,127543730
North America (excl. USA),,1876,130737896
North America (excl. USA),,1877,132810430
North America (excl. USA),,1878,134171790
North America (excl. USA),,1879,133587240
North America (excl. USA),,1880,138594400
North America (excl. USA),,1881,135502740
North America (excl. USA),,1882,141904670
North America (excl. USA),,1883,140723140
North America (excl. USA),,1884,148215650
North America (excl. USA),,1885,148391570
North America (excl. USA),,1886,156273860
North America (excl. USA),,1887,159125580
North America (excl. USA),,1888,164500260
North America (excl. USA),,1889,163848110
North America (excl. USA),,1890,153178880
North America (excl. USA),,1891,260420460
North America (excl. USA),,1892,260559950
North America (excl. USA),,1893,271098370
North America (excl. USA),,1894,277359170
North America (excl. USA),,1895,281582700
North America (excl. USA),,1896,285338880
North America (excl. USA),,1897,280125470
North America (excl. USA),,1898,278187780
North America (excl. USA),,1899,282587330
North America (excl. USA),,1900,331153470
North America (excl. USA),,1901,351907400
North America (excl. USA),,1902,366097020
North America (excl. USA),,1903,379873950
North America (excl. USA),,1904,402400860
North America (excl. USA),,1905,415440060
North America (excl. USA),,1906,428601000
North America (excl. USA),,1907,448300640
North America (excl. USA),,1908,457681120
North America (excl. USA),,1909,474370020
North America (excl. USA),,1910,467836770
North America (excl. USA),,1911,473884670
North America (excl. USA),,1912,476991940
North America (excl. USA),,1913,495214880
North America (excl. USA),,1914,486297500
North America (excl. USA),,1915,486144800
North America (excl. USA),,1916,506239870
North America (excl. USA),,1917,525104830
North America (excl. USA),,1918,543396600
North America (excl. USA),,1919,537377150
North America (excl. USA),,1920,576670500
North America (excl. USA),,1921,580395300
North America (excl. USA),,1922,562792450
North America (excl. USA),,1923,576630300
North America (excl. USA),,1924,554111800
North America (excl. USA),,1925,540658560
North America (excl. USA),,1926,536539200
North America (excl. USA),,1927,532037340
North America (excl. USA),,1928,525018750
North America (excl. USA),,1929,526972500
North America (excl. USA),,1930,533501760
North America (excl. USA),,1931,519380060
North America (excl. USA),,1932,514353660
North America (excl. USA),,1933,519521660
North America (excl. USA),,1934,534902820
North America (excl. USA),,1935,544176700
North America (excl. USA),,1936,551657900
North America (excl. USA),,1937,553011260
North America (excl. USA),,1938,549163600
North America (excl. USA),,1939,568527300
North America (excl. USA),,1940,609268600
North America (excl. USA),,1941,714170750
North America (excl. USA),,1942,743485700
North America (excl. USA),,1943,817615100
North America (excl. USA),,1944,834572740
North America (excl. USA),,1945,828082000
North America (excl. USA),,1946,855072800
North America (excl. USA),,1947,884481800
North America (excl. USA),,1948,931025300
North America (excl. USA),,1949,919804900
North America (excl. USA),,1950,1104862700
North America (excl. USA),,1951,1109398400
North America (excl. USA),,1952,1209110500
North America (excl. USA),,1953,1144364800
North America (excl. USA),,1954,1148289400
North America (excl. USA),,1955,1152134500
North America (excl. USA),,1956,1177299100
North America (excl. USA),,1957,1187938000
North America (excl. USA),,1958,1216664300
North America (excl. USA),,1959,1282873000
North America (excl. USA),,1960,1079060600
North America (excl. USA),,1961,1012950200
North America (excl. USA),,1962,986955500
North America (excl. USA),,1963,1089268500
North America (excl. USA),,1964,982247200
North America (excl. USA),,1965,932301440
North America (excl. USA),,1966,902133570
North America (excl. USA),,1967,946309800
North America (excl. USA),,1968,936537500
North America (excl. USA),,1969,953555500
North America (excl. USA),,1970,967780600
North America (excl. USA),,1971,1096627500
North America (excl. USA),,1972,1169644200
North America (excl. USA),,1973,1059250000
North America (excl. USA),,1974,1111487900
North America (excl. USA),,1975,1164965000
North America (excl. USA),,1976,1202766000
North America (excl. USA),,1977,1200113800
North America (excl. USA),,1978,1195058000
North America (excl. USA),,1979,1267101400
North America (excl. USA),,1980,1317264300
North America (excl. USA),,1981,1324633500
North America (excl. USA),,1982,1354934100
North America (excl. USA),,1983,1357598300
North America (excl. USA),,1984,1329489500
North America (excl. USA),,1985,1301426300
North America (excl. USA),,1986,1425545200
North America (excl. USA),,1987,1486616600
North America (excl. USA),,1988,1518868400
North America (excl. USA),,1989,1544024400
North America (excl. USA),,1990,1513033600
North America (excl. USA),,1991,1417672400
North America (excl. USA),,1992,1452865700
North America (excl. USA),,1993,1416469800
North America (excl. USA),,1994,1511808000
North America (excl. USA),,1995,1460635300
North America (excl. USA),,1996,1508995300
North America (excl. USA),,1997,1569216000
North America (excl. USA),,1998,1618000900
North America (excl. USA),,1999,1615599400
North America (excl. USA),,2000,1646347000
North America (excl. USA),,2001,1646871200
North America (excl. USA),,2002,1678974100
North America (excl. USA),,2003,1610426900
North America (excl. USA),,2004,1570656400
North America (excl. USA),,2005,1577935500
North America (excl. USA),,2006,1580838100
North America (excl. USA),,2007,1507966500
North America (excl. USA),,2008,1435467500
North America (excl. USA),,2009,1343868800
North America (excl. USA),,2010,1322524700
North America (excl. USA),,2011,1326452100
North America (excl. USA),,2012,1350828300
North America (excl. USA),,2013,1347337000
North America (excl. USA),,2014,1536887300
North America (excl. USA),,2015,1659297800
North America (excl. USA),,2016,1716395300
North America (excl. USA),,2017,1660202500
North America (excl. USA),,2018,1687204500
North America (excl. USA),,2019,1707253000
North America (excl. USA),,2020,1608147300
North America (excl. USA),,2021,1678190000
North America (excl. USA),,2022,1741666700
North Korea,PRK,1905,2226611.2
North Korea,PRK,1909,2220152.8
North Korea,PRK,1910,9089681
North Korea,PRK,1911,11018386
North Korea,PRK,1912,12482294
North Korea,PRK,1913,13649483
North Korea,PRK,1914,14966377
North Korea,PRK,1915,16051152
North Korea,PRK,1916,16972480
North Korea,PRK,1918,18722680
North Korea,PRK,1919,19578864
North Korea,PRK,1920,18510676
North Korea,PRK,1921,18649828
North Korea,PRK,1922,19170138
North Korea,PRK,1923,19282630
North Korea,PRK,1924,19855176
North Korea,PRK,1925,20608524
North Korea,PRK,1926,20865556
North Korea,PRK,1927,20996808
North Korea,PRK,1928,21343586
North Korea,PRK,1929,21862586
North Korea,PRK,1930,21619784
North Korea,PRK,1931,21876592
North Korea,PRK,1932,22530364
North Korea,PRK,1933,23011500
North Korea,PRK,1934,23861990
North Korea,PRK,1935,25019648
North Korea,PRK,1936,25805900
North Korea,PRK,1937,26437984
North Korea,PRK,1938,28581524
North Korea,PRK,1939,31484640
North Korea,PRK,1940,34298010
North Korea,PRK,1941,35734148
North Korea,PRK,1942,37299380
North Korea,PRK,1943,36908810
North Korea,PRK,1944,37841800
North Korea,PRK,1945,19579112
North Korea,PRK,1946,19625440
North Korea,PRK,1947,19418204
North Korea,PRK,1948,20764548
North Korea,PRK,1949,21301872
North Korea,PRK,1950,14050414
North Korea,PRK,1951,11355211
North Korea,PRK,1952,9464434
North Korea,PRK,1953,8816564
North Korea,PRK,1954,11461425
North Korea,PRK,1955,15231441
North Korea,PRK,1956,17891910
North Korea,PRK,1957,20723988
North Korea,PRK,1958,24133536
North Korea,PRK,1959,25184486
North Korea,PRK,1960,28624552
North Korea,PRK,1961,30985100
North Korea,PRK,1962,34727576
North Korea,PRK,1963,36932900
North Korea,PRK,1964,39542296
North Korea,PRK,1965,47777596
North Korea,PRK,1966,51115196
North Korea,PRK,1967,55886100
North Korea,PRK,1968,62588236
North Korea,PRK,1969,67307020
North Korea,PRK,1970,77085430
North Korea,PRK,1971,111075710
North Korea,PRK,1972,100539330
North Korea,PRK,1973,104067656
North Korea,PRK,1974,107564480
North Korea,PRK,1975,113799500
North Korea,PRK,1976,115819070
North Korea,PRK,1977,119618530
North Korea,PRK,1978,113936100
North Korea,PRK,1979,127600040
North Korea,PRK,1980,123929230
North Korea,PRK,1981,123954980
North Korea,PRK,1982,126499064
North Korea,PRK,1983,134731710
North Korea,PRK,1984,143976740
North Korea,PRK,1985,152096830
North Korea,PRK,1986,164656060
North Korea,PRK,1987,183390620
North Korea,PRK,1988,206850400
North Korea,PRK,1989,217261620
North Korea,PRK,1990,127408450
North Korea,PRK,1991,120191900
North Korea,PRK,1992,108339416
North Korea,PRK,1993,112434220
North Korea,PRK,1994,95330640
North Korea,PRK,1995,84663200
North Korea,PRK,1996,75397930
North Korea,PRK,1997,73240680
North Korea,PRK,1998,69847120
North Korea,PRK,1999,75093040
North Korea,PRK,2000,78650700
North Korea,PRK,2001,80855690
North Korea,PRK,2002,78248860
North Korea,PRK,2003,79845260
North Korea,PRK,2004,88403060
North Korea,PRK,2005,86635140
North Korea,PRK,2006,87327570
North Korea,PRK,2007,80983360
North Korea,PRK,2008,85839940
North Korea,PRK,2009,67713420
North Korea,PRK,2010,61140760
North Korea,PRK,2011,47519004
North Korea,PRK,2012,48543436
North Korea,PRK,2013,37814510
North Korea,PRK,2014,41083610
North Korea,PRK,2015,35860984
North Korea,PRK,2016,37646364
North Korea,PRK,2017,62455788
North Korea,PRK,2018,58895410
North Korea,PRK,2019,63728484
North Korea,PRK,2020,60756256
North Korea,PRK,2021,62085256
North Korea,PRK,2022,61578176
North Macedonia,MKD,1885,4162948.2
North Macedonia,MKD,1890,4399465
North Macedonia,MKD,1891,4452677
North Macedonia,MKD,1892,4497761.5
North Macedonia,MKD,1893,4541390
North Macedonia,MKD,1894,4583127
North Macedonia,MKD,1895,4610533.5
North Macedonia,MKD,1896,4642185.5
North Macedonia,MKD,1897,4665071
North Macedonia,MKD,1898,4698840.5
North Macedonia,MKD,1899,4722470.5
North Macedonia,MKD,1900,4907204.5
North Macedonia,MKD,1901,4982661.5
North Macedonia,MKD,1902,5028230
North Macedonia,MKD,1903,5080464.5
North Macedonia,MKD,1904,5123302
North Macedonia,MKD,1905,5162767
North Macedonia,MKD,1906,5213631.5
North Macedonia,MKD,1907,5247668
North Macedonia,MKD,1908,5287949
North Macedonia,MKD,1909,5312103.5
North Macedonia,MKD,1910,4985740
North Macedonia,MKD,1911,4896685.5
North Macedonia,MKD,1912,4838216.5
North Macedonia,MKD,1913,5017366
North Macedonia,MKD,1919,4744480.5
North Macedonia,MKD,1920,4881277.5
North Macedonia,MKD,1921,4922261
North Macedonia,MKD,1922,5087001
North Macedonia,MKD,1923,5134119
North Macedonia,MKD,1924,5139389
North Macedonia,MKD,1925,5202940.5
North Macedonia,MKD,1926,5180391
North Macedonia,MKD,1927,5260698
North Macedonia,MKD,1928,5323467.5
North Macedonia,MKD,1929,5412021
North Macedonia,MKD,1930,5507443.5
North Macedonia,MKD,1931,5454394
North Macedonia,MKD,1932,5425831.5
North Macedonia,MKD,1933,5379574.5
North Macedonia,MKD,1934,5433111.5
North Macedonia,MKD,1935,5472323
North Macedonia,MKD,1936,5474859.5
North Macedonia,MKD,1937,5569080.5
North Macedonia,MKD,1938,5531125
North Macedonia,MKD,1939,5581215
North Macedonia,MKD,1940,5694736
North Macedonia,MKD,1943,4791987.5
North Macedonia,MKD,1944,4760179
North Macedonia,MKD,1945,5213414.5
North Macedonia,MKD,1946,5631908.5
North Macedonia,MKD,1947,5926803
North Macedonia,MKD,1948,6080425
North Macedonia,MKD,1949,6250120
North Macedonia,MKD,1950,11354075
North Macedonia,MKD,1951,11098952
North Macedonia,MKD,1952,11296180
North Macedonia,MKD,1953,10617625
North Macedonia,MKD,1954,10686563
North Macedonia,MKD,1955,10722186
North Macedonia,MKD,1956,10887327
North Macedonia,MKD,1957,11012402
North Macedonia,MKD,1958,10899456
North Macedonia,MKD,1959,11099965
North Macedonia,MKD,1960,9148025
North Macedonia,MKD,1961,8246698.5
North Macedonia,MKD,1962,7739339.5
North Macedonia,MKD,1963,7751505
North Macedonia,MKD,1964,7641708
North Macedonia,MKD,1965,7460133.5
North Macedonia,MKD,1966,7043674.5
North Macedonia,MKD,1967,6785834
North Macedonia,MKD,1968,7173787.5
North Macedonia,MKD,1969,6874000
North Macedonia,MKD,1970,7926794
North Macedonia,MKD,1971,8050966
North Macedonia,MKD,1972,7374049
North Macedonia,MKD,1973,8219041
North Macedonia,MKD,1974,7965963.5
North Macedonia,MKD,1975,8169786.5
North Macedonia,MKD,1976,8218658.5
North Macedonia,MKD,1977,8172460.5
North Macedonia,MKD,1978,8805826
North Macedonia,MKD,1979,10043928
North Macedonia,MKD,1980,9488010
North Macedonia,MKD,1981,10045288
North Macedonia,MKD,1982,9078080
North Macedonia,MKD,1983,9722427
North Macedonia,MKD,1984,10090936
North Macedonia,MKD,1985,10499622
North Macedonia,MKD,1986,10790302
North Macedonia,MKD,1987,10516208
North Macedonia,MKD,1988,10923387
North Macedonia,MKD,1989,10825404
North Macedonia,MKD,1990,10598056
North Macedonia,MKD,1991,5351992
North Macedonia,MKD,1992,5944510
North Macedonia,MKD,1993,5290692
North Macedonia,MKD,1994,5554477
North Macedonia,MKD,1995,5982726
North Macedonia,MKD,1996,7115233
North Macedonia,MKD,1997,6551562
North Macedonia,MKD,1998,7872250.5
North Macedonia,MKD,1999,5872306.5
North Macedonia,MKD,2000,7487593
North Macedonia,MKD,2001,12087975
North Macedonia,MKD,2002,7125527.5
North Macedonia,MKD,2003,6612567.5
North Macedonia,MKD,2004,6083870
North Macedonia,MKD,2005,6077843
North Macedonia,MKD,2006,4782949
North Macedonia,MKD,2007,5493398.5
North Macedonia,MKD,2008,4919140
North Macedonia,MKD,2009,10081747
North Macedonia,MKD,2010,6351862.5
North Macedonia,MKD,2011,16097418
North Macedonia,MKD,2012,9635038
North Macedonia,MKD,2013,7489436
North Macedonia,MKD,2014,7011137.5
North Macedonia,MKD,2015,6721709.5
North Macedonia,MKD,2016,6076854
North Macedonia,MKD,2017,6509609
North Macedonia,MKD,2018,5950332
North Macedonia,MKD,2019,6820609
North Macedonia,MKD,2020,6060439
North Macedonia,MKD,2021,6754178.5
North Macedonia,MKD,2022,6626292
Norway,NOR,1850,11257896
Norway,NOR,1851,11217446
Norway,NOR,1852,11193301
Norway,NOR,1853,11224151
Norway,NOR,1854,11272552
Norway,NOR,1855,11282445
Norway,NOR,1856,11305089
Norway,NOR,1857,11332349
Norway,NOR,1858,11241629
Norway,NOR,1859,11320331
Norway,NOR,1860,11242581
Norway,NOR,1861,11300875
Norway,NOR,1862,11252547
Norway,NOR,1863,11227778
Norway,NOR,1864,11325900
Norway,NOR,1865,11286402
Norway,NOR,1866,11313222
Norway,NOR,1867,11418746
Norway,NOR,1868,11416951
Norway,NOR,1869,11258959
Norway,NOR,1870,11315054
Norway,NOR,1871,11198906
Norway,NOR,1872,11197184
Norway,NOR,1873,11202057
Norway,NOR,1874,11311831
Norway,NOR,1875,11492613
Norway,NOR,1876,11330040
Norway,NOR,1877,11650531
Norway,NOR,1878,11433548
Norway,NOR,1879,11482463
Norway,NOR,1880,11557209
Norway,NOR,1881,11563914
Norway,NOR,1882,11656906
Norway,NOR,1883,11709521
Norway,NOR,1884,11686108
Norway,NOR,1885,11848900
Norway,NOR,1886,11729307
Norway,NOR,1887,11597952
Norway,NOR,1888,11784890
Norway,NOR,1889,11929654
Norway,NOR,1890,11922730
Norway,NOR,1891,12215336
Norway,NOR,1892,12226401
Norway,NOR,1893,12225302
Norway,NOR,1894,12620062
Norway,NOR,1895,12761749
Norway,NOR,1896,12810223
Norway,NOR,1897,13109023
Norway,NOR,1898,13064286
Norway,NOR,1899,13755609
Norway,NOR,1900,13783235
Norway,NOR,1901,13546174
Norway,NOR,1902,13865162
Norway,NOR,1903,13850836
Norway,NOR,1904,13801995
Norway,NOR,1905,13757257
Norway,NOR,1906,13822366
Norway,NOR,1907,14355735
Norway,NOR,1908,15304711
Norway,NOR,1909,15283606
Norway,NOR,1910,15607724
Norway,NOR,1911,15719769
Norway,NOR,1912,16473711
Norway,NOR,1913,16455610
Norway,NOR,1914,17153676
Norway,NOR,1915,17841262
Norway,NOR,1916,17228972
Norway,NOR,1917,12757535
Norway,NOR,1918,13676247
Norway,NOR,1919,14476611
Norway,NOR,1920,14207013
Norway,NOR,1921,12165616
Norway,NOR,1922,15204024
Norway,NOR,1923,15446985
Norway,NOR,1924,16319640
Norway,NOR,1925,16115994
Norway,NOR,1926,14797211
Norway,NOR,1927,17029296
Norway,NOR,1928,16784828
Norway,NOR,1929,17770586
Norway,NOR,1930,16938832
Norway,NOR,1931,16186704
Norway,NOR,1932,16658390
Norway,NOR,1933,17128174
Norway,NOR,1934,17295160
Norway,NOR,1935,17483428
Norway,NOR,1936,18076444
Norway,NOR,1937,19282582
Norway,NOR,1938,17850404
Norway,NOR,1939,19800696
Norway,NOR,1940,13740832
Norway,NOR,1941,11978573
Norway,NOR,1942,11704743
Norway,NOR,1943,12443822
Norway,NOR,1944,11798312
Norway,NOR,1945,10878071
Norway,NOR,1946,13839923
Norway,NOR,1947,17354356
Norway,NOR,1948,17712604
Norway,NOR,1949,17428560
Norway,NOR,1950,15586324
Norway,NOR,1951,16708352
Norway,NOR,1952,16880494
Norway,NOR,1953,16972286
Norway,NOR,1954,17016380
Norway,NOR,1955,18535100
Norway,NOR,1956,18959736
Norway,NOR,1957,18257128
Norway,NOR,1958,17968932
Norway,NOR,1959,18453924
Norway,NOR,1960,36534684
Norway,NOR,1961,23893262
Norway,NOR,1962,22258004
Norway,NOR,1963,22318562
Norway,NOR,1964,23122614
Norway,NOR,1965,23265674
Norway,NOR,1966,25919644
Norway,NOR,1967,25321296
Norway,NOR,1968,26683372
Norway,NOR,1969,27217512
Norway,NOR,1970,32653020
Norway,NOR,1971,31673284
Norway,NOR,1972,33693916
Norway,NOR,1973,34777612
Norway,NOR,1974,32064376
Norway,NOR,1975,35184212
Norway,NOR,1976,38049010
Norway,NOR,1977,37824756
Norway,NOR,1978,39847428
Norway,NOR,1979,39692376
Norway,NOR,1980,36936690
Norway,NOR,1981,37436164
Norway,NOR,1982,36553964
Norway,NOR,1983,37866120
Norway,NOR,1984,39643590
Norway,NOR,1985,38652236
Norway,NOR,1986,40825076
Norway,NOR,1987,39591930
Norway,NOR,1988,42691828
Norway,NOR,1989,40634630
Norway,NOR,1990,43592516
Norway,NOR,1991,40712610
Norway,NOR,1992,41882228
Norway,NOR,1993,44492780
Norway,NOR,1994,50808390
Norway,NOR,1995,48642856
Norway,NOR,1996,48389970
Norway,NOR,1997,48452750
Norway,NOR,1998,47948020
Norway,NOR,1999,48927156
Norway,NOR,2000,48125664
Norway,NOR,2001,49246120
Norway,NOR,2002,48067504
Norway,NOR,2003,49541716
Norway,NOR,2004,49750136
Norway,NOR,2005,48856350
Norway,NOR,2006,49475330
Norway,NOR,2007,51315530
Norway,NOR,2008,50486290
Norway,NOR,2009,48692820
Norway,NOR,2010,51519784
Norway,NOR,2011,50468264
Norway,NOR,2012,50011696
Norway,NOR,2013,50756340
Norway,NOR,2014,51430384
Norway,NOR,2015,52147164
Norway,NOR,2016,51603910
Norway,NOR,2017,51341676
Norway,NOR,2018,51534264
Norway,NOR,2019,50067064
Norway,NOR,2020,48585124
Norway,NOR,2021,48662750
Norway,NOR,2022,48844324
Oceania,,1850,6148858
Oceania,,1851,4882952.5
Oceania,,1852,8906287
Oceania,,1853,9184520
Oceania,,1854,9462240
Oceania,,1855,11474967
Oceania,,1856,9198816
Oceania,,1857,10402887
Oceania,,1858,6865700.5
Oceania,,1859,7460508
Oceania,,1860,12639453
Oceania,,1861,13932673
Oceania,,1862,14132216
Oceania,,1863,15272833
Oceania,,1864,14593147
Oceania,,1865,15644531
Oceania,,1866,16556997
Oceania,,1867,14552996
Oceania,,1868,13208328
Oceania,,1869,17526486
Oceania,,1870,24603314
Oceania,,1871,25691168
Oceania,,1872,26629926
Oceania,,1873,30130780
Oceania,,1874,30864066
Oceania,,1875,32667006
Oceania,,1876,30548846
Oceania,,1877,33752170
Oceania,,1878,46425148
Oceania,,1879,47329716
Oceania,,1880,46785190
Oceania,,1881,44511376
Oceania,,1882,45566130
Oceania,,1883,49653556
Oceania,,1884,47390028
Oceania,,1885,49715164
Oceania,,1886,49585944
Oceania,,1887,51514764
Oceania,,1888,53835544
Oceania,,1889,51244036
Oceania,,1890,66084444
Oceania,,1891,72884820
Oceania,,1892,80075310
Oceania,,1893,81407336
Oceania,,1894,84212550
Oceania,,1895,87368110
Oceania,,1896,88194150
Oceania,,1897,89182510
Oceania,,1898,91404664
Oceania,,1899,93811910
Oceania,,1900,84858100
Oceania,,1901,83205040
Oceania,,1902,83450680
Oceania,,1903,81427120
Oceania,,1904,79503820
Oceania,,1905,79997870
Oceania,,1906,83765760
Oceania,,1907,84083110
Oceania,,1908,87470120
Oceania,,1909,83526170
Oceania,,1910,83367040
Oceania,,1911,82748570
Oceania,,1912,82356840
Oceania,,1913,82209390
Oceania,,1914,84644600
Oceania,,1915,79811700
Oceania,,1916,77398216
Oceania,,1917,79718850
Oceania,,1918,82111780
Oceania,,1919,78987920
Oceania,,1920,106535330
Oceania,,1921,113821600
Oceania,,1922,122632230
Oceania,,1923,129103270
Oceania,,1924,135438860
Oceania,,1925,139745760
Oceania,,1926,142855280
Oceania,,1927,147417650
Oceania,,1928,147321300
Oceania,,1929,149083250
Oceania,,1930,123314070
Oceania,,1931,107377950
Oceania,,1932,99073030
Oceania,,1933,95274970
Oceania,,1934,90938230
Oceania,,1935,90838870
Oceania,,1936,90086860
Oceania,,1937,89752500
Oceania,,1938,87335480
Oceania,,1939,88826280
Oceania,,1940,90122136
Oceania,,1941,100239440
Oceania,,1942,102323060
Oceania,,1943,96311700
Oceania,,1944,96266344
Oceania,,1945,94583944
Oceania,,1946,98358030
Oceania,,1947,101593340
Oceania,,1948,101964030
Oceania,,1949,102906440
Oceania,,1950,243110050
Oceania,,1951,311352160
Oceania,,1952,357268400
Oceania,,1953,394278400
Oceania,,1954,427300000
Oceania,,1955,453861470
Oceania,,1956,479070980
Oceania,,1957,505269400
Oceania,,1958,514606880
Oceania,,1959,536189900
Oceania,,1960,492270940
Oceania,,1961,481713300
Oceania,,1962,377847170
Oceania,,1963,411015520
Oceania,,1964,435312030
Oceania,,1965,481430080
Oceania,,1966,444916130
Oceania,,1967,637969400
Oceania,,1968,434453380
Oceania,,1969,348354560
Oceania,,1970,297051100
Oceania,,1971,319042020
Oceania,,1972,234074450
Oceania,,1973,246197250
Oceania,,1974,243129920
Oceania,,1975,327279550
Oceania,,1976,287385600
Oceania,,1977,436961800
Oceania,,1978,389284130
Oceania,,1979,377202200
Oceania,,1980,412236640
Oceania,,1981,430638800
Oceania,,1982,370294270
Oceania,,1983,529702700
Oceania,,1984,419811680
Oceania,,1985,378111420
Oceania,,1986,332973570
Oceania,,1987,300771400
Oceania,,1988,289504640
Oceania,,1989,306430100
Oceania,,1990,332726430
Oceania,,1991,285655230
Oceania,,1992,367955520
Oceania,,1993,382986940
Oceania,,1994,396535550
Oceania,,1995,570481540
Oceania,,1996,586308030
Oceania,,1997,533260300
Oceania,,1998,622890750
Oceania,,1999,586098560
Oceania,,2000,636213500
Oceania,,2001,514772300
Oceania,,2002,479972100
Oceania,,2003,657736960
Oceania,,2004,629534460
Oceania,,2005,523861700
Oceania,,2006,493988450
Oceania,,2007,610322050
Oceania,,2008,759270800
Oceania,,2009,585965440
Oceania,,2010,1003881340
Oceania,,2011,742957250
Oceania,,2012,638468200
Oceania,,2013,640213500
Oceania,,2014,551070700
Oceania,,2015,520419900
Oceania,,2016,579217100
Oceania,,2017,538994900
Oceania,,2018,517755870
Oceania,,2019,503291520
Oceania,,2020,471103520
Oceania,,2021,454817280
Oceania,,2022,448463140
Oman,OMN,1964,-179645.92
Oman,OMN,1965,-148904.95
Oman,OMN,1966,-85114.73
Oman,OMN,1967,58587.36
Oman,OMN,1968,65292.484
Oman,OMN,1969,182760.31
Oman,OMN,1970,163560.97
Oman,OMN,1971,2063125.1
Oman,OMN,1972,2061549.6
Oman,OMN,1973,2089396
Oman,OMN,1974,2320081.5
Oman,OMN,1975,7244277.5
Oman,OMN,1976,8320284.5
Oman,OMN,1977,8529206
Oman,OMN,1978,7789810.5
Oman,OMN,1979,7707663.5
Oman,OMN,1980,6030028
Oman,OMN,1981,5997345
Oman,OMN,1982,5811837
Oman,OMN,1983,7654719
Oman,OMN,1984,8167019
Oman,OMN,1985,8823290
Oman,OMN,1986,10007714
Oman,OMN,1987,9578108
Oman,OMN,1988,10716081
Oman,OMN,1989,10191321
Oman,OMN,1990,11353539
Oman,OMN,1991,11759743
Oman,OMN,1992,11912554
Oman,OMN,1993,13238494
Oman,OMN,1994,17383986
Oman,OMN,1995,18740658
Oman,OMN,1996,18109712
Oman,OMN,1997,18082814
Oman,OMN,1998,18526300
Oman,OMN,1999,22093146
Oman,OMN,2000,23975360
Oman,OMN,2001,22460686
Oman,OMN,2002,26875062
Oman,OMN,2003,34380412
Oman,OMN,2004,28987142
Oman,OMN,2005,31546482
Oman,OMN,2006,40176920
Oman,OMN,2007,45117264
Oman,OMN,2008,47342610
Oman,OMN,2009,44322320
Oman,OMN,2010,51268000
Oman,OMN,2011,57020904
Oman,OMN,2012,62696012
Oman,OMN,2013,65247080
Oman,OMN,2014,66235144
Oman,OMN,2015,67598700
Oman,OMN,2016,66256636
Oman,OMN,2017,69623950
Oman,OMN,2018,66570500
Oman,OMN,2019,59682524
Oman,OMN,2020,65925436
Oman,OMN,2021,71372020
Oman,OMN,2022,72498730
Pakistan,PAK,1946,69996136
Pakistan,PAK,1947,71364800
Pakistan,PAK,1948,78615760
Pakistan,PAK,1949,82830696
Pakistan,PAK,1950,77473510
Pakistan,PAK,1951,75884400
Pakistan,PAK,1952,76380216
Pakistan,PAK,1953,77973250
Pakistan,PAK,1954,80160790
Pakistan,PAK,1955,82946080
Pakistan,PAK,1956,87124430
Pakistan,PAK,1957,90464220
Pakistan,PAK,1958,94876970
Pakistan,PAK,1959,97970360
Pakistan,PAK,1960,105026376
Pakistan,PAK,1961,77752560
Pakistan,PAK,1962,61643504
Pakistan,PAK,1963,77733380
Pakistan,PAK,1964,105469760
Pakistan,PAK,1965,81674184
Pakistan,PAK,1966,64393504
Pakistan,PAK,1967,47517070
Pakistan,PAK,1968,17301450
Pakistan,PAK,1969,23844472
Pakistan,PAK,1970,15659464
Pakistan,PAK,1971,16760232
Pakistan,PAK,1972,54509544
Pakistan,PAK,1973,27781324
Pakistan,PAK,1974,36560280
Pakistan,PAK,1975,25588244
Pakistan,PAK,1976,31890524
Pakistan,PAK,1977,50879000
Pakistan,PAK,1978,39797296
Pakistan,PAK,1979,84820750
Pakistan,PAK,1980,47735410
Pakistan,PAK,1981,117823000
Pakistan,PAK,1982,47366196
Pakistan,PAK,1983,72762450
Pakistan,PAK,1984,53242360
Pakistan,PAK,1985,23367132
Pakistan,PAK,1986,62193030
Pakistan,PAK,1987,32606368
Pakistan,PAK,1988,54319376
Pakistan,PAK,1989,41222524
Pakistan,PAK,1990,53579904
Pakistan,PAK,1991,58922030
Pakistan,PAK,1992,78111670
Pakistan,PAK,1993,80043610
Pakistan,PAK,1994,93927180
Pakistan,PAK,1995,93140504
Pakistan,PAK,1996,122086280
Pakistan,PAK,1997,119431656
Pakistan,PAK,1998,118185500
Pakistan,PAK,1999,115609016
Pakistan,PAK,2000,129704800
Pakistan,PAK,2001,123640950
Pakistan,PAK,2002,130118670
Pakistan,PAK,2003,115471910
Pakistan,PAK,2004,122621890
Pakistan,PAK,2005,134146550
Pakistan,PAK,2006,138859070
Pakistan,PAK,2007,138988200
Pakistan,PAK,2008,140273580
Pakistan,PAK,2009,145218690
Pakistan,PAK,2010,172081840
Pakistan,PAK,2011,167882370
Pakistan,PAK,2012,170247740
Pakistan,PAK,2013,159067250
Pakistan,PAK,2014,159810190
Pakistan,PAK,2015,193625280
Pakistan,PAK,2016,220233570
Pakistan,PAK,2017,235259710
Pakistan,PAK,2018,225923410
Pakistan,PAK,2019,227891260
Pakistan,PAK,2020,222872260
Pakistan,PAK,2021,245663310
Pakistan,PAK,2022,222754690
Palau,PLW,1955,10992
Palau,PLW,1956,10992
Palau,PLW,1957,14656
Palau,PLW,1958,14656
Palau,PLW,1959,14656
Palau,PLW,1960,14656
Palau,PLW,1961,51296
Palau,PLW,1962,51296
Palau,PLW,1963,54960
Palau,PLW,1964,58624
Palau,PLW,1965,65952
Palau,PLW,1966,65952
Palau,PLW,1967,73280
Palau,PLW,1968,76944
Palau,PLW,1969,131904
Palau,PLW,1970,135568
Palau,PLW,1971,164880
Palau,PLW,1972,172208
Palau,PLW,1973,175872
Palau,PLW,1974,194192
Palau,PLW,1975,194192
Palau,PLW,1976,113584
Palau,PLW,1977,183200
Palau,PLW,1978,109920
Palau,PLW,1979,124576
Palau,PLW,1980,157552
Palau,PLW,1981,157552
Palau,PLW,1982,157552
Palau,PLW,1983,157552
Palau,PLW,1984,157552
Palau,PLW,1985,161216
Palau,PLW,1986,161216
Palau,PLW,1987,161216
Palau,PLW,1988,183200
Palau,PLW,1989,227168
Palau,PLW,1990,234496
Palau,PLW,1991,234496
Palau,PLW,1992,197856
Palau,PLW,1993,197856
Palau,PLW,1994,197856
Palau,PLW,1995,197856
Palau,PLW,1996,197856
Palau,PLW,1997,197856
Palau,PLW,1998,197856
Palau,PLW,1999,197856
Palau,PLW,2000,208848
Palau,PLW,2001,216176
Palau,PLW,2002,212512
Palau,PLW,2003,212512
Palau,PLW,2004,216176
Palau,PLW,2005,219840
Palau,PLW,2006,227168
Palau,PLW,2007,252815.98
Palau,PLW,2008,205184
Palau,PLW,2009,197856
Palau,PLW,2010,208848
Palau,PLW,2011,216176
Palau,PLW,2012,223504
Palau,PLW,2013,227168
Palau,PLW,2014,219840
Palau,PLW,2015,205184
Palau,PLW,2016,212512
Palau,PLW,2017,216176
Palau,PLW,2018,212512
Palau,PLW,2019,219840
Palau,PLW,2020,212512
Palau,PLW,2021,221749
Palau,PLW,2022,219249
Palestine,PSE,1990,798165.75
Palestine,PSE,1991,995508.8
Palestine,PSE,1992,968908.2
Palestine,PSE,1993,898925.75
Palestine,PSE,1994,942087.7
Palestine,PSE,1995,823337.44
Palestine,PSE,1996,929483.44
Palestine,PSE,1997,766582.06
Palestine,PSE,1998,1471169.2
Palestine,PSE,1999,1401589.9
Palestine,PSE,2000,1769125.8
Palestine,PSE,2001,1308267.9
Palestine,PSE,2002,827148
Palestine,PSE,2003,947730.25
Palestine,PSE,2004,1852371.8
Palestine,PSE,2005,2422343.8
Palestine,PSE,2006,1965479.5
Palestine,PSE,2007,2049971.4
Palestine,PSE,2008,1908211.4
Palestine,PSE,2009,1870728.5
Palestine,PSE,2010,1847315.5
Palestine,PSE,2011,2167256
Palestine,PSE,2012,2197954.8
Palestine,PSE,2013,2427587.5
Palestine,PSE,2014,2880383.2
Palestine,PSE,2015,2979755.2
Palestine,PSE,2016,3710462.2
Palestine,PSE,2017,3569725.2
Palestine,PSE,2018,3195243.2
Palestine,PSE,2019,3477254.5
Palestine,PSE,2020,3532206
Palestine,PSE,2021,3639213.8
Palestine,PSE,2022,3725383
Panama,PAN,1948,31483292
Panama,PAN,1949,30749032
Panama,PAN,1950,32179090
Panama,PAN,1951,32530600
Panama,PAN,1952,34392450
Panama,PAN,1953,36716252
Panama,PAN,1954,36919964
Panama,PAN,1955,39685184
Panama,PAN,1956,40045576
Panama,PAN,1957,42048760
Panama,PAN,1958,44669070
Panama,PAN,1959,44272270
Panama,PAN,1960,20968004
Panama,PAN,1961,19843228
Panama,PAN,1962,17901104
Panama,PAN,1963,15559857
Panama,PAN,1964,17257704
Panama,PAN,1965,16652526
Panama,PAN,1966,10540036
Panama,PAN,1967,15300597
Panama,PAN,1968,14445801
Panama,PAN,1969,10738874
Panama,PAN,1970,22072348
Panama,PAN,1971,21770540
Panama,PAN,1972,25717324
Panama,PAN,1973,20904300
Panama,PAN,1974,23138608
Panama,PAN,1975,24969360
Panama,PAN,1976,26083038
Panama,PAN,1977,16637856
Panama,PAN,1978,16102388
Panama,PAN,1979,15626508
Panama,PAN,1980,26391382
Panama,PAN,1981,30539012
Panama,PAN,1982,23858116
Panama,PAN,1983,28652048
Panama,PAN,1984,25083612
Panama,PAN,1985,24278912
Panama,PAN,1986,24207700
Panama,PAN,1987,25256068
Panama,PAN,1988,26247896
Panama,PAN,1989,23859852
Panama,PAN,1990,17345412
Panama,PAN,1991,18877608
Panama,PAN,1992,14639765
Panama,PAN,1993,11468794
Panama,PAN,1994,17687452
Panama,PAN,1995,14047958
Panama,PAN,1996,15026463
Panama,PAN,1997,19929580
Panama,PAN,1998,37261070
Panama,PAN,1999,48190656
Panama,PAN,2000,28200876
Panama,PAN,2001,22734672
Panama,PAN,2002,18801146
Panama,PAN,2003,17737714
Panama,PAN,2004,16254826
Panama,PAN,2005,15597896
Panama,PAN,2006,19309624
Panama,PAN,2007,17626012
Panama,PAN,2008,21866680
Panama,PAN,2009,32831204
Panama,PAN,2010,18507632
Panama,PAN,2011,15012511
Panama,PAN,2012,18973864
Panama,PAN,2013,19145336
Panama,PAN,2014,16880712
Panama,PAN,2015,18831506
Panama,PAN,2016,18032840
Panama,PAN,2017,18040578
Panama,PAN,2018,15805377
Panama,PAN,2019,18622932
Panama,PAN,2020,15359340
Panama,PAN,2021,16525778
Panama,PAN,2022,16627377
Papua New Guinea,PNG,1850,-2809994.8
Papua New Guinea,PNG,1851,-5162099.5
Papua New Guinea,PNG,1852,-2052975.9
Papua New Guinea,PNG,1853,-2306634.8
Papua New Guinea,PNG,1854,-2631704.5
Papua New Guinea,PNG,1855,-1097990.9
Papua New Guinea,PNG,1856,-3119236.5
Papua New Guinea,PNG,1857,-2637237.2
Papua New Guinea,PNG,1858,-6436915.5
Papua New Guinea,PNG,1859,-6384410
Papua New Guinea,PNG,1860,-2810288
Papua New Guinea,PNG,1861,-2441909.2
Papua New Guinea,PNG,1862,-3085344.5
Papua New Guinea,PNG,1863,-2202137.2
Papua New Guinea,PNG,1864,-3793998.8
Papua New Guinea,PNG,1865,-2901704.8
Papua New Guinea,PNG,1866,-2619247
Papua New Guinea,PNG,1867,-4856302.5
Papua New Guinea,PNG,1868,-6681084
Papua New Guinea,PNG,1869,-2372513.2
Papua New Guinea,PNG,1870,-1091945.2
Papua New Guinea,PNG,1871,-3287560.8
Papua New Guinea,PNG,1872,-4199603.5
Papua New Guinea,PNG,1873,-2131349
Papua New Guinea,PNG,1874,-2632510.8
Papua New Guinea,PNG,1875,-1838485.4
Papua New Guinea,PNG,1876,-4817793.5
Papua New Guinea,PNG,1877,-2329901
Papua New Guinea,PNG,1878,-1827859.6
Papua New Guinea,PNG,1879,-1425076.1
Papua New Guinea,PNG,1880,-2376214
Papua New Guinea,PNG,1881,-5108642
Papua New Guinea,PNG,1882,-4904813.5
Papua New Guinea,PNG,1883,-1911655.4
Papua New Guinea,PNG,1884,-4940830.5
Papua New Guinea,PNG,1885,-3805833.5
Papua New Guinea,PNG,1886,-4259876
Papua New Guinea,PNG,1887,-2654861
Papua New Guinea,PNG,1888,-967369.25
Papua New Guinea,PNG,1889,-4625287
Papua New Guinea,PNG,1890,-663147.4
Papua New Guinea,PNG,1891,-37043.04
Papua New Guinea,PNG,1892,4093640.5
Papua New Guinea,PNG,1893,3465264.8
Papua New Guinea,PNG,1894,3518282.8
Papua New Guinea,PNG,1895,4629720.5
Papua New Guinea,PNG,1896,2854769
Papua New Guinea,PNG,1897,2028756.8
Papua New Guinea,PNG,1898,2857883.5
Papua New Guinea,PNG,1899,3360364.2
Papua New Guinea,PNG,1900,-705613.1
Papua New Guinea,PNG,1901,-1635829.5
Papua New Guinea,PNG,1902,-545899.4
Papua New Guinea,PNG,1903,-1356486.1
Papua New Guinea,PNG,1904,-3480433.5
Papua New Guinea,PNG,1905,-3396271.5
Papua New Guinea,PNG,1906,-2231815.8
Papua New Guinea,PNG,1907,-2728910.5
Papua New Guinea,PNG,1908,-1010421.3
Papua New Guinea,PNG,1909,-2852021
Papua New Guinea,PNG,1910,-2354706.2
Papua New Guinea,PNG,1911,-1983946
Papua New Guinea,PNG,1912,-2484631.8
Papua New Guinea,PNG,1913,-1803933.8
Papua New Guinea,PNG,1914,-1528767.4
Papua New Guinea,PNG,1915,-2770277
Papua New Guinea,PNG,1916,-1476152.4
Papua New Guinea,PNG,1917,-48584.64
Papua New Guinea,PNG,1918,640137.44
Papua New Guinea,PNG,1919,-277474.72
Papua New Guinea,PNG,1920,348849.44
Papua New Guinea,PNG,1921,-39388
Papua New Guinea,PNG,1922,-181074.88
Papua New Guinea,PNG,1923,156416.17
Papua New Guinea,PNG,1924,460857.94
Papua New Guinea,PNG,1925,366033.6
Papua New Guinea,PNG,1926,511274.56
Papua New Guinea,PNG,1927,643728.1
Papua New Guinea,PNG,1928,229109.94
Papua New Guinea,PNG,1929,657944.5
Papua New Guinea,PNG,1930,988254.06
Papua New Guinea,PNG,1931,1397083.2
Papua New Guinea,PNG,1932,1213150.4
Papua New Guinea,PNG,1933,1419653.4
Papua New Guinea,PNG,1934,619545.75
Papua New Guinea,PNG,1935,1526605.6
Papua New Guinea,PNG,1936,1590982
Papua New Guinea,PNG,1937,1677599
Papua New Guinea,PNG,1938,1655102.1
Papua New Guinea,PNG,1939,1767696.9
Papua New Guinea,PNG,1940,3660482.5
Papua New Guinea,PNG,1941,8153169.5
Papua New Guinea,PNG,1942,7254353.5
Papua New Guinea,PNG,1943,1789790.8
Papua New Guinea,PNG,1944,1752088.1
Papua New Guinea,PNG,1945,1960972.8
Papua New Guinea,PNG,1946,2446929
Papua New Guinea,PNG,1947,3632746
Papua New Guinea,PNG,1948,2552269
Papua New Guinea,PNG,1949,2411974.8
Papua New Guinea,PNG,1950,3911356.8
Papua New Guinea,PNG,1951,4747408
Papua New Guinea,PNG,1952,4261305
Papua New Guinea,PNG,1953,4723336
Papua New Guinea,PNG,1954,4598430
Papua New Guinea,PNG,1955,4585496
Papua New Guinea,PNG,1956,4852382
Papua New Guinea,PNG,1957,4173992.2
Papua New Guinea,PNG,1958,3906043.8
Papua New Guinea,PNG,1959,2789110
Papua New Guinea,PNG,1960,4695599.5
Papua New Guinea,PNG,1961,3377401.8
Papua New Guinea,PNG,1962,4745210
Papua New Guinea,PNG,1963,7149087
Papua New Guinea,PNG,1964,1461459.8
Papua New Guinea,PNG,1965,6240011.5
Papua New Guinea,PNG,1966,27543570
Papua New Guinea,PNG,1967,26324704
Papua New Guinea,PNG,1968,27750954
Papua New Guinea,PNG,1969,26652742
Papua New Guinea,PNG,1970,25681014
Papua New Guinea,PNG,1971,20395656
Papua New Guinea,PNG,1972,21854698
Papua New Guinea,PNG,1973,20750110
Papua New Guinea,PNG,1974,22986470
Papua New Guinea,PNG,1975,25654742
Papua New Guinea,PNG,1976,26047084
Papua New Guinea,PNG,1977,26052396
Papua New Guinea,PNG,1978,26652376
Papua New Guinea,PNG,1979,20196518
Papua New Guinea,PNG,1980,15503153
Papua New Guinea,PNG,1981,15073476
Papua New Guinea,PNG,1982,22818806
Papua New Guinea,PNG,1983,25408448
Papua New Guinea,PNG,1984,40697220
Papua New Guinea,PNG,1985,35364524
Papua New Guinea,PNG,1986,36815690
Papua New Guinea,PNG,1987,33939850
Papua New Guinea,PNG,1988,30975090
Papua New Guinea,PNG,1989,37507820
Papua New Guinea,PNG,1990,33172646
Papua New Guinea,PNG,1991,24682572
Papua New Guinea,PNG,1992,28026852
Papua New Guinea,PNG,1993,27954488
Papua New Guinea,PNG,1994,49726956
Papua New Guinea,PNG,1995,45822204
Papua New Guinea,PNG,1996,41201544
Papua New Guinea,PNG,1997,39659190
Papua New Guinea,PNG,1998,47697880
Papua New Guinea,PNG,1999,37247190
Papua New Guinea,PNG,2000,29028216
Papua New Guinea,PNG,2001,32370496
Papua New Guinea,PNG,2002,33820496
Papua New Guinea,PNG,2003,33921384
Papua New Guinea,PNG,2004,33026922
Papua New Guinea,PNG,2005,36769800
Papua New Guinea,PNG,2006,43346156
Papua New Guinea,PNG,2007,102725220
Papua New Guinea,PNG,2008,53291336
Papua New Guinea,PNG,2009,39948340
Papua New Guinea,PNG,2010,41142280
Papua New Guinea,PNG,2011,35138696
Papua New Guinea,PNG,2012,36264050
Papua New Guinea,PNG,2013,38116840
Papua New Guinea,PNG,2014,34030940
Papua New Guinea,PNG,2015,38898290
Papua New Guinea,PNG,2016,37319950
Papua New Guinea,PNG,2017,33340232
Papua New Guinea,PNG,2018,33322602
Papua New Guinea,PNG,2019,30974384
Papua New Guinea,PNG,2020,27510882
Papua New Guinea,PNG,2021,30901936
Papua New Guinea,PNG,2022,30379310
Paraguay,PRY,1950,22410784
Paraguay,PRY,1951,26179464
Paraguay,PRY,1952,28508528
Paraguay,PRY,1953,30344956
Paraguay,PRY,1954,32096830
Paraguay,PRY,1955,33274704
Paraguay,PRY,1956,34481040
Paraguay,PRY,1957,35703384
Paraguay,PRY,1958,37080570
Paraguay,PRY,1959,38250340
Paraguay,PRY,1960,57790670
Paraguay,PRY,1961,39868180
Paraguay,PRY,1962,34958236
Paraguay,PRY,1963,36195936
Paraguay,PRY,1964,34664172
Paraguay,PRY,1965,34422350
Paraguay,PRY,1966,29340752
Paraguay,PRY,1967,27030296
Paraguay,PRY,1968,26414492
Paraguay,PRY,1969,24975360
Paraguay,PRY,1970,25019268
Paraguay,PRY,1971,24268536
Paraguay,PRY,1972,25511532
Paraguay,PRY,1973,48407696
Paraguay,PRY,1974,58551650
Paraguay,PRY,1975,63417132
Paraguay,PRY,1976,65245960
Paraguay,PRY,1977,51747120
Paraguay,PRY,1978,58440080
Paraguay,PRY,1979,73117760
Paraguay,PRY,1980,80734270
Paraguay,PRY,1981,72081980
Paraguay,PRY,1982,75322770
Paraguay,PRY,1983,79833090
Paraguay,PRY,1984,82417060
Paraguay,PRY,1985,110039600
Paraguay,PRY,1986,96685576
Paraguay,PRY,1987,71230340
Paraguay,PRY,1988,59019384
Paraguay,PRY,1989,51437096
Paraguay,PRY,1990,46530936
Paraguay,PRY,1991,63556784
Paraguay,PRY,1992,43012730
Paraguay,PRY,1993,42887350
Paraguay,PRY,1994,94692370
Paraguay,PRY,1995,157120930
Paraguay,PRY,1996,97268960
Paraguay,PRY,1997,113884264
Paraguay,PRY,1998,102154936
Paraguay,PRY,1999,81053700
Paraguay,PRY,2000,75700980
Paraguay,PRY,2001,64404620
Paraguay,PRY,2002,55291360
Paraguay,PRY,2003,64597704
Paraguay,PRY,2004,66775028
Paraguay,PRY,2005,67291550
Paraguay,PRY,2006,69517630
Paraguay,PRY,2007,68842220
Paraguay,PRY,2008,90301940
Paraguay,PRY,2009,88888720
Paraguay,PRY,2010,83960260
Paraguay,PRY,2011,93205064
Paraguay,PRY,2012,83019880
Paraguay,PRY,2013,81143720
Paraguay,PRY,2014,82312870
Paraguay,PRY,2015,55771780
Paraguay,PRY,2016,46575050
Paraguay,PRY,2017,54046264
Paraguay,PRY,2018,42638092
Paraguay,PRY,2019,36605744
Paraguay,PRY,2020,32353100
Paraguay,PRY,2021,32155044
Paraguay,PRY,2022,30454096
Peru,PER,1884,24488086
Peru,PER,1885,26122452
Peru,PER,1886,23884662
Peru,PER,1887,30406146
Peru,PER,1888,27776674
Peru,PER,1889,26101162
Peru,PER,1890,23820654
Peru,PER,1891,24760946
Peru,PER,1892,23911850
Peru,PER,1893,24513552
Peru,PER,1894,23442346
Peru,PER,1895,22221024
Peru,PER,1896,21431580
Peru,PER,1897,24151146
Peru,PER,1898,21626540
Peru,PER,1899,22320062
Peru,PER,1900,20787632
Peru,PER,1901,20018924
Peru,PER,1902,18402808
Peru,PER,1903,17518426
Peru,PER,1904,16349207
Peru,PER,1905,16927792
Peru,PER,1906,15768903
Peru,PER,1907,17780880
Peru,PER,1908,15892746
Peru,PER,1909,17368386
Peru,PER,1910,18326960
Peru,PER,1911,18171938
Peru,PER,1912,16521123
Peru,PER,1913,17529858
Peru,PER,1914,16916504
Peru,PER,1915,15922718
Peru,PER,1916,17010120
Peru,PER,1917,16329679
Peru,PER,1918,17126672
Peru,PER,1919,16866456
Peru,PER,1920,17289352
Peru,PER,1921,20910044
Peru,PER,1922,21756210
Peru,PER,1923,22103154
Peru,PER,1924,22154194
Peru,PER,1925,23254308
Peru,PER,1926,25071396
Peru,PER,1927,23471218
Peru,PER,1928,25050816
Peru,PER,1929,25851840
Peru,PER,1930,28860176
Peru,PER,1931,33154060
Peru,PER,1932,32601376
Peru,PER,1933,37490260
Peru,PER,1934,36593876
Peru,PER,1935,39901344
Peru,PER,1936,37089532
Peru,PER,1937,41373892
Peru,PER,1938,39602510
Peru,PER,1939,37735976
Peru,PER,1940,31177204
Peru,PER,1941,26174384
Peru,PER,1942,24988364
Peru,PER,1943,23834292
Peru,PER,1944,23660992
Peru,PER,1945,21025016
Peru,PER,1946,20618888
Peru,PER,1947,22283518
Peru,PER,1948,21060936
Peru,PER,1949,19278260
Peru,PER,1950,24960800
Peru,PER,1951,27930132
Peru,PER,1952,30719068
Peru,PER,1953,35867210
Peru,PER,1954,41907788
Peru,PER,1955,39294236
Peru,PER,1956,40827704
Peru,PER,1957,43981190
Peru,PER,1958,53695536
Peru,PER,1959,57816708
Peru,PER,1960,64549510
Peru,PER,1961,60371444
Peru,PER,1962,86611020
Peru,PER,1963,102474290
Peru,PER,1964,97952580
Peru,PER,1965,71110440
Peru,PER,1966,58767936
Peru,PER,1967,56374230
Peru,PER,1968,53721480
Peru,PER,1969,61301516
Peru,PER,1970,64937332
Peru,PER,1971,86460240
Peru,PER,1972,97488590
Peru,PER,1973,76211390
Peru,PER,1974,67886130
Peru,PER,1975,69355580
Peru,PER,1976,80205384
Peru,PER,1977,82423140
Peru,PER,1978,74208210
Peru,PER,1979,71487260
Peru,PER,1980,70282540
Peru,PER,1981,67223360
Peru,PER,1982,69662696
Peru,PER,1983,63380850
Peru,PER,1984,63805184
Peru,PER,1985,58921950
Peru,PER,1986,57284904
Peru,PER,1987,57635180
Peru,PER,1988,53552460
Peru,PER,1989,93312820
Peru,PER,1990,74676230
Peru,PER,1991,68386150
Peru,PER,1992,75856930
Peru,PER,1993,118764740
Peru,PER,1994,112288136
Peru,PER,1995,111161700
Peru,PER,1996,109215630
Peru,PER,1997,115109060
Peru,PER,1998,144702780
Peru,PER,1999,141017150
Peru,PER,2000,131203870
Peru,PER,2001,95232060
Peru,PER,2002,83695544
Peru,PER,2003,157494620
Peru,PER,2004,134151624
Peru,PER,2005,121447750
Peru,PER,2006,104310180
Peru,PER,2007,105929580
Peru,PER,2008,104055820
Peru,PER,2009,93029090
Peru,PER,2010,88670400
Peru,PER,2011,99454940
Peru,PER,2012,93481070
Peru,PER,2013,62901524
Peru,PER,2014,64069812
Peru,PER,2015,82245690
Peru,PER,2016,72356430
Peru,PER,2017,58308170
Peru,PER,2018,53348050
Peru,PER,2019,51250656
Peru,PER,2020,31901650
Peru,PER,2021,38756184
Peru,PER,2022,40699276
Philippines,PHL,1907,101281496
Philippines,PHL,1908,93762160
Philippines,PHL,1909,89082760
Philippines,PHL,1910,99515740
Philippines,PHL,1911,100149100
Philippines,PHL,1912,113696480
Philippines,PHL,1913,112820750
Philippines,PHL,1914,111280370
Philippines,PHL,1915,115282850
Philippines,PHL,1916,105772760
Philippines,PHL,1917,103939544
Philippines,PHL,1918,114172260
Philippines,PHL,1919,112828120
Philippines,PHL,1920,103750960
Philippines,PHL,1921,87488070
Philippines,PHL,1922,82940250
Philippines,PHL,1923,77434936
Philippines,PHL,1924,77084000
Philippines,PHL,1925,77773670
Philippines,PHL,1926,79070740
Philippines,PHL,1927,77690210
Philippines,PHL,1928,73120680
Philippines,PHL,1929,75228904
Philippines,PHL,1930,79176980
Philippines,PHL,1931,89606660
Philippines,PHL,1932,96874240
Philippines,PHL,1933,93737590
Philippines,PHL,1934,92276100
Philippines,PHL,1935,93814950
Philippines,PHL,1936,96723860
Philippines,PHL,1937,94968856
Philippines,PHL,1938,93892104
Philippines,PHL,1939,89661890
Philippines,PHL,1940,62004372
Philippines,PHL,1941,45056636
Philippines,PHL,1945,26813508
Philippines,PHL,1946,27855248
Philippines,PHL,1947,25594888
Philippines,PHL,1948,25176812
Philippines,PHL,1949,24897946
Philippines,PHL,1950,81023070
Philippines,PHL,1951,107018950
Philippines,PHL,1952,132940104
Philippines,PHL,1953,165867840
Philippines,PHL,1954,199443760
Philippines,PHL,1955,211837180
Philippines,PHL,1956,222446670
Philippines,PHL,1957,236103800
Philippines,PHL,1958,236832110
Philippines,PHL,1959,246719420
Philippines,PHL,1960,163904720
Philippines,PHL,1961,146466660
Philippines,PHL,1962,136780480
Philippines,PHL,1963,202482030
Philippines,PHL,1964,159182430
Philippines,PHL,1965,114121300
Philippines,PHL,1966,151568800
Philippines,PHL,1967,111372856
Philippines,PHL,1968,99911460
Philippines,PHL,1969,112782300
Philippines,PHL,1970,92365520
Philippines,PHL,1971,135940740
Philippines,PHL,1972,148489230
Philippines,PHL,1973,204170850
Philippines,PHL,1974,260975400
Philippines,PHL,1975,334094430
Philippines,PHL,1976,356799940
Philippines,PHL,1977,251317220
Philippines,PHL,1978,252109920
Philippines,PHL,1979,256703920
Philippines,PHL,1980,192495820
Philippines,PHL,1981,158844370
Philippines,PHL,1982,134792960
Philippines,PHL,1983,125236510
Philippines,PHL,1984,123965890
Philippines,PHL,1985,112201440
Philippines,PHL,1986,98859180
Philippines,PHL,1987,97524850
Philippines,PHL,1988,100038056
Philippines,PHL,1989,95485330
Philippines,PHL,1990,90383640
Philippines,PHL,1991,79378460
Philippines,PHL,1992,76829860
Philippines,PHL,1993,73273510
Philippines,PHL,1994,82841590
Philippines,PHL,1995,105288820
Philippines,PHL,1996,141699340
Philippines,PHL,1997,106133860
Philippines,PHL,1998,96449704
Philippines,PHL,1999,93481256
Philippines,PHL,2000,94994490
Philippines,PHL,2001,90637870
Philippines,PHL,2002,115289860
Philippines,PHL,2003,148438420
Philippines,PHL,2004,104996750
Philippines,PHL,2005,154679550
Philippines,PHL,2006,163108640
Philippines,PHL,2007,181606220
Philippines,PHL,2008,162573280
Philippines,PHL,2009,134548430
Philippines,PHL,2010,172637400
Philippines,PHL,2011,182314080
Philippines,PHL,2012,153047500
Philippines,PHL,2013,158872100
Philippines,PHL,2014,148207680
Philippines,PHL,2015,152834480
Philippines,PHL,2016,157369120
Philippines,PHL,2017,169637040
Philippines,PHL,2018,170469070
Philippines,PHL,2019,169653330
Philippines,PHL,2020,158416350
Philippines,PHL,2021,167484640
Philippines,PHL,2022,174095500
Poland,POL,1850,43905160
Poland,POL,1851,45363692
Poland,POL,1852,46521510
Poland,POL,1853,46631764
Poland,POL,1854,47004576
Poland,POL,1855,47372188
Poland,POL,1856,47488332
Poland,POL,1857,47585830
Poland,POL,1858,47811864
Poland,POL,1859,47095850
Poland,POL,1860,46551012
Poland,POL,1861,45894384
Poland,POL,1862,46410788
Poland,POL,1863,47186130
Poland,POL,1864,47583050
Poland,POL,1865,48416680
Poland,POL,1866,47518084
Poland,POL,1867,48548292
Poland,POL,1868,49264532
Poland,POL,1869,49542450
Poland,POL,1870,53395616
Poland,POL,1871,56125996
Poland,POL,1872,58110530
Poland,POL,1873,59503724
Poland,POL,1874,61527864
Poland,POL,1875,60851052
Poland,POL,1876,60687052
Poland,POL,1877,58918880
Poland,POL,1878,59419932
Poland,POL,1879,61497200
Poland,POL,1880,61924130
Poland,POL,1881,61474700
Poland,POL,1882,62382824
Poland,POL,1883,64836496
Poland,POL,1884,65584096
Poland,POL,1885,66864000
Poland,POL,1886,67352344
Poland,POL,1887,67748900
Poland,POL,1888,70593410
Poland,POL,1889,73540620
Poland,POL,1890,73298210
Poland,POL,1891,76161150
Poland,POL,1892,73834870
Poland,POL,1893,75654856
Poland,POL,1894,76282210
Poland,POL,1895,78892740
Poland,POL,1896,81847750
Poland,POL,1897,83956380
Poland,POL,1898,88371620
Poland,POL,1899,90701440
Poland,POL,1900,92459720
Poland,POL,1901,95859220
Poland,POL,1902,94224700
Poland,POL,1903,97342620
Poland,POL,1904,98127200
Poland,POL,1905,103752860
Poland,POL,1906,107663710
Poland,POL,1907,115507160
Poland,POL,1908,121232856
Poland,POL,1909,123624936
Poland,POL,1910,111833780
Poland,POL,1911,108401160
Poland,POL,1912,111956970
Poland,POL,1913,110567790
Poland,POL,1914,85483096
Poland,POL,1915,77570910
Poland,POL,1916,87002890
Poland,POL,1917,94536770
Poland,POL,1918,71731230
Poland,POL,1919,-31152576
Poland,POL,1920,58800130
Poland,POL,1921,68848940
Poland,POL,1922,75904160
Poland,POL,1923,66572280
Poland,POL,1924,69936020
Poland,POL,1925,77643060
Poland,POL,1926,83615704
Poland,POL,1927,101413550
Poland,POL,1928,108400730
Poland,POL,1929,121687590
Poland,POL,1930,90238690
Poland,POL,1931,79485240
Poland,POL,1932,60389424
Poland,POL,1933,55394424
Poland,POL,1934,52576736
Poland,POL,1935,48125936
Poland,POL,1936,47784204
Poland,POL,1937,50374396
Poland,POL,1938,50760036
Poland,POL,1939,39846148
Poland,POL,1940,148927790
Poland,POL,1941,140907250
Poland,POL,1942,152991420
Poland,POL,1943,164804850
Poland,POL,1944,151333460
Poland,POL,1945,17294364
Poland,POL,1946,58509604
Poland,POL,1947,41926936
Poland,POL,1948,35947500
Poland,POL,1949,49311880
Poland,POL,1950,70336770
Poland,POL,1951,90990460
Poland,POL,1952,106293020
Poland,POL,1953,125813470
Poland,POL,1954,140751520
Poland,POL,1955,152681490
Poland,POL,1956,168406000
Poland,POL,1957,182826290
Poland,POL,1958,180211340
Poland,POL,1959,132730370
Poland,POL,1960,145741010
Poland,POL,1961,153062290
Poland,POL,1962,162098110
Poland,POL,1963,177943730
Poland,POL,1964,187405140
Poland,POL,1965,194165180
Poland,POL,1966,198575100
Poland,POL,1967,207186270
Poland,POL,1968,222120750
Poland,POL,1969,242045140
Poland,POL,1970,254185890
Poland,POL,1971,262865950
Poland,POL,1972,280944000
Poland,POL,1973,288355000
Poland,POL,1974,301590460
Poland,POL,1975,332065280
Poland,POL,1976,356898140
Poland,POL,1977,378013280
Poland,POL,1978,391738080
Poland,POL,1979,403535100
Poland,POL,1980,425225730
Poland,POL,1981,372572600
Poland,POL,1982,386478880
Poland,POL,1983,394360320
Poland,POL,1984,403608500
Poland,POL,1985,415871940
Poland,POL,1986,424925570
Poland,POL,1987,437027330
Poland,POL,1988,418654850
Poland,POL,1989,397780740
Poland,POL,1990,352878900
Poland,POL,1991,350700480
Poland,POL,1992,342740830
Poland,POL,1993,344584580
Poland,POL,1994,343585800
Poland,POL,1995,339115700
Poland,POL,1996,355996260
Poland,POL,1997,348274900
Poland,POL,1998,325121150
Poland,POL,1999,312867780
Poland,POL,2000,289561400
Poland,POL,2001,271944200
Poland,POL,2002,254788380
Poland,POL,2003,282706530
Poland,POL,2004,273242780
Poland,POL,2005,280991800
Poland,POL,2006,281833400
Poland,POL,2007,297112200
Poland,POL,2008,287912770
Poland,POL,2009,248021040
Poland,POL,2010,296560930
Poland,POL,2011,278600800
Poland,POL,2012,268242850
Poland,POL,2013,269394530
Poland,POL,2014,256396580
Poland,POL,2015,260743420
Poland,POL,2016,274659170
Poland,POL,2017,289334820
Poland,POL,2018,298163740
Poland,POL,2019,277587800
Poland,POL,2020,263564030
Poland,POL,2021,293902430
Poland,POL,2022,287777340
Portugal,PRT,1870,4346750
Portugal,PRT,1871,4442966.5
Portugal,PRT,1872,4992053.5
Portugal,PRT,1873,5255275
Portugal,PRT,1874,5114321.5
Portugal,PRT,1875,5792674
Portugal,PRT,1876,5814768
Portugal,PRT,1877,5369042
Portugal,PRT,1878,5370947.5
Portugal,PRT,1879,5448807.5
Portugal,PRT,1880,5971477.5
Portugal,PRT,1881,6145774
Portugal,PRT,1882,6453476.5
Portugal,PRT,1883,6593258
Portugal,PRT,1884,6736410.5
Portugal,PRT,1885,6717541
Portugal,PRT,1886,6900338
Portugal,PRT,1887,7039240
Portugal,PRT,1888,7155572
Portugal,PRT,1889,7415386
Portugal,PRT,1890,7023412
Portugal,PRT,1891,6904038.5
Portugal,PRT,1892,6743079
Portugal,PRT,1893,6479747
Portugal,PRT,1894,6674525.5
Portugal,PRT,1895,6524265
Portugal,PRT,1896,6502684
Portugal,PRT,1897,6532912
Portugal,PRT,1898,6746816.5
Portugal,PRT,1899,6746889.5
Portugal,PRT,1900,7611153.5
Portugal,PRT,1901,7758776.5
Portugal,PRT,1902,8127448.5
Portugal,PRT,1903,8120780
Portugal,PRT,1904,8255615
Portugal,PRT,1905,8257373.5
Portugal,PRT,1906,8677268
Portugal,PRT,1907,8985118
Portugal,PRT,1908,8994570
Portugal,PRT,1909,9070232
Portugal,PRT,1910,7969310
Portugal,PRT,1911,7309130.5
Portugal,PRT,1912,7440888
Portugal,PRT,1913,7340384.5
Portugal,PRT,1914,6587395.5
Portugal,PRT,1915,6068317
Portugal,PRT,1916,5764461
Portugal,PRT,1917,4247199
Portugal,PRT,1918,3555142.5
Portugal,PRT,1919,4433330
Portugal,PRT,1920,5941396
Portugal,PRT,1921,6681743.5
Portugal,PRT,1922,7914240
Portugal,PRT,1923,7949597.5
Portugal,PRT,1924,8567458
Portugal,PRT,1925,8887362
Portugal,PRT,1926,9107165
Portugal,PRT,1927,9788596
Portugal,PRT,1928,10314046
Portugal,PRT,1929,10468974
Portugal,PRT,1930,11617828
Portugal,PRT,1931,11645492
Portugal,PRT,1932,11442673
Portugal,PRT,1933,12337353
Portugal,PRT,1934,12684427
Portugal,PRT,1935,13178876
Portugal,PRT,1936,13115076
Portugal,PRT,1937,14102173
Portugal,PRT,1938,13474756
Portugal,PRT,1939,14244223
Portugal,PRT,1940,12065845
Portugal,PRT,1941,11463776
Portugal,PRT,1942,10465712
Portugal,PRT,1943,10197368
Portugal,PRT,1944,10416173
Portugal,PRT,1945,10389302
Portugal,PRT,1946,10772428
Portugal,PRT,1947,12363616
Portugal,PRT,1948,12034622
Portugal,PRT,1949,12297645
Portugal,PRT,1950,10784278
Portugal,PRT,1951,10022923
Portugal,PRT,1952,9768836
Portugal,PRT,1953,10257875
Portugal,PRT,1954,9938894
Portugal,PRT,1955,10368134
Portugal,PRT,1956,10709222
Portugal,PRT,1957,10965551
Portugal,PRT,1958,10332086
Portugal,PRT,1959,12068390
Portugal,PRT,1960,10225923
Portugal,PRT,1961,10916629
Portugal,PRT,1962,10991124
Portugal,PRT,1963,11645762
Portugal,PRT,1964,12688059
Portugal,PRT,1965,13215428
Portugal,PRT,1966,13596855
Portugal,PRT,1967,13757985
Portugal,PRT,1968,15051046
Portugal,PRT,1969,16294698
Portugal,PRT,1970,17324560
Portugal,PRT,1971,18262322
Portugal,PRT,1972,20150046
Portugal,PRT,1973,21809714
Portugal,PRT,1974,22513566
Portugal,PRT,1975,23193360
Portugal,PRT,1976,24324634
Portugal,PRT,1977,24595808
Portugal,PRT,1978,24737012
Portugal,PRT,1979,26906724
Portugal,PRT,1980,28750958
Portugal,PRT,1981,28856076
Portugal,PRT,1982,30779044
Portugal,PRT,1983,31704314
Portugal,PRT,1984,30613608
Portugal,PRT,1985,29019414
Portugal,PRT,1986,32266314
Portugal,PRT,1987,33243442
Portugal,PRT,1988,34339536
Portugal,PRT,1989,41586828
Portugal,PRT,1990,45271564
Portugal,PRT,1991,46366268
Portugal,PRT,1992,51256508
Portugal,PRT,1993,47185028
Portugal,PRT,1994,46727996
Portugal,PRT,1995,45346844
Portugal,PRT,1996,40047760
Portugal,PRT,1997,49044430
Portugal,PRT,1998,53203570
Portugal,PRT,1999,70105050
Portugal,PRT,2000,61759520
Portugal,PRT,2001,62656240
Portugal,PRT,2002,63718480
Portugal,PRT,2003,57377636
Portugal,PRT,2004,54381800
Portugal,PRT,2005,59168950
Portugal,PRT,2006,52867704
Portugal,PRT,2007,58825564
Portugal,PRT,2008,53888244
Portugal,PRT,2009,49436840
Portugal,PRT,2010,46088864
Portugal,PRT,2011,46843420
Portugal,PRT,2012,47814944
Portugal,PRT,2013,44078150
Portugal,PRT,2014,43454644
Portugal,PRT,2015,47455590
Portugal,PRT,2016,45639820
Portugal,PRT,2017,49864890
Portugal,PRT,2018,45512344
Portugal,PRT,2019,41229924
Portugal,PRT,2020,35079884
Portugal,PRT,2021,33117320
Portugal,PRT,2022,34630460
Qatar,QAT,1949,268974.25
Qatar,QAT,1950,362955.84
Qatar,QAT,1951,399888.97
Qatar,QAT,1952,203645.12
Qatar,QAT,1953,372958.56
Qatar,QAT,1954,611778.06
Qatar,QAT,1955,418795.2
Qatar,QAT,1956,503983.16
Qatar,QAT,1957,306713.44
Qatar,QAT,1958,159347.36
Qatar,QAT,1959,154364.31
Qatar,QAT,1960,152019.36
Qatar,QAT,1961,141027.36
Qatar,QAT,1962,173417.12
Qatar,QAT,1963,6118953.5
Qatar,QAT,1964,6256610
Qatar,QAT,1965,6276688.5
Qatar,QAT,1966,6263534.5
Qatar,QAT,1967,6675185
Qatar,QAT,1968,7068332.5
Qatar,QAT,1969,7160750
Qatar,QAT,1970,7556509.5
Qatar,QAT,1971,9139797
Qatar,QAT,1972,10771378
Qatar,QAT,1973,12474368
Qatar,QAT,1974,10485240
Qatar,QAT,1975,10949979
Qatar,QAT,1976,10374713
Qatar,QAT,1977,9914820
Qatar,QAT,1978,10537545
Qatar,QAT,1979,14392272
Qatar,QAT,1980,13126428
Qatar,QAT,1981,12886008
Qatar,QAT,1982,12381552
Qatar,QAT,1983,11289204
Qatar,QAT,1984,12324817
Qatar,QAT,1985,12417489
Qatar,QAT,1986,13313038
Qatar,QAT,1987,11499178
Qatar,QAT,1988,11910265
Qatar,QAT,1989,14324100
Qatar,QAT,1990,11430579
Qatar,QAT,1991,17460132
Qatar,QAT,1992,26846952
Qatar,QAT,1993,30725272
Qatar,QAT,1994,32368256
Qatar,QAT,1995,33176612
Qatar,QAT,1996,34447012
Qatar,QAT,1997,42198140
Qatar,QAT,1998,36902824
Qatar,QAT,1999,36261660
Qatar,QAT,2000,40336484
Qatar,QAT,2001,45819110
Qatar,QAT,2002,45071372
Qatar,QAT,2003,46519428
Qatar,QAT,2004,47321510
Qatar,QAT,2005,47578010
Qatar,QAT,2006,59640740
Qatar,QAT,2007,59428916
Qatar,QAT,2008,61643690
Qatar,QAT,2009,65105948
Qatar,QAT,2010,73428136
Qatar,QAT,2011,81524680
Qatar,QAT,2012,93378040
Qatar,QAT,2013,82828530
Qatar,QAT,2014,91189656
Qatar,QAT,2015,91192630
Qatar,QAT,2016,87382984
Qatar,QAT,2017,100104080
Qatar,QAT,2018,95454710
Qatar,QAT,2019,101008430
Qatar,QAT,2020,102491190
Qatar,QAT,2021,107207150
Qatar,QAT,2022,101328450
Romania,ROU,1858,24833310
Romania,ROU,1859,24965432
Romania,ROU,1860,24544440
Romania,ROU,1861,24396890
Romania,ROU,1862,24333980
Romania,ROU,1863,23883124
Romania,ROU,1864,24007664
Romania,ROU,1865,24330498
Romania,ROU,1866,24193428
Romania,ROU,1867,24187420
Romania,ROU,1868,24310602
Romania,ROU,1869,23761992
Romania,ROU,1870,23731802
Romania,ROU,1871,23739460
Romania,ROU,1872,24019976
Romania,ROU,1873,24186686
Romania,ROU,1874,23792404
Romania,ROU,1875,23456196
Romania,ROU,1876,23551314
Romania,ROU,1877,23633422
Romania,ROU,1878,23293220
Romania,ROU,1879,23299596
Romania,ROU,1880,22703536
Romania,ROU,1881,22428920
Romania,ROU,1882,22254880
Romania,ROU,1883,22205196
Romania,ROU,1884,22068308
Romania,ROU,1885,22196182
Romania,ROU,1886,22082012
Romania,ROU,1887,22126676
Romania,ROU,1888,22003932
Romania,ROU,1889,21576454
Romania,ROU,1890,21605436
Romania,ROU,1891,21777460
Romania,ROU,1892,21876608
Romania,ROU,1893,22085786
Romania,ROU,1894,21417216
Romania,ROU,1895,21064850
Romania,ROU,1896,21181108
Romania,ROU,1897,21304694
Romania,ROU,1898,21324956
Romania,ROU,1899,21154324
Romania,ROU,1900,23019006
Romania,ROU,1901,24016054
Romania,ROU,1902,24536488
Romania,ROU,1903,25520126
Romania,ROU,1904,26436346
Romania,ROU,1905,26844992
Romania,ROU,1906,27785540
Romania,ROU,1907,29204022
Romania,ROU,1908,29403674
Romania,ROU,1909,29722002
Romania,ROU,1910,24455514
Romania,ROU,1911,23532956
Romania,ROU,1912,22456180
Romania,ROU,1913,22257774
Romania,ROU,1914,20009616
Romania,ROU,1915,18613632
Romania,ROU,1916,15977348
Romania,ROU,1917,14751081
Romania,ROU,1918,15098684
Romania,ROU,1919,15863214
Romania,ROU,1920,31321960
Romania,ROU,1921,37748616
Romania,ROU,1922,42646616
Romania,ROU,1923,46747692
Romania,ROU,1924,50637030
Romania,ROU,1925,55111908
Romania,ROU,1926,59766876
Romania,ROU,1927,63731870
Romania,ROU,1928,67506136
Romania,ROU,1929,71069256
Romania,ROU,1930,61969280
Romania,ROU,1931,60500890
Romania,ROU,1932,59441824
Romania,ROU,1933,57695710
Romania,ROU,1934,60592670
Romania,ROU,1935,59132816
Romania,ROU,1936,59801264
Romania,ROU,1937,53810080
Romania,ROU,1938,51248680
Romania,ROU,1939,48965720
Romania,ROU,1940,47162500
Romania,ROU,1941,45367720
Romania,ROU,1942,46013410
Romania,ROU,1943,44821188
Romania,ROU,1944,37129412
Romania,ROU,1945,40830384
Romania,ROU,1946,39493490
Romania,ROU,1947,37625828
Romania,ROU,1948,44284776
Romania,ROU,1949,44024510
Romania,ROU,1950,55397104
Romania,ROU,1951,60631336
Romania,ROU,1952,66801080
Romania,ROU,1953,71313520
Romania,ROU,1954,75491890
Romania,ROU,1955,80088060
Romania,ROU,1956,84665656
Romania,ROU,1957,90205640
Romania,ROU,1958,92768230
Romania,ROU,1959,91591950
Romania,ROU,1960,92610660
Romania,ROU,1961,97556930
Romania,ROU,1962,99256500
Romania,ROU,1963,101398380
Romania,ROU,1964,104300120
Romania,ROU,1965,109909624
Romania,ROU,1966,111429170
Romania,ROU,1967,129983680
Romania,ROU,1968,127393864
Romania,ROU,1969,133990790
Romania,ROU,1970,140942640
Romania,ROU,1971,145244000
Romania,ROU,1972,148477920
Romania,ROU,1973,162906340
Romania,ROU,1974,168177060
Romania,ROU,1975,178068670
Romania,ROU,1976,189169940
Romania,ROU,1977,191435000
Romania,ROU,1978,205192480
Romania,ROU,1979,205886800
Romania,ROU,1980,204879220
Romania,ROU,1981,207691890
Romania,ROU,1982,206649170
Romania,ROU,1983,211444830
Romania,ROU,1984,202633150
Romania,ROU,1985,206906530
Romania,ROU,1986,218182980
Romania,ROU,1987,225606880
Romania,ROU,1988,210756820
Romania,ROU,1989,212485620
Romania,ROU,1990,177425420
Romania,ROU,1991,139754200
Romania,ROU,1992,129269440
Romania,ROU,1993,119015100
Romania,ROU,1994,121097784
Romania,ROU,1995,123620080
Romania,ROU,1996,129114456
Romania,ROU,1997,115396800
Romania,ROU,1998,106512140
Romania,ROU,1999,94211170
Romania,ROU,2000,92559150
Romania,ROU,2001,99130830
Romania,ROU,2002,102199480
Romania,ROU,2003,91553256
Romania,ROU,2004,98321430
Romania,ROU,2005,90714540
Romania,ROU,2006,85940460
Romania,ROU,2007,94504696
Romania,ROU,2008,95683450
Romania,ROU,2009,111431430
Romania,ROU,2010,85428520
Romania,ROU,2011,83545980
Romania,ROU,2012,90228700
Romania,ROU,2013,72906380
Romania,ROU,2014,73470000
Romania,ROU,2015,65545440
Romania,ROU,2016,62549988
Romania,ROU,2017,64551180
Romania,ROU,2018,63898640
Romania,ROU,2019,59272160
Romania,ROU,2020,55822650
Romania,ROU,2021,57955756
Romania,ROU,2022,53124204
Russia,RUS,1850,586860860
Russia,RUS,1855,639264000
Russia,RUS,1858,647547600
Russia,RUS,1859,644828860
Russia,RUS,1860,599658100
Russia,RUS,1861,606647040
Russia,RUS,1862,596745340
Russia,RUS,1863,590322300
Russia,RUS,1864,589448100
Russia,RUS,1865,579511040
Russia,RUS,1866,591547200
Russia,RUS,1867,592136000
Russia,RUS,1868,585358200
Russia,RUS,1869,589019100
Russia,RUS,1870,640923260
Russia,RUS,1871,665675970
Russia,RUS,1872,684147700
Russia,RUS,1873,694696100
Russia,RUS,1874,711199300
Russia,RUS,1875,724666700
Russia,RUS,1876,729904500
Russia,RUS,1877,735132860
Russia,RUS,1878,769709400
Russia,RUS,1879,756760300
Russia,RUS,1880,786993500
Russia,RUS,1881,805697600
Russia,RUS,1882,820784000
Russia,RUS,1883,829387650
Russia,RUS,1884,843812860
Russia,RUS,1885,855984200
Russia,RUS,1886,862706200
Russia,RUS,1887,873189570
Russia,RUS,1888,881751900
Russia,RUS,1889,887874560
Russia,RUS,1890,1023962100
Russia,RUS,1891,1023248000
Russia,RUS,1892,1033956700
Russia,RUS,1893,1040507500
Russia,RUS,1894,1041770560
Russia,RUS,1895,1060429300
Russia,RUS,1896,1059054700
Russia,RUS,1897,1069730800
Russia,RUS,1898,1079239600
Russia,RUS,1899,1093757200
Russia,RUS,1900,1168449400
Russia,RUS,1901,1236959400
Russia,RUS,1902,1285538300
Russia,RUS,1903,1325624600
Russia,RUS,1904,1389324500
Russia,RUS,1905,1409264600
Russia,RUS,1906,1455162800
Russia,RUS,1907,1503149000
Russia,RUS,1908,1524584700
Russia,RUS,1909,1568410000
Russia,RUS,1910,1208816400
Russia,RUS,1911,1086881900
Russia,RUS,1912,1023049400
Russia,RUS,1913,948762800
Russia,RUS,1914,881279800
Russia,RUS,1915,809017600
Russia,RUS,1916,767831940
Russia,RUS,1917,708976900
Russia,RUS,1918,618622340
Russia,RUS,1919,567051200
Russia,RUS,1920,718756540
Russia,RUS,1921,771419400
Russia,RUS,1922,804567550
Russia,RUS,1923,821934500
Russia,RUS,1924,847856700
Russia,RUS,1925,869843900
Russia,RUS,1926,900136770
Russia,RUS,1927,925704200
Russia,RUS,1928,945782140
Russia,RUS,1929,966424900
Russia,RUS,1930,1237310300
Russia,RUS,1931,1336196700
Russia,RUS,1932,1420965200
Russia,RUS,1933,1487862700
Russia,RUS,1934,1578002700
Russia,RUS,1935,1638114400
Russia,RUS,1936,1718359600
Russia,RUS,1937,1748911900
Russia,RUS,1938,1785143200
Russia,RUS,1939,1823663200
Russia,RUS,1940,1393144800
Russia,RUS,1941,1172623100
Russia,RUS,1942,891893250
Russia,RUS,1943,748246850
Russia,RUS,1944,678823500
Russia,RUS,1945,558040300
Russia,RUS,1946,472147070
Russia,RUS,1947,416430800
Russia,RUS,1948,323988700
Russia,RUS,1949,263098180
Russia,RUS,1950,611188400
Russia,RUS,1951,763184100
Russia,RUS,1952,890461500
Russia,RUS,1953,1010362100
Russia,RUS,1954,1117660500
Russia,RUS,1955,1275857500
Russia,RUS,1956,1407488600
Russia,RUS,1957,1520722400
Russia,RUS,1958,1613484500
Russia,RUS,1959,2168480300
Russia,RUS,1960,1724478200
Russia,RUS,1961,1800839200
Russia,RUS,1962,1482206500
Russia,RUS,1963,1506725400
Russia,RUS,1964,1553272400
Russia,RUS,1965,1573088800
Russia,RUS,1966,1626556800
Russia,RUS,1967,1664468500
Russia,RUS,1968,1722062600
Russia,RUS,1969,1751151200
Russia,RUS,1970,2001280300
Russia,RUS,1971,1927966600
Russia,RUS,1972,1999459200
Russia,RUS,1973,2096448800
Russia,RUS,1974,2126884900
Russia,RUS,1975,2214316500
Russia,RUS,1976,2290843000
Russia,RUS,1977,2339011000
Russia,RUS,1978,2382932700
Russia,RUS,1979,2403786800
Russia,RUS,1980,2625371000
Russia,RUS,1981,2472928500
Russia,RUS,1982,2512231400
Russia,RUS,1983,2536980700
Russia,RUS,1984,2545466600
Russia,RUS,1985,2687959300
Russia,RUS,1986,2689625900
Russia,RUS,1987,2696250600
Russia,RUS,1988,2761133800
Russia,RUS,1989,2731104300
Russia,RUS,1990,2872004600
Russia,RUS,1991,2696628000
Russia,RUS,1992,2130535700
Russia,RUS,1993,1993964300
Russia,RUS,1994,1729110500
Russia,RUS,1995,1631962400
Russia,RUS,1996,2027621000
Russia,RUS,1997,1522873600
Russia,RUS,1998,1486282100
Russia,RUS,1999,1528843800
Russia,RUS,2000,1461905700
Russia,RUS,2001,1476142500
Russia,RUS,2002,1444950000
Russia,RUS,2003,1502014000
Russia,RUS,2004,1504362600
Russia,RUS,2005,1542980500
Russia,RUS,2006,1645697700
Russia,RUS,2007,1685477800
Russia,RUS,2008,1686184300
Russia,RUS,2009,1753453700
Russia,RUS,2010,2011365900
Russia,RUS,2011,1782149200
Russia,RUS,2012,2039685200
Russia,RUS,2013,1859798300
Russia,RUS,2014,1736803100
Russia,RUS,2015,2040581800
Russia,RUS,2016,2051961300
Russia,RUS,2017,2099360300
Russia,RUS,2018,2158138400
Russia,RUS,2019,1979891000
Russia,RUS,2020,1906014700
Russia,RUS,2021,2009503000
Russia,RUS,2022,1965206800
Rwanda,RWA,1950,10047054
Rwanda,RWA,1951,9644014
Rwanda,RWA,1952,9589578
Rwanda,RWA,1953,10105113
Rwanda,RWA,1954,10348439
Rwanda,RWA,1955,11136556
Rwanda,RWA,1956,10781833
Rwanda,RWA,1957,10713452
Rwanda,RWA,1958,10518344
Rwanda,RWA,1959,10133494
Rwanda,RWA,1960,8393297
Rwanda,RWA,1961,7733060.5
Rwanda,RWA,1962,8105574
Rwanda,RWA,1963,7735143.5
Rwanda,RWA,1964,7398386
Rwanda,RWA,1965,6474178
Rwanda,RWA,1966,6002878
Rwanda,RWA,1967,5312104
Rwanda,RWA,1968,5573310.5
Rwanda,RWA,1969,5233914
Rwanda,RWA,1970,7183345.5
Rwanda,RWA,1971,8682251
Rwanda,RWA,1972,6398736
Rwanda,RWA,1973,9458067
Rwanda,RWA,1974,8485091
Rwanda,RWA,1975,8050797.5
Rwanda,RWA,1976,7843378.5
Rwanda,RWA,1977,7445284.5
Rwanda,RWA,1978,6589960.5
Rwanda,RWA,1979,6462416.5
Rwanda,RWA,1980,9335616
Rwanda,RWA,1981,7778965
Rwanda,RWA,1982,6563213.5
Rwanda,RWA,1983,6107521.5
Rwanda,RWA,1984,6928990
Rwanda,RWA,1985,6605606
Rwanda,RWA,1986,5438219
Rwanda,RWA,1987,4797978.5
Rwanda,RWA,1988,4274600
Rwanda,RWA,1989,4549657
Rwanda,RWA,1990,3838648.2
Rwanda,RWA,1991,3538061.2
Rwanda,RWA,1992,564674
Rwanda,RWA,1993,-645493.75
Rwanda,RWA,1994,-137380.69
Rwanda,RWA,1995,2042079.1
Rwanda,RWA,1996,3120109.2
Rwanda,RWA,1997,3219792.5
Rwanda,RWA,1998,4179853.5
Rwanda,RWA,1999,5218882
Rwanda,RWA,2000,8495801
Rwanda,RWA,2001,9530285
Rwanda,RWA,2002,6605251
Rwanda,RWA,2003,5919362.5
Rwanda,RWA,2004,4223398
Rwanda,RWA,2005,4028509
Rwanda,RWA,2006,4101143.2
Rwanda,RWA,2007,3889570.8
Rwanda,RWA,2008,3514785
Rwanda,RWA,2009,3689038.2
Rwanda,RWA,2010,3963508.5
Rwanda,RWA,2011,4334548
Rwanda,RWA,2012,4540091
Rwanda,RWA,2013,3242577.8
Rwanda,RWA,2014,3004424.5
Rwanda,RWA,2015,2808998
Rwanda,RWA,2016,2770303
Rwanda,RWA,2017,2412333
Rwanda,RWA,2018,2413603.8
Rwanda,RWA,2019,2326400
Rwanda,RWA,2020,2241720
Rwanda,RWA,2021,2305407.8
Rwanda,RWA,2022,2198046.8
Saint Kitts and Nevis,KNA,1981,-2967.8398
Saint Kitts and Nevis,KNA,1982,11578.238
Saint Kitts and Nevis,KNA,1983,-27076.96
Saint Kitts and Nevis,KNA,1984,-21874.078
Saint Kitts and Nevis,KNA,1985,-44334.4
Saint Kitts and Nevis,KNA,1986,-30557.758
Saint Kitts and Nevis,KNA,1987,-28542.562
Saint Kitts and Nevis,KNA,1988,-12494.242
Saint Kitts and Nevis,KNA,1989,-43015.36
Saint Kitts and Nevis,KNA,1990,19236
Saint Kitts and Nevis,KNA,1991,29275.36
Saint Kitts and Nevis,KNA,1992,39424.64
Saint Kitts and Nevis,KNA,1993,-13117.117
Saint Kitts and Nevis,KNA,1994,8170.7188
Saint Kitts and Nevis,KNA,1995,-29971.508
Saint Kitts and Nevis,KNA,1996,3151.039
Saint Kitts and Nevis,KNA,1997,28176.164
Saint Kitts and Nevis,KNA,1998,178253.6
Saint Kitts and Nevis,KNA,1999,92772.48
Saint Kitts and Nevis,KNA,2000,92479.36
Saint Kitts and Nevis,KNA,2001,74415.836
Saint Kitts and Nevis,KNA,2002,103434.73
Saint Kitts and Nevis,KNA,2003,107794.88
Saint Kitts and Nevis,KNA,2004,35174.406
Saint Kitts and Nevis,KNA,2005,35980.484
Saint Kitts and Nevis,KNA,2006,59173.61
Saint Kitts and Nevis,KNA,2007,78592.81
Saint Kitts and Nevis,KNA,2008,114939.68
Saint Kitts and Nevis,KNA,2009,153008.64
Saint Kitts and Nevis,KNA,2010,188512.8
Saint Kitts and Nevis,KNA,2011,165099.84
Saint Kitts and Nevis,KNA,2012,163854.08
Saint Kitts and Nevis,KNA,2013,152568.97
Saint Kitts and Nevis,KNA,2014,159384
Saint Kitts and Nevis,KNA,2015,160190.08
Saint Kitts and Nevis,KNA,2016,174406.4
Saint Kitts and Nevis,KNA,2017,172757.6
Saint Kitts and Nevis,KNA,2018,176714.72
Saint Kitts and Nevis,KNA,2019,185618.22
Saint Kitts and Nevis,KNA,2020,165649.44
Saint Kitts and Nevis,KNA,2021,159415.2
Saint Kitts and Nevis,KNA,2022,163663.6
Saint Lucia,LCA,1950,51479.2
Saint Lucia,LCA,1951,61775.043
Saint Lucia,LCA,1952,65145.92
Saint Lucia,LCA,1953,61921.598
Saint Lucia,LCA,1954,54703.52
Saint Lucia,LCA,1955,50086.88
Saint Lucia,LCA,1956,51662.4
Saint Lucia,LCA,1957,55692.8
Saint Lucia,LCA,1958,63313.918
Saint Lucia,LCA,1959,150150.72
Saint Lucia,LCA,1960,68260.32
Saint Lucia,LCA,1961,55876
Saint Lucia,LCA,1962,349472.3
Saint Lucia,LCA,1963,157771.84
Saint Lucia,LCA,1964,100540.16
Saint Lucia,LCA,1965,89804.64
Saint Lucia,LCA,1966,392487.7
Saint Lucia,LCA,1967,173600.33
Saint Lucia,LCA,1968,121058.56
Saint Lucia,LCA,1969,125601.92
Saint Lucia,LCA,1970,426123.22
Saint Lucia,LCA,1971,217018.72
Saint Lucia,LCA,1972,166748.64
Saint Lucia,LCA,1973,140404.47
Saint Lucia,LCA,1974,160739.69
Saint Lucia,LCA,1975,127507.2
Saint Lucia,LCA,1976,120105.92
Saint Lucia,LCA,1977,99111.2
Saint Lucia,LCA,1978,206869.44
Saint Lucia,LCA,1979,286268.3
Saint Lucia,LCA,1980,267618.56
Saint Lucia,LCA,1981,225482.56
Saint Lucia,LCA,1982,244938.4
Saint Lucia,LCA,1983,264504.16
Saint Lucia,LCA,1984,287587.38
Saint Lucia,LCA,1985,260876.81
Saint Lucia,LCA,1986,191407.36
Saint Lucia,LCA,1987,180415.36
Saint Lucia,LCA,1988,188659.36
Saint Lucia,LCA,1989,174736.16
Saint Lucia,LCA,1990,137180.16
Saint Lucia,LCA,1991,152605.6
Saint Lucia,LCA,1992,178693.28
Saint Lucia,LCA,1993,204048.16
Saint Lucia,LCA,1994,171841.6
Saint Lucia,LCA,1995,175322.4
Saint Lucia,LCA,1996,187816.64
Saint Lucia,LCA,1997,146743.2
Saint Lucia,LCA,1998,207382.4
Saint Lucia,LCA,1999,172867.52
Saint Lucia,LCA,2000,180158.88
Saint Lucia,LCA,2001,176275.03
Saint Lucia,LCA,2002,163048
Saint Lucia,LCA,2003,153008.64
Saint Lucia,LCA,2004,186607.53
Saint Lucia,LCA,2005,162974.72
Saint Lucia,LCA,2006,244718.56
Saint Lucia,LCA,2007,264760.62
Saint Lucia,LCA,2008,358888.8
Saint Lucia,LCA,2009,294255.84
Saint Lucia,LCA,2010,345661.75
Saint Lucia,LCA,2011,356360.62
Saint Lucia,LCA,2012,396224.97
Saint Lucia,LCA,2013,404029.28
Saint Lucia,LCA,2014,376072.97
Saint Lucia,LCA,2015,419491.38
Saint Lucia,LCA,2016,376146.25
Saint Lucia,LCA,2017,383987.2
Saint Lucia,LCA,2018,401391.2
Saint Lucia,LCA,2019,396151.72
Saint Lucia,LCA,2020,380909.44
Saint Lucia,LCA,2021,366212
Saint Lucia,LCA,2022,373841.25
Saint Vincent and the Grenadines,VCT,1950,24951.84
Saint Vincent and the Grenadines,VCT,1951,40890.24
Saint Vincent and the Grenadines,VCT,1952,60419.36
Saint Vincent and the Grenadines,VCT,1953,66758.08
Saint Vincent and the Grenadines,VCT,1954,74818.875
Saint Vincent and the Grenadines,VCT,1955,81084.32
Saint Vincent and the Grenadines,VCT,1956,85078.08
Saint Vincent and the Grenadines,VCT,1957,87129.914
Saint Vincent and the Grenadines,VCT,1958,89768
Saint Vincent and the Grenadines,VCT,1959,104460.64
Saint Vincent and the Grenadines,VCT,1960,56462.24
Saint Vincent and the Grenadines,VCT,1961,41366.562
Saint Vincent and the Grenadines,VCT,1962,315580.3
Saint Vincent and the Grenadines,VCT,1963,134725.28
Saint Vincent and the Grenadines,VCT,1964,89914.56
Saint Vincent and the Grenadines,VCT,1965,67051.2
Saint Vincent and the Grenadines,VCT,1966,60126.24
Saint Vincent and the Grenadines,VCT,1967,52615.04
Saint Vincent and the Grenadines,VCT,1968,51735.68
Saint Vincent and the Grenadines,VCT,1969,55033.28
Saint Vincent and the Grenadines,VCT,1970,49940.32
Saint Vincent and the Grenadines,VCT,1971,46606.08
Saint Vincent and the Grenadines,VCT,1972,17770.4
Saint Vincent and the Grenadines,VCT,1973,22863.36
Saint Vincent and the Grenadines,VCT,1974,16707.84
Saint Vincent and the Grenadines,VCT,1975,16891.04
Saint Vincent and the Grenadines,VCT,1976,216212.64
Saint Vincent and the Grenadines,VCT,1977,89181.766
Saint Vincent and the Grenadines,VCT,1978,337637.6
Saint Vincent and the Grenadines,VCT,1979,141650.25
Saint Vincent and the Grenadines,VCT,1980,100833.28
Saint Vincent and the Grenadines,VCT,1981,46019.84
Saint Vincent and the Grenadines,VCT,1982,308288.97
Saint Vincent and the Grenadines,VCT,1983,141503.69
Saint Vincent and the Grenadines,VCT,1984,114206.875
Saint Vincent and the Grenadines,VCT,1985,365044.3
Saint Vincent and the Grenadines,VCT,1986,185215.19
Saint Vincent and the Grenadines,VCT,1987,146779.84
Saint Vincent and the Grenadines,VCT,1988,114903.04
Saint Vincent and the Grenadines,VCT,1989,75771.52
Saint Vincent and the Grenadines,VCT,1990,77566.88
Saint Vincent and the Grenadines,VCT,1991,74599.04
Saint Vincent and the Grenadines,VCT,1992,70788.48
Saint Vincent and the Grenadines,VCT,1993,87496.32
Saint Vincent and the Grenadines,VCT,1994,103984.32
Saint Vincent and the Grenadines,VCT,1995,76174.57
Saint Vincent and the Grenadines,VCT,1996,121168.484
Saint Vincent and the Grenadines,VCT,1997,138755.69
Saint Vincent and the Grenadines,VCT,1998,135274.88
Saint Vincent and the Grenadines,VCT,1999,106182.72
Saint Vincent and the Grenadines,VCT,2000,83026.234
Saint Vincent and the Grenadines,VCT,2001,116625.12
Saint Vincent and the Grenadines,VCT,2002,125711.836
Saint Vincent and the Grenadines,VCT,2003,138865.6
Saint Vincent and the Grenadines,VCT,2004,163121.28
Saint Vincent and the Grenadines,VCT,2005,165466.23
Saint Vincent and the Grenadines,VCT,2006,169093.6
Saint Vincent and the Grenadines,VCT,2007,266885.75
Saint Vincent and the Grenadines,VCT,2008,252632.8
Saint Vincent and the Grenadines,VCT,2009,345551.84
Saint Vincent and the Grenadines,VCT,2010,230575.52
Saint Vincent and the Grenadines,VCT,2011,199944.48
Saint Vincent and the Grenadines,VCT,2012,227351.2
Saint Vincent and the Grenadines,VCT,2013,496838.4
Saint Vincent and the Grenadines,VCT,2014,313565.1
Saint Vincent and the Grenadines,VCT,2015,240761.44
Saint Vincent and the Grenadines,VCT,2016,226911.52
Saint Vincent and the Grenadines,VCT,2017,190271.52
Saint Vincent and the Grenadines,VCT,2018,209360.95
Saint Vincent and the Grenadines,VCT,2019,190747.84
Saint Vincent and the Grenadines,VCT,2020,206759.52
Saint Vincent and the Grenadines,VCT,2021,195009.25
Saint Vincent and the Grenadines,VCT,2022,195980.12
Samoa,WSM,1950,313711.7
Samoa,WSM,1951,318731.34
Samoa,WSM,1952,327708.16
Samoa,WSM,1953,333240.8
Samoa,WSM,1954,343023.7
Samoa,WSM,1955,350241.75
Samoa,WSM,1956,359328.47
Samoa,WSM,1957,374497.44
Samoa,WSM,1958,384903.2
Samoa,WSM,1959,408389.44
Samoa,WSM,1960,330199.7
Samoa,WSM,1961,336172
Samoa,WSM,1962,285901.94
Samoa,WSM,1963,254171.67
Samoa,WSM,1964,482182.4
Samoa,WSM,1965,381568.94
Samoa,WSM,1966,319097.75
Samoa,WSM,1967,326902.1
Samoa,WSM,1968,283263.84
Samoa,WSM,1969,273993.94
Samoa,WSM,1970,264064.5
Samoa,WSM,1971,238379.84
Samoa,WSM,1972,213867.69
Samoa,WSM,1973,193825.6
Samoa,WSM,1974,233323.52
Samoa,WSM,1975,419015.06
Samoa,WSM,1976,418978.38
Samoa,WSM,1977,369184.66
Samoa,WSM,1978,472033.12
Samoa,WSM,1979,407070.4
Samoa,WSM,1980,496691.84
Samoa,WSM,1981,411577.12
Samoa,WSM,1982,377208.8
Samoa,WSM,1983,349362.4
Samoa,WSM,1984,308985.12
Samoa,WSM,1985,309021.75
Samoa,WSM,1986,248419.2
Samoa,WSM,1987,243252.97
Samoa,WSM,1988,-251753.44
Samoa,WSM,1989,-207748.81
Samoa,WSM,1990,-173270.56
Samoa,WSM,1991,-181844.31
Samoa,WSM,1992,-148795.05
Samoa,WSM,1993,-149454.58
Samoa,WSM,1994,-139635.05
Samoa,WSM,1995,-106439.2
Samoa,WSM,1996,-82330.08
Samoa,WSM,1997,-65768.8
Samoa,WSM,1998,-64523.03
Samoa,WSM,1999,-133296.31
Samoa,WSM,2000,-97902.08
Samoa,WSM,2001,-90134.41
Samoa,WSM,2002,-104533.94
Samoa,WSM,2003,-127580.5
Samoa,WSM,2004,-165869.28
Samoa,WSM,2005,-158504.62
Samoa,WSM,2006,-160556.47
Samoa,WSM,2007,-203974.9
Samoa,WSM,2008,-217275.19
Samoa,WSM,2009,-172940.78
Samoa,WSM,2010,-134578.72
Samoa,WSM,2011,-106292.625
Samoa,WSM,2012,-92992.31
Samoa,WSM,2013,-67087.83
Samoa,WSM,2014,-44334.406
Samoa,WSM,2015,-4726.5625
Samoa,WSM,2016,19089.438
Samoa,WSM,2017,38252.17
Samoa,WSM,2018,41842.875
Samoa,WSM,2019,85078.09
Samoa,WSM,2020,65109.28
Samoa,WSM,2021,84523.81
Samoa,WSM,2022,89997.08
Sao Tome and Principe,STP,1951,-6521.92
Sao Tome and Principe,STP,1952,-15352.16
Sao Tome and Principe,STP,1953,-11358.4
Sao Tome and Principe,STP,1954,19858.88
Sao Tome and Principe,STP,1955,65548.96
Sao Tome and Principe,STP,1956,101382.875
Sao Tome and Principe,STP,1957,129522.4
Sao Tome and Principe,STP,1958,118860.164
Sao Tome and Principe,STP,1959,88998.56
Sao Tome and Principe,STP,1960,52981.438
Sao Tome and Principe,STP,1961,39021.6
Sao Tome and Principe,STP,1962,30740.96
Sao Tome and Principe,STP,1963,20371.84
Sao Tome and Principe,STP,1964,151249.92
Sao Tome and Principe,STP,1965,71081.6
Sao Tome and Principe,STP,1966,46569.44
Sao Tome and Principe,STP,1967,41513.117
Sao Tome and Principe,STP,1968,37849.117
Sao Tome and Principe,STP,1969,34881.28
Sao Tome and Principe,STP,1970,166125.77
Sao Tome and Principe,STP,1971,74562.4
Sao Tome and Principe,STP,1972,50489.92
Sao Tome and Principe,STP,1973,44114.56
Sao Tome and Principe,STP,1974,42978.72
Sao Tome and Principe,STP,1975,38508.64
Sao Tome and Principe,STP,1976,117211.36
Sao Tome and Principe,STP,1977,73023.516
Sao Tome and Principe,STP,1978,64010.08
Sao Tome and Principe,STP,1979,58367.523
Sao Tome and Principe,STP,1980,61335.36
Sao Tome and Principe,STP,1981,64303.2
Sao Tome and Principe,STP,1982,65622.24
Sao Tome and Principe,STP,1983,73023.516
Sao Tome and Principe,STP,1984,202582.56
Sao Tome and Principe,STP,1985,122780.64
Sao Tome and Principe,STP,1986,96876.16
Sao Tome and Principe,STP,1987,87349.766
Sao Tome and Principe,STP,1988,616028.3
Sao Tome and Principe,STP,1989,278280.8
Sao Tome and Principe,STP,1990,185838.08
Sao Tome and Principe,STP,1991,140954.08
Sao Tome and Principe,STP,1992,123660
Sao Tome and Principe,STP,1993,389409.94
Sao Tome and Principe,STP,1994,344745.78
Sao Tome and Principe,STP,1995,214820.33
Sao Tome and Principe,STP,1996,301620.5
Sao Tome and Principe,STP,1997,185398.39
Sao Tome and Principe,STP,1998,539267.5
Sao Tome and Principe,STP,1999,482035.84
Sao Tome and Principe,STP,2000,516807.2
Sao Tome and Principe,STP,2001,296564.2
Sao Tome and Principe,STP,2002,505998.4
Sao Tome and Principe,STP,2003,198442.23
Sao Tome and Principe,STP,2004,128643.04
Sao Tome and Principe,STP,2005,112741.28
Sao Tome and Principe,STP,2006,112301.6
Sao Tome and Principe,STP,2007,74452.484
Sao Tome and Principe,STP,2008,106036.16
Sao Tome and Principe,STP,2009,78116.48
Sao Tome and Principe,STP,2010,217971.38
Sao Tome and Principe,STP,2011,95410.56
Sao Tome and Principe,STP,2012,86323.84
Sao Tome and Principe,STP,2013,70825.125
Sao Tome and Principe,STP,2014,90354.25
Sao Tome and Principe,STP,2015,111239.04
Sao Tome and Principe,STP,2016,120545.6
Sao Tome and Principe,STP,2017,112631.36
Sao Tome and Principe,STP,2018,113034.4
Sao Tome and Principe,STP,2019,117504.48
Sao Tome and Principe,STP,2020,117504.484
Sao Tome and Principe,STP,2021,123685.36
Sao Tome and Principe,STP,2022,113495.32
Saudi Arabia,SAU,1936,-429200.97
Saudi Arabia,SAU,1937,-410038.25
Saudi Arabia,SAU,1938,-230245.75
Saudi Arabia,SAU,1939,1216777.8
Saudi Arabia,SAU,1940,1684487.4
Saudi Arabia,SAU,1941,1332486.9
Saudi Arabia,SAU,1942,1414304
Saudi Arabia,SAU,1943,1498686
Saudi Arabia,SAU,1944,2760457.5
Saudi Arabia,SAU,1945,8306031.5
Saudi Arabia,SAU,1946,24642378
Saudi Arabia,SAU,1947,37215796
Saudi Arabia,SAU,1948,17421440
Saudi Arabia,SAU,1949,17859546
Saudi Arabia,SAU,1950,5095671.5
Saudi Arabia,SAU,1951,243765.9
Saudi Arabia,SAU,1952,429970.38
Saudi Arabia,SAU,1953,1027275.7
Saudi Arabia,SAU,1954,1862557.8
Saudi Arabia,SAU,1955,2786215.5
Saudi Arabia,SAU,1956,2340893
Saudi Arabia,SAU,1957,2857333.8
Saudi Arabia,SAU,1958,2821060.2
Saudi Arabia,SAU,1959,2756423.2
Saudi Arabia,SAU,1960,2958103.2
Saudi Arabia,SAU,1961,4109346.2
Saudi Arabia,SAU,1962,6980972.5
Saudi Arabia,SAU,1963,7992104
Saudi Arabia,SAU,1964,8057378.5
Saudi Arabia,SAU,1965,5291198
Saudi Arabia,SAU,1966,7480218.5
Saudi Arabia,SAU,1967,27095292
Saudi Arabia,SAU,1968,31062404
Saudi Arabia,SAU,1969,37322388
Saudi Arabia,SAU,1970,47475784
Saudi Arabia,SAU,1971,62219120
Saudi Arabia,SAU,1972,73015016
Saudi Arabia,SAU,1973,98414270
Saudi Arabia,SAU,1974,101678600
Saudi Arabia,SAU,1975,86696584
Saudi Arabia,SAU,1976,104819590
Saudi Arabia,SAU,1977,121372504
Saudi Arabia,SAU,1978,118352050
Saudi Arabia,SAU,1979,141372860
Saudi Arabia,SAU,1980,172586700
Saudi Arabia,SAU,1981,178782770
Saudi Arabia,SAU,1982,165501540
Saudi Arabia,SAU,1983,169122060
Saudi Arabia,SAU,1984,165673760
Saudi Arabia,SAU,1985,182288110
Saudi Arabia,SAU,1986,215743200
Saudi Arabia,SAU,1987,200873150
Saudi Arabia,SAU,1988,212778450
Saudi Arabia,SAU,1989,215345520
Saudi Arabia,SAU,1990,220590580
Saudi Arabia,SAU,1991,297466200
Saudi Arabia,SAU,1992,322719460
Saudi Arabia,SAU,1993,344838750
Saudi Arabia,SAU,1994,336683100
Saudi Arabia,SAU,1995,270366850
Saudi Arabia,SAU,1996,265065220
Saudi Arabia,SAU,1997,223118110
Saudi Arabia,SAU,1998,214437390
Saudi Arabia,SAU,1999,232672640
Saudi Arabia,SAU,2000,303579230
Saudi Arabia,SAU,2001,303861120
Saudi Arabia,SAU,2002,334208580
Saudi Arabia,SAU,2003,334596030
Saudi Arabia,SAU,2004,401695460
Saudi Arabia,SAU,2005,402805700
Saudi Arabia,SAU,2006,439565200
Saudi Arabia,SAU,2007,393381440
Saudi Arabia,SAU,2008,438398200
Saudi Arabia,SAU,2009,471410620
Saudi Arabia,SAU,2010,523045300
Saudi Arabia,SAU,2011,501285760
Saudi Arabia,SAU,2012,565071400
Saudi Arabia,SAU,2013,550541000
Saudi Arabia,SAU,2014,616671600
Saudi Arabia,SAU,2015,680356200
Saudi Arabia,SAU,2016,698901060
Saudi Arabia,SAU,2017,684530600
Saudi Arabia,SAU,2018,690383100
Saudi Arabia,SAU,2019,710627300
Saudi Arabia,SAU,2020,614441600
Saudi Arabia,SAU,2021,635291300
Saudi Arabia,SAU,2022,666511900
Senegal,SEN,1949,16611257
Senegal,SEN,1950,16618302
Senegal,SEN,1951,14963854
Senegal,SEN,1952,14446021
Senegal,SEN,1953,14917067
Senegal,SEN,1954,14470630
Senegal,SEN,1955,14509702
Senegal,SEN,1956,14354359
Senegal,SEN,1957,15268888
Senegal,SEN,1958,14862386
Senegal,SEN,1959,15082503
Senegal,SEN,1960,11231529
Senegal,SEN,1961,9090850
Senegal,SEN,1962,13789820
Senegal,SEN,1963,10210905
Senegal,SEN,1964,14817154
Senegal,SEN,1965,10943258
Senegal,SEN,1966,14743603
Senegal,SEN,1967,20317700
Senegal,SEN,1968,7443346.5
Senegal,SEN,1969,3982888.8
Senegal,SEN,1970,8186630
Senegal,SEN,1971,5594496.5
Senegal,SEN,1972,7553471
Senegal,SEN,1973,9231798
Senegal,SEN,1974,6879948
Senegal,SEN,1975,6368957.5
Senegal,SEN,1976,234296.75
Senegal,SEN,1977,656832.9
Senegal,SEN,1978,1377830.8
Senegal,SEN,1979,1798428.8
Senegal,SEN,1980,3134737.8
Senegal,SEN,1981,3638745.8
Senegal,SEN,1982,2896718
Senegal,SEN,1983,2534467
Senegal,SEN,1984,3239174
Senegal,SEN,1985,2959232.8
Senegal,SEN,1986,2952685.8
Senegal,SEN,1987,3311628.5
Senegal,SEN,1988,3117439.8
Senegal,SEN,1989,4301245
Senegal,SEN,1990,1133606.8
Senegal,SEN,1991,5153425
Senegal,SEN,1992,5709112
Senegal,SEN,1993,10443956
Senegal,SEN,1994,5276645.5
Senegal,SEN,1995,12062395
Senegal,SEN,1996,488997.75
Senegal,SEN,1997,-6136393
Senegal,SEN,1998,36605870
Senegal,SEN,1999,17543098
Senegal,SEN,2000,5853865
Senegal,SEN,2001,2069812.8
Senegal,SEN,2002,-604043
Senegal,SEN,2003,3211954
Senegal,SEN,2004,10426923
Senegal,SEN,2005,375720
Senegal,SEN,2006,846106.25
Senegal,SEN,2007,43397990
Senegal,SEN,2008,35454436
Senegal,SEN,2009,21731158
Senegal,SEN,2010,5941774.5
Senegal,SEN,2011,4275236
Senegal,SEN,2012,1182536.5
Senegal,SEN,2013,2270308.5
Senegal,SEN,2014,3584574
Senegal,SEN,2015,5668272.5
Senegal,SEN,2016,6364705
Senegal,SEN,2017,7844026.5
Senegal,SEN,2018,8906253
Senegal,SEN,2019,10645096
Senegal,SEN,2020,9076338
Senegal,SEN,2021,9872376
Senegal,SEN,2022,10474521
Serbia,SRB,1885,17549200
Serbia,SRB,1890,17340020
Serbia,SRB,1891,17325838
Serbia,SRB,1892,17338122
Serbia,SRB,1893,17393808
Serbia,SRB,1894,17302654
Serbia,SRB,1895,17219626
Serbia,SRB,1896,17394468
Serbia,SRB,1897,17178500
Serbia,SRB,1898,17211804
Serbia,SRB,1899,17301504
Serbia,SRB,1900,17403300
Serbia,SRB,1901,17203350
Serbia,SRB,1902,17242148
Serbia,SRB,1903,17288464
Serbia,SRB,1904,17389880
Serbia,SRB,1905,17243148
Serbia,SRB,1906,17265052
Serbia,SRB,1907,17424416
Serbia,SRB,1908,17374232
Serbia,SRB,1909,17291662
Serbia,SRB,1910,17086514
Serbia,SRB,1911,17246742
Serbia,SRB,1912,17006876
Serbia,SRB,1913,18023448
Serbia,SRB,1919,17537160
Serbia,SRB,1920,17766536
Serbia,SRB,1921,18162870
Serbia,SRB,1922,18881076
Serbia,SRB,1923,19061156
Serbia,SRB,1924,18844438
Serbia,SRB,1925,19346476
Serbia,SRB,1926,19062216
Serbia,SRB,1927,19838732
Serbia,SRB,1928,20405152
Serbia,SRB,1929,20344878
Serbia,SRB,1930,19923718
Serbia,SRB,1931,19426922
Serbia,SRB,1932,18607692
Serbia,SRB,1933,18357144
Serbia,SRB,1934,18457152
Serbia,SRB,1935,18714252
Serbia,SRB,1936,18553724
Serbia,SRB,1937,18594336
Serbia,SRB,1938,18415236
Serbia,SRB,1939,18613684
Serbia,SRB,1940,18590892
Serbia,SRB,1943,14434070
Serbia,SRB,1944,13793442
Serbia,SRB,1945,15871205
Serbia,SRB,1946,18398580
Serbia,SRB,1947,19926728
Serbia,SRB,1948,20765708
Serbia,SRB,1949,21634144
Serbia,SRB,1950,29412928
Serbia,SRB,1951,30431476
Serbia,SRB,1952,31519976
Serbia,SRB,1953,30663308
Serbia,SRB,1954,31701248
Serbia,SRB,1955,32322292
Serbia,SRB,1956,32899424
Serbia,SRB,1957,33445692
Serbia,SRB,1958,32796160
Serbia,SRB,1959,34052060
Serbia,SRB,1960,30658860
Serbia,SRB,1961,28878224
Serbia,SRB,1962,27267672
Serbia,SRB,1963,28267600
Serbia,SRB,1964,28952212
Serbia,SRB,1965,28219498
Serbia,SRB,1966,27496642
Serbia,SRB,1967,26971214
Serbia,SRB,1968,27903788
Serbia,SRB,1969,27762864
Serbia,SRB,1970,34219024
Serbia,SRB,1971,35982828
Serbia,SRB,1972,33094194
Serbia,SRB,1973,38906110
Serbia,SRB,1974,38695850
Serbia,SRB,1975,39853844
Serbia,SRB,1976,40278170
Serbia,SRB,1977,39270370
Serbia,SRB,1978,43315890
Serbia,SRB,1979,48618972
Serbia,SRB,1980,46743372
Serbia,SRB,1981,50549332
Serbia,SRB,1982,46071180
Serbia,SRB,1983,49854012
Serbia,SRB,1984,52502796
Serbia,SRB,1985,54028010
Serbia,SRB,1986,56232270
Serbia,SRB,1987,54769972
Serbia,SRB,1988,56938056
Serbia,SRB,1989,56318668
Serbia,SRB,1990,54802290
Serbia,SRB,1991,27606316
Serbia,SRB,1992,33045904
Serbia,SRB,1993,27950880
Serbia,SRB,1994,27780378
Serbia,SRB,1995,29199196
Serbia,SRB,1996,36477320
Serbia,SRB,1997,42438130
Serbia,SRB,1998,34848856
Serbia,SRB,1999,19864804
Serbia,SRB,2000,29976488
Serbia,SRB,2001,34398230
Serbia,SRB,2002,38265080
Serbia,SRB,2003,43111880
Serbia,SRB,2004,49512708
Serbia,SRB,2005,32909094
Serbia,SRB,2006,42065480
Serbia,SRB,2007,41838216
Serbia,SRB,2008,34266416
Serbia,SRB,2009,29044946
Serbia,SRB,2010,30542196
Serbia,SRB,2011,33619724
Serbia,SRB,2012,28319124
Serbia,SRB,2013,29827744
Serbia,SRB,2014,22789524
Serbia,SRB,2015,30062368
Serbia,SRB,2016,31323054
Serbia,SRB,2017,32856656
Serbia,SRB,2018,31367530
Serbia,SRB,2019,31493946
Serbia,SRB,2020,32590406
Serbia,SRB,2021,31572528
Serbia,SRB,2022,31396208
Seychelles,SYC,1963,7328
Seychelles,SYC,1964,7328
Seychelles,SYC,1965,7328
Seychelles,SYC,1966,7328
Seychelles,SYC,1967,7328
Seychelles,SYC,1968,7328
Seychelles,SYC,1969,7328
Seychelles,SYC,1970,29312
Seychelles,SYC,1971,32976
Seychelles,SYC,1972,43968
Seychelles,SYC,1973,47632
Seychelles,SYC,1974,54960
Seychelles,SYC,1975,58624
Seychelles,SYC,1976,80608
Seychelles,SYC,1977,84272
Seychelles,SYC,1978,76944
Seychelles,SYC,1979,120912
Seychelles,SYC,1980,95264
Seychelles,SYC,1981,98928
Seychelles,SYC,1982,84272
Seychelles,SYC,1983,98928
Seychelles,SYC,1984,98928
Seychelles,SYC,1985,150224
Seychelles,SYC,1986,164880
Seychelles,SYC,1987,201520
Seychelles,SYC,1988,197856
Seychelles,SYC,1989,234496
Seychelles,SYC,1990,150224
Seychelles,SYC,1991,172208
Seychelles,SYC,1992,172208
Seychelles,SYC,1993,183200
Seychelles,SYC,1994,201520
Seychelles,SYC,1995,197856
Seychelles,SYC,1996,234496
Seychelles,SYC,1997,274800
Seychelles,SYC,1998,289456
Seychelles,SYC,1999,304112
Seychelles,SYC,2000,315104
Seychelles,SYC,2001,344416
Seychelles,SYC,2002,348080
Seychelles,SYC,2003,340752
Seychelles,SYC,2004,370064
Seychelles,SYC,2005,381056
Seychelles,SYC,2006,384720
Seychelles,SYC,2007,403040
Seychelles,SYC,2008,414032
Seychelles,SYC,2009,439680
Seychelles,SYC,2010,443344
Seychelles,SYC,2011,406704
Seychelles,SYC,2012,425024
Seychelles,SYC,2013,414032
Seychelles,SYC,2014,458000
Seychelles,SYC,2015,498304
Seychelles,SYC,2016,553264
Seychelles,SYC,2017,575248
Seychelles,SYC,2018,600896
Seychelles,SYC,2019,593568
Seychelles,SYC,2020,608224
Seychelles,SYC,2021,662611
Seychelles,SYC,2022,658828
Sierra Leone,SLE,1850,1601387.9
Sierra Leone,SLE,1851,2150071.8
Sierra Leone,SLE,1852,2437402.8
Sierra Leone,SLE,1853,2752690
Sierra Leone,SLE,1854,2810471.2
Sierra Leone,SLE,1855,2870047.8
Sierra Leone,SLE,1856,2985610.2
Sierra Leone,SLE,1857,3026867
Sierra Leone,SLE,1858,3056325.8
Sierra Leone,SLE,1859,3109820
Sierra Leone,SLE,1860,2371560.8
Sierra Leone,SLE,1861,2409299.8
Sierra Leone,SLE,1862,2411681.2
Sierra Leone,SLE,1863,2411791.5
Sierra Leone,SLE,1864,2228518
Sierra Leone,SLE,1865,2326896.5
Sierra Leone,SLE,1866,2331000.2
Sierra Leone,SLE,1867,2166816.2
Sierra Leone,SLE,1868,2418203.5
Sierra Leone,SLE,1869,2284540.8
Sierra Leone,SLE,1870,2453341
Sierra Leone,SLE,1871,3006935
Sierra Leone,SLE,1872,2939627
Sierra Leone,SLE,1873,3002171.5
Sierra Leone,SLE,1874,3341568
Sierra Leone,SLE,1875,3038811.8
Sierra Leone,SLE,1876,3289282.8
Sierra Leone,SLE,1877,3068636.5
Sierra Leone,SLE,1878,2999606.8
Sierra Leone,SLE,1879,3301337.2
Sierra Leone,SLE,1880,3700896.2
Sierra Leone,SLE,1881,3995518.5
Sierra Leone,SLE,1882,4455094
Sierra Leone,SLE,1883,4426075.5
Sierra Leone,SLE,1884,4631442.5
Sierra Leone,SLE,1885,4544019.5
Sierra Leone,SLE,1886,4410356.5
Sierra Leone,SLE,1887,4719342
Sierra Leone,SLE,1888,4789873.5
Sierra Leone,SLE,1889,4502616.5
Sierra Leone,SLE,1890,5669930
Sierra Leone,SLE,1891,6257452.5
Sierra Leone,SLE,1892,6450142
Sierra Leone,SLE,1893,6775029
Sierra Leone,SLE,1894,6683209.5
Sierra Leone,SLE,1895,6963981.5
Sierra Leone,SLE,1896,7054702.5
Sierra Leone,SLE,1897,7048033.5
Sierra Leone,SLE,1898,6869487
Sierra Leone,SLE,1899,7183015.5
Sierra Leone,SLE,1900,8497622
Sierra Leone,SLE,1901,9120319
Sierra Leone,SLE,1902,9882578
Sierra Leone,SLE,1903,9856967
Sierra Leone,SLE,1904,10111944
Sierra Leone,SLE,1905,10054419
Sierra Leone,SLE,1906,10036099
Sierra Leone,SLE,1907,10377951
Sierra Leone,SLE,1908,10392972
Sierra Leone,SLE,1909,10430712
Sierra Leone,SLE,1910,12107652
Sierra Leone,SLE,1911,12913475
Sierra Leone,SLE,1912,12835762
Sierra Leone,SLE,1913,13288705
Sierra Leone,SLE,1914,13544709
Sierra Leone,SLE,1915,13484839
Sierra Leone,SLE,1916,13688264
Sierra Leone,SLE,1917,14180303
Sierra Leone,SLE,1918,13622276
Sierra Leone,SLE,1919,14249296
Sierra Leone,SLE,1920,15953240
Sierra Leone,SLE,1921,17514652
Sierra Leone,SLE,1922,18884548
Sierra Leone,SLE,1923,19192288
Sierra Leone,SLE,1924,19010810
Sierra Leone,SLE,1925,20103928
Sierra Leone,SLE,1926,19591336
Sierra Leone,SLE,1927,19580050
Sierra Leone,SLE,1928,21060452
Sierra Leone,SLE,1929,19646844
Sierra Leone,SLE,1930,23708352
Sierra Leone,SLE,1931,25871650
Sierra Leone,SLE,1932,27374074
Sierra Leone,SLE,1933,27910008
Sierra Leone,SLE,1934,28271718
Sierra Leone,SLE,1935,28939810
Sierra Leone,SLE,1936,29280454
Sierra Leone,SLE,1937,28550584
Sierra Leone,SLE,1938,29173866
Sierra Leone,SLE,1939,29921322
Sierra Leone,SLE,1940,35132556
Sierra Leone,SLE,1941,38532492
Sierra Leone,SLE,1942,39547276
Sierra Leone,SLE,1943,40085516
Sierra Leone,SLE,1944,40348956
Sierra Leone,SLE,1945,42456196
Sierra Leone,SLE,1946,42286850
Sierra Leone,SLE,1947,42037108
Sierra Leone,SLE,1948,43312364
Sierra Leone,SLE,1949,43780076
Sierra Leone,SLE,1950,32842228
Sierra Leone,SLE,1951,28104310
Sierra Leone,SLE,1952,24132936
Sierra Leone,SLE,1953,21440116
Sierra Leone,SLE,1954,20125802
Sierra Leone,SLE,1955,20278628
Sierra Leone,SLE,1956,19426198
Sierra Leone,SLE,1957,20285040
Sierra Leone,SLE,1958,19809782
Sierra Leone,SLE,1959,19886836
Sierra Leone,SLE,1960,15510151
Sierra Leone,SLE,1961,14427806
Sierra Leone,SLE,1962,13842922
Sierra Leone,SLE,1963,13233635
Sierra Leone,SLE,1964,12664323
Sierra Leone,SLE,1965,12199874
Sierra Leone,SLE,1966,11828161
Sierra Leone,SLE,1967,12403483
Sierra Leone,SLE,1968,11694095
Sierra Leone,SLE,1969,11964572
Sierra Leone,SLE,1970,11373129
Sierra Leone,SLE,1971,10936234
Sierra Leone,SLE,1972,12016564
Sierra Leone,SLE,1973,10666894
Sierra Leone,SLE,1974,10211129
Sierra Leone,SLE,1975,11214038
Sierra Leone,SLE,1976,10572875
Sierra Leone,SLE,1977,11071619
Sierra Leone,SLE,1978,11436114
Sierra Leone,SLE,1979,10437270
Sierra Leone,SLE,1980,9809957
Sierra Leone,SLE,1981,11618800
Sierra Leone,SLE,1982,11545593
Sierra Leone,SLE,1983,12368968
Sierra Leone,SLE,1984,23970546
Sierra Leone,SLE,1985,18820978
Sierra Leone,SLE,1986,13751431
Sierra Leone,SLE,1987,10936270
Sierra Leone,SLE,1988,9386801
Sierra Leone,SLE,1989,8388471
Sierra Leone,SLE,1990,7835793.5
Sierra Leone,SLE,1991,6915250.5
Sierra Leone,SLE,1992,6145627
Sierra Leone,SLE,1993,5727015
Sierra Leone,SLE,1994,6069965.5
Sierra Leone,SLE,1995,5637467
Sierra Leone,SLE,1996,5374978
Sierra Leone,SLE,1997,5552792
Sierra Leone,SLE,1998,6090630.5
Sierra Leone,SLE,1999,8706837
Sierra Leone,SLE,2000,41922170
Sierra Leone,SLE,2001,69665500
Sierra Leone,SLE,2002,103668700
Sierra Leone,SLE,2003,98678630
Sierra Leone,SLE,2004,81088024
Sierra Leone,SLE,2005,100011550
Sierra Leone,SLE,2006,51959516
Sierra Leone,SLE,2007,43065850
Sierra Leone,SLE,2008,41229856
Sierra Leone,SLE,2009,43010084
Sierra Leone,SLE,2010,40400330
Sierra Leone,SLE,2011,24562174
Sierra Leone,SLE,2012,26089694
Sierra Leone,SLE,2013,18559332
Sierra Leone,SLE,2014,15234692
Sierra Leone,SLE,2015,13208463
Sierra Leone,SLE,2016,12582291
Sierra Leone,SLE,2017,11504667
Sierra Leone,SLE,2018,10435225
Sierra Leone,SLE,2019,9898296
Sierra Leone,SLE,2020,9855244
Sierra Leone,SLE,2021,9163957
Sierra Leone,SLE,2022,8643546
Singapore,SGP,1850,534760.8
Singapore,SGP,1851,390032.78
Singapore,SGP,1852,1254553.6
Singapore,SGP,1853,601812
Singapore,SGP,1854,421799.7
Singapore,SGP,1855,1309147.2
Singapore,SGP,1856,619948.8
Singapore,SGP,1857,423155.34
Singapore,SGP,1858,346687.66
Singapore,SGP,1859,888813.1
Singapore,SGP,1860,487641.78
Singapore,SGP,1861,381239.22
Singapore,SGP,1862,342071.03
Singapore,SGP,1863,324264
Singapore,SGP,1864,313345.28
Singapore,SGP,1865,302646.4
Singapore,SGP,1866,552091.56
Singapore,SGP,1867,382118.56
Singapore,SGP,1868,335695.7
Singapore,SGP,1869,312356
Singapore,SGP,1870,251020.66
Singapore,SGP,1871,214234.08
Singapore,SGP,1872,188402.88
Singapore,SGP,1873,170595.84
Singapore,SGP,1874,154730.72
Singapore,SGP,1875,140148
Singapore,SGP,1876,129375.84
Singapore,SGP,1877,119812.8
Singapore,SGP,1878,112374.88
Singapore,SGP,1879,99880.64
Singapore,SGP,1880,105046.88
Singapore,SGP,1881,100906.56
Singapore,SGP,1882,95996.8
Singapore,SGP,1883,93688.48
Singapore,SGP,1884,90720.64
Singapore,SGP,1885,82769.76
Singapore,SGP,1886,88742.08
Singapore,SGP,1887,85554.4
Singapore,SGP,1888,84931.52
Singapore,SGP,1889,82403.36
Singapore,SGP,1890,64669.6
Singapore,SGP,1891,54996.64
Singapore,SGP,1892,46862.56
Singapore,SGP,1893,40743.68
Singapore,SGP,1894,38325.438
Singapore,SGP,1895,32499.68
Singapore,SGP,1896,30228
Singapore,SGP,1897,36713.28
Singapore,SGP,1898,25867.84
Singapore,SGP,1899,22753.44
Singapore,SGP,1900,30008.162
Singapore,SGP,1901,32060
Singapore,SGP,1902,33818.72
Singapore,SGP,1903,36200.32
Singapore,SGP,1904,39827.68
Singapore,SGP,1905,41696.32
Singapore,SGP,1906,34404.96
Singapore,SGP,1907,29605.121
Singapore,SGP,1908,35577.44
Singapore,SGP,1909,45396.96
Singapore,SGP,1910,56095.84
Singapore,SGP,1911,62104.8
Singapore,SGP,1912,66941.28
Singapore,SGP,1913,68260.32
Singapore,SGP,1914,73133.44
Singapore,SGP,1915,75661.6
Singapore,SGP,1916,76834.08
Singapore,SGP,1917,77640.164
Singapore,SGP,1918,330639.38
Singapore,SGP,1919,160556.48
Singapore,SGP,1920,71008.32
Singapore,SGP,1921,39497.92
Singapore,SGP,1922,23742.72
Singapore,SGP,1923,14326.24
Singapore,SGP,1924,8610.399
Singapore,SGP,1925,4689.92
Singapore,SGP,1926,1648.7999
Singapore,SGP,1927,-109.92
Singapore,SGP,1928,-989.27997
Singapore,SGP,1929,-2674.7202
Singapore,SGP,1930,15608.64
Singapore,SGP,1931,20518.398
Singapore,SGP,1932,23376.32
Singapore,SGP,1933,26344.16
Singapore,SGP,1934,28615.84
Singapore,SGP,1935,30704.318
Singapore,SGP,1936,32023.361
Singapore,SGP,1937,33232.48
Singapore,SGP,1938,35687.36
Singapore,SGP,1939,36236.96
Singapore,SGP,1940,45836.64
Singapore,SGP,1941,47925.12
Singapore,SGP,1942,49390.723
Singapore,SGP,1943,50123.52
Singapore,SGP,1944,50819.68
Singapore,SGP,1945,61152.164
Singapore,SGP,1946,53347.84
Singapore,SGP,1947,47192.32
Singapore,SGP,1948,44774.08
Singapore,SGP,1949,52285.28
Singapore,SGP,1950,1923275.2
Singapore,SGP,1951,2818449
Singapore,SGP,1952,3426466.8
Singapore,SGP,1953,3462110.5
Singapore,SGP,1954,3746123.2
Singapore,SGP,1955,4021541
Singapore,SGP,1956,4043499.5
Singapore,SGP,1957,1670417.6
Singapore,SGP,1958,2261897
Singapore,SGP,1959,1131846.2
Singapore,SGP,1960,1090992.6
Singapore,SGP,1961,1947049.6
Singapore,SGP,1962,2420679.2
Singapore,SGP,1963,3246553.5
Singapore,SGP,1964,3615781.8
Singapore,SGP,1965,2390173.8
Singapore,SGP,1966,469653.1
Singapore,SGP,1967,2782441.5
Singapore,SGP,1968,5097108
Singapore,SGP,1969,6895794.5
Singapore,SGP,1970,17748270
Singapore,SGP,1971,16299017
Singapore,SGP,1972,21728510
Singapore,SGP,1973,20615642
Singapore,SGP,1974,21392484
Singapore,SGP,1975,23849526
Singapore,SGP,1976,29358240
Singapore,SGP,1977,27601424
Singapore,SGP,1978,32553320
Singapore,SGP,1979,35454080
Singapore,SGP,1980,30476126
Singapore,SGP,1981,25711644
Singapore,SGP,1982,28429362
Singapore,SGP,1983,33425612
Singapore,SGP,1984,32132372
Singapore,SGP,1985,32588202
Singapore,SGP,1986,34352856
Singapore,SGP,1987,32080482
Singapore,SGP,1988,35536916
Singapore,SGP,1989,41205160
Singapore,SGP,1990,43677150
Singapore,SGP,1991,44346820
Singapore,SGP,1992,47602504
Singapore,SGP,1993,49831096
Singapore,SGP,1994,60457650
Singapore,SGP,1995,40809630
Singapore,SGP,1996,48243260
Singapore,SGP,1997,56955084
Singapore,SGP,1998,47630572
Singapore,SGP,1999,49364630
Singapore,SGP,2000,48536788
Singapore,SGP,2001,49399900
Singapore,SGP,2002,47285092
Singapore,SGP,2003,49593412
Singapore,SGP,2004,46979844
Singapore,SGP,2005,41705810
Singapore,SGP,2006,42405892
Singapore,SGP,2007,30896826
Singapore,SGP,2008,46837936
Singapore,SGP,2009,45394430
Singapore,SGP,2010,43199584
Singapore,SGP,2011,34222784
Singapore,SGP,2012,50886696
Singapore,SGP,2013,55025696
Singapore,SGP,2014,52406120
Singapore,SGP,2015,62046068
Singapore,SGP,2016,40379990
Singapore,SGP,2017,40143590
Singapore,SGP,2018,50164556
Singapore,SGP,2019,33944104
Singapore,SGP,2020,54995396
Singapore,SGP,2021,56024044
Singapore,SGP,2022,53453476
Slovakia,SVK,1860,4634680
Slovakia,SVK,1861,4582347.5
Slovakia,SVK,1862,4647165
Slovakia,SVK,1863,4684173
Slovakia,SVK,1864,4771525
Slovakia,SVK,1865,4895259
Slovakia,SVK,1866,5017052
Slovakia,SVK,1867,5151914
Slovakia,SVK,1868,5172434
Slovakia,SVK,1869,5285469
Slovakia,SVK,1870,5508022
Slovakia,SVK,1871,5620325
Slovakia,SVK,1872,5774129
Slovakia,SVK,1873,5952787.5
Slovakia,SVK,1874,6067582
Slovakia,SVK,1875,6141816.5
Slovakia,SVK,1876,7810383.5
Slovakia,SVK,1877,7978147
Slovakia,SVK,1878,8149356
Slovakia,SVK,1879,8462326
Slovakia,SVK,1880,8876508
Slovakia,SVK,1881,9120277
Slovakia,SVK,1882,9232054
Slovakia,SVK,1883,9594636
Slovakia,SVK,1884,9757356
Slovakia,SVK,1885,10072804
Slovakia,SVK,1886,10447818
Slovakia,SVK,1887,10799200
Slovakia,SVK,1888,11181677
Slovakia,SVK,1889,11596179
Slovakia,SVK,1890,12100265
Slovakia,SVK,1891,12335142
Slovakia,SVK,1892,12454237
Slovakia,SVK,1893,12692887
Slovakia,SVK,1894,12897695
Slovakia,SVK,1895,13174111
Slovakia,SVK,1896,13414264
Slovakia,SVK,1897,13996650
Slovakia,SVK,1898,14257457
Slovakia,SVK,1899,14573162
Slovakia,SVK,1900,14551226
Slovakia,SVK,1901,15018647
Slovakia,SVK,1902,15110859
Slovakia,SVK,1903,15339190
Slovakia,SVK,1904,15538537
Slovakia,SVK,1905,15866835
Slovakia,SVK,1906,16354348
Slovakia,SVK,1907,16987054
Slovakia,SVK,1908,17200816
Slovakia,SVK,1909,17141530
Slovakia,SVK,1910,16411196
Slovakia,SVK,1911,16379517
Slovakia,SVK,1912,16954042
Slovakia,SVK,1913,17421672
Slovakia,SVK,1914,15898912
Slovakia,SVK,1915,15686680
Slovakia,SVK,1916,16417315
Slovakia,SVK,1917,15410574
Slovakia,SVK,1918,13253666
Slovakia,SVK,1919,12363942
Slovakia,SVK,1920,14305055
Slovakia,SVK,1921,14720500
Slovakia,SVK,1922,14079984
Slovakia,SVK,1923,15112248
Slovakia,SVK,1924,17666776
Slovakia,SVK,1925,17340770
Slovakia,SVK,1926,17786192
Slovakia,SVK,1927,18943988
Slovakia,SVK,1928,19932604
Slovakia,SVK,1929,21661576
Slovakia,SVK,1930,17850000
Slovakia,SVK,1931,16163516
Slovakia,SVK,1932,14069126
Slovakia,SVK,1933,12622129
Slovakia,SVK,1934,12105954
Slovakia,SVK,1935,11872578
Slovakia,SVK,1936,12296288
Slovakia,SVK,1937,14171084
Slovakia,SVK,1938,15768132
Slovakia,SVK,1939,16914726
Slovakia,SVK,1940,18645010
Slovakia,SVK,1941,18491396
Slovakia,SVK,1942,19741960
Slovakia,SVK,1943,21669690
Slovakia,SVK,1944,20358494
Slovakia,SVK,1945,10163163
Slovakia,SVK,1946,12715646
Slovakia,SVK,1947,14457748
Slovakia,SVK,1948,15540058
Slovakia,SVK,1949,16252173
Slovakia,SVK,1950,19775488
Slovakia,SVK,1951,22472670
Slovakia,SVK,1952,24992024
Slovakia,SVK,1953,26626736
Slovakia,SVK,1954,28733124
Slovakia,SVK,1955,30061794
Slovakia,SVK,1956,32163320
Slovakia,SVK,1957,33520062
Slovakia,SVK,1958,36040884
Slovakia,SVK,1959,36169640
Slovakia,SVK,1960,37918256
Slovakia,SVK,1961,39023708
Slovakia,SVK,1962,40425120
Slovakia,SVK,1963,39049324
Slovakia,SVK,1964,49021484
Slovakia,SVK,1965,43242656
Slovakia,SVK,1966,42122920
Slovakia,SVK,1967,41656196
Slovakia,SVK,1968,43148004
Slovakia,SVK,1969,45265492
Slovakia,SVK,1970,51498436
Slovakia,SVK,1971,53920984
Slovakia,SVK,1972,54199776
Slovakia,SVK,1973,54300784
Slovakia,SVK,1974,54685090
Slovakia,SVK,1975,57268060
Slovakia,SVK,1976,59629890
Slovakia,SVK,1977,61359740
Slovakia,SVK,1978,61922492
Slovakia,SVK,1979,60173800
Slovakia,SVK,1980,60939040
Slovakia,SVK,1981,60525816
Slovakia,SVK,1982,60096184
Slovakia,SVK,1983,60238510
Slovakia,SVK,1984,62039656
Slovakia,SVK,1985,61227136
Slovakia,SVK,1986,61702456
Slovakia,SVK,1987,60925188
Slovakia,SVK,1988,59793004
Slovakia,SVK,1989,57116664
Slovakia,SVK,1990,63181396
Slovakia,SVK,1991,54506660
Slovakia,SVK,1992,50555720
Slovakia,SVK,1993,47547976
Slovakia,SVK,1994,45811570
Slovakia,SVK,1995,45831016
Slovakia,SVK,1996,45965892
Slovakia,SVK,1997,46113852
Slovakia,SVK,1998,46281910
Slovakia,SVK,1999,45872600
Slovakia,SVK,2000,41113064
Slovakia,SVK,2001,43026156
Slovakia,SVK,2002,42398900
Slovakia,SVK,2003,39149820
Slovakia,SVK,2004,41128684
Slovakia,SVK,2005,42321600
Slovakia,SVK,2006,43058490
Slovakia,SVK,2007,42955412
Slovakia,SVK,2008,43777268
Slovakia,SVK,2009,40970430
Slovakia,SVK,2010,42484268
Slovakia,SVK,2011,42536776
Slovakia,SVK,2012,39972270
Slovakia,SVK,2013,39204380
Slovakia,SVK,2014,35197080
Slovakia,SVK,2015,35074224
Slovakia,SVK,2016,34807972
Slovakia,SVK,2017,35429364
Slovakia,SVK,2018,34903516
Slovakia,SVK,2019,32159206
Slovakia,SVK,2020,29125138
Slovakia,SVK,2021,32903660
Slovakia,SVK,2022,31651036
Slovenia,SVN,1885,2440850.5
Slovenia,SVN,1890,2650291.2
Slovenia,SVN,1891,2693638.8
Slovenia,SVN,1892,2782867.8
Slovenia,SVN,1893,2818309
Slovenia,SVN,1894,2814172.2
Slovenia,SVN,1895,2885840
Slovenia,SVN,1896,2920286.8
Slovenia,SVN,1897,2977561.5
Slovenia,SVN,1898,3008076.8
Slovenia,SVN,1899,2960389.8
Slovenia,SVN,1900,3115466
Slovenia,SVN,1901,3108586.5
Slovenia,SVN,1902,3137919.5
Slovenia,SVN,1903,3238551
Slovenia,SVN,1904,3257170.5
Slovenia,SVN,1905,3234226.2
Slovenia,SVN,1906,3319483
Slovenia,SVN,1907,3356694
Slovenia,SVN,1908,3439494
Slovenia,SVN,1909,3441825
Slovenia,SVN,1910,3525398.5
Slovenia,SVN,1911,3708878.2
Slovenia,SVN,1912,3694867.8
Slovenia,SVN,1913,4097866.8
Slovenia,SVN,1919,4183299
Slovenia,SVN,1920,4408870.5
Slovenia,SVN,1921,4513343.5
Slovenia,SVN,1922,4825728
Slovenia,SVN,1923,4797214
Slovenia,SVN,1924,4709903
Slovenia,SVN,1925,4793861
Slovenia,SVN,1926,4755274
Slovenia,SVN,1927,4980285
Slovenia,SVN,1928,5032407.5
Slovenia,SVN,1929,5177095
Slovenia,SVN,1930,4921394
Slovenia,SVN,1931,4919880
Slovenia,SVN,1932,4691753
Slovenia,SVN,1933,4598098
Slovenia,SVN,1934,4567194
Slovenia,SVN,1935,4761119.5
Slovenia,SVN,1936,4624714.5
Slovenia,SVN,1937,4628912
Slovenia,SVN,1938,4742246
Slovenia,SVN,1939,4668413
Slovenia,SVN,1940,4761611
Slovenia,SVN,1943,3776590
Slovenia,SVN,1944,3680123.2
Slovenia,SVN,1945,4386173
Slovenia,SVN,1946,5104502
Slovenia,SVN,1947,5400521
Slovenia,SVN,1948,5449593.5
Slovenia,SVN,1949,5991302
Slovenia,SVN,1950,5510469
Slovenia,SVN,1951,5058713.5
Slovenia,SVN,1952,5213897.5
Slovenia,SVN,1953,5044707
Slovenia,SVN,1954,5313161
Slovenia,SVN,1955,5611284.5
Slovenia,SVN,1956,5964658.5
Slovenia,SVN,1957,6182293
Slovenia,SVN,1958,6060721.5
Slovenia,SVN,1959,6388969.5
Slovenia,SVN,1960,6686579
Slovenia,SVN,1961,6756693
Slovenia,SVN,1962,6691199
Slovenia,SVN,1963,7177777
Slovenia,SVN,1964,7832857
Slovenia,SVN,1965,7846367
Slovenia,SVN,1966,7741828.5
Slovenia,SVN,1967,8205471.5
Slovenia,SVN,1968,8705536
Slovenia,SVN,1969,8917605
Slovenia,SVN,1970,10970360
Slovenia,SVN,1971,11700405
Slovenia,SVN,1972,10626950
Slovenia,SVN,1973,12313708
Slovenia,SVN,1974,12137234
Slovenia,SVN,1975,12458044
Slovenia,SVN,1976,12714774
Slovenia,SVN,1977,12495437
Slovenia,SVN,1978,13520659
Slovenia,SVN,1979,14847804
Slovenia,SVN,1980,14273293
Slovenia,SVN,1981,15322618
Slovenia,SVN,1982,14028071
Slovenia,SVN,1983,14987709
Slovenia,SVN,1984,15681687
Slovenia,SVN,1985,16075515
Slovenia,SVN,1986,16672838
Slovenia,SVN,1987,16164499
Slovenia,SVN,1988,16737931
Slovenia,SVN,1989,16623977
Slovenia,SVN,1990,15039842
Slovenia,SVN,1991,12996295
Slovenia,SVN,1992,12418338
Slovenia,SVN,1993,12519820
Slovenia,SVN,1994,12767832
Slovenia,SVN,1995,13148700
Slovenia,SVN,1996,13358401
Slovenia,SVN,1997,14526778
Slovenia,SVN,1998,14830398
Slovenia,SVN,1999,14762087
Slovenia,SVN,2000,14663266
Slovenia,SVN,2001,16124945
Slovenia,SVN,2002,16578067
Slovenia,SVN,2003,16605193
Slovenia,SVN,2004,16816078
Slovenia,SVN,2005,16846318
Slovenia,SVN,2006,17017946
Slovenia,SVN,2007,24433398
Slovenia,SVN,2008,20993558
Slovenia,SVN,2009,19133952
Slovenia,SVN,2010,19771730
Slovenia,SVN,2011,19938112
Slovenia,SVN,2012,19998484
Slovenia,SVN,2013,18963188
Slovenia,SVN,2014,17005064
Slovenia,SVN,2015,17179962
Slovenia,SVN,2016,17929858
Slovenia,SVN,2017,17068920
Slovenia,SVN,2018,17167974
Slovenia,SVN,2019,16416755
Slovenia,SVN,2020,14891102
Slovenia,SVN,2021,14763726
Slovenia,SVN,2022,14076636
Solomon Islands,SLB,1952,1321201.8
Solomon Islands,SLB,1953,1060215
Solomon Islands,SLB,1954,1569730.9
Solomon Islands,SLB,1955,1128438.8
Solomon Islands,SLB,1956,1314423.4
Solomon Islands,SLB,1957,1754616.2
Solomon Islands,SLB,1958,1719698.4
Solomon Islands,SLB,1959,3495602.8
Solomon Islands,SLB,1960,1654992.1
Solomon Islands,SLB,1961,1010934.3
Solomon Islands,SLB,1962,625737.9
Solomon Islands,SLB,1963,429347.5
Solomon Islands,SLB,1964,295868
Solomon Islands,SLB,1965,334633.12
Solomon Islands,SLB,1966,295941.28
Solomon Islands,SLB,1967,354748.47
Solomon Islands,SLB,1968,384976.47
Solomon Islands,SLB,1969,498413.9
Solomon Islands,SLB,1970,540037
Solomon Islands,SLB,1971,548280.94
Solomon Islands,SLB,1972,555608.94
Solomon Islands,SLB,1973,582282.9
Solomon Islands,SLB,1974,603680.6
Solomon Islands,SLB,1975,533954.75
Solomon Islands,SLB,1976,954545.3
Solomon Islands,SLB,1977,1127779.2
Solomon Islands,SLB,1978,1590872.1
Solomon Islands,SLB,1979,996021.75
Solomon Islands,SLB,1980,836967.56
Solomon Islands,SLB,1981,2142597.5
Solomon Islands,SLB,1982,1670234.5
Solomon Islands,SLB,1983,2095001.9
Solomon Islands,SLB,1984,1421558.8
Solomon Islands,SLB,1985,2046417.4
Solomon Islands,SLB,1986,1370995.5
Solomon Islands,SLB,1987,1928839.5
Solomon Islands,SLB,1988,1667303.2
Solomon Islands,SLB,1989,1218463.1
Solomon Islands,SLB,1990,1526312.4
Solomon Islands,SLB,1991,1944008.4
Solomon Islands,SLB,1992,1927044.1
Solomon Islands,SLB,1993,1931221.1
Solomon Islands,SLB,1994,1949577.8
Solomon Islands,SLB,1995,1677269.2
Solomon Islands,SLB,1996,1708523.1
Solomon Islands,SLB,1997,1947452.6
Solomon Islands,SLB,1998,2263069.5
Solomon Islands,SLB,1999,1734501
Solomon Islands,SLB,2000,2039602.2
Solomon Islands,SLB,2001,2615766.2
Solomon Islands,SLB,2002,3070248.8
Solomon Islands,SLB,2003,2760860.8
Solomon Islands,SLB,2004,4677902
Solomon Islands,SLB,2005,6161052.5
Solomon Islands,SLB,2006,3630547.8
Solomon Islands,SLB,2007,4469457
Solomon Islands,SLB,2008,5060460.5
Solomon Islands,SLB,2009,6899825
Solomon Islands,SLB,2010,4508186
Solomon Islands,SLB,2011,5136195.5
Solomon Islands,SLB,2012,4389985
Solomon Islands,SLB,2013,8897584
Solomon Islands,SLB,2014,5478083
Solomon Islands,SLB,2015,7385305
Solomon Islands,SLB,2016,6129835
Solomon Islands,SLB,2017,6844022
Solomon Islands,SLB,2018,5666705.5
Solomon Islands,SLB,2019,5239227
Solomon Islands,SLB,2020,5035655
Solomon Islands,SLB,2021,4906550.5
Solomon Islands,SLB,2022,4783039
Somalia,SOM,1950,7448069
Somalia,SOM,1951,7981950.5
Somalia,SOM,1952,8417637
Somalia,SOM,1953,8851858
Somalia,SOM,1954,9257023
Somalia,SOM,1955,9684428
Somalia,SOM,1956,10095346
Somalia,SOM,1957,10519271
Somalia,SOM,1958,10938395
Somalia,SOM,1959,11357118
Somalia,SOM,1960,9681387
Somalia,SOM,1961,9121308
Somalia,SOM,1962,8796825
Somalia,SOM,1963,8590431
Somalia,SOM,1964,8513084
Somalia,SOM,1965,8492199
Somalia,SOM,1966,8510592
Somalia,SOM,1967,8635608
Somalia,SOM,1968,8628391
Somalia,SOM,1969,8716619
Somalia,SOM,1970,8868822
Somalia,SOM,1971,8840719
Somalia,SOM,1972,8678734
Somalia,SOM,1973,8728381
Somalia,SOM,1974,9490530
Somalia,SOM,1975,9364634
Somalia,SOM,1976,9484264
Somalia,SOM,1977,9611002
Somalia,SOM,1978,9462170
Somalia,SOM,1979,9849528
Somalia,SOM,1980,10839761
Somalia,SOM,1981,10661691
Somalia,SOM,1982,11436700
Somalia,SOM,1983,12372668
Somalia,SOM,1984,12537328
Somalia,SOM,1985,12646333
Somalia,SOM,1986,12596868
Somalia,SOM,1987,12325440
Somalia,SOM,1988,11894419
Somalia,SOM,1989,11619771
Somalia,SOM,1990,11141644
Somalia,SOM,1991,11126721
Somalia,SOM,1992,11984990
Somalia,SOM,1993,12497898
Somalia,SOM,1994,12787156
Somalia,SOM,1995,13066959
Somalia,SOM,1996,13548117
Somalia,SOM,1997,13971418
Somalia,SOM,1998,14258493
Somalia,SOM,1999,14770976
Somalia,SOM,2000,15455595
Somalia,SOM,2001,27275184
Somalia,SOM,2002,26301622
Somalia,SOM,2003,30014756
Somalia,SOM,2004,27325600
Somalia,SOM,2005,19079914
Somalia,SOM,2006,15412030
Somalia,SOM,2007,21551098
Somalia,SOM,2008,19190200
Somalia,SOM,2009,18987654
Somalia,SOM,2010,16943874
Somalia,SOM,2011,17391432
Somalia,SOM,2012,23688714
Somalia,SOM,2013,19601044
Somalia,SOM,2014,17580860
Somalia,SOM,2015,17061708
Somalia,SOM,2016,17108828
Somalia,SOM,2017,17536892
Somalia,SOM,2018,18251190
Somalia,SOM,2019,19077934
Somalia,SOM,2020,19979608
Somalia,SOM,2021,21088648
Somalia,SOM,2022,22226964
South Africa,ZAF,1884,16852532
South Africa,ZAF,1885,16482833
South Africa,ZAF,1886,16078364
South Africa,ZAF,1887,15817488
South Africa,ZAF,1888,15603107
South Africa,ZAF,1889,15498648
South Africa,ZAF,1890,20320508
South Africa,ZAF,1891,22663306
South Africa,ZAF,1892,24433236
South Africa,ZAF,1893,26782082
South Africa,ZAF,1894,28110208
South Africa,ZAF,1895,29711486
South Africa,ZAF,1896,31057310
South Africa,ZAF,1897,31984118
South Africa,ZAF,1898,33570740
South Africa,ZAF,1899,33373874
South Africa,ZAF,1900,32463442
South Africa,ZAF,1901,35248630
South Africa,ZAF,1902,38080064
South Africa,ZAF,1903,40594150
South Africa,ZAF,1904,42147320
South Africa,ZAF,1905,43779230
South Africa,ZAF,1906,45622956
South Africa,ZAF,1907,47030990
South Africa,ZAF,1908,47742104
South Africa,ZAF,1909,49841612
South Africa,ZAF,1910,51380820
South Africa,ZAF,1911,50575624
South Africa,ZAF,1912,51748468
South Africa,ZAF,1913,53149108
South Africa,ZAF,1914,52518496
South Africa,ZAF,1915,52698360
South Africa,ZAF,1916,55981050
South Africa,ZAF,1917,57683160
South Africa,ZAF,1918,56569704
South Africa,ZAF,1919,57480904
South Africa,ZAF,1920,62533376
South Africa,ZAF,1921,63818748
South Africa,ZAF,1922,61265340
South Africa,ZAF,1923,66504750
South Africa,ZAF,1924,68383730
South Africa,ZAF,1925,70026110
South Africa,ZAF,1926,71980376
South Africa,ZAF,1927,71107690
South Africa,ZAF,1928,71436980
South Africa,ZAF,1929,72947870
South Africa,ZAF,1930,72284270
South Africa,ZAF,1931,70038424
South Africa,ZAF,1932,68405170
South Africa,ZAF,1933,71002420
South Africa,ZAF,1934,74828930
South Africa,ZAF,1935,78191900
South Africa,ZAF,1936,81717730
South Africa,ZAF,1937,83251860
South Africa,ZAF,1938,85527200
South Africa,ZAF,1939,87080510
South Africa,ZAF,1940,100009660
South Africa,ZAF,1941,109270720
South Africa,ZAF,1942,117345440
South Africa,ZAF,1943,120638500
South Africa,ZAF,1944,128296640
South Africa,ZAF,1945,131574200
South Africa,ZAF,1946,132975420
South Africa,ZAF,1947,133878240
South Africa,ZAF,1948,136209890
South Africa,ZAF,1949,140479150
South Africa,ZAF,1950,140568900
South Africa,ZAF,1951,150474740
South Africa,ZAF,1952,158596830
South Africa,ZAF,1953,161714180
South Africa,ZAF,1954,165669060
South Africa,ZAF,1955,175917730
South Africa,ZAF,1956,184173950
South Africa,ZAF,1957,192529060
South Africa,ZAF,1958,204104320
South Africa,ZAF,1959,205603620
South Africa,ZAF,1960,222492720
South Africa,ZAF,1961,193572540
South Africa,ZAF,1962,184176000
South Africa,ZAF,1963,180679840
South Africa,ZAF,1964,185357100
South Africa,ZAF,1965,192262430
South Africa,ZAF,1966,201506050
South Africa,ZAF,1967,212771170
South Africa,ZAF,1968,219518900
South Africa,ZAF,1969,225662800
South Africa,ZAF,1970,232868580
South Africa,ZAF,1971,251232270
South Africa,ZAF,1972,253394880
South Africa,ZAF,1973,253425470
South Africa,ZAF,1974,255220960
South Africa,ZAF,1975,261765500
South Africa,ZAF,1976,263264480
South Africa,ZAF,1977,264964420
South Africa,ZAF,1978,262313280
South Africa,ZAF,1979,275547870
South Africa,ZAF,1980,284363140
South Africa,ZAF,1981,313118750
South Africa,ZAF,1982,337223740
South Africa,ZAF,1983,350165300
South Africa,ZAF,1984,371965100
South Africa,ZAF,1985,398112320
South Africa,ZAF,1986,395581800
South Africa,ZAF,1987,397727580
South Africa,ZAF,1988,417085920
South Africa,ZAF,1989,418128220
South Africa,ZAF,1990,390362500
South Africa,ZAF,1991,412997570
South Africa,ZAF,1992,392451300
South Africa,ZAF,1993,398836300
South Africa,ZAF,1994,413732480
South Africa,ZAF,1995,441837760
South Africa,ZAF,1996,439373900
South Africa,ZAF,1997,455938240
South Africa,ZAF,1998,445786240
South Africa,ZAF,1999,442180500
South Africa,ZAF,2000,435951400
South Africa,ZAF,2001,425770300
South Africa,ZAF,2002,402597630
South Africa,ZAF,2003,444779970
South Africa,ZAF,2004,487494140
South Africa,ZAF,2005,446781800
South Africa,ZAF,2006,481128200
South Africa,ZAF,2007,507194340
South Africa,ZAF,2008,527482370
South Africa,ZAF,2009,503270880
South Africa,ZAF,2010,473803140
South Africa,ZAF,2011,472888060
South Africa,ZAF,2012,467255580
South Africa,ZAF,2013,463653380
South Africa,ZAF,2014,473349100
South Africa,ZAF,2015,447331900
South Africa,ZAF,2016,456073250
South Africa,ZAF,2017,435293900
South Africa,ZAF,2018,432619800
South Africa,ZAF,2019,464810080
South Africa,ZAF,2020,434628400
South Africa,ZAF,2021,425925900
South Africa,ZAF,2022,405180260
South America,,1884,24488086
South America,,1885,26122452
South America,,1886,23884662
South America,,1887,52605370
South America,,1888,49781450
South America,,1889,49200890
South America,,1890,48336404
South America,,1891,50312620
South America,,1892,50880096
South America,,1893,52561436
South America,,1894,52928790
South America,,1895,75863740
South America,,1896,75975280
South America,,1897,79356080
South America,,1898,78185656
South America,,1899,79953240
South America,,1900,111353390
South America,,1901,317587620
South America,,1902,339801180
South America,,1903,352126200
South America,,1904,368372260
South America,,1905,372532000
South America,,1906,381830750
South America,,1907,386392500
South America,,1908,405198600
South America,,1909,404645440
South America,,1910,479251650
South America,,1911,514097340
South America,,1912,538523600
South America,,1913,560588700
South America,,1914,560176100
South America,,1915,574166800
South America,,1916,579471800
South America,,1917,598815200
South America,,1918,603366340
South America,,1919,615555100
South America,,1920,690046900
South America,,1921,947822140
South America,,1922,986778560
South America,,1923,999035840
South America,,1924,1021906050
South America,,1925,1035396400
South America,,1926,1051433860
South America,,1927,1056336450
South America,,1928,1120789100
South America,,1929,1124763100
South America,,1930,934342100
South America,,1931,849680200
South America,,1932,817189200
South America,,1933,786397630
South America,,1934,768382700
South America,,1935,750773250
South America,,1936,724886660
South America,,1937,727655700
South America,,1938,714608830
South America,,1939,704328450
South America,,1940,910667970
South America,,1941,984989760
South America,,1942,1017076030
South America,,1943,1038683500
South America,,1944,1050966300
South America,,1945,1061797600
South America,,1946,1127643900
South America,,1947,1065663300
South America,,1948,1078962200
South America,,1949,1080460800
South America,,1950,1407473700
South America,,1951,1565376800
South America,,1952,1656948100
South America,,1953,1728358700
South America,,1954,1804554500
South America,,1955,1871427200
South America,,1956,1926514200
South America,,1957,2009905700
South America,,1958,2071694700
South America,,1959,2180581600
South America,,1960,2079452200
South America,,1961,2136110600
South America,,1962,2057804300
South America,,1963,2043385600
South America,,1964,2157485300
South America,,1965,1979104300
South America,,1966,1912846700
South America,,1967,1943673300
South America,,1968,2043718900
South America,,1969,1968541800
South America,,1970,2411135200
South America,,1971,2080366300
South America,,1972,2039136300
South America,,1973,2070551700
South America,,1974,2101371600
South America,,1975,2121389300
South America,,1976,2228198700
South America,,1977,2172683500
South America,,1978,2243784000
South America,,1979,2296092200
South America,,1980,2362155500
South America,,1981,2414013200
South America,,1982,2387891700
South America,,1983,2417846300
South America,,1984,2436198000
South America,,1985,2022766000
South America,,1986,2273699300
South America,,1987,2294887200
South America,,1988,2243438800
South America,,1989,2227744800
South America,,1990,2369449000
South America,,1991,2508938200
South America,,1992,2611444200
South America,,1993,2554956300
South America,,1994,3096397300
South America,,1995,3163194000
South America,,1996,2982948400
South America,,1997,3273784300
South America,,1998,3677565700
South America,,1999,3535995400
South America,,2000,3172243200
South America,,2001,2977119000
South America,,2002,3207086800
South America,,2003,4753851000
South America,,2004,3833811200
South America,,2005,3486134500
South America,,2006,3265060000
South America,,2007,2996778800
South America,,2008,2809863700
South America,,2009,2790631200
South America,,2010,2637600800
South America,,2011,2744095000
South America,,2012,3069468200
South America,,2013,2893862100
South America,,2014,2918646000
South America,,2015,2890747100
South America,,2016,2712071700
South America,,2017,2502328600
South America,,2018,2186486500
South America,,2019,2484160300
South America,,2020,2135196200
South America,,2021,2374126800
South America,,2022,2312667400
South Korea,KOR,1905,-918270.1
South Korea,KOR,1909,-934711.7
South Korea,KOR,1910,3429144.8
South Korea,KOR,1911,4887294
South Korea,KOR,1912,6086638.5
South Korea,KOR,1913,7112134
South Korea,KOR,1914,8152730
South Korea,KOR,1915,9121334
South Korea,KOR,1916,9911132
South Korea,KOR,1918,11752016
South Korea,KOR,1919,12670090
South Korea,KOR,1920,13124998
South Korea,KOR,1921,13605611
South Korea,KOR,1922,14319921
South Korea,KOR,1923,14486737
South Korea,KOR,1924,15236452
South Korea,KOR,1925,15368769
South Korea,KOR,1926,15644851
South Korea,KOR,1927,16100165
South Korea,KOR,1928,16525173
South Korea,KOR,1929,17264242
South Korea,KOR,1930,13136224
South Korea,KOR,1931,11851590
South Korea,KOR,1932,11345219
South Korea,KOR,1933,10328372
South Korea,KOR,1934,9804697
South Korea,KOR,1935,9558614
South Korea,KOR,1936,8712075
South Korea,KOR,1937,8538376
South Korea,KOR,1938,8101125
South Korea,KOR,1939,8650478
South Korea,KOR,1940,8427126
South Korea,KOR,1941,8033820.5
South Korea,KOR,1942,8413432
South Korea,KOR,1943,8119805
South Korea,KOR,1944,7962363
South Korea,KOR,1945,6374890.5
South Korea,KOR,1946,6639980.5
South Korea,KOR,1947,6637862.5
South Korea,KOR,1948,7465451
South Korea,KOR,1949,7710249.5
South Korea,KOR,1950,5889088
South Korea,KOR,1951,5293057.5
South Korea,KOR,1952,5071450
South Korea,KOR,1953,5349775
South Korea,KOR,1954,4994490
South Korea,KOR,1955,5387307.5
South Korea,KOR,1956,4463820
South Korea,KOR,1957,2689136.5
South Korea,KOR,1958,62455
South Korea,KOR,1959,-7638918
South Korea,KOR,1960,-5420442
South Korea,KOR,1961,-3932374
South Korea,KOR,1962,2122380
South Korea,KOR,1963,16852644
South Korea,KOR,1964,21896502
South Korea,KOR,1965,21458744
South Korea,KOR,1966,25459026
South Korea,KOR,1967,29923766
South Korea,KOR,1968,31231676
South Korea,KOR,1969,35870530
South Korea,KOR,1970,46602732
South Korea,KOR,1971,50866890
South Korea,KOR,1972,53222224
South Korea,KOR,1973,65717824
South Korea,KOR,1974,69012104
South Korea,KOR,1975,75058250
South Korea,KOR,1976,86467840
South Korea,KOR,1977,99013960
South Korea,KOR,1978,106904780
South Korea,KOR,1979,127067060
South Korea,KOR,1980,128815990
South Korea,KOR,1981,133858850
South Korea,KOR,1982,135340020
South Korea,KOR,1983,143508590
South Korea,KOR,1984,155826900
South Korea,KOR,1985,163718320
South Korea,KOR,1986,172039970
South Korea,KOR,1987,181204000
South Korea,KOR,1988,206965010
South Korea,KOR,1989,219225070
South Korea,KOR,1990,246121580
South Korea,KOR,1991,271038660
South Korea,KOR,1992,295964670
South Korea,KOR,1993,325822820
South Korea,KOR,1994,350457150
South Korea,KOR,1995,377225200
South Korea,KOR,1996,414344670
South Korea,KOR,1997,438420770
South Korea,KOR,1998,372239230
South Korea,KOR,1999,407679170
South Korea,KOR,2000,434682500
South Korea,KOR,2001,449640800
South Korea,KOR,2002,470238340
South Korea,KOR,2003,479437300
South Korea,KOR,2004,486216350
South Korea,KOR,2005,493178980
South Korea,KOR,2006,498025300
South Korea,KOR,2007,516351940
South Korea,KOR,2008,527158000
South Korea,KOR,2009,532836480
South Korea,KOR,2010,588715650
South Korea,KOR,2011,621961700
South Korea,KOR,2012,624068160
South Korea,KOR,2013,630099500
South Korea,KOR,2014,624948000
South Korea,KOR,2015,629238100
South Korea,KOR,2016,632877060
South Korea,KOR,2017,649466500
South Korea,KOR,2018,664408800
South Korea,KOR,2019,640011460
South Korea,KOR,2020,591512800
South Korea,KOR,2021,609633860
South Korea,KOR,2022,594387400
South Sudan,SSD,1950,9731406
South Sudan,SSD,1951,10833185
South Sudan,SSD,1952,10762041
South Sudan,SSD,1953,11402711
South Sudan,SSD,1954,12013158
South Sudan,SSD,1955,12483977
South Sudan,SSD,1956,12831154
South Sudan,SSD,1957,12775313
South Sudan,SSD,1958,13863231
South Sudan,SSD,1959,14778898
South Sudan,SSD,1960,14897367
South Sudan,SSD,1961,13437018
South Sudan,SSD,1962,12765914
South Sudan,SSD,1963,12418176
South Sudan,SSD,1964,11159997
South Sudan,SSD,1965,11521883
South Sudan,SSD,1966,11819888
South Sudan,SSD,1967,11424634
South Sudan,SSD,1968,11506882
South Sudan,SSD,1969,11628832
South Sudan,SSD,1970,11989332
South Sudan,SSD,1971,11728801
South Sudan,SSD,1972,11201163
South Sudan,SSD,1973,10635853
South Sudan,SSD,1974,11302992
South Sudan,SSD,1975,10565976
South Sudan,SSD,1976,10100822
South Sudan,SSD,1977,9500973
South Sudan,SSD,1978,9479658
South Sudan,SSD,1979,10432290
South Sudan,SSD,1980,10495594
South Sudan,SSD,1981,10859447
South Sudan,SSD,1982,11218070
South Sudan,SSD,1983,17740656
South Sudan,SSD,1984,18452388
South Sudan,SSD,1985,22195632
South Sudan,SSD,1986,26570658
South Sudan,SSD,1987,27670360
South Sudan,SSD,1988,29179660
South Sudan,SSD,1989,32271916
South Sudan,SSD,1990,29185732
South Sudan,SSD,1991,-1878300
South Sudan,SSD,1992,51239656
South Sudan,SSD,1993,70265580
South Sudan,SSD,1994,56499644
South Sudan,SSD,1995,51062580
South Sudan,SSD,1996,48844176
South Sudan,SSD,1997,39357584
South Sudan,SSD,1998,32612336
South Sudan,SSD,1999,29349192
South Sudan,SSD,2000,26224044
South Sudan,SSD,2001,24483876
South Sudan,SSD,2002,10972214
South Sudan,SSD,2003,37324830
South Sudan,SSD,2004,27982484
South Sudan,SSD,2005,37887524
South Sudan,SSD,2006,31461312
South Sudan,SSD,2007,34271428
South Sudan,SSD,2008,29806032
South Sudan,SSD,2009,26421496
South Sudan,SSD,2010,21490020
South Sudan,SSD,2011,-7960642
South Sudan,SSD,2012,38035140
South Sudan,SSD,2013,32664046
South Sudan,SSD,2014,28057372
South Sudan,SSD,2015,21701688
South Sudan,SSD,2016,14024509
South Sudan,SSD,2017,16110498
South Sudan,SSD,2018,-7716238
South Sudan,SSD,2019,17457750
South Sudan,SSD,2020,18135628
South Sudan,SSD,2021,15045856
South Sudan,SSD,2022,13347395
Spain,ESP,1850,30744406
Spain,ESP,1851,28919806
Spain,ESP,1852,27915320
Spain,ESP,1853,27296616
Spain,ESP,1854,26633068
Spain,ESP,1855,26180196
Spain,ESP,1856,25949144
Spain,ESP,1857,25643602
Spain,ESP,1858,25646206
Spain,ESP,1859,25839042
Spain,ESP,1860,24920732
Spain,ESP,1861,24329838
Spain,ESP,1862,24031296
Spain,ESP,1863,23818748
Spain,ESP,1864,23292744
Spain,ESP,1865,22933598
Spain,ESP,1866,22563608
Spain,ESP,1867,22674554
Spain,ESP,1868,22430824
Spain,ESP,1869,22202412
Spain,ESP,1870,21296818
Spain,ESP,1871,20528696
Spain,ESP,1872,20420754
Spain,ESP,1873,19950260
Spain,ESP,1874,19651316
Spain,ESP,1875,19590676
Spain,ESP,1876,19636366
Spain,ESP,1877,19612512
Spain,ESP,1878,19446680
Spain,ESP,1879,19512412
Spain,ESP,1880,18605536
Spain,ESP,1881,18450878
Spain,ESP,1882,18472128
Spain,ESP,1883,18623782
Spain,ESP,1884,18266322
Spain,ESP,1885,17926084
Spain,ESP,1886,17997312
Spain,ESP,1887,17965692
Spain,ESP,1888,18005812
Spain,ESP,1889,18255916
Spain,ESP,1890,24608268
Spain,ESP,1891,27735160
Spain,ESP,1892,29551186
Spain,ESP,1893,30338470
Spain,ESP,1894,31670884
Spain,ESP,1895,32097702
Spain,ESP,1896,33212730
Spain,ESP,1897,33777940
Spain,ESP,1898,33939668
Spain,ESP,1899,35459824
Spain,ESP,1900,35083864
Spain,ESP,1901,35396732
Spain,ESP,1902,35908224
Spain,ESP,1903,35720410
Spain,ESP,1904,36464860
Spain,ESP,1905,37034284
Spain,ESP,1906,37308900
Spain,ESP,1907,37499610
Spain,ESP,1908,38123040
Spain,ESP,1909,38518750
Spain,ESP,1910,43004772
Spain,ESP,1911,44972340
Spain,ESP,1912,47550184
Spain,ESP,1913,49930684
Spain,ESP,1914,50488710
Spain,ESP,1915,49020876
Spain,ESP,1916,52041220
Spain,ESP,1917,50372050
Spain,ESP,1918,51719704
Spain,ESP,1919,51131120
Spain,ESP,1920,51830800
Spain,ESP,1921,53992376
Spain,ESP,1922,55024930
Spain,ESP,1923,58082750
Spain,ESP,1924,59903870
Spain,ESP,1925,61160220
Spain,ESP,1926,61085876
Spain,ESP,1927,64568036
Spain,ESP,1928,65115424
Spain,ESP,1929,68064800
Spain,ESP,1930,66691184
Spain,ESP,1931,65477544
Spain,ESP,1932,64227600
Spain,ESP,1933,61934320
Spain,ESP,1934,63663908
Spain,ESP,1935,66165860
Spain,ESP,1936,51941468
Spain,ESP,1937,49406216
Spain,ESP,1938,57670600
Spain,ESP,1939,60338000
Spain,ESP,1940,54132780
Spain,ESP,1941,48530230
Spain,ESP,1942,46888990
Spain,ESP,1943,45386760
Spain,ESP,1944,45578824
Spain,ESP,1945,46697296
Spain,ESP,1946,45327756
Spain,ESP,1947,47449650
Spain,ESP,1948,48233990
Spain,ESP,1949,50707996
Spain,ESP,1950,48959790
Spain,ESP,1951,49306980
Spain,ESP,1952,54166270
Spain,ESP,1953,56031930
Spain,ESP,1954,57393030
Spain,ESP,1955,58542010
Spain,ESP,1956,61471824
Spain,ESP,1957,70790560
Spain,ESP,1958,78329540
Spain,ESP,1959,91657630
Spain,ESP,1960,66248980
Spain,ESP,1961,71444050
Spain,ESP,1962,70795240
Spain,ESP,1963,60300430
Spain,ESP,1964,67304290
Spain,ESP,1965,62889628
Spain,ESP,1966,95020360
Spain,ESP,1967,87235010
Spain,ESP,1968,131444770
Spain,ESP,1969,102972420
Spain,ESP,1970,170017260
Spain,ESP,1971,149574020
Spain,ESP,1972,151337140
Spain,ESP,1973,154677400
Spain,ESP,1974,168834400
Spain,ESP,1975,171992350
Spain,ESP,1976,187477500
Spain,ESP,1977,184298130
Spain,ESP,1978,188001730
Spain,ESP,1979,190685680
Spain,ESP,1980,202344540
Spain,ESP,1981,195340540
Spain,ESP,1982,198819470
Spain,ESP,1983,193437120
Spain,ESP,1984,185112660
Spain,ESP,1985,188917490
Spain,ESP,1986,177847660
Spain,ESP,1987,178548930
Spain,ESP,1988,186918660
Spain,ESP,1989,212180530
Spain,ESP,1990,216851470
Spain,ESP,1991,223756000
Spain,ESP,1992,225194220
Spain,ESP,1993,215710430
Spain,ESP,1994,206921970
Spain,ESP,1995,261773900
Spain,ESP,1996,237857710
Spain,ESP,1997,230739360
Spain,ESP,1998,248781800
Spain,ESP,1999,275157700
Spain,ESP,2000,279862460
Spain,ESP,2001,284641920
Spain,ESP,2002,316256000
Spain,ESP,2003,321936220
Spain,ESP,2004,334353860
Spain,ESP,2005,345367070
Spain,ESP,2006,333600700
Spain,ESP,2007,343311780
Spain,ESP,2008,311746750
Spain,ESP,2009,273630340
Spain,ESP,2010,254061840
Spain,ESP,2011,295984800
Spain,ESP,2012,262239460
Spain,ESP,2013,237061980
Spain,ESP,2014,238209650
Spain,ESP,2015,249348300
Spain,ESP,2016,239522900
Spain,ESP,2017,255303150
Spain,ESP,2018,249668450
Spain,ESP,2019,231261940
Spain,ESP,2020,193951900
Spain,ESP,2021,210309710
Spain,ESP,2022,225618380
Sri Lanka,LKA,1950,25877182
Sri Lanka,LKA,1951,23976364
Sri Lanka,LKA,1952,23430676
Sri Lanka,LKA,1953,24263878
Sri Lanka,LKA,1954,23601804
Sri Lanka,LKA,1955,25335092
Sri Lanka,LKA,1956,25721656
Sri Lanka,LKA,1957,29167174
Sri Lanka,LKA,1958,29506490
Sri Lanka,LKA,1959,23679128
Sri Lanka,LKA,1960,18143660
Sri Lanka,LKA,1961,15544596
Sri Lanka,LKA,1962,121170730
Sri Lanka,LKA,1963,81257330
Sri Lanka,LKA,1964,65208024
Sri Lanka,LKA,1965,53242876
Sri Lanka,LKA,1966,46425996
Sri Lanka,LKA,1967,47469280
Sri Lanka,LKA,1968,34931390
Sri Lanka,LKA,1969,30258748
Sri Lanka,LKA,1970,26589292
Sri Lanka,LKA,1971,24217496
Sri Lanka,LKA,1972,23102136
Sri Lanka,LKA,1973,22128904
Sri Lanka,LKA,1974,19622704
Sri Lanka,LKA,1975,27227696
Sri Lanka,LKA,1976,30540704
Sri Lanka,LKA,1977,32272170
Sri Lanka,LKA,1978,20244254
Sri Lanka,LKA,1979,16736817
Sri Lanka,LKA,1980,14996408
Sri Lanka,LKA,1981,12905389
Sri Lanka,LKA,1982,15528542
Sri Lanka,LKA,1983,14780124
Sri Lanka,LKA,1984,13722551
Sri Lanka,LKA,1985,15379976
Sri Lanka,LKA,1986,15072745
Sri Lanka,LKA,1987,14565681
Sri Lanka,LKA,1988,13618779
Sri Lanka,LKA,1989,12773247
Sri Lanka,LKA,1990,13397634
Sri Lanka,LKA,1991,16048764
Sri Lanka,LKA,1992,16440847
Sri Lanka,LKA,1993,17898322
Sri Lanka,LKA,1994,22509556
Sri Lanka,LKA,1995,21506712
Sri Lanka,LKA,1996,22839728
Sri Lanka,LKA,1997,20037872
Sri Lanka,LKA,1998,21824666
Sri Lanka,LKA,1999,19651366
Sri Lanka,LKA,2000,21104444
Sri Lanka,LKA,2001,20575896
Sri Lanka,LKA,2002,22799300
Sri Lanka,LKA,2003,24258968
Sri Lanka,LKA,2004,61366900
Sri Lanka,LKA,2005,32354404
Sri Lanka,LKA,2006,30883448
Sri Lanka,LKA,2007,63216710
Sri Lanka,LKA,2008,33770028
Sri Lanka,LKA,2009,51291990
Sri Lanka,LKA,2010,53888428
Sri Lanka,LKA,2011,35934732
Sri Lanka,LKA,2012,40348296
Sri Lanka,LKA,2013,30163964
Sri Lanka,LKA,2014,29554448
Sri Lanka,LKA,2015,32684696
Sri Lanka,LKA,2016,33444024
Sri Lanka,LKA,2017,31134672
Sri Lanka,LKA,2018,26792124
Sri Lanka,LKA,2019,27018092
Sri Lanka,LKA,2020,25837694
Sri Lanka,LKA,2021,24874436
Sri Lanka,LKA,2022,21698246
Sudan,SDN,1950,21422268
Sudan,SDN,1951,23206476
Sudan,SDN,1952,24834344
Sudan,SDN,1953,26095140
Sudan,SDN,1954,27935286
Sudan,SDN,1955,28851926
Sudan,SDN,1956,30776652
Sudan,SDN,1957,32349304
Sudan,SDN,1958,34563104
Sudan,SDN,1959,36048268
Sudan,SDN,1960,37193948
Sudan,SDN,1961,23418142
Sudan,SDN,1962,20444490
Sudan,SDN,1963,18849784
Sudan,SDN,1964,18428368
Sudan,SDN,1965,18535936
Sudan,SDN,1966,18381972
Sudan,SDN,1967,17736964
Sudan,SDN,1968,17901732
Sudan,SDN,1969,18256112
Sudan,SDN,1970,19013324
Sudan,SDN,1971,19135720
Sudan,SDN,1972,19507434
Sudan,SDN,1973,16297371
Sudan,SDN,1974,17888982
Sudan,SDN,1975,16371110
Sudan,SDN,1976,16172028
Sudan,SDN,1977,13617389
Sudan,SDN,1978,9971936
Sudan,SDN,1979,8638018
Sudan,SDN,1980,8707012
Sudan,SDN,1981,9682703
Sudan,SDN,1982,9985024
Sudan,SDN,1983,15207883
Sudan,SDN,1984,16096581
Sudan,SDN,1985,18461188
Sudan,SDN,1986,19486778
Sudan,SDN,1987,18665024
Sudan,SDN,1988,18165524
Sudan,SDN,1989,18587856
Sudan,SDN,1990,19789088
Sudan,SDN,1991,4692439
Sudan,SDN,1992,95741770
Sudan,SDN,1993,78932504
Sudan,SDN,1994,101467250
Sudan,SDN,1995,80006980
Sudan,SDN,1996,46425936
Sudan,SDN,1997,27503792
Sudan,SDN,1998,15529277
Sudan,SDN,1999,8677733
Sudan,SDN,2000,15472937
Sudan,SDN,2001,20171950
Sudan,SDN,2002,87059830
Sudan,SDN,2003,60159212
Sudan,SDN,2004,73217650
Sudan,SDN,2005,52774228
Sudan,SDN,2006,60717460
Sudan,SDN,2007,52257064
Sudan,SDN,2008,67823920
Sudan,SDN,2009,56369490
Sudan,SDN,2010,91480344
Sudan,SDN,2011,235827620
Sudan,SDN,2012,145017280
Sudan,SDN,2013,97664990
Sudan,SDN,2014,88669100
Sudan,SDN,2015,66028704
Sudan,SDN,2016,51398936
Sudan,SDN,2017,49464310
Sudan,SDN,2018,33870296
Sudan,SDN,2019,38032644
Sudan,SDN,2020,34949188
Sudan,SDN,2021,33814570
Sudan,SDN,2022,32000020
Suriname,SUR,1950,827331.2
Suriname,SUR,1951,853492.1
Suriname,SUR,1952,857376
Suriname,SUR,1953,885405.6
Suriname,SUR,1954,909148.3
Suriname,SUR,1955,973854.56
Suriname,SUR,1956,926735.56
Suriname,SUR,1957,912848.94
Suriname,SUR,1958,814030.9
Suriname,SUR,1959,770905.6
Suriname,SUR,1960,898266.25
Suriname,SUR,1961,1273753
Suriname,SUR,1962,1076336.6
Suriname,SUR,1963,2607375.5
Suriname,SUR,1964,1938402.5
Suriname,SUR,1965,1652061
Suriname,SUR,1966,1784221.5
Suriname,SUR,1967,1974493
Suriname,SUR,1968,3093881.5
Suriname,SUR,1969,2669883.5
Suriname,SUR,1970,3742556.2
Suriname,SUR,1971,3169481.8
Suriname,SUR,1972,3599678.8
Suriname,SUR,1973,3537793.5
Suriname,SUR,1974,2841950.2
Suriname,SUR,1975,3428249
Suriname,SUR,1976,3718315
Suriname,SUR,1977,3525149
Suriname,SUR,1978,4381156.5
Suriname,SUR,1979,5164574.5
Suriname,SUR,1980,5358691.5
Suriname,SUR,1981,4708318
Suriname,SUR,1982,4071238.5
Suriname,SUR,1983,3623548.2
Suriname,SUR,1984,4269694
Suriname,SUR,1985,4011677.8
Suriname,SUR,1986,4887230
Suriname,SUR,1987,3969217
Suriname,SUR,1988,3388255.8
Suriname,SUR,1989,2983569.5
Suriname,SUR,1990,3144124.2
Suriname,SUR,1991,3515745.8
Suriname,SUR,1992,6179859
Suriname,SUR,1993,4221103
Suriname,SUR,1994,4950443
Suriname,SUR,1995,4977937.5
Suriname,SUR,1996,3872341.2
Suriname,SUR,1997,3842897.5
Suriname,SUR,1998,5001835
Suriname,SUR,1999,3994544
Suriname,SUR,2000,4559291
Suriname,SUR,2001,3592177.2
Suriname,SUR,2002,5418489
Suriname,SUR,2003,5371923
Suriname,SUR,2004,3277352
Suriname,SUR,2005,3010335
Suriname,SUR,2006,2564132.5
Suriname,SUR,2007,2907356.5
Suriname,SUR,2008,6496362.5
Suriname,SUR,2009,3831827.2
Suriname,SUR,2010,4545666
Suriname,SUR,2011,3826511.5
Suriname,SUR,2012,6822268.5
Suriname,SUR,2013,7041853.5
Suriname,SUR,2014,5521327.5
Suriname,SUR,2015,4485667.5
Suriname,SUR,2016,4969345
Suriname,SUR,2017,4661409
Suriname,SUR,2018,4300175.5
Suriname,SUR,2019,4919348
Suriname,SUR,2020,4790541
Suriname,SUR,2021,5458672.5
Suriname,SUR,2022,5362864
Sweden,SWE,1850,23406144
Sweden,SWE,1851,23627084
Sweden,SWE,1852,23894410
Sweden,SWE,1853,24016970
Sweden,SWE,1854,24327788
Sweden,SWE,1855,24333210
Sweden,SWE,1856,24555250
Sweden,SWE,1857,24877826
Sweden,SWE,1858,25055274
Sweden,SWE,1859,25456336
Sweden,SWE,1860,25404380
Sweden,SWE,1861,25698086
Sweden,SWE,1862,26131942
Sweden,SWE,1863,26510066
Sweden,SWE,1864,26742986
Sweden,SWE,1865,27020790
Sweden,SWE,1866,27302442
Sweden,SWE,1867,27843250
Sweden,SWE,1868,28102806
Sweden,SWE,1869,28161724
Sweden,SWE,1870,28697658
Sweden,SWE,1871,28663436
Sweden,SWE,1872,29531986
Sweden,SWE,1873,29705550
Sweden,SWE,1874,29819060
Sweden,SWE,1875,30404458
Sweden,SWE,1876,30659290
Sweden,SWE,1877,30938082
Sweden,SWE,1878,30721872
Sweden,SWE,1879,31015026
Sweden,SWE,1880,31148836
Sweden,SWE,1881,30682374
Sweden,SWE,1882,31169720
Sweden,SWE,1883,31419936
Sweden,SWE,1884,31914978
Sweden,SWE,1885,32194798
Sweden,SWE,1886,32166806
Sweden,SWE,1887,32088580
Sweden,SWE,1888,32331026
Sweden,SWE,1889,32941374
Sweden,SWE,1890,33455764
Sweden,SWE,1891,33924576
Sweden,SWE,1892,34200144
Sweden,SWE,1893,34216996
Sweden,SWE,1894,34788290
Sweden,SWE,1895,35004790
Sweden,SWE,1896,35772220
Sweden,SWE,1897,36363550
Sweden,SWE,1898,36861930
Sweden,SWE,1899,39032116
Sweden,SWE,1900,38974516
Sweden,SWE,1901,38835396
Sweden,SWE,1902,39495320
Sweden,SWE,1903,40483644
Sweden,SWE,1904,41597064
Sweden,SWE,1905,41951810
Sweden,SWE,1906,43487024
Sweden,SWE,1907,44746384
Sweden,SWE,1908,45934508
Sweden,SWE,1909,45135010
Sweden,SWE,1910,45240092
Sweden,SWE,1911,45018000
Sweden,SWE,1912,46271156
Sweden,SWE,1913,48109776
Sweden,SWE,1914,47141664
Sweden,SWE,1915,47142496
Sweden,SWE,1916,47975936
Sweden,SWE,1917,38893684
Sweden,SWE,1918,40072800
Sweden,SWE,1919,39600616
Sweden,SWE,1920,42516470
Sweden,SWE,1921,38161070
Sweden,SWE,1922,41995630
Sweden,SWE,1923,44196910
Sweden,SWE,1924,46407490
Sweden,SWE,1925,44844428
Sweden,SWE,1926,44315084
Sweden,SWE,1927,49201910
Sweden,SWE,1928,47533990
Sweden,SWE,1929,50500364
Sweden,SWE,1930,49374370
Sweden,SWE,1931,48893856
Sweden,SWE,1932,48383664
Sweden,SWE,1933,48716704
Sweden,SWE,1934,50680296
Sweden,SWE,1935,51280250
Sweden,SWE,1936,53099000
Sweden,SWE,1937,56566680
Sweden,SWE,1938,53473020
Sweden,SWE,1939,56081164
Sweden,SWE,1940,46024090
Sweden,SWE,1941,42608240
Sweden,SWE,1942,40476764
Sweden,SWE,1943,43271028
Sweden,SWE,1944,39566004
Sweden,SWE,1945,31371976
Sweden,SWE,1946,43746864
Sweden,SWE,1947,51147600
Sweden,SWE,1948,57584676
Sweden,SWE,1949,57772880
Sweden,SWE,1950,61533880
Sweden,SWE,1951,66942830
Sweden,SWE,1952,68170710
Sweden,SWE,1953,66176400
Sweden,SWE,1954,67558270
Sweden,SWE,1955,71655410
Sweden,SWE,1956,74968264
Sweden,SWE,1957,69364610
Sweden,SWE,1958,71204320
Sweden,SWE,1959,70030710
Sweden,SWE,1960,79650270
Sweden,SWE,1961,72575200
Sweden,SWE,1962,69557050
Sweden,SWE,1963,70754140
Sweden,SWE,1964,72730184
Sweden,SWE,1965,73312210
Sweden,SWE,1966,81673660
Sweden,SWE,1967,75918750
Sweden,SWE,1968,84525460
Sweden,SWE,1969,91881310
Sweden,SWE,1970,97585420
Sweden,SWE,1971,88977300
Sweden,SWE,1972,87751740
Sweden,SWE,1973,90656090
Sweden,SWE,1974,82660210
Sweden,SWE,1975,83349650
Sweden,SWE,1976,89790540
Sweden,SWE,1977,86747336
Sweden,SWE,1978,79569990
Sweden,SWE,1979,84767160
Sweden,SWE,1980,70924680
Sweden,SWE,1981,68420330
Sweden,SWE,1982,61033410
Sweden,SWE,1983,56972284
Sweden,SWE,1984,55375876
Sweden,SWE,1985,60128420
Sweden,SWE,1986,59836700
Sweden,SWE,1987,57462090
Sweden,SWE,1988,55076092
Sweden,SWE,1989,53715050
Sweden,SWE,1990,54848850
Sweden,SWE,1991,55027104
Sweden,SWE,1992,55849924
Sweden,SWE,1993,55963764
Sweden,SWE,1994,58232816
Sweden,SWE,1995,61111256
Sweden,SWE,1996,62953284
Sweden,SWE,1997,58578024
Sweden,SWE,1998,59565596
Sweden,SWE,1999,56426530
Sweden,SWE,2000,55235020
Sweden,SWE,2001,56416964
Sweden,SWE,2002,57820224
Sweden,SWE,2003,59894600
Sweden,SWE,2004,63201704
Sweden,SWE,2005,59613820
Sweden,SWE,2006,57807316
Sweden,SWE,2007,57567324
Sweden,SWE,2008,55537604
Sweden,SWE,2009,52364148
Sweden,SWE,2010,57913430
Sweden,SWE,2011,53427984
Sweden,SWE,2012,50942750
Sweden,SWE,2013,49470828
Sweden,SWE,2014,48232936
Sweden,SWE,2015,48341440
Sweden,SWE,2016,48409060
Sweden,SWE,2017,48270070
Sweden,SWE,2018,47317430
Sweden,SWE,2019,46415460
Sweden,SWE,2020,42195308
Sweden,SWE,2021,44074136
Sweden,SWE,2022,43668116
Switzerland,CHE,1858,3598890.8
Switzerland,CHE,1859,3376632.5
Switzerland,CHE,1860,3925096.5
Switzerland,CHE,1861,3674369
Switzerland,CHE,1862,3798285.5
Switzerland,CHE,1863,3615342
Switzerland,CHE,1864,3724602.5
Switzerland,CHE,1865,3698881.2
Switzerland,CHE,1866,3713171
Switzerland,CHE,1867,3819793.2
Switzerland,CHE,1868,3946128
Switzerland,CHE,1869,3828770.2
Switzerland,CHE,1870,3875925.8
Switzerland,CHE,1871,3975073.5
Switzerland,CHE,1872,4091552
Switzerland,CHE,1873,4165968
Switzerland,CHE,1874,3871199.2
Switzerland,CHE,1875,4192239
Switzerland,CHE,1876,4269439
Switzerland,CHE,1877,4016147
Switzerland,CHE,1878,3964374.8
Switzerland,CHE,1879,3828403.5
Switzerland,CHE,1880,4254197
Switzerland,CHE,1881,3760912.8
Switzerland,CHE,1882,3947703.5
Switzerland,CHE,1883,3935356
Switzerland,CHE,1884,3951843.8
Switzerland,CHE,1885,3870210
Switzerland,CHE,1886,3882631
Switzerland,CHE,1887,4113060
Switzerland,CHE,1888,4131196.5
Switzerland,CHE,1889,4260646
Switzerland,CHE,1890,5075959
Switzerland,CHE,1891,5881343
Switzerland,CHE,1892,5971514
Switzerland,CHE,1893,5625632
Switzerland,CHE,1894,6289146
Switzerland,CHE,1895,6882421
Switzerland,CHE,1896,7262927
Switzerland,CHE,1897,7486614.5
Switzerland,CHE,1898,7942636
Switzerland,CHE,1899,8225863
Switzerland,CHE,1900,9355951
Switzerland,CHE,1901,8722445
Switzerland,CHE,1902,8952764
Switzerland,CHE,1903,9518596
Switzerland,CHE,1904,10071054
Switzerland,CHE,1905,10272354
Switzerland,CHE,1906,11264088
Switzerland,CHE,1907,12363252
Switzerland,CHE,1908,12340170
Switzerland,CHE,1909,12539710
Switzerland,CHE,1910,11261194
Switzerland,CHE,1911,12109044
Switzerland,CHE,1912,11712965
Switzerland,CHE,1913,12081894
Switzerland,CHE,1914,10951183
Switzerland,CHE,1915,11287245
Switzerland,CHE,1916,10578701
Switzerland,CHE,1917,8084286
Switzerland,CHE,1918,7676373
Switzerland,CHE,1919,6405661
Switzerland,CHE,1920,8925687
Switzerland,CHE,1921,6343117
Switzerland,CHE,1922,7644203
Switzerland,CHE,1923,9117388
Switzerland,CHE,1924,8565369
Switzerland,CHE,1925,8859442
Switzerland,CHE,1926,8679576
Switzerland,CHE,1927,9749831
Switzerland,CHE,1928,10096454
Switzerland,CHE,1929,11385249
Switzerland,CHE,1930,10484836
Switzerland,CHE,1931,10977891
Switzerland,CHE,1932,11101795
Switzerland,CHE,1933,10391177
Switzerland,CHE,1934,10315955
Switzerland,CHE,1935,10121360
Switzerland,CHE,1936,10500293
Switzerland,CHE,1937,11016256
Switzerland,CHE,1938,10998508
Switzerland,CHE,1939,12283120
Switzerland,CHE,1940,9035337
Switzerland,CHE,1941,7456583.5
Switzerland,CHE,1942,6785155
Switzerland,CHE,1943,7197137
Switzerland,CHE,1944,5510287.5
Switzerland,CHE,1945,2709586
Switzerland,CHE,1946,6848850.5
Switzerland,CHE,1947,10639764
Switzerland,CHE,1948,11355661
Switzerland,CHE,1949,9796772
Switzerland,CHE,1950,11785576
Switzerland,CHE,1951,14082356
Switzerland,CHE,1952,13139528
Switzerland,CHE,1953,12285562
Switzerland,CHE,1954,14512691
Switzerland,CHE,1955,15478584
Switzerland,CHE,1956,18927792
Switzerland,CHE,1957,19674450
Switzerland,CHE,1958,18471256
Switzerland,CHE,1959,18719924
Switzerland,CHE,1960,22235462
Switzerland,CHE,1961,22141132
Switzerland,CHE,1962,25491540
Switzerland,CHE,1963,30140212
Switzerland,CHE,1964,28997450
Switzerland,CHE,1965,30918694
Switzerland,CHE,1966,31904980
Switzerland,CHE,1967,33058232
Switzerland,CHE,1968,36552252
Switzerland,CHE,1969,38281788
Switzerland,CHE,1970,40342588
Switzerland,CHE,1971,42184650
Switzerland,CHE,1972,42958440
Switzerland,CHE,1973,46179556
Switzerland,CHE,1974,41575612
Switzerland,CHE,1975,39038270
Switzerland,CHE,1976,40398828
Switzerland,CHE,1977,41352010
Switzerland,CHE,1978,43151480
Switzerland,CHE,1979,40415810
Switzerland,CHE,1980,41013236
Switzerland,CHE,1981,39451132
Switzerland,CHE,1982,37288748
Switzerland,CHE,1983,40873372
Switzerland,CHE,1984,39962904
Switzerland,CHE,1985,40409936
Switzerland,CHE,1986,42785844
Switzerland,CHE,1987,40789800
Switzerland,CHE,1988,41408930
Switzerland,CHE,1989,39974720
Switzerland,CHE,1990,44866796
Switzerland,CHE,1991,46595900
Switzerland,CHE,1992,46468164
Switzerland,CHE,1993,44299670
Switzerland,CHE,1994,43306216
Switzerland,CHE,1995,43930790
Switzerland,CHE,1996,44318890
Switzerland,CHE,1997,43389640
Switzerland,CHE,1998,45065330
Switzerland,CHE,1999,44572760
Switzerland,CHE,2000,44322360
Switzerland,CHE,2001,45584172
Switzerland,CHE,2002,43731116
Switzerland,CHE,2003,45035972
Switzerland,CHE,2004,45210816
Switzerland,CHE,2005,45635390
Switzerland,CHE,2006,45262732
Switzerland,CHE,2007,43258180
Switzerland,CHE,2008,44444572
Switzerland,CHE,2009,43228052
Switzerland,CHE,2010,44754572
Switzerland,CHE,2011,40644972
Switzerland,CHE,2012,41891412
Switzerland,CHE,2013,43016976
Switzerland,CHE,2014,38909600
Switzerland,CHE,2015,38427820
Switzerland,CHE,2016,38783370
Switzerland,CHE,2017,37755824
Switzerland,CHE,2018,36416830
Switzerland,CHE,2019,36196550
Switzerland,CHE,2020,33692292
Switzerland,CHE,2021,35298564
Switzerland,CHE,2022,34954736
Syria,SYR,1931,11249146
Syria,SYR,1932,13659083
Syria,SYR,1933,15196871
Syria,SYR,1934,16243486
Syria,SYR,1935,17013116
Syria,SYR,1936,17617776
Syria,SYR,1937,18125376
Syria,SYR,1938,18519732
Syria,SYR,1939,18850768
Syria,SYR,1940,14794651
Syria,SYR,1941,12879991
Syria,SYR,1942,11873076
Syria,SYR,1943,11250565
Syria,SYR,1944,10860863
Syria,SYR,1945,10618159
Syria,SYR,1946,10452408
Syria,SYR,1947,10329854
Syria,SYR,1948,10230266
Syria,SYR,1949,10151570
Syria,SYR,1950,13215082
Syria,SYR,1951,15199800
Syria,SYR,1952,16876052
Syria,SYR,1953,18500148
Syria,SYR,1954,19801804
Syria,SYR,1955,22243476
Syria,SYR,1956,23768052
Syria,SYR,1957,24947558
Syria,SYR,1958,26131280
Syria,SYR,1959,27101670
Syria,SYR,1960,27787576
Syria,SYR,1961,20983172
Syria,SYR,1962,20662532
Syria,SYR,1963,20868332
Syria,SYR,1964,13930427
Syria,SYR,1965,1394825.5
Syria,SYR,1966,2707032
Syria,SYR,1967,-2282874
Syria,SYR,1968,1811871
Syria,SYR,1969,4104486
Syria,SYR,1970,3559748
Syria,SYR,1971,10606600
Syria,SYR,1972,4993916
Syria,SYR,1973,11944485
Syria,SYR,1974,498808
Syria,SYR,1975,10954829
Syria,SYR,1976,7527362
Syria,SYR,1977,11581014
Syria,SYR,1978,15543764
Syria,SYR,1979,20066394
Syria,SYR,1980,21048644
Syria,SYR,1981,26578144
Syria,SYR,1982,19252760
Syria,SYR,1983,25384144
Syria,SYR,1984,29053876
Syria,SYR,1985,25732670
Syria,SYR,1986,27970940
Syria,SYR,1987,30523446
Syria,SYR,1988,31936764
Syria,SYR,1989,35843580
Syria,SYR,1990,35185596
Syria,SYR,1991,39401884
Syria,SYR,1992,37516668
Syria,SYR,1993,43601264
Syria,SYR,1994,43720268
Syria,SYR,1995,43026790
Syria,SYR,1996,46470936
Syria,SYR,1997,46913876
Syria,SYR,1998,51981836
Syria,SYR,1999,50589110
Syria,SYR,2000,54603904
Syria,SYR,2001,49324330
Syria,SYR,2002,40954948
Syria,SYR,2003,61542676
Syria,SYR,2004,52424704
Syria,SYR,2005,51540264
Syria,SYR,2006,57429856
Syria,SYR,2007,67035644
Syria,SYR,2008,67307160
Syria,SYR,2009,63652812
Syria,SYR,2010,62297052
Syria,SYR,2011,59517704
Syria,SYR,2012,45967636
Syria,SYR,2013,33958130
Syria,SYR,2014,30470906
Syria,SYR,2015,28103062
Syria,SYR,2016,26494862
Syria,SYR,2017,28031648
Syria,SYR,2018,31665888
Syria,SYR,2019,27966692
Syria,SYR,2020,25645344
Syria,SYR,2021,26580952
Syria,SYR,2022,27038464
Tajikistan,TJK,1850,541653.7
Tajikistan,TJK,1855,556295.25
Tajikistan,TJK,1858,562759.25
Tajikistan,TJK,1859,564320.8
Tajikistan,TJK,1860,573433.6
Tajikistan,TJK,1861,579528.56
Tajikistan,TJK,1862,583393.94
Tajikistan,TJK,1863,586884.75
Tajikistan,TJK,1864,590395.5
Tajikistan,TJK,1865,593011.5
Tajikistan,TJK,1866,601624.4
Tajikistan,TJK,1867,605189.4
Tajikistan,TJK,1868,605540.9
Tajikistan,TJK,1869,610512.2
Tajikistan,TJK,1870,618065.75
Tajikistan,TJK,1871,630412
Tajikistan,TJK,1872,637022.5
Tajikistan,TJK,1873,640671.06
Tajikistan,TJK,1874,647014.3
Tajikistan,TJK,1875,652598.1
Tajikistan,TJK,1876,660648.6
Tajikistan,TJK,1877,663580.6
Tajikistan,TJK,1878,674618.06
Tajikistan,TJK,1879,677041
Tajikistan,TJK,1880,693336.44
Tajikistan,TJK,1881,698748.3
Tajikistan,TJK,1882,703191.94
Tajikistan,TJK,1883,711873.7
Tajikistan,TJK,1884,714335.25
Tajikistan,TJK,1885,721340.94
Tajikistan,TJK,1886,724557.5
Tajikistan,TJK,1887,729845.06
Tajikistan,TJK,1888,734195.75
Tajikistan,TJK,1889,741312.8
Tajikistan,TJK,1890,759125.75
Tajikistan,TJK,1891,774022.4
Tajikistan,TJK,1892,783986.7
Tajikistan,TJK,1893,805037.56
Tajikistan,TJK,1894,810025.6
Tajikistan,TJK,1895,830796.2
Tajikistan,TJK,1896,835473.3
Tajikistan,TJK,1897,859997.9
Tajikistan,TJK,1898,882111.9
Tajikistan,TJK,1899,913795.94
Tajikistan,TJK,1900,949006.3
Tajikistan,TJK,1901,961531.6
Tajikistan,TJK,1902,957669.9
Tajikistan,TJK,1903,956087.1
Tajikistan,TJK,1904,986097.1
Tajikistan,TJK,1905,960271.9
Tajikistan,TJK,1906,996042.75
Tajikistan,TJK,1907,1031024.94
Tajikistan,TJK,1908,1031891.7
Tajikistan,TJK,1909,1040587.7
Tajikistan,TJK,1910,1036177
Tajikistan,TJK,1911,1048690
Tajikistan,TJK,1912,1092606
Tajikistan,TJK,1913,1124861
Tajikistan,TJK,1914,1086127.4
Tajikistan,TJK,1915,1056895.6
Tajikistan,TJK,1916,1079636.8
Tajikistan,TJK,1917,1052293.4
Tajikistan,TJK,1918,856850.94
Tajikistan,TJK,1919,839011.4
Tajikistan,TJK,1920,837443.4
Tajikistan,TJK,1921,850088.44
Tajikistan,TJK,1922,877304.56
Tajikistan,TJK,1923,893958
Tajikistan,TJK,1924,924769.25
Tajikistan,TJK,1925,924666.6
Tajikistan,TJK,1926,1005092.75
Tajikistan,TJK,1927,1068697.9
Tajikistan,TJK,1928,1104195.9
Tajikistan,TJK,1929,1132789.6
Tajikistan,TJK,1930,1272934.6
Tajikistan,TJK,1931,1380017.2
Tajikistan,TJK,1932,1460641.8
Tajikistan,TJK,1933,1544891.6
Tajikistan,TJK,1934,1708841.1
Tajikistan,TJK,1935,1833607
Tajikistan,TJK,1936,1989825.1
Tajikistan,TJK,1937,2019329.5
Tajikistan,TJK,1938,2089706
Tajikistan,TJK,1939,2107317.5
Tajikistan,TJK,1940,2376830.2
Tajikistan,TJK,1941,2189269.5
Tajikistan,TJK,1942,1558754.8
Tajikistan,TJK,1943,1594614.2
Tajikistan,TJK,1944,1953475.2
Tajikistan,TJK,1945,2020910.5
Tajikistan,TJK,1946,2166674
Tajikistan,TJK,1947,2443866.5
Tajikistan,TJK,1948,2548374
Tajikistan,TJK,1949,2787092
Tajikistan,TJK,1950,4483381
Tajikistan,TJK,1951,5501034
Tajikistan,TJK,1952,6193083
Tajikistan,TJK,1953,6693916
Tajikistan,TJK,1954,7181512.5
Tajikistan,TJK,1955,7778277.5
Tajikistan,TJK,1956,8316796.5
Tajikistan,TJK,1957,8893291
Tajikistan,TJK,1958,9465070
Tajikistan,TJK,1959,10017974
Tajikistan,TJK,1960,8464801
Tajikistan,TJK,1961,7951632
Tajikistan,TJK,1962,7497773
Tajikistan,TJK,1963,7300066.5
Tajikistan,TJK,1964,7368391
Tajikistan,TJK,1965,7240862
Tajikistan,TJK,1966,7455088.5
Tajikistan,TJK,1967,7632937.5
Tajikistan,TJK,1968,7816715.5
Tajikistan,TJK,1969,8005142
Tajikistan,TJK,1970,8275476
Tajikistan,TJK,1971,8848735
Tajikistan,TJK,1972,9174566
Tajikistan,TJK,1973,9667156
Tajikistan,TJK,1974,9825287
Tajikistan,TJK,1975,10275508
Tajikistan,TJK,1976,10646399
Tajikistan,TJK,1977,10875531
Tajikistan,TJK,1978,11106607
Tajikistan,TJK,1979,11250944
Tajikistan,TJK,1980,11758866
Tajikistan,TJK,1981,11590249
Tajikistan,TJK,1982,11786112
Tajikistan,TJK,1983,11858706
Tajikistan,TJK,1984,11970158
Tajikistan,TJK,1985,12849046
Tajikistan,TJK,1986,12286506
Tajikistan,TJK,1987,11960887
Tajikistan,TJK,1988,12757105
Tajikistan,TJK,1989,12574383
Tajikistan,TJK,1990,11954562
Tajikistan,TJK,1991,9935476
Tajikistan,TJK,1992,8228646.5
Tajikistan,TJK,1993,5132380.5
Tajikistan,TJK,1994,1693819.2
Tajikistan,TJK,1995,1264040.1
Tajikistan,TJK,1996,2323955
Tajikistan,TJK,1997,883475.75
Tajikistan,TJK,1998,1290738.8
Tajikistan,TJK,1999,1518539.2
Tajikistan,TJK,2000,1254474.8
Tajikistan,TJK,2001,1400331.8
Tajikistan,TJK,2002,1034962.7
Tajikistan,TJK,2003,1193915.2
Tajikistan,TJK,2004,1836192.5
Tajikistan,TJK,2005,1992259.1
Tajikistan,TJK,2006,2141072.2
Tajikistan,TJK,2007,2862784.5
Tajikistan,TJK,2008,3207167
Tajikistan,TJK,2009,2315734
Tajikistan,TJK,2010,2185147.2
Tajikistan,TJK,2011,1928829.1
Tajikistan,TJK,2012,2467278
Tajikistan,TJK,2013,2362459.2
Tajikistan,TJK,2014,4106544.5
Tajikistan,TJK,2015,4735021.5
Tajikistan,TJK,2016,5702100.5
Tajikistan,TJK,2017,6596695
Tajikistan,TJK,2018,7706174
Tajikistan,TJK,2019,8526395
Tajikistan,TJK,2020,8965886
Tajikistan,TJK,2021,9641459
Tajikistan,TJK,2022,9686928
Tanzania,TZA,1950,132693670
Tanzania,TZA,1951,112586880
Tanzania,TZA,1952,106214970
Tanzania,TZA,1953,107014744
Tanzania,TZA,1954,109442910
Tanzania,TZA,1955,114044380
Tanzania,TZA,1956,120509656
Tanzania,TZA,1957,123546630
Tanzania,TZA,1958,132209910
Tanzania,TZA,1959,137280080
Tanzania,TZA,1960,150797600
Tanzania,TZA,1961,107808400
Tanzania,TZA,1962,204861090
Tanzania,TZA,1963,157768800
Tanzania,TZA,1964,116585300
Tanzania,TZA,1965,90346216
Tanzania,TZA,1966,76191830
Tanzania,TZA,1967,68049410
Tanzania,TZA,1968,63168860
Tanzania,TZA,1969,173494800
Tanzania,TZA,1970,174652270
Tanzania,TZA,1971,123713950
Tanzania,TZA,1972,92428360
Tanzania,TZA,1973,77481980
Tanzania,TZA,1974,66968160
Tanzania,TZA,1975,57964290
Tanzania,TZA,1976,52995410
Tanzania,TZA,1977,159585120
Tanzania,TZA,1978,130800240
Tanzania,TZA,1979,88727680
Tanzania,TZA,1980,102239790
Tanzania,TZA,1981,76028650
Tanzania,TZA,1982,62438980
Tanzania,TZA,1983,53644176
Tanzania,TZA,1984,157349820
Tanzania,TZA,1985,128495460
Tanzania,TZA,1986,84243650
Tanzania,TZA,1987,67959080
Tanzania,TZA,1988,56407176
Tanzania,TZA,1989,48146590
Tanzania,TZA,1990,53326896
Tanzania,TZA,1991,37065652
Tanzania,TZA,1992,48110850
Tanzania,TZA,1993,51009210
Tanzania,TZA,1994,54807284
Tanzania,TZA,1995,63532590
Tanzania,TZA,1996,58512410
Tanzania,TZA,1997,61180120
Tanzania,TZA,1998,80379960
Tanzania,TZA,1999,64454000
Tanzania,TZA,2000,60096510
Tanzania,TZA,2001,56146200
Tanzania,TZA,2002,73508536
Tanzania,TZA,2003,148580980
Tanzania,TZA,2004,119222184
Tanzania,TZA,2005,88560090
Tanzania,TZA,2006,129735384
Tanzania,TZA,2007,221162500
Tanzania,TZA,2008,180947780
Tanzania,TZA,2009,161590910
Tanzania,TZA,2010,242278720
Tanzania,TZA,2011,299437500
Tanzania,TZA,2012,204776960
Tanzania,TZA,2013,143350850
Tanzania,TZA,2014,131115810
Tanzania,TZA,2015,105114250
Tanzania,TZA,2016,89048560
Tanzania,TZA,2017,88121190
Tanzania,TZA,2018,72386780
Tanzania,TZA,2019,63306736
Tanzania,TZA,2020,55276010
Tanzania,TZA,2021,50647670
Tanzania,TZA,2022,45734720
Thailand,THA,1931,135538450
Thailand,THA,1932,137739040
Thailand,THA,1933,139493000
Thailand,THA,1934,145498820
Thailand,THA,1935,144198020
Thailand,THA,1936,139017260
Thailand,THA,1937,146054100
Thailand,THA,1938,145158580
Thailand,THA,1939,145166420
Thailand,THA,1940,178608640
Thailand,THA,1941,209448380
Thailand,THA,1943,222142850
Thailand,THA,1944,228263020
Thailand,THA,1947,225016370
Thailand,THA,1948,230372000
Thailand,THA,1949,223907520
Thailand,THA,1950,226017730
Thailand,THA,1951,221749090
Thailand,THA,1952,229787260
Thailand,THA,1953,237743940
Thailand,THA,1954,239465120
Thailand,THA,1955,248588300
Thailand,THA,1956,262627360
Thailand,THA,1957,265952750
Thailand,THA,1958,275442850
Thailand,THA,1959,249245760
Thailand,THA,1960,167362020
Thailand,THA,1961,222742980
Thailand,THA,1962,310027260
Thailand,THA,1963,266888110
Thailand,THA,1964,251066460
Thailand,THA,1965,252158900
Thailand,THA,1966,247961060
Thailand,THA,1967,243529840
Thailand,THA,1968,234619800
Thailand,THA,1969,258719970
Thailand,THA,1970,219560460
Thailand,THA,1971,425296320
Thailand,THA,1972,544729500
Thailand,THA,1973,574743200
Thailand,THA,1974,440845280
Thailand,THA,1975,371684770
Thailand,THA,1976,378032770
Thailand,THA,1977,369888450
Thailand,THA,1978,345110750
Thailand,THA,1979,302069860
Thailand,THA,1980,330252800
Thailand,THA,1981,349399580
Thailand,THA,1982,261708510
Thailand,THA,1983,233361020
Thailand,THA,1984,334294900
Thailand,THA,1985,286353340
Thailand,THA,1986,334792740
Thailand,THA,1987,255136510
Thailand,THA,1988,199304640
Thailand,THA,1989,187760450
Thailand,THA,1990,211995790
Thailand,THA,1991,176961120
Thailand,THA,1992,166901230
Thailand,THA,1993,170461170
Thailand,THA,1994,213789390
Thailand,THA,1995,193159790
Thailand,THA,1996,190086160
Thailand,THA,1997,182081860
Thailand,THA,1998,161587380
Thailand,THA,1999,161697710
Thailand,THA,2000,170665820
Thailand,THA,2001,170022030
Thailand,THA,2002,179873200
Thailand,THA,2003,196712510
Thailand,THA,2004,229259800
Thailand,THA,2005,253414530
Thailand,THA,2006,265662000
Thailand,THA,2007,322319800
Thailand,THA,2008,478814500
Thailand,THA,2009,393435650
Thailand,THA,2010,367791870
Thailand,THA,2011,519409150
Thailand,THA,2012,461214200
Thailand,THA,2013,385220220
Thailand,THA,2014,379166200
Thailand,THA,2015,356066370
Thailand,THA,2016,347641800
Thailand,THA,2017,342845400
Thailand,THA,2018,338711170
Thailand,THA,2019,327397700
Thailand,THA,2020,313852600
Thailand,THA,2021,306549540
Thailand,THA,2022,307979680
Togo,TGO,1950,18754002
Togo,TGO,1951,16710221
Togo,TGO,1952,14064704
Togo,TGO,1953,12094314
Togo,TGO,1954,12280886
Togo,TGO,1955,13702078
Togo,TGO,1956,13597031
Togo,TGO,1957,15567749
Togo,TGO,1958,14603751
Togo,TGO,1959,15079339
Togo,TGO,1960,10209040
Togo,TGO,1961,8072488
Togo,TGO,1962,6827791
Togo,TGO,1963,5772595
Togo,TGO,1964,5680629
Togo,TGO,1965,4880997.5
Togo,TGO,1966,4236390
Togo,TGO,1967,4035382.8
Togo,TGO,1968,3832763.8
Togo,TGO,1969,3091646.5
Togo,TGO,1970,1260526
Togo,TGO,1971,869027.5
Togo,TGO,1972,639006.3
Togo,TGO,1973,468943.97
Togo,TGO,1974,513248.62
Togo,TGO,1975,418428.8
Togo,TGO,1976,396921.12
Togo,TGO,1977,9438648
Togo,TGO,1978,9296667
Togo,TGO,1979,6812658.5
Togo,TGO,1980,4411204
Togo,TGO,1981,3615517
Togo,TGO,1982,2980073.8
Togo,TGO,1983,6963666
Togo,TGO,1984,4882020
Togo,TGO,1985,3562787.5
Togo,TGO,1986,4684746
Togo,TGO,1987,6440175
Togo,TGO,1988,4394528.5
Togo,TGO,1989,7842667
Togo,TGO,1990,5640707
Togo,TGO,1991,4400937
Togo,TGO,1992,12423264
Togo,TGO,1993,7896854
Togo,TGO,1994,7295422
Togo,TGO,1995,15215885
Togo,TGO,1996,15938136
Togo,TGO,1997,18609558
Togo,TGO,1998,18989396
Togo,TGO,1999,13361806
Togo,TGO,2000,4081130.8
Togo,TGO,2001,4235977
Togo,TGO,2002,2081102.2
Togo,TGO,2003,-1189013.5
Togo,TGO,2004,-5986195
Togo,TGO,2005,-999625.25
Togo,TGO,2006,10247647
Togo,TGO,2007,9175134
Togo,TGO,2008,9601238
Togo,TGO,2009,9904288
Togo,TGO,2010,8761770
Togo,TGO,2011,15132666
Togo,TGO,2012,8905946
Togo,TGO,2013,5717543
Togo,TGO,2014,4905010
Togo,TGO,2015,4337164
Togo,TGO,2016,3701916.5
Togo,TGO,2017,4037697.2
Togo,TGO,2018,2989808.8
Togo,TGO,2019,2735084
Togo,TGO,2020,2432330.8
Togo,TGO,2021,2440554
Togo,TGO,2022,2348428.8
Tonga,TON,1950,50856.32
Tonga,TON,1951,74928.8
Tonga,TON,1952,87166.56
Tonga,TON,1953,97462.4
Tonga,TON,1954,97205.914
Tonga,TON,1955,92112.96
Tonga,TON,1956,98854.72
Tonga,TON,1957,102995.05
Tonga,TON,1958,111825.27
Tonga,TON,1959,127214.08
Tonga,TON,1960,102885.12
Tonga,TON,1961,138096.16
Tonga,TON,1962,106036.16
Tonga,TON,1963,95850.234
Tonga,TON,1964,137766.4
Tonga,TON,1965,161069.44
Tonga,TON,1966,128533.12
Tonga,TON,1967,112668
Tonga,TON,1968,211925.77
Tonga,TON,1969,118750.24
Tonga,TON,1970,118786.88
Tonga,TON,1971,98671.516
Tonga,TON,1972,91929.766
Tonga,TON,1973,86983.36
Tonga,TON,1974,76028
Tonga,TON,1975,25318.24
Tonga,TON,1976,39497.92
Tonga,TON,1977,42539.04
Tonga,TON,1978,49867.04
Tonga,TON,1979,112558.08
Tonga,TON,1980,86030.72
Tonga,TON,1981,83429.28
Tonga,TON,1982,17147.521
Tonga,TON,1983,40707.04
Tonga,TON,1984,45543.52
Tonga,TON,1985,47155.68
Tonga,TON,1986,47778.56
Tonga,TON,1987,55363.04
Tonga,TON,1988,21287.84
Tonga,TON,1989,40523.84
Tonga,TON,1990,61848.32
Tonga,TON,1991,69103.04
Tonga,TON,1992,53311.2
Tonga,TON,1993,69945.76
Tonga,TON,1994,136887.03
Tonga,TON,1995,118054.08
Tonga,TON,1996,-10772.164
Tonga,TON,1997,49317.44
Tonga,TON,1998,50453.28
Tonga,TON,1999,41769.6
Tonga,TON,2000,44884
Tonga,TON,2001,45506.883
Tonga,TON,2002,65329.12
Tonga,TON,2003,83978.875
Tonga,TON,2004,79948.484
Tonga,TON,2005,129632.32
Tonga,TON,2006,133442.89
Tonga,TON,2007,114353.44
Tonga,TON,2008,179132.97
Tonga,TON,2009,163707.52
Tonga,TON,2010,139451.84
Tonga,TON,2011,178253.6
Tonga,TON,2012,154034.56
Tonga,TON,2013,150150.72
Tonga,TON,2014,143445.6
Tonga,TON,2015,142346.4
Tonga,TON,2016,145973.77
Tonga,TON,2017,153961.28
Tonga,TON,2018,151433.12
Tonga,TON,2019,174956
Tonga,TON,2020,195071.36
Tonga,TON,2021,201458.84
Tonga,TON,2022,197911.52
Trinidad and Tobago,TTO,1909,2624486.8
Trinidad and Tobago,TTO,1910,2013478
Trinidad and Tobago,TTO,1911,1841746.2
Trinidad and Tobago,TTO,1912,1800196.5
Trinidad and Tobago,TTO,1913,1757877.2
Trinidad and Tobago,TTO,1914,1780191
Trinidad and Tobago,TTO,1915,1794700.5
Trinidad and Tobago,TTO,1916,1854716.9
Trinidad and Tobago,TTO,1917,1953571.5
Trinidad and Tobago,TTO,1918,2184696.5
Trinidad and Tobago,TTO,1919,2056126.9
Trinidad and Tobago,TTO,1920,1714898.5
Trinidad and Tobago,TTO,1921,1616483.6
Trinidad and Tobago,TTO,1922,1460433.8
Trinidad and Tobago,TTO,1923,1588893.6
Trinidad and Tobago,TTO,1924,1958517.9
Trinidad and Tobago,TTO,1925,2184000.5
Trinidad and Tobago,TTO,1926,2143806.5
Trinidad and Tobago,TTO,1927,2234747
Trinidad and Tobago,TTO,1928,3323724.2
Trinidad and Tobago,TTO,1929,3647365.5
Trinidad and Tobago,TTO,1930,3825619
Trinidad and Tobago,TTO,1931,3299468.8
Trinidad and Tobago,TTO,1932,3502381
Trinidad and Tobago,TTO,1933,4330408.5
Trinidad and Tobago,TTO,1934,5051373.5
Trinidad and Tobago,TTO,1935,5370288
Trinidad and Tobago,TTO,1936,6028232.5
Trinidad and Tobago,TTO,1937,7538716.5
Trinidad and Tobago,TTO,1938,8634253
Trinidad and Tobago,TTO,1939,9751076
Trinidad and Tobago,TTO,1940,11401305
Trinidad and Tobago,TTO,1941,10705219
Trinidad and Tobago,TTO,1942,11547206
Trinidad and Tobago,TTO,1943,11205172
Trinidad and Tobago,TTO,1944,11739309
Trinidad and Tobago,TTO,1945,12015575
Trinidad and Tobago,TTO,1946,11952554
Trinidad and Tobago,TTO,1947,13035779
Trinidad and Tobago,TTO,1948,13687092
Trinidad and Tobago,TTO,1949,14808422
Trinidad and Tobago,TTO,1950,2851947.8
Trinidad and Tobago,TTO,1951,2783137.8
Trinidad and Tobago,TTO,1952,2920354.5
Trinidad and Tobago,TTO,1953,2933764.8
Trinidad and Tobago,TTO,1954,2701524.8
Trinidad and Tobago,TTO,1955,2424915.5
Trinidad and Tobago,TTO,1956,2377885
Trinidad and Tobago,TTO,1957,1741954.5
Trinidad and Tobago,TTO,1958,2250604.2
Trinidad and Tobago,TTO,1959,1187705.5
Trinidad and Tobago,TTO,1960,808993.4
Trinidad and Tobago,TTO,1961,2956425.5
Trinidad and Tobago,TTO,1962,5850681
Trinidad and Tobago,TTO,1963,288655.38
Trinidad and Tobago,TTO,1964,2460505.5
Trinidad and Tobago,TTO,1965,3929051.2
Trinidad and Tobago,TTO,1966,2860502
Trinidad and Tobago,TTO,1967,3509888.5
Trinidad and Tobago,TTO,1968,2945507.2
Trinidad and Tobago,TTO,1969,2911312.8
Trinidad and Tobago,TTO,1970,8936459
Trinidad and Tobago,TTO,1971,7580216
Trinidad and Tobago,TTO,1972,10189230
Trinidad and Tobago,TTO,1973,9994162
Trinidad and Tobago,TTO,1974,9858587
Trinidad and Tobago,TTO,1975,9238615
Trinidad and Tobago,TTO,1976,15453697
Trinidad and Tobago,TTO,1977,15667002
Trinidad and Tobago,TTO,1978,14789744
Trinidad and Tobago,TTO,1979,16014107
Trinidad and Tobago,TTO,1980,16068252
Trinidad and Tobago,TTO,1981,16214811
Trinidad and Tobago,TTO,1982,16992032
Trinidad and Tobago,TTO,1983,14924262
Trinidad and Tobago,TTO,1984,16118758
Trinidad and Tobago,TTO,1985,19401218
Trinidad and Tobago,TTO,1986,16104176
Trinidad and Tobago,TTO,1987,16567863
Trinidad and Tobago,TTO,1988,14798204
Trinidad and Tobago,TTO,1989,16464061
Trinidad and Tobago,TTO,1990,17637972
Trinidad and Tobago,TTO,1991,16755723
Trinidad and Tobago,TTO,1992,18662644
Trinidad and Tobago,TTO,1993,16999580
Trinidad and Tobago,TTO,1994,14686953
Trinidad and Tobago,TTO,1995,14217102
Trinidad and Tobago,TTO,1996,17678812
Trinidad and Tobago,TTO,1997,17981490
Trinidad and Tobago,TTO,1998,19166718
Trinidad and Tobago,TTO,1999,21973168
Trinidad and Tobago,TTO,2000,23410868
Trinidad and Tobago,TTO,2001,25815774
Trinidad and Tobago,TTO,2002,27968374
Trinidad and Tobago,TTO,2003,31409740
Trinidad and Tobago,TTO,2004,31700958
Trinidad and Tobago,TTO,2005,37288480
Trinidad and Tobago,TTO,2006,41849890
Trinidad and Tobago,TTO,2007,44737436
Trinidad and Tobago,TTO,2008,43666536
Trinidad and Tobago,TTO,2009,43666680
Trinidad and Tobago,TTO,2010,46381456
Trinidad and Tobago,TTO,2011,46367076
Trinidad and Tobago,TTO,2012,45537764
Trinidad and Tobago,TTO,2013,45232790
Trinidad and Tobago,TTO,2014,46395184
Trinidad and Tobago,TTO,2015,45194050
Trinidad and Tobago,TTO,2016,39552604
Trinidad and Tobago,TTO,2017,39994436
Trinidad and Tobago,TTO,2018,40021936
Trinidad and Tobago,TTO,2019,40498564
Trinidad and Tobago,TTO,2020,34766260
Trinidad and Tobago,TTO,2021,35288190
Trinidad and Tobago,TTO,2022,34105190
Tunisia,TUN,1916,1916711.8
Tunisia,TUN,1917,1950200.6
Tunisia,TUN,1918,1973723.5
Tunisia,TUN,1920,2324991.2
Tunisia,TUN,1921,2519219.8
Tunisia,TUN,1933,5134690.5
Tunisia,TUN,1934,5293085
Tunisia,TUN,1935,5416049
Tunisia,TUN,1936,5523748.5
Tunisia,TUN,1937,5612607
Tunisia,TUN,1938,5690474.5
Tunisia,TUN,1939,5756269.5
Tunisia,TUN,1940,10059991
Tunisia,TUN,1941,12377890
Tunisia,TUN,1942,13749801
Tunisia,TUN,1943,14519970
Tunisia,TUN,1944,15176452
Tunisia,TUN,1945,15638630
Tunisia,TUN,1946,16033292
Tunisia,TUN,1947,16319092
Tunisia,TUN,1948,16576492
Tunisia,TUN,1949,16757648
Tunisia,TUN,1950,16075411
Tunisia,TUN,1951,14869051
Tunisia,TUN,1952,13647971
Tunisia,TUN,1953,12427696
Tunisia,TUN,1954,11562459
Tunisia,TUN,1955,10947806
Tunisia,TUN,1956,10357368
Tunisia,TUN,1957,10113607
Tunisia,TUN,1958,9892359
Tunisia,TUN,1959,10157100
Tunisia,TUN,1960,8129767.5
Tunisia,TUN,1961,6623211.5
Tunisia,TUN,1962,5732737.5
Tunisia,TUN,1963,9061778
Tunisia,TUN,1964,7581978.5
Tunisia,TUN,1965,6167158.5
Tunisia,TUN,1966,5939647
Tunisia,TUN,1967,5651430
Tunisia,TUN,1968,12665023
Tunisia,TUN,1969,17707548
Tunisia,TUN,1970,12195987
Tunisia,TUN,1971,14364815
Tunisia,TUN,1972,15078897
Tunisia,TUN,1973,13532156
Tunisia,TUN,1974,14307100
Tunisia,TUN,1975,14473156
Tunisia,TUN,1976,13613208
Tunisia,TUN,1977,10111916
Tunisia,TUN,1978,8780077
Tunisia,TUN,1979,6123833
Tunisia,TUN,1980,9954357
Tunisia,TUN,1981,12978250
Tunisia,TUN,1982,14938642
Tunisia,TUN,1983,15035820
Tunisia,TUN,1984,12707995
Tunisia,TUN,1985,10962545
Tunisia,TUN,1986,11655020
Tunisia,TUN,1987,10599372
Tunisia,TUN,1988,13291725
Tunisia,TUN,1989,13023516
Tunisia,TUN,1990,13258113
Tunisia,TUN,1991,16158227
Tunisia,TUN,1992,16933414
Tunisia,TUN,1993,15655742
Tunisia,TUN,1994,18414492
Tunisia,TUN,1995,18702328
Tunisia,TUN,1996,17678784
Tunisia,TUN,1997,19720568
Tunisia,TUN,1998,21130302
Tunisia,TUN,1999,19149796
Tunisia,TUN,2000,18657264
Tunisia,TUN,2001,19851864
Tunisia,TUN,2002,21128620
Tunisia,TUN,2003,21312744
Tunisia,TUN,2004,21481222
Tunisia,TUN,2005,23735872
Tunisia,TUN,2006,24500804
Tunisia,TUN,2007,27906152
Tunisia,TUN,2008,27999628
Tunisia,TUN,2009,36937200
Tunisia,TUN,2010,34541420
Tunisia,TUN,2011,28531906
Tunisia,TUN,2012,31649324
Tunisia,TUN,2013,26894500
Tunisia,TUN,2014,28044874
Tunisia,TUN,2015,30965394
Tunisia,TUN,2016,33179742
Tunisia,TUN,2017,30922886
Tunisia,TUN,2018,30120262
Tunisia,TUN,2019,28993864
Tunisia,TUN,2020,26944104
Tunisia,TUN,2021,33568444
Tunisia,TUN,2022,33808532
Turkey,TUR,1865,14947471
Turkey,TUR,1866,15011811
Turkey,TUR,1867,15022802
Turkey,TUR,1868,14982719
Turkey,TUR,1869,15083955
Turkey,TUR,1870,13215461
Turkey,TUR,1871,12515052
Turkey,TUR,1872,12055549
Turkey,TUR,1873,11626165
Turkey,TUR,1874,11303294
Turkey,TUR,1875,11098293
Turkey,TUR,1876,10746182
Turkey,TUR,1877,10673342
Turkey,TUR,1878,10345634
Turkey,TUR,1879,9958093
Turkey,TUR,1880,9624229
Turkey,TUR,1881,9408236
Turkey,TUR,1882,9154578
Turkey,TUR,1883,8956465
Turkey,TUR,1884,8782424
Turkey,TUR,1885,8630295
Turkey,TUR,1886,8439401
Turkey,TUR,1887,8395433
Turkey,TUR,1888,8300572.5
Turkey,TUR,1889,8308706.5
Turkey,TUR,1890,7895334
Turkey,TUR,1891,7705941.5
Turkey,TUR,1892,7549269
Turkey,TUR,1893,7422531.5
Turkey,TUR,1894,7237829
Turkey,TUR,1895,7101198.5
Turkey,TUR,1896,7046751.5
Turkey,TUR,1897,6808408
Turkey,TUR,1898,6923787.5
Turkey,TUR,1899,6968342
Turkey,TUR,1900,7149526.5
Turkey,TUR,1901,6908032
Turkey,TUR,1902,6874213.5
Turkey,TUR,1903,6903196
Turkey,TUR,1904,6954455.5
Turkey,TUR,1905,7009158.5
Turkey,TUR,1906,6954052.5
Turkey,TUR,1907,7155609
Turkey,TUR,1908,6910377.5
Turkey,TUR,1909,7058659.5
Turkey,TUR,1910,18652764
Turkey,TUR,1911,24056396
Turkey,TUR,1912,27260674
Turkey,TUR,1913,30041064
Turkey,TUR,1914,31989652
Turkey,TUR,1915,33371236
Turkey,TUR,1916,34617068
Turkey,TUR,1917,36057310
Turkey,TUR,1918,37517236
Turkey,TUR,1919,39251844
Turkey,TUR,1920,43313204
Turkey,TUR,1921,44851684
Turkey,TUR,1922,46682732
Turkey,TUR,1923,48580830
Turkey,TUR,1924,50788096
Turkey,TUR,1925,51840876
Turkey,TUR,1926,53479708
Turkey,TUR,1927,54666332
Turkey,TUR,1928,55325504
Turkey,TUR,1929,56503080
Turkey,TUR,1930,74459720
Turkey,TUR,1931,82142180
Turkey,TUR,1932,87432080
Turkey,TUR,1933,92287300
Turkey,TUR,1934,96910510
Turkey,TUR,1935,100096860
Turkey,TUR,1936,102681120
Turkey,TUR,1937,103390184
Turkey,TUR,1938,105843016
Turkey,TUR,1939,107977656
Turkey,TUR,1940,99996450
Turkey,TUR,1941,97416450
Turkey,TUR,1942,95301540
Turkey,TUR,1943,95465760
Turkey,TUR,1944,95625650
Turkey,TUR,1945,95096530
Turkey,TUR,1946,94536900
Turkey,TUR,1947,94580160
Turkey,TUR,1948,94458250
Turkey,TUR,1949,94450980
Turkey,TUR,1950,119441060
Turkey,TUR,1951,131293780
Turkey,TUR,1952,137528220
Turkey,TUR,1953,149765950
Turkey,TUR,1954,151100320
Turkey,TUR,1955,153547400
Turkey,TUR,1956,156024260
Turkey,TUR,1957,158388820
Turkey,TUR,1958,155749490
Turkey,TUR,1959,150694190
Turkey,TUR,1960,104989370
Turkey,TUR,1961,100882980
Turkey,TUR,1962,154311650
Turkey,TUR,1963,106852776
Turkey,TUR,1964,96944840
Turkey,TUR,1965,106554820
Turkey,TUR,1966,88782510
Turkey,TUR,1967,111880360
Turkey,TUR,1968,191785680
Turkey,TUR,1969,122110380
Turkey,TUR,1970,124899570
Turkey,TUR,1971,161585300
Turkey,TUR,1972,133522370
Turkey,TUR,1973,114478920
Turkey,TUR,1974,101008590
Turkey,TUR,1975,102895120
Turkey,TUR,1976,122481510
Turkey,TUR,1977,125233260
Turkey,TUR,1978,178842930
Turkey,TUR,1979,127513540
Turkey,TUR,1980,118914340
Turkey,TUR,1981,85277944
Turkey,TUR,1982,81152320
Turkey,TUR,1983,154442370
Turkey,TUR,1984,140475420
Turkey,TUR,1985,136028050
Turkey,TUR,1986,184869920
Turkey,TUR,1987,161056880
Turkey,TUR,1988,171067620
Turkey,TUR,1989,160765600
Turkey,TUR,1990,179494830
Turkey,TUR,1991,173147620
Turkey,TUR,1992,176412420
Turkey,TUR,1993,200157090
Turkey,TUR,1994,174840780
Turkey,TUR,1995,180269020
Turkey,TUR,1996,195111660
Turkey,TUR,1997,229987900
Turkey,TUR,1998,225099580
Turkey,TUR,1999,206156740
Turkey,TUR,2000,239591070
Turkey,TUR,2001,233841630
Turkey,TUR,2002,215988480
Turkey,TUR,2003,276247870
Turkey,TUR,2004,261421000
Turkey,TUR,2005,255463140
Turkey,TUR,2006,250681500
Turkey,TUR,2007,276174600
Turkey,TUR,2008,272601630
Turkey,TUR,2009,290085630
Turkey,TUR,2010,270307620
Turkey,TUR,2011,312860540
Turkey,TUR,2012,326351300
Turkey,TUR,2013,327485980
Turkey,TUR,2014,340060160
Turkey,TUR,2015,366891070
Turkey,TUR,2016,386885630
Turkey,TUR,2017,416890020
Turkey,TUR,2018,381701900
Turkey,TUR,2019,366625860
Turkey,TUR,2020,378002500
Turkey,TUR,2021,418462600
Turkey,TUR,2022,402310820
Turkmenistan,TKM,1850,524206.84
Turkmenistan,TKM,1855,538669.7
Turkmenistan,TKM,1858,541777.6
Turkmenistan,TKM,1859,542498.94
Turkmenistan,TKM,1860,552745.8
Turkmenistan,TKM,1861,558493.44
Turkmenistan,TKM,1862,560059.1
Turkmenistan,TKM,1863,561611.9
Turkmenistan,TKM,1864,563209.3
Turkmenistan,TKM,1865,563385.25
Turkmenistan,TKM,1866,579480.06
Turkmenistan,TKM,1867,583104.9
Turkmenistan,TKM,1868,578840.06
Turkmenistan,TKM,1869,586838.6
Turkmenistan,TKM,1870,619209.6
Turkmenistan,TKM,1871,645726.56
Turkmenistan,TKM,1872,655832.75
Turkmenistan,TKM,1873,658787.56
Turkmenistan,TKM,1874,671762.7
Turkmenistan,TKM,1875,682349.56
Turkmenistan,TKM,1876,698780
Turkmenistan,TKM,1877,702078.4
Turkmenistan,TKM,1878,726491.6
Turkmenistan,TKM,1879,730283.4
Turkmenistan,TKM,1880,756442.6
Turkmenistan,TKM,1881,767352.9
Turkmenistan,TKM,1882,776952.3
Turkmenistan,TKM,1883,797044.8
Turkmenistan,TKM,1884,800890.4
Turkmenistan,TKM,1885,815606.75
Turkmenistan,TKM,1886,820834.7
Turkmenistan,TKM,1887,831498.06
Turkmenistan,TKM,1888,839935.5
Turkmenistan,TKM,1889,855440
Turkmenistan,TKM,1890,893945.6
Turkmenistan,TKM,1891,922751.06
Turkmenistan,TKM,1892,940788.56
Turkmenistan,TKM,1893,988497.3
Turkmenistan,TKM,1894,995698.94
Turkmenistan,TKM,1895,1043879.1
Turkmenistan,TKM,1896,1051218.2
Turkmenistan,TKM,1897,1109638.4
Turkmenistan,TKM,1898,1162115
Turkmenistan,TKM,1899,1239300.2
Turkmenistan,TKM,1900,1329028
Turkmenistan,TKM,1901,1353683.6
Turkmenistan,TKM,1902,1336069.8
Turkmenistan,TKM,1903,1325273
Turkmenistan,TKM,1904,1395907.6
Turkmenistan,TKM,1905,1324295.2
Turkmenistan,TKM,1906,1410582.6
Turkmenistan,TKM,1907,1494477.8
Turkmenistan,TKM,1908,1499891.2
Turkmenistan,TKM,1909,1543810.8
Turkmenistan,TKM,1910,1543971.1
Turkmenistan,TKM,1911,1581722
Turkmenistan,TKM,1912,1697498.2
Turkmenistan,TKM,1913,1782297
Turkmenistan,TKM,1914,1683924.2
Turkmenistan,TKM,1915,1609048.9
Turkmenistan,TKM,1916,1666344.6
Turkmenistan,TKM,1917,1594813.8
Turkmenistan,TKM,1918,1092478.1
Turkmenistan,TKM,1919,1044425
Turkmenistan,TKM,1920,1035719.75
Turkmenistan,TKM,1921,1065668.2
Turkmenistan,TKM,1922,1132033.2
Turkmenistan,TKM,1923,1170796
Turkmenistan,TKM,1924,1245320
Turkmenistan,TKM,1925,1240676.8
Turkmenistan,TKM,1926,1442098.2
Turkmenistan,TKM,1927,1600237.1
Turkmenistan,TKM,1928,1675656.5
Turkmenistan,TKM,1929,1744413.4
Turkmenistan,TKM,1930,2112061
Turkmenistan,TKM,1931,2384742.5
Turkmenistan,TKM,1932,2584403.8
Turkmenistan,TKM,1933,2797642.5
Turkmenistan,TKM,1934,3207979.2
Turkmenistan,TKM,1935,3516550.2
Turkmenistan,TKM,1936,3902951.8
Turkmenistan,TKM,1937,3977995.8
Turkmenistan,TKM,1938,4153251.5
Turkmenistan,TKM,1939,4194620
Turkmenistan,TKM,1940,4873167
Turkmenistan,TKM,1941,4390865
Turkmenistan,TKM,1942,2808123
Turkmenistan,TKM,1943,2895189.5
Turkmenistan,TKM,1944,3809918.8
Turkmenistan,TKM,1945,3964100
Turkmenistan,TKM,1946,4334349
Turkmenistan,TKM,1947,5035634.5
Turkmenistan,TKM,1948,5291445
Turkmenistan,TKM,1949,5893007.5
Turkmenistan,TKM,1950,7311409
Turkmenistan,TKM,1951,8478122
Turkmenistan,TKM,1952,9538722
Turkmenistan,TKM,1953,10487788
Turkmenistan,TKM,1954,11638604
Turkmenistan,TKM,1955,13094914
Turkmenistan,TKM,1956,14334741
Turkmenistan,TKM,1957,15608157
Turkmenistan,TKM,1958,16685594
Turkmenistan,TKM,1959,17607372
Turkmenistan,TKM,1960,15511838
Turkmenistan,TKM,1961,14786643
Turkmenistan,TKM,1962,14390917
Turkmenistan,TKM,1963,14777717
Turkmenistan,TKM,1964,15385287
Turkmenistan,TKM,1965,15863133
Turkmenistan,TKM,1966,16725242
Turkmenistan,TKM,1967,17431410
Turkmenistan,TKM,1968,18096472
Turkmenistan,TKM,1969,18731084
Turkmenistan,TKM,1970,19733722
Turkmenistan,TKM,1971,20993618
Turkmenistan,TKM,1972,22096212
Turkmenistan,TKM,1973,23172098
Turkmenistan,TKM,1974,23828224
Turkmenistan,TKM,1975,25066248
Turkmenistan,TKM,1976,26030420
Turkmenistan,TKM,1977,26742736
Turkmenistan,TKM,1978,27767968
Turkmenistan,TKM,1979,27907512
Turkmenistan,TKM,1980,29135706
Turkmenistan,TKM,1981,28650934
Turkmenistan,TKM,1982,29222524
Turkmenistan,TKM,1983,29571618
Turkmenistan,TKM,1984,29907504
Turkmenistan,TKM,1985,32249914
Turkmenistan,TKM,1986,35638020
Turkmenistan,TKM,1987,35778296
Turkmenistan,TKM,1988,36704050
Turkmenistan,TKM,1989,37066204
Turkmenistan,TKM,1990,31630638
Turkmenistan,TKM,1991,32757990
Turkmenistan,TKM,1992,37098900
Turkmenistan,TKM,1993,34956332
Turkmenistan,TKM,1994,40451204
Turkmenistan,TKM,1995,37885350
Turkmenistan,TKM,1996,33650092
Turkmenistan,TKM,1997,32575056
Turkmenistan,TKM,1998,38396784
Turkmenistan,TKM,1999,47786850
Turkmenistan,TKM,2000,48565830
Turkmenistan,TKM,2001,38993556
Turkmenistan,TKM,2002,33192732
Turkmenistan,TKM,2003,42554732
Turkmenistan,TKM,2004,50731704
Turkmenistan,TKM,2005,48941612
Turkmenistan,TKM,2006,50771372
Turkmenistan,TKM,2007,49055310
Turkmenistan,TKM,2008,59834204
Turkmenistan,TKM,2009,51574868
Turkmenistan,TKM,2010,58322004
Turkmenistan,TKM,2011,64372484
Turkmenistan,TKM,2012,66228516
Turkmenistan,TKM,2013,63718340
Turkmenistan,TKM,2014,62257070
Turkmenistan,TKM,2015,63846932
Turkmenistan,TKM,2016,64023300
Turkmenistan,TKM,2017,63981360
Turkmenistan,TKM,2018,63476024
Turkmenistan,TKM,2019,65049220
Turkmenistan,TKM,2020,67444184
Turkmenistan,TKM,2021,69743144
Turkmenistan,TKM,2022,70747190
Tuvalu,TUV,1850,0
Tuvalu,TUV,1851,0
Tuvalu,TUV,1852,0
Tuvalu,TUV,1853,0
Tuvalu,TUV,1854,0
Tuvalu,TUV,1855,0
Tuvalu,TUV,1856,0
Tuvalu,TUV,1857,0
Tuvalu,TUV,1858,0
Tuvalu,TUV,1859,0
Tuvalu,TUV,1860,0
Tuvalu,TUV,1861,0
Tuvalu,TUV,1862,0
Tuvalu,TUV,1863,0
Tuvalu,TUV,1864,0
Tuvalu,TUV,1865,0
Tuvalu,TUV,1866,0
Tuvalu,TUV,1867,0
Tuvalu,TUV,1868,0
Tuvalu,TUV,1869,0
Tuvalu,TUV,1870,0
Tuvalu,TUV,1871,0
Tuvalu,TUV,1872,0
Tuvalu,TUV,1873,0
Tuvalu,TUV,1874,0
Tuvalu,TUV,1875,0
Tuvalu,TUV,1876,0
Tuvalu,TUV,1877,0
Tuvalu,TUV,1878,0
Tuvalu,TUV,1879,0
Tuvalu,TUV,1880,0
Tuvalu,TUV,1881,0
Tuvalu,TUV,1882,0
Tuvalu,TUV,1883,0
Tuvalu,TUV,1884,0
Tuvalu,TUV,1885,0
Tuvalu,TUV,1886,0
Tuvalu,TUV,1887,0
Tuvalu,TUV,1888,0
Tuvalu,TUV,1889,0
Tuvalu,TUV,1890,0
Tuvalu,TUV,1891,0
Tuvalu,TUV,1892,0
Tuvalu,TUV,1893,0
Tuvalu,TUV,1894,0
Tuvalu,TUV,1895,0
Tuvalu,TUV,1896,0
Tuvalu,TUV,1897,0
Tuvalu,TUV,1898,0
Tuvalu,TUV,1899,0
Tuvalu,TUV,1900,0
Tuvalu,TUV,1901,0
Tuvalu,TUV,1902,0
Tuvalu,TUV,1903,0
Tuvalu,TUV,1904,0
Tuvalu,TUV,1905,0
Tuvalu,TUV,1906,0
Tuvalu,TUV,1907,0
Tuvalu,TUV,1908,0
Tuvalu,TUV,1909,0
Tuvalu,TUV,1910,0
Tuvalu,TUV,1911,0
Tuvalu,TUV,1912,0
Tuvalu,TUV,1913,0
Tuvalu,TUV,1914,0
Tuvalu,TUV,1915,0
Tuvalu,TUV,1916,0
Tuvalu,TUV,1917,0
Tuvalu,TUV,1918,0
Tuvalu,TUV,1919,0
Tuvalu,TUV,1920,0
Tuvalu,TUV,1921,0
Tuvalu,TUV,1922,0
Tuvalu,TUV,1923,0
Tuvalu,TUV,1924,0
Tuvalu,TUV,1925,0
Tuvalu,TUV,1926,0
Tuvalu,TUV,1927,0
Tuvalu,TUV,1928,0
Tuvalu,TUV,1929,0
Tuvalu,TUV,1930,0
Tuvalu,TUV,1931,0
Tuvalu,TUV,1932,0
Tuvalu,TUV,1933,0
Tuvalu,TUV,1934,0
Tuvalu,TUV,1935,0
Tuvalu,TUV,1936,0
Tuvalu,TUV,1937,0
Tuvalu,TUV,1938,0
Tuvalu,TUV,1939,0
Tuvalu,TUV,1940,0
Tuvalu,TUV,1941,0
Tuvalu,TUV,1942,0
Tuvalu,TUV,1943,0
Tuvalu,TUV,1944,0
Tuvalu,TUV,1945,0
Tuvalu,TUV,1946,0
Tuvalu,TUV,1947,0
Tuvalu,TUV,1948,0
Tuvalu,TUV,1949,0
Tuvalu,TUV,1950,0
Tuvalu,TUV,1951,0
Tuvalu,TUV,1952,0
Tuvalu,TUV,1953,0
Tuvalu,TUV,1954,0
Tuvalu,TUV,1955,0
Tuvalu,TUV,1956,0
Tuvalu,TUV,1957,0
Tuvalu,TUV,1958,0
Tuvalu,TUV,1959,0
Tuvalu,TUV,1960,0
Tuvalu,TUV,1961,0
Tuvalu,TUV,1962,0
Tuvalu,TUV,1963,0
Tuvalu,TUV,1964,0
Tuvalu,TUV,1965,0
Tuvalu,TUV,1966,0
Tuvalu,TUV,1967,0
Tuvalu,TUV,1968,0
Tuvalu,TUV,1969,0
Tuvalu,TUV,1970,0
Tuvalu,TUV,1971,0
Tuvalu,TUV,1972,0
Tuvalu,TUV,1973,0
Tuvalu,TUV,1974,0
Tuvalu,TUV,1975,0
Tuvalu,TUV,1976,0
Tuvalu,TUV,1977,0
Tuvalu,TUV,1978,0
Tuvalu,TUV,1979,0
Tuvalu,TUV,1980,0
Tuvalu,TUV,1981,0
Tuvalu,TUV,1982,0
Tuvalu,TUV,1983,0
Tuvalu,TUV,1984,0
Tuvalu,TUV,1985,0
Tuvalu,TUV,1986,0
Tuvalu,TUV,1987,0
Tuvalu,TUV,1988,0
Tuvalu,TUV,1989,0
Tuvalu,TUV,1990,3664
Tuvalu,TUV,1991,3664
Tuvalu,TUV,1992,3664
Tuvalu,TUV,1993,3664
Tuvalu,TUV,1994,3664
Tuvalu,TUV,1995,3664
Tuvalu,TUV,1996,3664
Tuvalu,TUV,1997,3664
Tuvalu,TUV,1998,10992
Tuvalu,TUV,1999,10992
Tuvalu,TUV,2000,7328
Tuvalu,TUV,2001,10992
Tuvalu,TUV,2002,10992
Tuvalu,TUV,2003,10992
Tuvalu,TUV,2004,10992
Tuvalu,TUV,2005,10992
Tuvalu,TUV,2006,10992
Tuvalu,TUV,2007,10992
Tuvalu,TUV,2008,10992
Tuvalu,TUV,2009,10992
Tuvalu,TUV,2010,10992
Tuvalu,TUV,2011,10992
Tuvalu,TUV,2012,10992
Tuvalu,TUV,2013,10992
Tuvalu,TUV,2014,10992
Tuvalu,TUV,2015,10992
Tuvalu,TUV,2016,10992
Tuvalu,TUV,2017,10992
Tuvalu,TUV,2018,10992
Tuvalu,TUV,2019,10992
Tuvalu,TUV,2020,10992
Tuvalu,TUV,2021,11470
Tuvalu,TUV,2022,11340
Uganda,UGA,1950,38898492
Uganda,UGA,1951,40963740
Uganda,UGA,1952,44075976
Uganda,UGA,1953,42322556
Uganda,UGA,1954,43579624
Uganda,UGA,1955,45577424
Uganda,UGA,1956,48080670
Uganda,UGA,1957,52507330
Uganda,UGA,1958,55351816
Uganda,UGA,1959,54846636
Uganda,UGA,1960,43737972
Uganda,UGA,1961,39052510
Uganda,UGA,1962,52798550
Uganda,UGA,1963,98660504
Uganda,UGA,1964,84291890
Uganda,UGA,1965,63810260
Uganda,UGA,1966,54272600
Uganda,UGA,1967,50903316
Uganda,UGA,1968,47363790
Uganda,UGA,1969,45355580
Uganda,UGA,1970,45813776
Uganda,UGA,1971,46519820
Uganda,UGA,1972,45982530
Uganda,UGA,1973,46138556
Uganda,UGA,1974,48961310
Uganda,UGA,1975,49765776
Uganda,UGA,1976,41470130
Uganda,UGA,1977,40307910
Uganda,UGA,1978,35150660
Uganda,UGA,1979,35892500
Uganda,UGA,1980,97007400
Uganda,UGA,1981,72039864
Uganda,UGA,1982,53533864
Uganda,UGA,1983,43434748
Uganda,UGA,1984,36918730
Uganda,UGA,1985,28378712
Uganda,UGA,1986,27341700
Uganda,UGA,1987,23714300
Uganda,UGA,1988,21226400
Uganda,UGA,1989,19097736
Uganda,UGA,1990,16627441
Uganda,UGA,1991,17889840
Uganda,UGA,1992,16859740
Uganda,UGA,1993,15799155
Uganda,UGA,1994,14488848
Uganda,UGA,1995,15475266
Uganda,UGA,1996,12960753
Uganda,UGA,1997,15124085
Uganda,UGA,1998,13681087
Uganda,UGA,1999,22210862
Uganda,UGA,2000,21480626
Uganda,UGA,2001,25220558
Uganda,UGA,2002,30313704
Uganda,UGA,2003,29543004
Uganda,UGA,2004,20087016
Uganda,UGA,2005,19378744
Uganda,UGA,2006,19166740
Uganda,UGA,2007,20959312
Uganda,UGA,2008,20280930
Uganda,UGA,2009,23148830
Uganda,UGA,2010,22741976
Uganda,UGA,2011,19969668
Uganda,UGA,2012,16495688
Uganda,UGA,2013,14217852
Uganda,UGA,2014,12808447
Uganda,UGA,2015,10791670
Uganda,UGA,2016,10852504
Uganda,UGA,2017,10413094
Uganda,UGA,2018,10313828
Uganda,UGA,2019,10214022
Uganda,UGA,2020,9715331
Uganda,UGA,2021,9743906
Uganda,UGA,2022,9318026
Ukraine,UKR,1850,50418536
Ukraine,UKR,1855,64887270
Ukraine,UKR,1858,69785180
Ukraine,UKR,1859,71310230
Ukraine,UKR,1860,72125340
Ukraine,UKR,1861,73129080
Ukraine,UKR,1862,74208000
Ukraine,UKR,1863,74953920
Ukraine,UKR,1864,75856590
Ukraine,UKR,1865,76676024
Ukraine,UKR,1866,77809280
Ukraine,UKR,1867,78701940
Ukraine,UKR,1868,79081380
Ukraine,UKR,1869,79790024
Ukraine,UKR,1870,90644450
Ukraine,UKR,1871,95577980
Ukraine,UKR,1872,99328000
Ukraine,UKR,1873,102028510
Ukraine,UKR,1874,105201320
Ukraine,UKR,1875,107493160
Ukraine,UKR,1876,109794104
Ukraine,UKR,1877,111595490
Ukraine,UKR,1878,114077340
Ukraine,UKR,1879,115877080
Ukraine,UKR,1880,121995570
Ukraine,UKR,1881,125231510
Ukraine,UKR,1882,127915090
Ukraine,UKR,1883,130666180
Ukraine,UKR,1884,132867140
Ukraine,UKR,1885,134986350
Ukraine,UKR,1886,136965920
Ukraine,UKR,1887,138897650
Ukraine,UKR,1888,140121250
Ukraine,UKR,1889,141900300
Ukraine,UKR,1890,157386620
Ukraine,UKR,1891,164449570
Ukraine,UKR,1892,170168540
Ukraine,UKR,1893,175358180
Ukraine,UKR,1894,179869740
Ukraine,UKR,1895,184183740
Ukraine,UKR,1896,187095600
Ukraine,UKR,1897,191323820
Ukraine,UKR,1898,195283870
Ukraine,UKR,1899,199728380
Ukraine,UKR,1900,217211380
Ukraine,UKR,1901,225912930
Ukraine,UKR,1902,230853570
Ukraine,UKR,1903,236106780
Ukraine,UKR,1904,241956290
Ukraine,UKR,1905,245246530
Ukraine,UKR,1906,250718930
Ukraine,UKR,1907,255611000
Ukraine,UKR,1908,258868600
Ukraine,UKR,1909,262996820
Ukraine,UKR,1910,210638700
Ukraine,UKR,1911,189605950
Ukraine,UKR,1912,177833310
Ukraine,UKR,1913,168340320
Ukraine,UKR,1914,156195920
Ukraine,UKR,1915,145805780
Ukraine,UKR,1916,139379060
Ukraine,UKR,1917,131060470
Ukraine,UKR,1918,113550060
Ukraine,UKR,1919,106333020
Ukraine,UKR,1920,93035736
Ukraine,UKR,1921,84329010
Ukraine,UKR,1922,77015420
Ukraine,UKR,1923,70554080
Ukraine,UKR,1924,65179756
Ukraine,UKR,1925,59041300
Ukraine,UKR,1926,57246316
Ukraine,UKR,1927,55925096
Ukraine,UKR,1928,52981840
Ukraine,UKR,1929,49705136
Ukraine,UKR,1930,74356160
Ukraine,UKR,1931,86878330
Ukraine,UKR,1932,96166184
Ukraine,UKR,1933,104281340
Ukraine,UKR,1934,117809090
Ukraine,UKR,1935,127648590
Ukraine,UKR,1936,139824770
Ukraine,UKR,1937,143539580
Ukraine,UKR,1938,149566190
Ukraine,UKR,1939,152737020
Ukraine,UKR,1940,204865340
Ukraine,UKR,1941,209696420
Ukraine,UKR,1942,184372880
Ukraine,UKR,1943,197760910
Ukraine,UKR,1944,227578750
Ukraine,UKR,1945,238971580
Ukraine,UKR,1946,256071140
Ukraine,UKR,1947,278908380
Ukraine,UKR,1948,290837300
Ukraine,UKR,1949,310262200
Ukraine,UKR,1950,273186000
Ukraine,UKR,1951,264547260
Ukraine,UKR,1952,262285810
Ukraine,UKR,1953,260339360
Ukraine,UKR,1954,266048300
Ukraine,UKR,1955,280579620
Ukraine,UKR,1956,291811330
Ukraine,UKR,1957,306031070
Ukraine,UKR,1958,314956260
Ukraine,UKR,1959,322313950
Ukraine,UKR,1960,379161400
Ukraine,UKR,1961,382009380
Ukraine,UKR,1962,367626340
Ukraine,UKR,1963,377964130
Ukraine,UKR,1964,392477340
Ukraine,UKR,1965,401654460
Ukraine,UKR,1966,419868960
Ukraine,UKR,1967,434609600
Ukraine,UKR,1968,448634370
Ukraine,UKR,1969,460159140
Ukraine,UKR,1970,486763500
Ukraine,UKR,1971,509364770
Ukraine,UKR,1972,532106720
Ukraine,UKR,1973,559848700
Ukraine,UKR,1974,573469400
Ukraine,UKR,1975,602362800
Ukraine,UKR,1976,623993500
Ukraine,UKR,1977,639966600
Ukraine,UKR,1978,658428300
Ukraine,UKR,1979,666073500
Ukraine,UKR,1980,697857540
Ukraine,UKR,1981,681042700
Ukraine,UKR,1982,693323200
Ukraine,UKR,1983,700667900
Ukraine,UKR,1984,707419300
Ukraine,UKR,1985,761473340
Ukraine,UKR,1986,758785540
Ukraine,UKR,1987,747779300
Ukraine,UKR,1988,735569900
Ukraine,UKR,1989,688885900
Ukraine,UKR,1990,712976200
Ukraine,UKR,1991,651907100
Ukraine,UKR,1992,600134460
Ukraine,UKR,1993,517870980
Ukraine,UKR,1994,431784640
Ukraine,UKR,1995,395485280
Ukraine,UKR,1996,354168300
Ukraine,UKR,1997,337773630
Ukraine,UKR,1998,321052200
Ukraine,UKR,1999,315569000
Ukraine,UKR,2000,299243840
Ukraine,UKR,2001,308742800
Ukraine,UKR,2002,297881820
Ukraine,UKR,2003,310522200
Ukraine,UKR,2004,309336000
Ukraine,UKR,2005,313360450
Ukraine,UKR,2006,331336740
Ukraine,UKR,2007,338338530
Ukraine,UKR,2008,325709800
Ukraine,UKR,2009,289360670
Ukraine,UKR,2010,298969820
Ukraine,UKR,2011,311335870
Ukraine,UKR,2012,324242340
Ukraine,UKR,2013,307288130
Ukraine,UKR,2014,264815170
Ukraine,UKR,2015,241437540
Ukraine,UKR,2016,243035440
Ukraine,UKR,2017,231125570
Ukraine,UKR,2018,237490100
Ukraine,UKR,2019,226991420
Ukraine,UKR,2020,211489660
Ukraine,UKR,2021,214328800
Ukraine,UKR,2022,145142260
United Arab Emirates,ARE,1959,-6118.881
United Arab Emirates,ARE,1960,-3370.88
United Arab Emirates,ARE,1961,-1392.3193
United Arab Emirates,ARE,1962,7694.4004
United Arab Emirates,ARE,1963,13190.399
United Arab Emirates,ARE,1964,17074.24
United Arab Emirates,ARE,1965,24805.28
United Arab Emirates,ARE,1966,25171.68
United Arab Emirates,ARE,1967,914314.56
United Arab Emirates,ARE,1968,1239238.1
United Arab Emirates,ARE,1969,20517190
United Arab Emirates,ARE,1970,15237404
United Arab Emirates,ARE,1971,21167478
United Arab Emirates,ARE,1972,23440366
United Arab Emirates,ARE,1973,30613562
United Arab Emirates,ARE,1974,31311518
United Arab Emirates,ARE,1975,31055442
United Arab Emirates,ARE,1976,39628590
United Arab Emirates,ARE,1977,38764480
United Arab Emirates,ARE,1978,44768720
United Arab Emirates,ARE,1979,36581740
United Arab Emirates,ARE,1980,36866930
United Arab Emirates,ARE,1981,36791450
United Arab Emirates,ARE,1982,36801868
United Arab Emirates,ARE,1983,35249252
United Arab Emirates,ARE,1984,46194150
United Arab Emirates,ARE,1985,49695040
United Arab Emirates,ARE,1986,47056396
United Arab Emirates,ARE,1987,47475630
United Arab Emirates,ARE,1988,48114428
United Arab Emirates,ARE,1989,54299210
United Arab Emirates,ARE,1990,51792110
United Arab Emirates,ARE,1991,56777996
United Arab Emirates,ARE,1992,57848764
United Arab Emirates,ARE,1993,65660896
United Arab Emirates,ARE,1994,75070890
United Arab Emirates,ARE,1995,72524584
United Arab Emirates,ARE,1996,75495144
United Arab Emirates,ARE,1997,72994450
United Arab Emirates,ARE,1998,80847896
United Arab Emirates,ARE,1999,77848180
United Arab Emirates,ARE,2000,112181010
United Arab Emirates,ARE,2001,101650810
United Arab Emirates,ARE,2002,84755880
United Arab Emirates,ARE,2003,106509980
United Arab Emirates,ARE,2004,111775280
United Arab Emirates,ARE,2005,114374904
United Arab Emirates,ARE,2006,121667340
United Arab Emirates,ARE,2007,133211790
United Arab Emirates,ARE,2008,153339470
United Arab Emirates,ARE,2009,167757800
United Arab Emirates,ARE,2010,184629820
United Arab Emirates,ARE,2011,197368660
United Arab Emirates,ARE,2012,207221400
United Arab Emirates,ARE,2013,213203460
United Arab Emirates,ARE,2014,209878830
United Arab Emirates,ARE,2015,225594460
United Arab Emirates,ARE,2016,226533380
United Arab Emirates,ARE,2017,212356540
United Arab Emirates,ARE,2018,209172110
United Arab Emirates,ARE,2019,219470320
United Arab Emirates,ARE,2020,216877360
United Arab Emirates,ARE,2021,237275580
United Arab Emirates,ARE,2022,243892460
United Kingdom,GBR,1850,130886760
United Kingdom,GBR,1851,122128776
United Kingdom,GBR,1852,118577840
United Kingdom,GBR,1853,116946970
United Kingdom,GBR,1854,140100160
United Kingdom,GBR,1855,128800230
United Kingdom,GBR,1856,135705390
United Kingdom,GBR,1857,131623460
United Kingdom,GBR,1858,127316650
United Kingdom,GBR,1859,140395470
United Kingdom,GBR,1860,169343380
United Kingdom,GBR,1861,182995360
United Kingdom,GBR,1862,185691440
United Kingdom,GBR,1863,203983460
United Kingdom,GBR,1864,223599040
United Kingdom,GBR,1865,239694140
United Kingdom,GBR,1866,251350260
United Kingdom,GBR,1867,260690620
United Kingdom,GBR,1868,258341420
United Kingdom,GBR,1869,268322960
United Kingdom,GBR,1870,272947460
United Kingdom,GBR,1871,283345950
United Kingdom,GBR,1872,293135940
United Kingdom,GBR,1873,303802720
United Kingdom,GBR,1874,298089860
United Kingdom,GBR,1875,310471420
United Kingdom,GBR,1876,306861540
United Kingdom,GBR,1877,311599040
United Kingdom,GBR,1878,305918980
United Kingdom,GBR,1879,306514340
United Kingdom,GBR,1880,334626700
United Kingdom,GBR,1881,345058370
United Kingdom,GBR,1882,349523680
United Kingdom,GBR,1883,363235360
United Kingdom,GBR,1884,354108800
United Kingdom,GBR,1885,348224400
United Kingdom,GBR,1886,345929730
United Kingdom,GBR,1887,354742800
United Kingdom,GBR,1888,367791460
United Kingdom,GBR,1889,377298750
United Kingdom,GBR,1890,387890800
United Kingdom,GBR,1891,394373660
United Kingdom,GBR,1892,385242430
United Kingdom,GBR,1893,350918700
United Kingdom,GBR,1894,399129800
United Kingdom,GBR,1895,401468000
United Kingdom,GBR,1896,409473860
United Kingdom,GBR,1897,420009500
United Kingdom,GBR,1898,420431170
United Kingdom,GBR,1899,447542620
United Kingdom,GBR,1900,456900960
United Kingdom,GBR,1901,446425340
United Kingdom,GBR,1902,461246620
United Kingdom,GBR,1903,462867460
United Kingdom,GBR,1904,467534000
United Kingdom,GBR,1905,475319650
United Kingdom,GBR,1906,489667900
United Kingdom,GBR,1907,507453300
United Kingdom,GBR,1908,496370980
United Kingdom,GBR,1909,500009150
United Kingdom,GBR,1910,502942850
United Kingdom,GBR,1911,517694560
United Kingdom,GBR,1912,487301150
United Kingdom,GBR,1913,531115940
United Kingdom,GBR,1914,516325060
United Kingdom,GBR,1915,521989700
United Kingdom,GBR,1916,537541000
United Kingdom,GBR,1917,531025120
United Kingdom,GBR,1918,494409470
United Kingdom,GBR,1919,480164130
United Kingdom,GBR,1920,488286430
United Kingdom,GBR,1921,339024200
United Kingdom,GBR,1922,443139740
United Kingdom,GBR,1923,467033100
United Kingdom,GBR,1924,485905440
United Kingdom,GBR,1925,459898530
United Kingdom,GBR,1926,256355820
United Kingdom,GBR,1927,475237470
United Kingdom,GBR,1928,447094370
United Kingdom,GBR,1929,471412350
United Kingdom,GBR,1930,450086370
United Kingdom,GBR,1931,420835970
United Kingdom,GBR,1932,405786000
United Kingdom,GBR,1933,404171420
United Kingdom,GBR,1934,435121280
United Kingdom,GBR,1935,440615870
United Kingdom,GBR,1936,465018900
United Kingdom,GBR,1937,480336670
United Kingdom,GBR,1938,462985180
United Kingdom,GBR,1939,465775170
United Kingdom,GBR,1940,490678750
United Kingdom,GBR,1941,486631680
United Kingdom,GBR,1942,486916160
United Kingdom,GBR,1943,474571360
United Kingdom,GBR,1944,462663970
United Kingdom,GBR,1945,438642240
United Kingdom,GBR,1946,457160060
United Kingdom,GBR,1947,483844540
United Kingdom,GBR,1948,498905500
United Kingdom,GBR,1949,509812130
United Kingdom,GBR,1950,521182940
United Kingdom,GBR,1951,564851200
United Kingdom,GBR,1952,549459900
United Kingdom,GBR,1953,561595460
United Kingdom,GBR,1954,573858900
United Kingdom,GBR,1955,599707800
United Kingdom,GBR,1956,597401000
United Kingdom,GBR,1957,595056000
United Kingdom,GBR,1958,580146000
United Kingdom,GBR,1959,573955140
United Kingdom,GBR,1960,605802560
United Kingdom,GBR,1961,610579650
United Kingdom,GBR,1962,613717250
United Kingdom,GBR,1963,623281100
United Kingdom,GBR,1964,625818750
United Kingdom,GBR,1965,638309300
United Kingdom,GBR,1966,634160640
United Kingdom,GBR,1967,605901630
United Kingdom,GBR,1968,618602700
United Kingdom,GBR,1969,632356000
United Kingdom,GBR,1970,657871900
United Kingdom,GBR,1971,664933400
United Kingdom,GBR,1972,651886850
United Kingdom,GBR,1973,663097540
United Kingdom,GBR,1974,620364740
United Kingdom,GBR,1975,606650300
United Kingdom,GBR,1976,601913700
United Kingdom,GBR,1977,607613900
United Kingdom,GBR,1978,608146900
United Kingdom,GBR,1979,650293950
United Kingdom,GBR,1980,581604030
United Kingdom,GBR,1981,562896000
United Kingdom,GBR,1982,549940100
United Kingdom,GBR,1983,548333300
United Kingdom,GBR,1984,534133570
United Kingdom,GBR,1985,562215500
United Kingdom,GBR,1986,571388350
United Kingdom,GBR,1987,593359500
United Kingdom,GBR,1988,578634050
United Kingdom,GBR,1989,587045500
United Kingdom,GBR,1990,605843260
United Kingdom,GBR,1991,611949630
United Kingdom,GBR,1992,584429950
United Kingdom,GBR,1993,571504000
United Kingdom,GBR,1994,570040640
United Kingdom,GBR,1995,573416300
United Kingdom,GBR,1996,600160450
United Kingdom,GBR,1997,568992900
United Kingdom,GBR,1998,563562300
United Kingdom,GBR,1999,556000000
United Kingdom,GBR,2000,569675260
United Kingdom,GBR,2001,577789060
United Kingdom,GBR,2002,562006660
United Kingdom,GBR,2003,575938000
United Kingdom,GBR,2004,579987140
United Kingdom,GBR,2005,613705400
United Kingdom,GBR,2006,589968450
United Kingdom,GBR,2007,577294700
United Kingdom,GBR,2008,555837100
United Kingdom,GBR,2009,501791260
United Kingdom,GBR,2010,518708670
United Kingdom,GBR,2011,480351520
United Kingdom,GBR,2012,504416420
United Kingdom,GBR,2013,493448580
United Kingdom,GBR,2014,450674750
United Kingdom,GBR,2015,442195400
United Kingdom,GBR,2016,418408480
United Kingdom,GBR,2017,399686050
United Kingdom,GBR,2018,393510460
United Kingdom,GBR,2019,378680830
United Kingdom,GBR,2020,341696060
United Kingdom,GBR,2021,362887200
United Kingdom,GBR,2022,334584960
United States,USA,1850,826429800
United States,USA,1851,892015800
United States,USA,1852,923619500
United States,USA,1853,971760200
United States,USA,1854,1004407900
United States,USA,1855,1023264800
United States,USA,1856,1042732740
United States,USA,1857,1070224400
United States,USA,1858,1098850400
United States,USA,1859,1132343400
United States,USA,1860,1015116200
United States,USA,1861,927916300
United States,USA,1862,919445000
United States,USA,1863,917276200
United States,USA,1864,893843140
United States,USA,1865,861701400
United States,USA,1866,845570300
United States,USA,1867,858031040
United States,USA,1868,852482200
United States,USA,1869,838593100
United States,USA,1870,1198156000
United States,USA,1871,1340928800
United States,USA,1872,1443757800
United States,USA,1873,1541137700
United States,USA,1874,1602895700
United States,USA,1875,1651072000
United States,USA,1876,1691203800
United States,USA,1877,1761352300
United States,USA,1878,1807985000
United States,USA,1879,1893101200
United States,USA,1880,1745824400
United States,USA,1881,1668702500
United States,USA,1882,1689784700
United States,USA,1883,1715883300
United States,USA,1884,1707659300
United States,USA,1885,1692184800
United States,USA,1886,1704136000
United States,USA,1887,1737820700
United States,USA,1888,1790404600
United States,USA,1889,1730220700
United States,USA,1890,1886325400
United States,USA,1891,1933206000
United States,USA,1892,1951903500
United States,USA,1893,1988730900
United States,USA,1894,1964024600
United States,USA,1895,2015059200
United States,USA,1896,2030701400
United States,USA,1897,2066667100
United States,USA,1898,2133811500
United States,USA,1899,2236472300
United States,USA,1900,2190773200
United States,USA,1901,2208897000
United States,USA,1902,2250058800
United States,USA,1903,2354861000
United States,USA,1904,2357567500
United States,USA,1905,2446109700
United States,USA,1906,2479635000
United States,USA,1907,2651590700
United States,USA,1908,2499594500
United States,USA,1909,2620912600
United States,USA,1910,2649202200
United States,USA,1911,2609331200
United States,USA,1912,2629425400
United States,USA,1913,2722836000
United States,USA,1914,2602853400
United States,USA,1915,2624689700
United States,USA,1916,2753896400
United States,USA,1917,2899388000
United States,USA,1918,2980823600
United States,USA,1919,2690890200
United States,USA,1920,2954055200
United States,USA,1921,2650184200
United States,USA,1922,2636623000
United States,USA,1923,3069860900
United States,USA,1924,2843526700
United States,USA,1925,2902801400
United States,USA,1926,3010033000
United States,USA,1927,2935377000
United States,USA,1928,2876566500
United States,USA,1929,2982159600
United States,USA,1930,2647641300
United States,USA,1931,2339375400
United States,USA,1932,2046044900
United States,USA,1933,2090893800
United States,USA,1934,2151731000
United States,USA,1935,2155003100
United States,USA,1936,2351391700
United States,USA,1937,2385254400
United States,USA,1938,2082909700
United States,USA,1939,2205573400
United States,USA,1940,2481091800
United States,USA,1941,2674180000
United States,USA,1942,2836945200
United States,USA,1943,2914318800
United States,USA,1944,3097375700
United States,USA,1945,3009991200
United States,USA,1946,2910192400
United States,USA,1947,3134430500
United States,USA,1948,3229571600
United States,USA,1949,2763119600
United States,USA,1950,3023321000
United States,USA,1951,3040279300
United States,USA,1952,2921367600
United States,USA,1953,2958456600
United States,USA,1954,2831356000
United States,USA,1955,3055012000
United States,USA,1956,3173597000
United States,USA,1957,3129461200
United States,USA,1958,3016820700
United States,USA,1959,3025890300
United States,USA,1960,3087808300
United States,USA,1961,2956315000
United States,USA,1962,3218770000
United States,USA,1963,3235750700
United States,USA,1964,3345260000
United States,USA,1965,3449695200
United States,USA,1966,3608353000
United States,USA,1967,4189462000
United States,USA,1968,4636437000
United States,USA,1969,4478224400
United States,USA,1970,4665370000
United States,USA,1971,4635392500
United States,USA,1972,4804391400
United States,USA,1973,4981188000
United States,USA,1974,4820514000
United States,USA,1975,4664181000
United States,USA,1976,4943640600
United States,USA,1977,5219180500
United States,USA,1978,5194110000
United States,USA,1979,5245108000
United States,USA,1980,5074268000
United States,USA,1981,4948572000
United States,USA,1982,4701234700
United States,USA,1983,4696807000
United States,USA,1984,4938475500
United States,USA,1985,4939153000
United States,USA,1986,4889367600
United States,USA,1987,5080780300
United States,USA,1988,5323164000
United States,USA,1989,5404929000
United States,USA,1990,5410202000
United States,USA,1991,5299990500
United States,USA,1992,5353905700
United States,USA,1993,5437704700
United States,USA,1994,5580025300
United States,USA,1995,5524227600
United States,USA,1996,5693196300
United States,USA,1997,5791189500
United States,USA,1998,5846140000
United States,USA,1999,5955642000
United States,USA,2000,6147761000
United States,USA,2001,5950588400
United States,USA,2002,5951311000
United States,USA,2003,6074277400
United States,USA,2004,6093978600
United States,USA,2005,6176527400
United States,USA,2006,6014732300
United States,USA,2007,6076254000
United States,USA,2008,5912461000
United States,USA,2009,5430801400
United States,USA,2010,5687592400
United States,USA,2011,5466796500
United States,USA,2012,5371383000
United States,USA,2013,5462715400
United States,USA,2014,5575057000
United States,USA,2015,5402494000
United States,USA,2016,5320760300
United States,USA,2017,5357279700
United States,USA,2018,5486095000
United States,USA,2019,5374306000
United States,USA,2020,4829357600
United States,USA,2021,5159808500
United States,USA,2022,5199053000
Upper-middle-income countries,,1850,662536260
Upper-middle-income countries,,1851,0
Upper-middle-income countries,,1852,0
Upper-middle-income countries,,1853,0
Upper-middle-income countries,,1854,0
Upper-middle-income countries,,1855,714847700
Upper-middle-income countries,,1856,0
Upper-middle-income countries,,1857,0
Upper-middle-income countries,,1858,723794050
Upper-middle-income countries,,1859,721368100
Upper-middle-income countries,,1860,679274700
Upper-middle-income countries,,1861,686363840
Upper-middle-income countries,,1862,676950340
Upper-middle-income countries,,1863,670620800
Upper-middle-income countries,,1864,669849150
Upper-middle-income countries,,1865,674841900
Upper-middle-income countries,,1866,687446500
Upper-middle-income countries,,1867,688254140
Upper-middle-income countries,,1868,681671550
Upper-middle-income countries,,1869,685809700
Upper-middle-income countries,,1870,736403100
Upper-middle-income countries,,1871,760947100
Upper-middle-income countries,,1872,779272770
Upper-middle-income countries,,1873,789357800
Upper-middle-income countries,,1874,806260800
Upper-middle-income countries,,1875,819394750
Upper-middle-income countries,,1876,824963700
Upper-middle-income countries,,1877,829759300
Upper-middle-income countries,,1878,865030660
Upper-middle-income countries,,1879,851985860
Upper-middle-income countries,,1880,882474700
Upper-middle-income countries,,1881,912492860
Upper-middle-income countries,,1882,927353540
Upper-middle-income countries,,1883,936424300
Upper-middle-income countries,,1884,992822300
Upper-middle-income countries,,1885,1038881700
Upper-middle-income countries,,1886,1011255400
Upper-middle-income countries,,1887,1050464000
Upper-middle-income countries,,1888,1056216600
Upper-middle-income countries,,1889,1062802400
Upper-middle-income countries,,1890,1264573700
Upper-middle-income countries,,1891,1378739700
Upper-middle-income countries,,1892,1391601000
Upper-middle-income countries,,1893,1409102800
Upper-middle-income countries,,1894,1409852300
Upper-middle-income countries,,1895,1433789700
Upper-middle-income countries,,1896,1434302600
Upper-middle-income countries,,1897,1449544200
Upper-middle-income countries,,1898,1457150800
Upper-middle-income countries,,1899,1485978200
Upper-middle-income countries,,1900,1588650500
Upper-middle-income countries,,1901,1865606700
Upper-middle-income countries,,1902,1932900700
Upper-middle-income countries,,1903,1989810600
Upper-middle-income countries,,1904,2072777200
Upper-middle-income countries,,1905,2095510900
Upper-middle-income countries,,1906,2160741000
Upper-middle-income countries,,1907,2382862300
Upper-middle-income countries,,1908,2426768400
Upper-middle-income countries,,1909,2480189200
Upper-middle-income countries,,1910,2270289000
Upper-middle-income countries,,1911,2124563000
Upper-middle-income countries,,1912,2184007700
Upper-middle-income countries,,1913,2162153200
Upper-middle-income countries,,1914,2077997800
Upper-middle-income countries,,1915,2020215300
Upper-middle-income countries,,1916,2001130800
Upper-middle-income countries,,1917,1988811800
Upper-middle-income countries,,1918,1912191700
Upper-middle-income countries,,1919,1924270300
Upper-middle-income countries,,1920,2152385800
Upper-middle-income countries,,1921,2453746700
Upper-middle-income countries,,1922,2518451200
Upper-middle-income countries,,1923,2544909300
Upper-middle-income countries,,1924,2593468400
Upper-middle-income countries,,1925,2620751600
Upper-middle-income countries,,1926,2647586300
Upper-middle-income countries,,1927,2682669000
Upper-middle-income countries,,1928,2719038200
Upper-middle-income countries,,1929,2750740000
Upper-middle-income countries,,1930,2826909000
Upper-middle-income countries,,1931,2966817300
Upper-middle-income countries,,1932,3010550500
Upper-middle-income countries,,1933,3046904600
Upper-middle-income countries,,1934,3139917600
Upper-middle-income countries,,1935,3204131000
Upper-middle-income countries,,1936,3256664300
Upper-middle-income countries,,1937,3292656600
Upper-middle-income countries,,1938,3305484300
Upper-middle-income countries,,1939,3347520800
Upper-middle-income countries,,1940,3279114500
Upper-middle-income countries,,1941,3266461000
Upper-middle-income countries,,1942,2845418000
Upper-middle-income countries,,1943,3011561000
Upper-middle-income countries,,1944,2998227000
Upper-middle-income countries,,1945,2641783600
Upper-middle-income countries,,1946,2635353600
Upper-middle-income countries,,1947,2807221200
Upper-middle-income countries,,1948,2730856400
Upper-middle-income countries,,1949,2724124200
Upper-middle-income countries,,1950,3777521000
Upper-middle-income countries,,1951,4149039400
Upper-middle-income countries,,1952,4533561300
Upper-middle-income countries,,1953,4708488000
Upper-middle-income countries,,1954,4960922000
Upper-middle-income countries,,1955,5273133600
Upper-middle-income countries,,1956,5575677000
Upper-middle-income countries,,1957,5888078300
Upper-middle-income countries,,1958,6424549400
Upper-middle-income countries,,1959,7534041000
Upper-middle-income countries,,1960,6479785000
Upper-middle-income countries,,1961,6423272000
Upper-middle-income countries,,1962,6001598500
Upper-middle-income countries,,1963,5991691300
Upper-middle-income countries,,1964,6069568500
Upper-middle-income countries,,1965,5842724000
Upper-middle-income countries,,1966,5890120000
Upper-middle-income countries,,1967,5973371400
Upper-middle-income countries,,1968,6252750300
Upper-middle-income countries,,1969,6336652000
Upper-middle-income countries,,1970,7177108000
Upper-middle-income countries,,1971,7270329300
Upper-middle-income countries,,1972,7512804400
Upper-middle-income countries,,1973,7749548500
Upper-middle-income countries,,1974,7580516000
Upper-middle-income countries,,1975,7947975000
Upper-middle-income countries,,1976,8283353000
Upper-middle-income countries,,1977,8359786500
Upper-middle-income countries,,1978,8763917000
Upper-middle-income countries,,1979,8781045000
Upper-middle-income countries,,1980,9242846000
Upper-middle-income countries,,1981,9776140000
Upper-middle-income countries,,1982,10309584000
Upper-middle-income countries,,1983,10832013000
Upper-middle-income countries,,1984,11395476000
Upper-middle-income countries,,1985,10773875000
Upper-middle-income countries,,1986,11297185000
Upper-middle-income countries,,1987,11344176000
Upper-middle-income countries,,1988,11577114000
Upper-middle-income countries,,1989,11470522000
Upper-middle-income countries,,1990,11593099000
Upper-middle-income countries,,1991,11125391000
Upper-middle-income countries,,1992,10760693000
Upper-middle-income countries,,1993,10732647000
Upper-middle-income countries,,1994,11216063000
Upper-middle-income countries,,1995,11268923000
Upper-middle-income countries,,1996,11661519000
Upper-middle-income countries,,1997,11501791000
Upper-middle-income countries,,1998,11606588000
Upper-middle-income countries,,1999,11440187000
Upper-middle-income countries,,2000,11002383000
Upper-middle-income countries,,2001,10795591000
Upper-middle-income countries,,2002,11342773000
Upper-middle-income countries,,2003,13683632000
Upper-middle-income countries,,2004,13435934000
Upper-middle-income countries,,2005,13578524000
Upper-middle-income countries,,2006,14185944000
Upper-middle-income countries,,2007,14409869000
Upper-middle-income countries,,2008,14930113000
Upper-middle-income countries,,2009,15325217000
Upper-middle-income countries,,2010,15815315000
Upper-middle-income countries,,2011,16918761000
Upper-middle-income countries,,2012,17737347000
Upper-middle-income countries,,2013,17468637000
Upper-middle-income countries,,2014,18185530000
Upper-middle-income countries,,2015,18202784000
Upper-middle-income countries,,2016,17867033000
Upper-middle-income countries,,2017,18230661000
Upper-middle-income countries,,2018,18551222000
Upper-middle-income countries,,2019,19117738000
Upper-middle-income countries,,2020,18855696000
Upper-middle-income countries,,2021,19813863000
Upper-middle-income countries,,2022,19910828000
Uruguay,URY,1932,6141156
Uruguay,URY,1933,6095518
Uruguay,URY,1934,6056103
Uruguay,URY,1935,6031847
Uruguay,URY,1936,6021557.5
Uruguay,URY,1937,6020200.5
Uruguay,URY,1938,6007530
Uruguay,URY,1939,6000955.5
Uruguay,URY,1940,6018279.5
Uruguay,URY,1941,5950795.5
Uruguay,URY,1942,5878843.5
Uruguay,URY,1943,5822990
Uruguay,URY,1944,5814507.5
Uruguay,URY,1945,5796216.5
Uruguay,URY,1946,5807990
Uruguay,URY,1947,5789676.5
Uruguay,URY,1948,5769787.5
Uruguay,URY,1949,5748425.5
Uruguay,URY,1950,8118646
Uruguay,URY,1951,8055625
Uruguay,URY,1952,8379522.5
Uruguay,URY,1953,8552346
Uruguay,URY,1954,8794866
Uruguay,URY,1955,9216455
Uruguay,URY,1956,9253933
Uruguay,URY,1957,9669470
Uruguay,URY,1958,9206795
Uruguay,URY,1959,9378586
Uruguay,URY,1960,9507955
Uruguay,URY,1961,6916167
Uruguay,URY,1962,4606845.5
Uruguay,URY,1963,3166453
Uruguay,URY,1964,2254840.5
Uruguay,URY,1965,2208247.8
Uruguay,URY,1966,749657.5
Uruguay,URY,1967,-511063
Uruguay,URY,1968,-1415614.5
Uruguay,URY,1969,-2944063
Uruguay,URY,1970,-1661593
Uruguay,URY,1971,-1241006.5
Uruguay,URY,1972,-758744.5
Uruguay,URY,1973,-926288.5
Uruguay,URY,1974,-938204.5
Uruguay,URY,1975,-661885
Uruguay,URY,1976,-764613
Uruguay,URY,1977,-984878
Uruguay,URY,1978,-965906
Uruguay,URY,1979,-432545.5
Uruguay,URY,1980,-416011
Uruguay,URY,1981,-495891
Uruguay,URY,1982,-745210
Uruguay,URY,1983,-1572978.5
Uruguay,URY,1984,-1751167.5
Uruguay,URY,1985,-1801954.5
Uruguay,URY,1986,-1651768.5
Uruguay,URY,1987,-1184283.5
Uruguay,URY,1988,110489
Uruguay,URY,1989,-1616190.5
Uruguay,URY,1990,255364
Uruguay,URY,1991,1713359.5
Uruguay,URY,1992,2840320.5
Uruguay,URY,1993,2581865.2
Uruguay,URY,1994,2513178.2
Uruguay,URY,1995,3331327.5
Uruguay,URY,1996,4495320.5
Uruguay,URY,1997,4875579.5
Uruguay,URY,1998,5163574
Uruguay,URY,1999,6478939.5
Uruguay,URY,2000,4686320.5
Uruguay,URY,2001,4762201.5
Uruguay,URY,2002,4095396.8
Uruguay,URY,2003,4334345
Uruguay,URY,2004,5218574
Uruguay,URY,2005,6590384
Uruguay,URY,2006,13153383
Uruguay,URY,2007,28109424
Uruguay,URY,2008,38951236
Uruguay,URY,2009,23757772
Uruguay,URY,2010,33187874
Uruguay,URY,2011,20090678
Uruguay,URY,2012,29960640
Uruguay,URY,2013,21312396
Uruguay,URY,2014,17495102
Uruguay,URY,2015,15473631
Uruguay,URY,2016,14812604
Uruguay,URY,2017,12708786
Uruguay,URY,2018,12217487
Uruguay,URY,2019,11358885
Uruguay,URY,2020,11006166
Uruguay,URY,2021,11659730
Uruguay,URY,2022,10949754
Uzbekistan,UZB,1850,1930766.5
Uzbekistan,UZB,1855,1987185.2
Uzbekistan,UZB,1858,2001981.4
Uzbekistan,UZB,1859,2005601.2
Uzbekistan,UZB,1860,2047187.8
Uzbekistan,UZB,1861,2071333.5
Uzbekistan,UZB,1862,2081453.4
Uzbekistan,UZB,1863,2091090.1
Uzbekistan,UZB,1864,2100220.8
Uzbekistan,UZB,1865,2104449
Uzbekistan,UZB,1866,2157813.5
Uzbekistan,UZB,1867,2172162.5
Uzbekistan,UZB,1868,2161646.2
Uzbekistan,UZB,1869,2188966.5
Uzbekistan,UZB,1870,2236885.2
Uzbekistan,UZB,1871,2295510.5
Uzbekistan,UZB,1872,2314372.8
Uzbekistan,UZB,1873,2316534.5
Uzbekistan,UZB,1874,2352640.8
Uzbekistan,UZB,1875,2383060.8
Uzbekistan,UZB,1876,2432652
Uzbekistan,UZB,1877,2441899.8
Uzbekistan,UZB,1878,2517096.2
Uzbekistan,UZB,1879,2528668.5
Uzbekistan,UZB,1880,2620454.2
Uzbekistan,UZB,1881,2662533
Uzbekistan,UZB,1882,2697964
Uzbekistan,UZB,1883,2764476
Uzbekistan,UZB,1884,2779586.8
Uzbekistan,UZB,1885,2827726.8
Uzbekistan,UZB,1886,2846128.2
Uzbekistan,UZB,1887,2881099.2
Uzbekistan,UZB,1888,2908946.5
Uzbekistan,UZB,1889,2958575
Uzbekistan,UZB,1890,3084716.2
Uzbekistan,UZB,1891,3180929.2
Uzbekistan,UZB,1892,3242457
Uzbekistan,UZB,1893,3395144
Uzbekistan,UZB,1894,3421386.2
Uzbekistan,UZB,1895,3574256.8
Uzbekistan,UZB,1896,3600081.5
Uzbekistan,UZB,1897,3784068.5
Uzbekistan,UZB,1898,3949462
Uzbekistan,UZB,1899,4191357.5
Uzbekistan,UZB,1900,4471234
Uzbekistan,UZB,1901,4548885
Uzbekistan,UZB,1902,4496082.5
Uzbekistan,UZB,1903,4464591.5
Uzbekistan,UZB,1904,4686136.5
Uzbekistan,UZB,1905,4465756
Uzbekistan,UZB,1906,4735829.5
Uzbekistan,UZB,1907,4998237
Uzbekistan,UZB,1908,5016778
Uzbekistan,UZB,1909,5154675.5
Uzbekistan,UZB,1910,5150320.5
Uzbekistan,UZB,1911,5270205
Uzbekistan,UZB,1912,5632109
Uzbekistan,UZB,1913,5893798
Uzbekistan,UZB,1914,5588284.5
Uzbekistan,UZB,1915,5356619
Uzbekistan,UZB,1916,5535820
Uzbekistan,UZB,1917,5315007.5
Uzbekistan,UZB,1918,3756081.2
Uzbekistan,UZB,1919,3608333.5
Uzbekistan,UZB,1920,3586256.8
Uzbekistan,UZB,1921,3681620
Uzbekistan,UZB,1922,3890434.2
Uzbekistan,UZB,1923,4013470.5
Uzbekistan,UZB,1924,4247649
Uzbekistan,UZB,1925,4235989
Uzbekistan,UZB,1926,4864091
Uzbekistan,UZB,1927,5357666
Uzbekistan,UZB,1928,5548016
Uzbekistan,UZB,1929,5756004
Uzbekistan,UZB,1930,6861924.5
Uzbekistan,UZB,1931,7683378
Uzbekistan,UZB,1932,8276911
Uzbekistan,UZB,1933,8939614
Uzbekistan,UZB,1934,10185588
Uzbekistan,UZB,1935,11114346
Uzbekistan,UZB,1936,12277724
Uzbekistan,UZB,1937,12516023
Uzbekistan,UZB,1938,13050736
Uzbekistan,UZB,1939,13175878
Uzbekistan,UZB,1940,15373423
Uzbekistan,UZB,1941,13916752
Uzbekistan,UZB,1942,9184562
Uzbekistan,UZB,1943,9478289
Uzbekistan,UZB,1944,12337272
Uzbekistan,UZB,1945,12783254
Uzbekistan,UZB,1946,13906126
Uzbekistan,UZB,1947,16060654
Uzbekistan,UZB,1948,16824364
Uzbekistan,UZB,1949,18665720
Uzbekistan,UZB,1950,26246474
Uzbekistan,UZB,1951,30288484
Uzbekistan,UZB,1952,33110856
Uzbekistan,UZB,1953,35408600
Uzbekistan,UZB,1954,38327970
Uzbekistan,UZB,1955,42464130
Uzbekistan,UZB,1956,46185596
Uzbekistan,UZB,1957,50057930
Uzbekistan,UZB,1958,53453756
Uzbekistan,UZB,1959,56351770
Uzbekistan,UZB,1960,49571716
Uzbekistan,UZB,1961,47624650
Uzbekistan,UZB,1962,46260436
Uzbekistan,UZB,1963,47251404
Uzbekistan,UZB,1964,49120656
Uzbekistan,UZB,1965,50438708
Uzbekistan,UZB,1966,52830748
Uzbekistan,UZB,1967,54956840
Uzbekistan,UZB,1968,56877796
Uzbekistan,UZB,1969,58743180
Uzbekistan,UZB,1970,61522150
Uzbekistan,UZB,1971,65251590
Uzbekistan,UZB,1972,68377970
Uzbekistan,UZB,1973,72021050
Uzbekistan,UZB,1974,74038560
Uzbekistan,UZB,1975,77922650
Uzbekistan,UZB,1976,80964470
Uzbekistan,UZB,1977,83147770
Uzbekistan,UZB,1978,85711700
Uzbekistan,UZB,1979,86806350
Uzbekistan,UZB,1980,90331440
Uzbekistan,UZB,1981,88731740
Uzbekistan,UZB,1982,90547150
Uzbekistan,UZB,1983,91502960
Uzbekistan,UZB,1984,92469520
Uzbekistan,UZB,1985,99755130
Uzbekistan,UZB,1986,95974100
Uzbekistan,UZB,1987,97811304
Uzbekistan,UZB,1988,100231250
Uzbekistan,UZB,1989,103227550
Uzbekistan,UZB,1990,103204620
Uzbekistan,UZB,1991,103071624
Uzbekistan,UZB,1992,111342220
Uzbekistan,UZB,1993,115618340
Uzbekistan,UZB,1994,109864840
Uzbekistan,UZB,1995,105017090
Uzbekistan,UZB,1996,108125600
Uzbekistan,UZB,1997,108788690
Uzbekistan,UZB,1998,120758290
Uzbekistan,UZB,1999,123351230
Uzbekistan,UZB,2000,123256270
Uzbekistan,UZB,2001,126101980
Uzbekistan,UZB,2002,131616870
Uzbekistan,UZB,2003,128729080
Uzbekistan,UZB,2004,127101880
Uzbekistan,UZB,2005,119204184
Uzbekistan,UZB,2006,122195600
Uzbekistan,UZB,2007,120835600
Uzbekistan,UZB,2008,125210390
Uzbekistan,UZB,2009,105816900
Uzbekistan,UZB,2010,103930710
Uzbekistan,UZB,2011,113141720
Uzbekistan,UZB,2012,114822730
Uzbekistan,UZB,2013,108866360
Uzbekistan,UZB,2014,105094040
Uzbekistan,UZB,2015,101482860
Uzbekistan,UZB,2016,108078150
Uzbekistan,UZB,2017,107256530
Uzbekistan,UZB,2018,100672136
Uzbekistan,UZB,2019,107043976
Uzbekistan,UZB,2020,108379250
Uzbekistan,UZB,2021,115256760
Uzbekistan,UZB,2022,119592990
Vanuatu,VUT,1962,880679.06
Vanuatu,VUT,1963,688722.06
Vanuatu,VUT,1964,4516466
Vanuatu,VUT,1965,1800453
Vanuatu,VUT,1966,1185047.5
Vanuatu,VUT,1967,883317.1
Vanuatu,VUT,1968,708141.25
Vanuatu,VUT,1969,3881898
Vanuatu,VUT,1970,1740033.6
Vanuatu,VUT,1971,1129134.9
Vanuatu,VUT,1972,967479.2
Vanuatu,VUT,1973,922412
Vanuatu,VUT,1974,3651835.5
Vanuatu,VUT,1975,1544119.5
Vanuatu,VUT,1976,1423244.1
Vanuatu,VUT,1977,1092458.2
Vanuatu,VUT,1978,1280604.6
Vanuatu,VUT,1979,815056.8
Vanuatu,VUT,1980,1677562.4
Vanuatu,VUT,1981,1416795.5
Vanuatu,VUT,1982,2069573.9
Vanuatu,VUT,1983,1119425.4
Vanuatu,VUT,1984,1681519.5
Vanuatu,VUT,1985,2413696.8
Vanuatu,VUT,1986,2075253
Vanuatu,VUT,1987,2620859.2
Vanuatu,VUT,1988,2250062.2
Vanuatu,VUT,1989,2426850.2
Vanuatu,VUT,1990,2238740.8
Vanuatu,VUT,1991,2279081.2
Vanuatu,VUT,1992,2162456
Vanuatu,VUT,1993,1739703.9
Vanuatu,VUT,1994,3267262
Vanuatu,VUT,1995,2512734.5
Vanuatu,VUT,1996,1972954.1
Vanuatu,VUT,1997,2889760
Vanuatu,VUT,1998,2099508.8
Vanuatu,VUT,1999,2470452
Vanuatu,VUT,2000,3541256
Vanuatu,VUT,2001,2667172
Vanuatu,VUT,2002,2800761.5
Vanuatu,VUT,2003,9939369
Vanuatu,VUT,2004,5085192.5
Vanuatu,VUT,2005,2491080.2
Vanuatu,VUT,2006,1557310
Vanuatu,VUT,2007,238636.33
Vanuatu,VUT,2008,-158651.22
Vanuatu,VUT,2009,-265310.25
Vanuatu,VUT,2010,-589574.25
Vanuatu,VUT,2011,-863971.2
Vanuatu,VUT,2012,-808461.56
Vanuatu,VUT,2013,-900501.3
Vanuatu,VUT,2014,-1128218.9
Vanuatu,VUT,2015,-1152181.5
Vanuatu,VUT,2016,-1164052.9
Vanuatu,VUT,2017,818317.75
Vanuatu,VUT,2018,-412273.3
Vanuatu,VUT,2019,-692899.06
Vanuatu,VUT,2020,-736940.4
Vanuatu,VUT,2021,-750933.8
Vanuatu,VUT,2022,-747185.9
Venezuela,VEN,1904,4812664
Venezuela,VEN,1908,3400814.8
Venezuela,VEN,1913,3002794.5
Venezuela,VEN,1914,3456214.5
Venezuela,VEN,1915,2965714.8
Venezuela,VEN,1916,2136954.8
Venezuela,VEN,1917,3650113.5
Venezuela,VEN,1918,2413147
Venezuela,VEN,1919,1489232.9
Venezuela,VEN,1920,15284449
Venezuela,VEN,1921,26003994
Venezuela,VEN,1922,33418134
Venezuela,VEN,1923,35672336
Venezuela,VEN,1924,38632410
Venezuela,VEN,1925,40628812
Venezuela,VEN,1926,44109464
Venezuela,VEN,1927,41763188
Venezuela,VEN,1928,44572780
Venezuela,VEN,1929,46761030
Venezuela,VEN,1930,45028364
Venezuela,VEN,1931,42712396
Venezuela,VEN,1932,45164040
Venezuela,VEN,1933,44303732
Venezuela,VEN,1934,46578748
Venezuela,VEN,1935,46982760
Venezuela,VEN,1936,46538480
Venezuela,VEN,1937,52373070
Venezuela,VEN,1938,48849144
Venezuela,VEN,1939,50408444
Venezuela,VEN,1940,71915650
Venezuela,VEN,1941,80758920
Venezuela,VEN,1942,84618296
Venezuela,VEN,1943,85733260
Venezuela,VEN,1944,94489220
Venezuela,VEN,1945,96884630
Venezuela,VEN,1946,163597500
Venezuela,VEN,1947,101916240
Venezuela,VEN,1948,109860950
Venezuela,VEN,1949,114043440
Venezuela,VEN,1950,142717890
Venezuela,VEN,1951,171638200
Venezuela,VEN,1952,186541360
Venezuela,VEN,1953,192836770
Venezuela,VEN,1954,207283650
Venezuela,VEN,1955,223743360
Venezuela,VEN,1956,230377170
Venezuela,VEN,1957,239555360
Venezuela,VEN,1958,230145980
Venezuela,VEN,1959,240457440
Venezuela,VEN,1960,243562030
Venezuela,VEN,1961,183178820
Venezuela,VEN,1962,147016670
Venezuela,VEN,1963,132413900
Venezuela,VEN,1964,121834660
Venezuela,VEN,1965,111728270
Venezuela,VEN,1966,103515120
Venezuela,VEN,1967,106378890
Venezuela,VEN,1968,103934400
Venezuela,VEN,1969,102135360
Venezuela,VEN,1970,112218100
Venezuela,VEN,1971,90250110
Venezuela,VEN,1972,94506980
Venezuela,VEN,1973,97456640
Venezuela,VEN,1974,103766990
Venezuela,VEN,1975,99234050
Venezuela,VEN,1976,104604220
Venezuela,VEN,1977,102702850
Venezuela,VEN,1978,106733240
Venezuela,VEN,1979,109695010
Venezuela,VEN,1980,109090120
Venezuela,VEN,1981,117916780
Venezuela,VEN,1982,111479160
Venezuela,VEN,1983,115548680
Venezuela,VEN,1984,149484480
Venezuela,VEN,1985,163424350
Venezuela,VEN,1986,159075800
Venezuela,VEN,1987,147280690
Venezuela,VEN,1988,132419950
Venezuela,VEN,1989,125019910
Venezuela,VEN,1990,136607020
Venezuela,VEN,1991,118386270
Venezuela,VEN,1992,109289480
Venezuela,VEN,1993,129411730
Venezuela,VEN,1994,130297656
Venezuela,VEN,1995,133947790
Venezuela,VEN,1996,129473780
Venezuela,VEN,1997,146220340
Venezuela,VEN,1998,188384930
Venezuela,VEN,1999,157876500
Venezuela,VEN,2000,161461870
Venezuela,VEN,2001,138564260
Venezuela,VEN,2002,175633010
Venezuela,VEN,2003,176341520
Venezuela,VEN,2004,156545810
Venezuela,VEN,2005,157527020
Venezuela,VEN,2006,166869580
Venezuela,VEN,2007,174379790
Venezuela,VEN,2008,169322400
Venezuela,VEN,2009,161288220
Venezuela,VEN,2010,198455100
Venezuela,VEN,2011,180559200
Venezuela,VEN,2012,193217500
Venezuela,VEN,2013,212365440
Venezuela,VEN,2014,185467580
Venezuela,VEN,2015,176788020
Venezuela,VEN,2016,164481900
Venezuela,VEN,2017,152200110
Venezuela,VEN,2018,113399820
Venezuela,VEN,2019,96677240
Venezuela,VEN,2020,69856220
Venezuela,VEN,2021,79176790
Venezuela,VEN,2022,84028920
Vietnam,VNM,1892,68755656
Vietnam,VNM,1893,68867070
Vietnam,VNM,1894,65977828
Vietnam,VNM,1895,74438890
Vietnam,VNM,1896,68655260
Vietnam,VNM,1897,71739030
Vietnam,VNM,1898,70599496
Vietnam,VNM,1899,69645416
Vietnam,VNM,1900,72666504
Vietnam,VNM,1901,72009400
Vietnam,VNM,1902,73476350
Vietnam,VNM,1903,73077560
Vietnam,VNM,1904,74437170
Vietnam,VNM,1905,75049930
Vietnam,VNM,1906,73006184
Vietnam,VNM,1907,74830570
Vietnam,VNM,1908,73981910
Vietnam,VNM,1909,71499550
Vietnam,VNM,1910,68743130
Vietnam,VNM,1911,65809140
Vietnam,VNM,1912,60135840
Vietnam,VNM,1913,58654120
Vietnam,VNM,1914,56562560
Vietnam,VNM,1915,60275880
Vietnam,VNM,1916,60392320
Vietnam,VNM,1917,58874430
Vietnam,VNM,1918,56479170
Vietnam,VNM,1919,54013660
Vietnam,VNM,1920,35899760
Vietnam,VNM,1921,25562922
Vietnam,VNM,1922,20126646
Vietnam,VNM,1923,16357598
Vietnam,VNM,1924,14092514
Vietnam,VNM,1925,12467053
Vietnam,VNM,1926,10691662
Vietnam,VNM,1927,9780388
Vietnam,VNM,1928,10113158
Vietnam,VNM,1929,9177650
Vietnam,VNM,1930,8299266
Vietnam,VNM,1931,6877547
Vietnam,VNM,1932,5918729
Vietnam,VNM,1933,5003589
Vietnam,VNM,1934,4403946
Vietnam,VNM,1935,4372025
Vietnam,VNM,1936,5085514.5
Vietnam,VNM,1937,5311336
Vietnam,VNM,1938,5093868.5
Vietnam,VNM,1939,5550335
Vietnam,VNM,1940,4924972.5
Vietnam,VNM,1941,4274487
Vietnam,VNM,1942,937234.25
Vietnam,VNM,1943,-197591.5
Vietnam,VNM,1944,-1734171
Vietnam,VNM,1945,-2806910.5
Vietnam,VNM,1946,-3119898.5
Vietnam,VNM,1947,-3127483
Vietnam,VNM,1948,-3154760
Vietnam,VNM,1949,-7861919
Vietnam,VNM,1950,21683762
Vietnam,VNM,1951,36354850
Vietnam,VNM,1952,49309050
Vietnam,VNM,1953,62379840
Vietnam,VNM,1954,76766280
Vietnam,VNM,1955,88982760
Vietnam,VNM,1956,98674824
Vietnam,VNM,1957,108317410
Vietnam,VNM,1958,119536160
Vietnam,VNM,1959,142195580
Vietnam,VNM,1960,91124136
Vietnam,VNM,1961,73614550
Vietnam,VNM,1962,66015640
Vietnam,VNM,1963,60450124
Vietnam,VNM,1964,59507664
Vietnam,VNM,1965,57558816
Vietnam,VNM,1966,66188170
Vietnam,VNM,1967,69485416
Vietnam,VNM,1968,67659180
Vietnam,VNM,1969,74515730
Vietnam,VNM,1970,68749220
Vietnam,VNM,1971,67691940
Vietnam,VNM,1972,69553250
Vietnam,VNM,1973,71630776
Vietnam,VNM,1974,60308064
Vietnam,VNM,1975,108397400
Vietnam,VNM,1976,91375800
Vietnam,VNM,1977,77372950
Vietnam,VNM,1978,68382170
Vietnam,VNM,1979,64594720
Vietnam,VNM,1980,64334970
Vietnam,VNM,1981,62735056
Vietnam,VNM,1982,64079490
Vietnam,VNM,1983,62632364
Vietnam,VNM,1984,54429384
Vietnam,VNM,1985,58616412
Vietnam,VNM,1986,60179240
Vietnam,VNM,1987,65507976
Vietnam,VNM,1988,65028780
Vietnam,VNM,1989,57177480
Vietnam,VNM,1990,64908270
Vietnam,VNM,1991,120632090
Vietnam,VNM,1992,96221730
Vietnam,VNM,1993,89603576
Vietnam,VNM,1994,82914800
Vietnam,VNM,1995,180737070
Vietnam,VNM,1996,160802910
Vietnam,VNM,1997,173087710
Vietnam,VNM,1998,214933810
Vietnam,VNM,1999,236436560
Vietnam,VNM,2000,323251840
Vietnam,VNM,2001,215452900
Vietnam,VNM,2002,197724380
Vietnam,VNM,2003,227211540
Vietnam,VNM,2004,246341440
Vietnam,VNM,2005,206695680
Vietnam,VNM,2006,189253540
Vietnam,VNM,2007,216609800
Vietnam,VNM,2008,219749390
Vietnam,VNM,2009,305760740
Vietnam,VNM,2010,262083170
Vietnam,VNM,2011,257452830
Vietnam,VNM,2012,248985980
Vietnam,VNM,2013,262942770
Vietnam,VNM,2014,537628700
Vietnam,VNM,2015,427329020
Vietnam,VNM,2016,379609340
Vietnam,VNM,2017,483887940
Vietnam,VNM,2018,504750850
Vietnam,VNM,2019,589842600
Vietnam,VNM,2020,613078850
Vietnam,VNM,2021,605474560
Vietnam,VNM,2022,595341950
World,OWID_WRL,1850,2839998000
World,OWID_WRL,1851,2931572500
World,OWID_WRL,1852,2987633200
World,OWID_WRL,1853,3056659500
World,OWID_WRL,1854,3130210600
World,OWID_WRL,1855,3145382100
World,OWID_WRL,1856,3178525000
World,OWID_WRL,1857,3220414000
World,OWID_WRL,1858,3244371000
World,OWID_WRL,1859,3310846700
World,OWID_WRL,1860,3186024700
World,OWID_WRL,1861,3099779300
World,OWID_WRL,1862,3081714000
World,OWID_WRL,1863,3092117200
World,OWID_WRL,1864,3095196700
World,OWID_WRL,1865,3073076500
World,OWID_WRL,1866,3104919800
World,OWID_WRL,1867,3148972300
World,OWID_WRL,1868,3133393700
World,OWID_WRL,1869,3148309500
World,OWID_WRL,1870,3386678300
World,OWID_WRL,1871,3521333200
World,OWID_WRL,1872,3631243800
World,OWID_WRL,1873,3737768200
World,OWID_WRL,1874,3753606000
World,OWID_WRL,1875,3829448400
World,OWID_WRL,1876,3869379600
World,OWID_WRL,1877,3941469000
World,OWID_WRL,1878,4005967400
World,OWID_WRL,1879,4086603300
World,OWID_WRL,1880,4227556600
World,OWID_WRL,1881,4223011300
World,OWID_WRL,1882,4338779000
World,OWID_WRL,1883,4468314000
World,OWID_WRL,1884,4487730700
World,OWID_WRL,1885,4489396000
World,OWID_WRL,1886,4553248000
World,OWID_WRL,1887,4662310000
World,OWID_WRL,1888,4787320000
World,OWID_WRL,1889,4779676700
World,OWID_WRL,1890,5149284400
World,OWID_WRL,1891,5317636600
World,OWID_WRL,1892,5370760700
World,OWID_WRL,1893,5431017500
World,OWID_WRL,1894,5514442000
World,OWID_WRL,1895,5638878700
World,OWID_WRL,1896,5730021400
World,OWID_WRL,1897,5816969000
World,OWID_WRL,1898,5936182300
World,OWID_WRL,1899,6152228400
World,OWID_WRL,1900,6329529000
World,OWID_WRL,1901,6434710000
World,OWID_WRL,1902,6553995300
World,OWID_WRL,1903,6750158000
World,OWID_WRL,1904,6863032300
World,OWID_WRL,1905,7025284000
World,OWID_WRL,1906,7158701000
World,OWID_WRL,1907,7554788400
World,OWID_WRL,1908,7481688600
World,OWID_WRL,1909,7636352000
World,OWID_WRL,1910,7676793000
World,OWID_WRL,1911,7687947300
World,OWID_WRL,1912,7785760000
World,OWID_WRL,1913,8044909600
World,OWID_WRL,1914,7716730000
World,OWID_WRL,1915,7625049000
World,OWID_WRL,1916,7828739000
World,OWID_WRL,1917,7968798000
World,OWID_WRL,1918,7948688400
World,OWID_WRL,1919,7442319400
World,OWID_WRL,1920,8129836000
World,OWID_WRL,1921,7821921000
World,OWID_WRL,1922,8034376700
World,OWID_WRL,1923,8464214000
World,OWID_WRL,1924,8494180400
World,OWID_WRL,1925,8601766000
World,OWID_WRL,1926,8519336000
World,OWID_WRL,1927,8862959000
World,OWID_WRL,1928,8853838000
World,OWID_WRL,1929,9159990000
World,OWID_WRL,1930,8902550000
World,OWID_WRL,1931,8555204000
World,OWID_WRL,1932,8265092600
World,OWID_WRL,1933,8453848600
World,OWID_WRL,1934,8795633000
World,OWID_WRL,1935,8979292000
World,OWID_WRL,1936,9375814000
World,OWID_WRL,1937,9650635000
World,OWID_WRL,1938,9410575000
World,OWID_WRL,1939,9657547000
World,OWID_WRL,1940,10203323000
World,OWID_WRL,1941,10485464000
World,OWID_WRL,1942,10509654000
World,OWID_WRL,1943,10580636000
World,OWID_WRL,1944,10657571000
World,OWID_WRL,1945,9762553000
World,OWID_WRL,1946,10135869000
World,OWID_WRL,1947,10589338000
World,OWID_WRL,1948,10793544000
World,OWID_WRL,1949,10497640000
World,OWID_WRL,1950,11996413000
World,OWID_WRL,1951,12544242000
World,OWID_WRL,1952,12772290000
World,OWID_WRL,1953,13068065000
World,OWID_WRL,1954,13361748000
World,OWID_WRL,1955,14237283000
World,OWID_WRL,1956,14918578000
World,OWID_WRL,1957,15358505000
World,OWID_WRL,1958,15799009000
World,OWID_WRL,1959,16627936000
World,OWID_WRL,1960,16217596000
World,OWID_WRL,1961,15963722000
World,OWID_WRL,1962,15820577000
World,OWID_WRL,1963,16143311000
World,OWID_WRL,1964,16558707000
World,OWID_WRL,1965,16515244000
World,OWID_WRL,1966,16896252000
World,OWID_WRL,1967,17406976000
World,OWID_WRL,1968,18136687000
World,OWID_WRL,1969,18672370000
World,OWID_WRL,1970,20012343000
World,OWID_WRL,1971,20322107000
World,OWID_WRL,1972,21045666000
World,OWID_WRL,1973,21778792000
World,OWID_WRL,1974,21573542000
World,OWID_WRL,1975,21662783000
World,OWID_WRL,1976,22576065000
World,OWID_WRL,1977,23085875000
World,OWID_WRL,1978,23520393000
World,OWID_WRL,1979,23832625000
World,OWID_WRL,1980,23888951000
World,OWID_WRL,1981,23671865000
World,OWID_WRL,1982,23542030000
World,OWID_WRL,1983,24145582000
World,OWID_WRL,1984,25608675000
World,OWID_WRL,1985,25809437000
World,OWID_WRL,1986,26300332000
World,OWID_WRL,1987,26760348000
World,OWID_WRL,1988,27376079000
World,OWID_WRL,1989,27619820000
World,OWID_WRL,1990,27919600000
World,OWID_WRL,1991,28176010000
World,OWID_WRL,1992,27790303000
World,OWID_WRL,1993,27927413000
World,OWID_WRL,1994,28811207000
World,OWID_WRL,1995,29163975000
World,OWID_WRL,1996,30247470000
World,OWID_WRL,1997,31876948000
World,OWID_WRL,1998,30496076000
World,OWID_WRL,1999,30837498000
World,OWID_WRL,2000,30876948000
World,OWID_WRL,2001,30711100000
World,OWID_WRL,2002,31633465000
World,OWID_WRL,2003,33482189000
World,OWID_WRL,2004,34014005000
World,OWID_WRL,2005,34484007000
World,OWID_WRL,2006,35840475000
World,OWID_WRL,2007,36055773000
World,OWID_WRL,2008,36782690000
World,OWID_WRL,2009,36729414000
World,OWID_WRL,2010,38483840000
World,OWID_WRL,2011,39654470000
World,OWID_WRL,2012,40280640000
World,OWID_WRL,2013,40091250000
World,OWID_WRL,2014,40680480000
World,OWID_WRL,2015,41093472000
World,OWID_WRL,2016,40059020000
World,OWID_WRL,2017,40590442000
World,OWID_WRL,2018,41052090000
World,OWID_WRL,2019,41637618000
World,OWID_WRL,2020,39302922000
World,OWID_WRL,2021,41138123000
World,OWID_WRL,2022,41459737000
Yemen,YEM,1950,-342180.94
Yemen,YEM,1951,-172757.61
Yemen,YEM,1952,-45983.203
Yemen,YEM,1953,30814.238
Yemen,YEM,1954,4461653
Yemen,YEM,1955,2522883.8
Yemen,YEM,1956,2393837.8
Yemen,YEM,1957,3037822.5
Yemen,YEM,1958,1979769.1
Yemen,YEM,1959,799448.1
Yemen,YEM,1960,1932100.5
Yemen,YEM,1961,1402322.8
Yemen,YEM,1962,2952158
Yemen,YEM,1963,2170187.2
Yemen,YEM,1964,3049180.8
Yemen,YEM,1965,3524987.8
Yemen,YEM,1966,3074938.8
Yemen,YEM,1967,2662372.2
Yemen,YEM,1968,11446556
Yemen,YEM,1969,4459198
Yemen,YEM,1970,2421537.5
Yemen,YEM,1971,2076242.2
Yemen,YEM,1972,1529317
Yemen,YEM,1973,2762707
Yemen,YEM,1974,2559798.8
Yemen,YEM,1975,2233006.8
Yemen,YEM,1976,2520988.2
Yemen,YEM,1977,2944465.5
Yemen,YEM,1978,3051449
Yemen,YEM,1979,3142496.8
Yemen,YEM,1980,3293915.5
Yemen,YEM,1981,4186600.5
Yemen,YEM,1982,5914111.5
Yemen,YEM,1983,6285782
Yemen,YEM,1984,7278824.5
Yemen,YEM,1985,8703726
Yemen,YEM,1986,8608089
Yemen,YEM,1987,8908779
Yemen,YEM,1988,9834375
Yemen,YEM,1989,15117928
Yemen,YEM,1990,12515944
Yemen,YEM,1991,9264007
Yemen,YEM,1992,17973612
Yemen,YEM,1993,12973751
Yemen,YEM,1994,12744594
Yemen,YEM,1995,13824631
Yemen,YEM,1996,12794514
Yemen,YEM,1997,12811563
Yemen,YEM,1998,13204869
Yemen,YEM,1999,15736248
Yemen,YEM,2000,15278826
Yemen,YEM,2001,19549806
Yemen,YEM,2002,15880364
Yemen,YEM,2003,21449484
Yemen,YEM,2004,22748704
Yemen,YEM,2005,25687012
Yemen,YEM,2006,26155518
Yemen,YEM,2007,23228102
Yemen,YEM,2008,22868512
Yemen,YEM,2009,29644104
Yemen,YEM,2010,25149878
Yemen,YEM,2011,23137880
Yemen,YEM,2012,20096088
Yemen,YEM,2013,26077064
Yemen,YEM,2014,25219192
Yemen,YEM,2015,12359372
Yemen,YEM,2016,8719065
Yemen,YEM,2017,8042910.5
Yemen,YEM,2018,9840730
Yemen,YEM,2019,10036924
Yemen,YEM,2020,9050300
Yemen,YEM,2021,9726348
Yemen,YEM,2022,9319126
Zambia,ZMB,1950,161401000
Zambia,ZMB,1951,123636050
Zambia,ZMB,1952,104603060
Zambia,ZMB,1953,94091624
Zambia,ZMB,1954,85055170
Zambia,ZMB,1955,82136670
Zambia,ZMB,1956,81315200
Zambia,ZMB,1957,81165784
Zambia,ZMB,1958,83099600
Zambia,ZMB,1959,86135040
Zambia,ZMB,1960,85757350
Zambia,ZMB,1961,70722540
Zambia,ZMB,1962,61185790
Zambia,ZMB,1963,56866896
Zambia,ZMB,1964,54282012
Zambia,ZMB,1965,56327212
Zambia,ZMB,1966,56152656
Zambia,ZMB,1967,54741840
Zambia,ZMB,1968,56382976
Zambia,ZMB,1969,55614336
Zambia,ZMB,1970,69433510
Zambia,ZMB,1971,89424690
Zambia,ZMB,1972,60619508
Zambia,ZMB,1973,58044412
Zambia,ZMB,1974,51539010
Zambia,ZMB,1975,62875250
Zambia,ZMB,1976,46904900
Zambia,ZMB,1977,37351444
Zambia,ZMB,1978,21399300
Zambia,ZMB,1979,26128752
Zambia,ZMB,1980,21840550
Zambia,ZMB,1981,18983196
Zambia,ZMB,1982,35213724
Zambia,ZMB,1983,29615626
Zambia,ZMB,1984,40039988
Zambia,ZMB,1985,42466796
Zambia,ZMB,1986,49754588
Zambia,ZMB,1987,53396344
Zambia,ZMB,1988,80737130
Zambia,ZMB,1989,54770644
Zambia,ZMB,1990,43682256
Zambia,ZMB,1991,52022856
Zambia,ZMB,1992,54256516
Zambia,ZMB,1993,59543430
Zambia,ZMB,1994,48703656
Zambia,ZMB,1995,72864290
Zambia,ZMB,1996,50880744
Zambia,ZMB,1997,50079536
Zambia,ZMB,1998,66799670
Zambia,ZMB,1999,48139224
Zambia,ZMB,2000,46915104
Zambia,ZMB,2001,59412308
Zambia,ZMB,2002,81966530
Zambia,ZMB,2003,70223170
Zambia,ZMB,2004,67257130
Zambia,ZMB,2005,90086690
Zambia,ZMB,2006,77541600
Zambia,ZMB,2007,97457200
Zambia,ZMB,2008,131389300
Zambia,ZMB,2009,107203340
Zambia,ZMB,2010,117229100
Zambia,ZMB,2011,122483800
Zambia,ZMB,2012,100686664
Zambia,ZMB,2013,97739340
Zambia,ZMB,2014,90502890
Zambia,ZMB,2015,84243290
Zambia,ZMB,2016,77681900
Zambia,ZMB,2017,82199336
Zambia,ZMB,2018,78817610
Zambia,ZMB,2019,75433950
Zambia,ZMB,2020,72241224
Zambia,ZMB,2021,72002616
Zambia,ZMB,2022,69993630
Zimbabwe,ZWE,1903,1997246.5
Zimbabwe,ZWE,1904,2088223.5
Zimbabwe,ZWE,1905,2188397.2
Zimbabwe,ZWE,1906,2259149
Zimbabwe,ZWE,1907,2270214.5
Zimbabwe,ZWE,1908,2414136.5
Zimbabwe,ZWE,1909,2442789
Zimbabwe,ZWE,1910,2693296.5
Zimbabwe,ZWE,1911,2972896.2
Zimbabwe,ZWE,1912,3312402.8
Zimbabwe,ZWE,1913,3360584
Zimbabwe,ZWE,1914,3721598
Zimbabwe,ZWE,1915,3895894.5
Zimbabwe,ZWE,1916,4104339.5
Zimbabwe,ZWE,1917,4314946
Zimbabwe,ZWE,1918,4187842
Zimbabwe,ZWE,1919,4289335
Zimbabwe,ZWE,1920,5074347
Zimbabwe,ZWE,1921,5481051
Zimbabwe,ZWE,1922,5555686.5
Zimbabwe,ZWE,1923,5964808.5
Zimbabwe,ZWE,1924,6209564
Zimbabwe,ZWE,1925,6528405.5
Zimbabwe,ZWE,1926,7207601
Zimbabwe,ZWE,1927,7428797
Zimbabwe,ZWE,1928,7878516
Zimbabwe,ZWE,1929,7753097.5
Zimbabwe,ZWE,1930,8893188
Zimbabwe,ZWE,1931,9054880
Zimbabwe,ZWE,1932,9341698
Zimbabwe,ZWE,1933,9897929
Zimbabwe,ZWE,1934,10755049
Zimbabwe,ZWE,1935,11190076
Zimbabwe,ZWE,1936,11282628
Zimbabwe,ZWE,1937,12327821
Zimbabwe,ZWE,1938,12444886
Zimbabwe,ZWE,1939,12843639
Zimbabwe,ZWE,1940,22063178
Zimbabwe,ZWE,1941,27963502
Zimbabwe,ZWE,1942,31894460
Zimbabwe,ZWE,1943,34856840
Zimbabwe,ZWE,1944,36690380
Zimbabwe,ZWE,1945,37466444
Zimbabwe,ZWE,1946,38225252
Zimbabwe,ZWE,1947,38666520
Zimbabwe,ZWE,1948,39679724
Zimbabwe,ZWE,1949,40623244
Zimbabwe,ZWE,1950,146779000
Zimbabwe,ZWE,1951,84360776
Zimbabwe,ZWE,1952,59570372
Zimbabwe,ZWE,1953,46209490
Zimbabwe,ZWE,1954,39279068
Zimbabwe,ZWE,1955,34590676
Zimbabwe,ZWE,1956,31715684
Zimbabwe,ZWE,1957,29220388
Zimbabwe,ZWE,1958,27303540
Zimbabwe,ZWE,1959,26376776
Zimbabwe,ZWE,1960,25952780
Zimbabwe,ZWE,1961,19493504
Zimbabwe,ZWE,1962,20482284
Zimbabwe,ZWE,1963,20995908
Zimbabwe,ZWE,1964,19338644
Zimbabwe,ZWE,1965,22642584
Zimbabwe,ZWE,1966,22903790
Zimbabwe,ZWE,1967,22333070
Zimbabwe,ZWE,1968,22841768
Zimbabwe,ZWE,1969,23185308
Zimbabwe,ZWE,1970,24554196
Zimbabwe,ZWE,1971,23317344
Zimbabwe,ZWE,1972,18798924
Zimbabwe,ZWE,1973,22073672
Zimbabwe,ZWE,1974,18876652
Zimbabwe,ZWE,1975,16352072
Zimbabwe,ZWE,1976,17334274
Zimbabwe,ZWE,1977,15166890
Zimbabwe,ZWE,1978,14306287
Zimbabwe,ZWE,1979,17192154
Zimbabwe,ZWE,1980,18752188
Zimbabwe,ZWE,1981,19426316
Zimbabwe,ZWE,1982,19772152
Zimbabwe,ZWE,1983,21090268
Zimbabwe,ZWE,1984,21057330
Zimbabwe,ZWE,1985,21851342
Zimbabwe,ZWE,1986,25512944
Zimbabwe,ZWE,1987,27652584
Zimbabwe,ZWE,1988,32688972
Zimbabwe,ZWE,1989,36754212
Zimbabwe,ZWE,1990,40100540
Zimbabwe,ZWE,1991,42576892
Zimbabwe,ZWE,1992,45593836
Zimbabwe,ZWE,1993,48009850
Zimbabwe,ZWE,1994,52571430
Zimbabwe,ZWE,1995,69809920
Zimbabwe,ZWE,1996,63771310
Zimbabwe,ZWE,1997,51065748
Zimbabwe,ZWE,1998,59752300
Zimbabwe,ZWE,1999,58088812
Zimbabwe,ZWE,2000,50319040
Zimbabwe,ZWE,2001,49722360
Zimbabwe,ZWE,2002,47038876
Zimbabwe,ZWE,2003,54500824
Zimbabwe,ZWE,2004,50812904
Zimbabwe,ZWE,2005,56490572
Zimbabwe,ZWE,2006,43188930
Zimbabwe,ZWE,2007,54145852
Zimbabwe,ZWE,2008,34518296
Zimbabwe,ZWE,2009,29308060
Zimbabwe,ZWE,2010,40355720
Zimbabwe,ZWE,2011,28637948
Zimbabwe,ZWE,2012,25578728
Zimbabwe,ZWE,2013,24803664
Zimbabwe,ZWE,2014,23516034
Zimbabwe,ZWE,2015,23041440
Zimbabwe,ZWE,2016,20809434
Zimbabwe,ZWE,2017,18888970
Zimbabwe,ZWE,2018,19422790
Zimbabwe,ZWE,2019,17854144
Zimbabwe,ZWE,2020,15458631
Zimbabwe,ZWE,2021,15513038
Zimbabwe,ZWE,2022,15580118
